"order_id","address_line_1","city","state_province","postal_code","country"
4096,"342 TechMarkt Street",Berlin,Berlin,"10115",Germany
4097,"359 TechMarkt Street",Munich,Bavaria,"80331",Germany
4098,"376 TechMarkt Street",Hamburg,Hamburg,"20095",Germany
4099,"393 TechMarkt Street",London,England,SW1A 1AA,United Kingdom
4100,"410 TechMarkt Street",Paris,Île-de-France,"75001",France
4101,"427 TechMarkt Street",Amsterdam,North Holland,"1012",Netherlands
4102,"444 TechMarkt Street",Vienna,Vienna,"1010",Austria
4103,"461 TechMarkt Street",New York,New York,"10001",United States
4104,"478 TechMarkt Street",Berlin,Berlin,"10115",Germany
4105,"495 TechMarkt Street",Munich,Bavaria,"80331",Germany
4106,"512 TechMarkt Street",Hamburg,Hamburg,"20095",Germany
4107,"529 TechMarkt Street",London,England,SW1A 1AA,United Kingdom
4108,"546 TechMarkt Street",Paris,Île-de-France,"75001",France
4109,"563 TechMarkt Street",Amsterdam,North Holland,"1012",Netherlands
4110,"580 TechMarkt Street",Vienna,Vienna,"1010",Austria
4111,"597 TechMarkt Street",New York,New York,"10001",United States
4112,"614 TechMarkt Street",Berlin,Berlin,"10115",Germany
4113,"631 TechMarkt Street",Munich,Bavaria,"80331",Germany
4114,"648 TechMarkt Street",Hamburg,Hamburg,"20095",Germany
4115,"665 TechMarkt Street",London,England,SW1A 1AA,United Kingdom
4116,"682 TechMarkt Street",Paris,Île-de-France,"75001",France
4117,"699 TechMarkt Street",Amsterdam,North Holland,"1012",Netherlands
4118,"716 TechMarkt Street",Vienna,Vienna,"1010",Austria
4119,"733 TechMarkt Street",New York,New York,"10001",United States
4120,"750 TechMarkt Street",Berlin,Berlin,"10115",Germany
4121,"767 TechMarkt Street",Munich,Bavaria,"80331",Germany
4122,"784 TechMarkt Street",Hamburg,Hamburg,"20095",Germany
4123,"801 TechMarkt Street",London,England,SW1A 1AA,United Kingdom
4124,"818 TechMarkt Street",Paris,Île-de-France,"75001",France
4125,"835 TechMarkt Street",Amsterdam,North Holland,"1012",Netherlands
4126,"852 TechMarkt Street",Vienna,Vienna,"1010",Austria
4127,"869 TechMarkt Street",New York,New York,"10001",United States
4128,"886 TechMarkt Street",Berlin,Berlin,"10115",Germany
4129,"903 TechMarkt Street",Munich,Bavaria,"80331",Germany
4130,"920 TechMarkt Street",Hamburg,Hamburg,"20095",Germany
4131,"937 TechMarkt Street",London,England,SW1A 1AA,United Kingdom
4132,"954 TechMarkt Street",Paris,Île-de-France,"75001",France
4133,"971 TechMarkt Street",Amsterdam,North Holland,"1012",Netherlands
4134,"988 TechMarkt Street",Vienna,Vienna,"1010",Austria
4135,"15 TechMarkt Street",New York,New York,"10001",United States
4136,"32 TechMarkt Street",Berlin,Berlin,"10115",Germany
4137,"49 TechMarkt Street",Munich,Bavaria,"80331",Germany
4138,"66 TechMarkt Street",Hamburg,Hamburg,"20095",Germany
4139,"83 TechMarkt Street",London,England,SW1A 1AA,United Kingdom
4140,"100 TechMarkt Street",Paris,Île-de-France,"75001",France
4141,"117 TechMarkt Street",Amsterdam,North Holland,"1012",Netherlands
4142,"134 TechMarkt Street",Vienna,Vienna,"1010",Austria
4143,"151 TechMarkt Street",New York,New York,"10001",United States
4144,"168 TechMarkt Street",Berlin,Berlin,"10115",Germany
4145,"185 TechMarkt Street",Munich,Bavaria,"80331",Germany
4146,"202 TechMarkt Street",Hamburg,Hamburg,"20095",Germany
4147,"219 TechMarkt Street",London,England,SW1A 1AA,United Kingdom
4148,"236 TechMarkt Street",Paris,Île-de-France,"75001",France
4149,"253 TechMarkt Street",Amsterdam,North Holland,"1012",Netherlands
4150,"270 TechMarkt Street",Vienna,Vienna,"1010",Austria
4151,"287 TechMarkt Street",New York,New York,"10001",United States
4152,"304 TechMarkt Street",Berlin,Berlin,"10115",Germany
4153,"321 TechMarkt Street",Munich,Bavaria,"80331",Germany
4154,"338 TechMarkt Street",Hamburg,Hamburg,"20095",Germany
4155,"355 TechMarkt Street",London,England,SW1A 1AA,United Kingdom
4156,"372 TechMarkt Street",Paris,Île-de-France,"75001",France
4157,"389 TechMarkt Street",Amsterdam,North Holland,"1012",Netherlands
4158,"406 TechMarkt Street",Vienna,Vienna,"1010",Austria
4159,"423 TechMarkt Street",New York,New York,"10001",United States
4160,"440 TechMarkt Street",Berlin,Berlin,"10115",Germany
4161,"457 TechMarkt Street",Munich,Bavaria,"80331",Germany
4162,"474 TechMarkt Street",Hamburg,Hamburg,"20095",Germany
4163,"491 TechMarkt Street",London,England,SW1A 1AA,United Kingdom
4164,"508 TechMarkt Street",Paris,Île-de-France,"75001",France
4165,"525 TechMarkt Street",Amsterdam,North Holland,"1012",Netherlands
4166,"542 TechMarkt Street",Vienna,Vienna,"1010",Austria
4167,"559 TechMarkt Street",New York,New York,"10001",United States
4168,"576 TechMarkt Street",Berlin,Berlin,"10115",Germany
4169,"593 TechMarkt Street",Munich,Bavaria,"80331",Germany
4170,"610 TechMarkt Street",Hamburg,Hamburg,"20095",Germany
4171,"627 TechMarkt Street",London,England,SW1A 1AA,United Kingdom
4172,"644 TechMarkt Street",Paris,Île-de-France,"75001",France
4173,"661 TechMarkt Street",Amsterdam,North Holland,"1012",Netherlands
4174,"678 TechMarkt Street",Vienna,Vienna,"1010",Austria
4175,"695 TechMarkt Street",New York,New York,"10001",United States
4176,"712 TechMarkt Street",Berlin,Berlin,"10115",Germany
4177,"729 TechMarkt Street",Munich,Bavaria,"80331",Germany
4178,"746 TechMarkt Street",Hamburg,Hamburg,"20095",Germany
4179,"763 TechMarkt Street",London,England,SW1A 1AA,United Kingdom
4180,"780 TechMarkt Street",Paris,Île-de-France,"75001",France
4181,"797 TechMarkt Street",Amsterdam,North Holland,"1012",Netherlands
4182,"814 TechMarkt Street",Vienna,Vienna,"1010",Austria
4183,"831 TechMarkt Street",New York,New York,"10001",United States
4184,"848 TechMarkt Street",Berlin,Berlin,"10115",Germany
4185,"865 TechMarkt Street",Munich,Bavaria,"80331",Germany
4186,"882 TechMarkt Street",Hamburg,Hamburg,"20095",Germany
4187,"899 TechMarkt Street",London,England,SW1A 1AA,United Kingdom
4188,"916 TechMarkt Street",Paris,Île-de-France,"75001",France
4189,"933 TechMarkt Street",Amsterdam,North Holland,"1012",Netherlands
4190,"950 TechMarkt Street",Vienna,Vienna,"1010",Austria
4191,"967 TechMarkt Street",New York,New York,"10001",United States
4192,"984 TechMarkt Street",Berlin,Berlin,"10115",Germany
4193,"11 TechMarkt Street",Munich,Bavaria,"80331",Germany
4194,"28 TechMarkt Street",Hamburg,Hamburg,"20095",Germany
4195,"45 TechMarkt Street",London,England,SW1A 1AA,United Kingdom
4196,"62 TechMarkt Street",Paris,Île-de-France,"75001",France
4197,"79 TechMarkt Street",Amsterdam,North Holland,"1012",Netherlands
4198,"96 TechMarkt Street",Vienna,Vienna,"1010",Austria
4199,"113 TechMarkt Street",New York,New York,"10001",United States
4200,"130 TechMarkt Street",Berlin,Berlin,"10115",Germany
4201,"147 TechMarkt Street",Munich,Bavaria,"80331",Germany
4202,"164 TechMarkt Street",Hamburg,Hamburg,"20095",Germany
4203,"181 TechMarkt Street",London,England,SW1A 1AA,United Kingdom
4204,"198 TechMarkt Street",Paris,Île-de-France,"75001",France
4205,"215 TechMarkt Street",Amsterdam,North Holland,"1012",Netherlands
4206,"232 TechMarkt Street",Vienna,Vienna,"1010",Austria
4207,"249 TechMarkt Street",New York,New York,"10001",United States
4208,"266 TechMarkt Street",Berlin,Berlin,"10115",Germany
4209,"283 TechMarkt Street",Munich,Bavaria,"80331",Germany
4210,"300 TechMarkt Street",Hamburg,Hamburg,"20095",Germany
4211,"317 TechMarkt Street",London,England,SW1A 1AA,United Kingdom
4212,"334 TechMarkt Street",Paris,Île-de-France,"75001",France
4213,"351 TechMarkt Street",Amsterdam,North Holland,"1012",Netherlands
4214,"368 TechMarkt Street",Vienna,Vienna,"1010",Austria
4215,"385 TechMarkt Street",New York,New York,"10001",United States
4216,"402 TechMarkt Street",Berlin,Berlin,"10115",Germany
4217,"419 TechMarkt Street",Munich,Bavaria,"80331",Germany
4218,"436 TechMarkt Street",Hamburg,Hamburg,"20095",Germany
4219,"453 TechMarkt Street",London,England,SW1A 1AA,United Kingdom
4220,"470 TechMarkt Street",Paris,Île-de-France,"75001",France
4221,"487 TechMarkt Street",Amsterdam,North Holland,"1012",Netherlands
4222,"504 TechMarkt Street",Vienna,Vienna,"1010",Austria
4223,"521 TechMarkt Street",New York,New York,"10001",United States
4224,"538 TechMarkt Street",Berlin,Berlin,"10115",Germany
4225,"555 TechMarkt Street",Munich,Bavaria,"80331",Germany
4226,"572 TechMarkt Street",Hamburg,Hamburg,"20095",Germany
4227,"589 TechMarkt Street",London,England,SW1A 1AA,United Kingdom
4228,"606 TechMarkt Street",Paris,Île-de-France,"75001",France
4229,"623 TechMarkt Street",Amsterdam,North Holland,"1012",Netherlands
4230,"640 TechMarkt Street",Vienna,Vienna,"1010",Austria
4231,"657 TechMarkt Street",New York,New York,"10001",United States
4232,"674 TechMarkt Street",Berlin,Berlin,"10115",Germany
4233,"691 TechMarkt Street",Munich,Bavaria,"80331",Germany
4234,"708 TechMarkt Street",Hamburg,Hamburg,"20095",Germany
4235,"725 TechMarkt Street",London,England,SW1A 1AA,United Kingdom
4236,"742 TechMarkt Street",Paris,Île-de-France,"75001",France
4237,"759 TechMarkt Street",Amsterdam,North Holland,"1012",Netherlands
4238,"776 TechMarkt Street",Vienna,Vienna,"1010",Austria
4239,"793 TechMarkt Street",New York,New York,"10001",United States
4240,"810 TechMarkt Street",Berlin,Berlin,"10115",Germany
4241,"827 TechMarkt Street",Munich,Bavaria,"80331",Germany
4242,"844 TechMarkt Street",Hamburg,Hamburg,"20095",Germany
4243,"861 TechMarkt Street",London,England,SW1A 1AA,United Kingdom
4244,"878 TechMarkt Street",Paris,Île-de-France,"75001",France
4245,"895 TechMarkt Street",Amsterdam,North Holland,"1012",Netherlands
4246,"912 TechMarkt Street",Vienna,Vienna,"1010",Austria
4247,"929 TechMarkt Street",New York,New York,"10001",United States
4248,"946 TechMarkt Street",Berlin,Berlin,"10115",Germany
4249,"963 TechMarkt Street",Munich,Bavaria,"80331",Germany
4250,"980 TechMarkt Street",Hamburg,Hamburg,"20095",Germany
4251,"997 TechMarkt Street",London,England,SW1A 1AA,United Kingdom
4252,"24 TechMarkt Street",Paris,Île-de-France,"75001",France
4253,"41 TechMarkt Street",Amsterdam,North Holland,"1012",Netherlands
4254,"58 TechMarkt Street",Vienna,Vienna,"1010",Austria
4255,"75 TechMarkt Street",New York,New York,"10001",United States
4256,"92 TechMarkt Street",Berlin,Berlin,"10115",Germany
4257,"109 TechMarkt Street",Munich,Bavaria,"80331",Germany
4258,"126 TechMarkt Street",Hamburg,Hamburg,"20095",Germany
4259,"143 TechMarkt Street",London,England,SW1A 1AA,United Kingdom
4260,"160 TechMarkt Street",Paris,Île-de-France,"75001",France
4261,"177 TechMarkt Street",Amsterdam,North Holland,"1012",Netherlands
4262,"194 TechMarkt Street",Vienna,Vienna,"1010",Austria
4263,"211 TechMarkt Street",New York,New York,"10001",United States
4264,"228 TechMarkt Street",Berlin,Berlin,"10115",Germany
4265,"245 TechMarkt Street",Munich,Bavaria,"80331",Germany
4266,"262 TechMarkt Street",Hamburg,Hamburg,"20095",Germany
4267,"279 TechMarkt Street",London,England,SW1A 1AA,United Kingdom
4268,"296 TechMarkt Street",Paris,Île-de-France,"75001",France
4269,"313 TechMarkt Street",Amsterdam,North Holland,"1012",Netherlands
4270,"330 TechMarkt Street",Vienna,Vienna,"1010",Austria
4271,"347 TechMarkt Street",New York,New York,"10001",United States
4272,"364 TechMarkt Street",Berlin,Berlin,"10115",Germany
4273,"381 TechMarkt Street",Munich,Bavaria,"80331",Germany
4274,"398 TechMarkt Street",Hamburg,Hamburg,"20095",Germany
4275,"415 TechMarkt Street",London,England,SW1A 1AA,United Kingdom
4276,"432 TechMarkt Street",Paris,Île-de-France,"75001",France
4277,"449 TechMarkt Street",Amsterdam,North Holland,"1012",Netherlands
4278,"466 TechMarkt Street",Vienna,Vienna,"1010",Austria
4279,"483 TechMarkt Street",New York,New York,"10001",United States
4280,"500 TechMarkt Street",Berlin,Berlin,"10115",Germany
4281,"517 TechMarkt Street",Munich,Bavaria,"80331",Germany
4282,"534 TechMarkt Street",Hamburg,Hamburg,"20095",Germany
4283,"551 TechMarkt Street",London,England,SW1A 1AA,United Kingdom
4284,"568 TechMarkt Street",Paris,Île-de-France,"75001",France
4285,"585 TechMarkt Street",Amsterdam,North Holland,"1012",Netherlands
4286,"602 TechMarkt Street",Vienna,Vienna,"1010",Austria
4287,"619 TechMarkt Street",New York,New York,"10001",United States
4288,"636 TechMarkt Street",Berlin,Berlin,"10115",Germany
4289,"653 TechMarkt Street",Munich,Bavaria,"80331",Germany
4290,"670 TechMarkt Street",Hamburg,Hamburg,"20095",Germany
4291,"687 TechMarkt Street",London,England,SW1A 1AA,United Kingdom
4292,"704 TechMarkt Street",Paris,Île-de-France,"75001",France
4293,"721 TechMarkt Street",Amsterdam,North Holland,"1012",Netherlands
4294,"738 TechMarkt Street",Vienna,Vienna,"1010",Austria
4295,"755 TechMarkt Street",New York,New York,"10001",United States
4296,"772 TechMarkt Street",Berlin,Berlin,"10115",Germany
4297,"789 TechMarkt Street",Munich,Bavaria,"80331",Germany
4298,"806 TechMarkt Street",Hamburg,Hamburg,"20095",Germany
4299,"823 TechMarkt Street",London,England,SW1A 1AA,United Kingdom
4300,"840 TechMarkt Street",Paris,Île-de-France,"75001",France
4301,"857 TechMarkt Street",Amsterdam,North Holland,"1012",Netherlands
4302,"874 TechMarkt Street",Vienna,Vienna,"1010",Austria
4303,"891 TechMarkt Street",New York,New York,"10001",United States
4304,"908 TechMarkt Street",Berlin,Berlin,"10115",Germany
4305,"925 TechMarkt Street",Munich,Bavaria,"80331",Germany
4306,"942 TechMarkt Street",Hamburg,Hamburg,"20095",Germany
4307,"959 TechMarkt Street",London,England,SW1A 1AA,United Kingdom
4308,"976 TechMarkt Street",Paris,Île-de-France,"75001",France
4309,"993 TechMarkt Street",Amsterdam,North Holland,"1012",Netherlands
4310,"20 TechMarkt Street",Vienna,Vienna,"1010",Austria
4311,"37 TechMarkt Street",New York,New York,"10001",United States
4312,"54 TechMarkt Street",Berlin,Berlin,"10115",Germany
4313,"71 TechMarkt Street",Munich,Bavaria,"80331",Germany
4314,"88 TechMarkt Street",Hamburg,Hamburg,"20095",Germany
4315,"105 TechMarkt Street",London,England,SW1A 1AA,United Kingdom
4316,"122 TechMarkt Street",Paris,Île-de-France,"75001",France
4317,"139 TechMarkt Street",Amsterdam,North Holland,"1012",Netherlands
4318,"156 TechMarkt Street",Vienna,Vienna,"1010",Austria
4319,"173 TechMarkt Street",New York,New York,"10001",United States
4320,"190 TechMarkt Street",Berlin,Berlin,"10115",Germany
4321,"207 TechMarkt Street",Munich,Bavaria,"80331",Germany
4322,"224 TechMarkt Street",Hamburg,Hamburg,"20095",Germany
4323,"241 TechMarkt Street",London,England,SW1A 1AA,United Kingdom
4324,"258 TechMarkt Street",Paris,Île-de-France,"75001",France
4325,"275 TechMarkt Street",Amsterdam,North Holland,"1012",Netherlands
4326,"292 TechMarkt Street",Vienna,Vienna,"1010",Austria
4327,"309 TechMarkt Street",New York,New York,"10001",United States
4328,"326 TechMarkt Street",Berlin,Berlin,"10115",Germany
4329,"343 TechMarkt Street",Munich,Bavaria,"80331",Germany
4330,"360 TechMarkt Street",Hamburg,Hamburg,"20095",Germany
4331,"377 TechMarkt Street",London,England,SW1A 1AA,United Kingdom
4332,"394 TechMarkt Street",Paris,Île-de-France,"75001",France
4333,"411 TechMarkt Street",Amsterdam,North Holland,"1012",Netherlands
4334,"428 TechMarkt Street",Vienna,Vienna,"1010",Austria
4335,"445 TechMarkt Street",New York,New York,"10001",United States
4336,"462 TechMarkt Street",Berlin,Berlin,"10115",Germany
4337,"479 TechMarkt Street",Munich,Bavaria,"80331",Germany
4338,"496 TechMarkt Street",Hamburg,Hamburg,"20095",Germany
4339,"513 TechMarkt Street",London,England,SW1A 1AA,United Kingdom
4340,"530 TechMarkt Street",Paris,Île-de-France,"75001",France
4341,"547 TechMarkt Street",Amsterdam,North Holland,"1012",Netherlands
4342,"564 TechMarkt Street",Vienna,Vienna,"1010",Austria
4343,"581 TechMarkt Street",New York,New York,"10001",United States
4344,"598 TechMarkt Street",Berlin,Berlin,"10115",Germany
4345,"615 TechMarkt Street",Munich,Bavaria,"80331",Germany
4346,"632 TechMarkt Street",Hamburg,Hamburg,"20095",Germany
4347,"649 TechMarkt Street",London,England,SW1A 1AA,United Kingdom
4348,"666 TechMarkt Street",Paris,Île-de-France,"75001",France
4349,"683 TechMarkt Street",Amsterdam,North Holland,"1012",Netherlands
4350,"700 TechMarkt Street",Vienna,Vienna,"1010",Austria
4351,"717 TechMarkt Street",New York,New York,"10001",United States
4352,"734 TechMarkt Street",Berlin,Berlin,"10115",Germany
4353,"751 TechMarkt Street",Munich,Bavaria,"80331",Germany
4354,"768 TechMarkt Street",Hamburg,Hamburg,"20095",Germany
4355,"785 TechMarkt Street",London,England,SW1A 1AA,United Kingdom
4356,"802 TechMarkt Street",Paris,Île-de-France,"75001",France
4357,"819 TechMarkt Street",Amsterdam,North Holland,"1012",Netherlands
4358,"836 TechMarkt Street",Vienna,Vienna,"1010",Austria
4359,"853 TechMarkt Street",New York,New York,"10001",United States
4360,"870 TechMarkt Street",Berlin,Berlin,"10115",Germany
4361,"887 TechMarkt Street",Munich,Bavaria,"80331",Germany
4362,"904 TechMarkt Street",Hamburg,Hamburg,"20095",Germany
4363,"921 TechMarkt Street",London,England,SW1A 1AA,United Kingdom
4364,"938 TechMarkt Street",Paris,Île-de-France,"75001",France
4365,"955 TechMarkt Street",Amsterdam,North Holland,"1012",Netherlands
4366,"972 TechMarkt Street",Vienna,Vienna,"1010",Austria
4367,"989 TechMarkt Street",New York,New York,"10001",United States
4368,"16 TechMarkt Street",Berlin,Berlin,"10115",Germany
4369,"33 TechMarkt Street",Munich,Bavaria,"80331",Germany
4370,"50 TechMarkt Street",Hamburg,Hamburg,"20095",Germany
4371,"67 TechMarkt Street",London,England,SW1A 1AA,United Kingdom
4372,"84 TechMarkt Street",Paris,Île-de-France,"75001",France
4373,"101 TechMarkt Street",Amsterdam,North Holland,"1012",Netherlands
4374,"118 TechMarkt Street",Vienna,Vienna,"1010",Austria
4375,"135 TechMarkt Street",New York,New York,"10001",United States
4376,"152 TechMarkt Street",Berlin,Berlin,"10115",Germany
4377,"169 TechMarkt Street",Munich,Bavaria,"80331",Germany
4378,"186 TechMarkt Street",Hamburg,Hamburg,"20095",Germany
4379,"203 TechMarkt Street",London,England,SW1A 1AA,United Kingdom
4380,"220 TechMarkt Street",Paris,Île-de-France,"75001",France
4381,"237 TechMarkt Street",Amsterdam,North Holland,"1012",Netherlands
4382,"254 TechMarkt Street",Vienna,Vienna,"1010",Austria
4383,"271 TechMarkt Street",New York,New York,"10001",United States
4384,"288 TechMarkt Street",Berlin,Berlin,"10115",Germany
4385,"305 TechMarkt Street",Munich,Bavaria,"80331",Germany
4386,"322 TechMarkt Street",Hamburg,Hamburg,"20095",Germany
4387,"339 TechMarkt Street",London,England,SW1A 1AA,United Kingdom
4388,"356 TechMarkt Street",Paris,Île-de-France,"75001",France
4389,"373 TechMarkt Street",Amsterdam,North Holland,"1012",Netherlands
4390,"390 TechMarkt Street",Vienna,Vienna,"1010",Austria
4391,"407 TechMarkt Street",New York,New York,"10001",United States
4392,"424 TechMarkt Street",Berlin,Berlin,"10115",Germany
4393,"441 TechMarkt Street",Munich,Bavaria,"80331",Germany
4394,"458 TechMarkt Street",Hamburg,Hamburg,"20095",Germany
4395,"475 TechMarkt Street",London,England,SW1A 1AA,United Kingdom
4396,"492 TechMarkt Street",Paris,Île-de-France,"75001",France
4397,"509 TechMarkt Street",Amsterdam,North Holland,"1012",Netherlands
4398,"526 TechMarkt Street",Vienna,Vienna,"1010",Austria
4399,"543 TechMarkt Street",New York,New York,"10001",United States
4400,"560 TechMarkt Street",Berlin,Berlin,"10115",Germany
4401,"577 TechMarkt Street",Munich,Bavaria,"80331",Germany
4402,"594 TechMarkt Street",Hamburg,Hamburg,"20095",Germany
4403,"611 TechMarkt Street",London,England,SW1A 1AA,United Kingdom
4404,"628 TechMarkt Street",Paris,Île-de-France,"75001",France
4405,"645 TechMarkt Street",Amsterdam,North Holland,"1012",Netherlands
4406,"662 TechMarkt Street",Vienna,Vienna,"1010",Austria
4407,"679 TechMarkt Street",New York,New York,"10001",United States
4408,"696 TechMarkt Street",Berlin,Berlin,"10115",Germany
4409,"713 TechMarkt Street",Munich,Bavaria,"80331",Germany
4410,"730 TechMarkt Street",Hamburg,Hamburg,"20095",Germany
4411,"747 TechMarkt Street",London,England,SW1A 1AA,United Kingdom
4412,"764 TechMarkt Street",Paris,Île-de-France,"75001",France
4413,"781 TechMarkt Street",Amsterdam,North Holland,"1012",Netherlands
4414,"798 TechMarkt Street",Vienna,Vienna,"1010",Austria
4415,"815 TechMarkt Street",New York,New York,"10001",United States
4416,"832 TechMarkt Street",Berlin,Berlin,"10115",Germany
4417,"849 TechMarkt Street",Munich,Bavaria,"80331",Germany
4418,"866 TechMarkt Street",Hamburg,Hamburg,"20095",Germany
4419,"883 TechMarkt Street",London,England,SW1A 1AA,United Kingdom
4420,"900 TechMarkt Street",Paris,Île-de-France,"75001",France
4421,"917 TechMarkt Street",Amsterdam,North Holland,"1012",Netherlands
4422,"934 TechMarkt Street",Vienna,Vienna,"1010",Austria
4423,"951 TechMarkt Street",New York,New York,"10001",United States
4424,"968 TechMarkt Street",Berlin,Berlin,"10115",Germany
4425,"985 TechMarkt Street",Munich,Bavaria,"80331",Germany
4426,"12 TechMarkt Street",Hamburg,Hamburg,"20095",Germany
4427,"29 TechMarkt Street",London,England,SW1A 1AA,United Kingdom
4428,"46 TechMarkt Street",Paris,Île-de-France,"75001",France
4429,"63 TechMarkt Street",Amsterdam,North Holland,"1012",Netherlands
4430,"80 TechMarkt Street",Vienna,Vienna,"1010",Austria
4431,"97 TechMarkt Street",New York,New York,"10001",United States
4432,"114 TechMarkt Street",Berlin,Berlin,"10115",Germany
4433,"131 TechMarkt Street",Munich,Bavaria,"80331",Germany
4434,"148 TechMarkt Street",Hamburg,Hamburg,"20095",Germany
4435,"165 TechMarkt Street",London,England,SW1A 1AA,United Kingdom
4436,"182 TechMarkt Street",Paris,Île-de-France,"75001",France
4437,"199 TechMarkt Street",Amsterdam,North Holland,"1012",Netherlands
4438,"216 TechMarkt Street",Vienna,Vienna,"1010",Austria
4439,"233 TechMarkt Street",New York,New York,"10001",United States
4440,"250 TechMarkt Street",Berlin,Berlin,"10115",Germany
4441,"267 TechMarkt Street",Munich,Bavaria,"80331",Germany
4442,"284 TechMarkt Street",Hamburg,Hamburg,"20095",Germany
4443,"301 TechMarkt Street",London,England,SW1A 1AA,United Kingdom
4444,"318 TechMarkt Street",Paris,Île-de-France,"75001",France
4445,"335 TechMarkt Street",Amsterdam,North Holland,"1012",Netherlands
4446,"352 TechMarkt Street",Vienna,Vienna,"1010",Austria
4447,"369 TechMarkt Street",New York,New York,"10001",United States
4448,"386 TechMarkt Street",Berlin,Berlin,"10115",Germany
4449,"403 TechMarkt Street",Munich,Bavaria,"80331",Germany
4450,"420 TechMarkt Street",Hamburg,Hamburg,"20095",Germany
4451,"437 TechMarkt Street",London,England,SW1A 1AA,United Kingdom
4452,"454 TechMarkt Street",Paris,Île-de-France,"75001",France
4453,"471 TechMarkt Street",Amsterdam,North Holland,"1012",Netherlands
4454,"488 TechMarkt Street",Vienna,Vienna,"1010",Austria
4455,"505 TechMarkt Street",New York,New York,"10001",United States
4456,"522 TechMarkt Street",Berlin,Berlin,"10115",Germany
4457,"539 TechMarkt Street",Munich,Bavaria,"80331",Germany
4458,"556 TechMarkt Street",Hamburg,Hamburg,"20095",Germany
4459,"573 TechMarkt Street",London,England,SW1A 1AA,United Kingdom
4460,"590 TechMarkt Street",Paris,Île-de-France,"75001",France
4461,"607 TechMarkt Street",Amsterdam,North Holland,"1012",Netherlands
4462,"624 TechMarkt Street",Vienna,Vienna,"1010",Austria
4463,"641 TechMarkt Street",New York,New York,"10001",United States
4464,"658 TechMarkt Street",Berlin,Berlin,"10115",Germany
4465,"675 TechMarkt Street",Munich,Bavaria,"80331",Germany
4466,"692 TechMarkt Street",Hamburg,Hamburg,"20095",Germany
4467,"709 TechMarkt Street",London,England,SW1A 1AA,United Kingdom
4468,"726 TechMarkt Street",Paris,Île-de-France,"75001",France
4469,"743 TechMarkt Street",Amsterdam,North Holland,"1012",Netherlands
4470,"760 TechMarkt Street",Vienna,Vienna,"1010",Austria
4471,"777 TechMarkt Street",New York,New York,"10001",United States
4472,"794 TechMarkt Street",Berlin,Berlin,"10115",Germany
4473,"811 TechMarkt Street",Munich,Bavaria,"80331",Germany
4474,"828 TechMarkt Street",Hamburg,Hamburg,"20095",Germany
4475,"845 TechMarkt Street",London,England,SW1A 1AA,United Kingdom
4476,"862 TechMarkt Street",Paris,Île-de-France,"75001",France
4477,"879 TechMarkt Street",Amsterdam,North Holland,"1012",Netherlands
4478,"896 TechMarkt Street",Vienna,Vienna,"1010",Austria
4479,"913 TechMarkt Street",New York,New York,"10001",United States
4480,"930 TechMarkt Street",Berlin,Berlin,"10115",Germany
4481,"947 TechMarkt Street",Munich,Bavaria,"80331",Germany
4482,"964 TechMarkt Street",Hamburg,Hamburg,"20095",Germany
4483,"981 TechMarkt Street",London,England,SW1A 1AA,United Kingdom
4484,"998 TechMarkt Street",Paris,Île-de-France,"75001",France
4485,"25 TechMarkt Street",Amsterdam,North Holland,"1012",Netherlands
4486,"42 TechMarkt Street",Vienna,Vienna,"1010",Austria
4487,"59 TechMarkt Street",New York,New York,"10001",United States
4488,"76 TechMarkt Street",Berlin,Berlin,"10115",Germany
4489,"93 TechMarkt Street",Munich,Bavaria,"80331",Germany
4490,"110 TechMarkt Street",Hamburg,Hamburg,"20095",Germany
4491,"127 TechMarkt Street",London,England,SW1A 1AA,United Kingdom
4492,"144 TechMarkt Street",Paris,Île-de-France,"75001",France
4493,"161 TechMarkt Street",Amsterdam,North Holland,"1012",Netherlands
4494,"178 TechMarkt Street",Vienna,Vienna,"1010",Austria
4495,"195 TechMarkt Street",New York,New York,"10001",United States
4496,"212 TechMarkt Street",Berlin,Berlin,"10115",Germany
4497,"229 TechMarkt Street",Munich,Bavaria,"80331",Germany
4498,"246 TechMarkt Street",Hamburg,Hamburg,"20095",Germany
4499,"263 TechMarkt Street",London,England,SW1A 1AA,United Kingdom
4500,"280 TechMarkt Street",Paris,Île-de-France,"75001",France
4501,"297 TechMarkt Street",Amsterdam,North Holland,"1012",Netherlands
4502,"314 TechMarkt Street",Vienna,Vienna,"1010",Austria
4503,"331 TechMarkt Street",New York,New York,"10001",United States
4504,"348 TechMarkt Street",Berlin,Berlin,"10115",Germany
4505,"365 TechMarkt Street",Munich,Bavaria,"80331",Germany
4506,"382 TechMarkt Street",Hamburg,Hamburg,"20095",Germany
4507,"399 TechMarkt Street",London,England,SW1A 1AA,United Kingdom
4508,"416 TechMarkt Street",Paris,Île-de-France,"75001",France
4509,"433 TechMarkt Street",Amsterdam,North Holland,"1012",Netherlands
4510,"450 TechMarkt Street",Vienna,Vienna,"1010",Austria
4511,"467 TechMarkt Street",New York,New York,"10001",United States
4512,"484 TechMarkt Street",Berlin,Berlin,"10115",Germany
4513,"501 TechMarkt Street",Munich,Bavaria,"80331",Germany
4514,"518 TechMarkt Street",Hamburg,Hamburg,"20095",Germany
4515,"535 TechMarkt Street",London,England,SW1A 1AA,United Kingdom
4516,"552 TechMarkt Street",Paris,Île-de-France,"75001",France
4517,"569 TechMarkt Street",Amsterdam,North Holland,"1012",Netherlands
4518,"586 TechMarkt Street",Vienna,Vienna,"1010",Austria
4519,"603 TechMarkt Street",New York,New York,"10001",United States
4520,"620 TechMarkt Street",Berlin,Berlin,"10115",Germany
4521,"637 TechMarkt Street",Munich,Bavaria,"80331",Germany
4522,"654 TechMarkt Street",Hamburg,Hamburg,"20095",Germany
4523,"671 TechMarkt Street",London,England,SW1A 1AA,United Kingdom
4524,"688 TechMarkt Street",Paris,Île-de-France,"75001",France
4525,"705 TechMarkt Street",Amsterdam,North Holland,"1012",Netherlands
4526,"722 TechMarkt Street",Vienna,Vienna,"1010",Austria
4527,"739 TechMarkt Street",New York,New York,"10001",United States
4528,"756 TechMarkt Street",Berlin,Berlin,"10115",Germany
4529,"773 TechMarkt Street",Munich,Bavaria,"80331",Germany
4530,"790 TechMarkt Street",Hamburg,Hamburg,"20095",Germany
4531,"807 TechMarkt Street",London,England,SW1A 1AA,United Kingdom
4532,"824 TechMarkt Street",Paris,Île-de-France,"75001",France
4533,"841 TechMarkt Street",Amsterdam,North Holland,"1012",Netherlands
4534,"858 TechMarkt Street",Vienna,Vienna,"1010",Austria
4535,"875 TechMarkt Street",New York,New York,"10001",United States
4536,"892 TechMarkt Street",Berlin,Berlin,"10115",Germany
4537,"909 TechMarkt Street",Munich,Bavaria,"80331",Germany
4538,"926 TechMarkt Street",Hamburg,Hamburg,"20095",Germany
4539,"943 TechMarkt Street",London,England,SW1A 1AA,United Kingdom
4540,"960 TechMarkt Street",Paris,Île-de-France,"75001",France
4541,"977 TechMarkt Street",Amsterdam,North Holland,"1012",Netherlands
4542,"994 TechMarkt Street",Vienna,Vienna,"1010",Austria
4543,"21 TechMarkt Street",New York,New York,"10001",United States
4544,"38 TechMarkt Street",Berlin,Berlin,"10115",Germany
4545,"55 TechMarkt Street",Munich,Bavaria,"80331",Germany
4546,"72 TechMarkt Street",Hamburg,Hamburg,"20095",Germany
4547,"89 TechMarkt Street",London,England,SW1A 1AA,United Kingdom
4548,"106 TechMarkt Street",Paris,Île-de-France,"75001",France
4549,"123 TechMarkt Street",Amsterdam,North Holland,"1012",Netherlands
4550,"140 TechMarkt Street",Vienna,Vienna,"1010",Austria
4551,"157 TechMarkt Street",New York,New York,"10001",United States
4552,"174 TechMarkt Street",Berlin,Berlin,"10115",Germany
4553,"191 TechMarkt Street",Munich,Bavaria,"80331",Germany
4554,"208 TechMarkt Street",Hamburg,Hamburg,"20095",Germany
4555,"225 TechMarkt Street",London,England,SW1A 1AA,United Kingdom
4556,"242 TechMarkt Street",Paris,Île-de-France,"75001",France
4557,"259 TechMarkt Street",Amsterdam,North Holland,"1012",Netherlands
4558,"276 TechMarkt Street",Vienna,Vienna,"1010",Austria
4559,"293 TechMarkt Street",New York,New York,"10001",United States
4560,"310 TechMarkt Street",Berlin,Berlin,"10115",Germany
4561,"327 TechMarkt Street",Munich,Bavaria,"80331",Germany
4562,"344 TechMarkt Street",Hamburg,Hamburg,"20095",Germany
4563,"361 TechMarkt Street",London,England,SW1A 1AA,United Kingdom
4564,"378 TechMarkt Street",Paris,Île-de-France,"75001",France
4565,"395 TechMarkt Street",Amsterdam,North Holland,"1012",Netherlands
4566,"412 TechMarkt Street",Vienna,Vienna,"1010",Austria
4567,"429 TechMarkt Street",New York,New York,"10001",United States
4568,"446 TechMarkt Street",Berlin,Berlin,"10115",Germany
4569,"463 TechMarkt Street",Munich,Bavaria,"80331",Germany
4570,"480 TechMarkt Street",Hamburg,Hamburg,"20095",Germany
4571,"497 TechMarkt Street",London,England,SW1A 1AA,United Kingdom
4572,"514 TechMarkt Street",Paris,Île-de-France,"75001",France
4573,"531 TechMarkt Street",Amsterdam,North Holland,"1012",Netherlands
4574,"548 TechMarkt Street",Vienna,Vienna,"1010",Austria
4575,"565 TechMarkt Street",New York,New York,"10001",United States
4576,"582 TechMarkt Street",Berlin,Berlin,"10115",Germany
4577,"599 TechMarkt Street",Munich,Bavaria,"80331",Germany
4578,"616 TechMarkt Street",Hamburg,Hamburg,"20095",Germany
4579,"633 TechMarkt Street",London,England,SW1A 1AA,United Kingdom
4580,"650 TechMarkt Street",Paris,Île-de-France,"75001",France
4581,"667 TechMarkt Street",Amsterdam,North Holland,"1012",Netherlands
4582,"684 TechMarkt Street",Vienna,Vienna,"1010",Austria
4583,"701 TechMarkt Street",New York,New York,"10001",United States
4584,"718 TechMarkt Street",Berlin,Berlin,"10115",Germany
4585,"735 TechMarkt Street",Munich,Bavaria,"80331",Germany
4586,"752 TechMarkt Street",Hamburg,Hamburg,"20095",Germany
4587,"769 TechMarkt Street",London,England,SW1A 1AA,United Kingdom
4588,"786 TechMarkt Street",Paris,Île-de-France,"75001",France
4589,"803 TechMarkt Street",Amsterdam,North Holland,"1012",Netherlands
4590,"820 TechMarkt Street",Vienna,Vienna,"1010",Austria
4591,"837 TechMarkt Street",New York,New York,"10001",United States
4592,"854 TechMarkt Street",Berlin,Berlin,"10115",Germany
4593,"871 TechMarkt Street",Munich,Bavaria,"80331",Germany
4594,"888 TechMarkt Street",Hamburg,Hamburg,"20095",Germany
4595,"905 TechMarkt Street",London,England,SW1A 1AA,United Kingdom
4596,"922 TechMarkt Street",Paris,Île-de-France,"75001",France
4597,"939 TechMarkt Street",Amsterdam,North Holland,"1012",Netherlands
4598,"956 TechMarkt Street",Vienna,Vienna,"1010",Austria
4599,"973 TechMarkt Street",New York,New York,"10001",United States
4600,"990 TechMarkt Street",Berlin,Berlin,"10115",Germany
4601,"17 TechMarkt Street",Munich,Bavaria,"80331",Germany
4602,"34 TechMarkt Street",Hamburg,Hamburg,"20095",Germany
4603,"51 TechMarkt Street",London,England,SW1A 1AA,United Kingdom
4604,"68 TechMarkt Street",Paris,Île-de-France,"75001",France
4605,"85 TechMarkt Street",Amsterdam,North Holland,"1012",Netherlands
4606,"102 TechMarkt Street",Vienna,Vienna,"1010",Austria
4607,"119 TechMarkt Street",New York,New York,"10001",United States
4608,"136 TechMarkt Street",Berlin,Berlin,"10115",Germany
4609,"153 TechMarkt Street",Munich,Bavaria,"80331",Germany
4610,"170 TechMarkt Street",Hamburg,Hamburg,"20095",Germany
4611,"187 TechMarkt Street",London,England,SW1A 1AA,United Kingdom
4612,"204 TechMarkt Street",Paris,Île-de-France,"75001",France
4613,"221 TechMarkt Street",Amsterdam,North Holland,"1012",Netherlands
4614,"238 TechMarkt Street",Vienna,Vienna,"1010",Austria
4615,"255 TechMarkt Street",New York,New York,"10001",United States
4616,"272 TechMarkt Street",Berlin,Berlin,"10115",Germany
4617,"289 TechMarkt Street",Munich,Bavaria,"80331",Germany
4618,"306 TechMarkt Street",Hamburg,Hamburg,"20095",Germany
4619,"323 TechMarkt Street",London,England,SW1A 1AA,United Kingdom
4620,"340 TechMarkt Street",Paris,Île-de-France,"75001",France
4621,"357 TechMarkt Street",Amsterdam,North Holland,"1012",Netherlands
4622,"374 TechMarkt Street",Vienna,Vienna,"1010",Austria
4623,"391 TechMarkt Street",New York,New York,"10001",United States
4624,"408 TechMarkt Street",Berlin,Berlin,"10115",Germany
4625,"425 TechMarkt Street",Munich,Bavaria,"80331",Germany
4626,"442 TechMarkt Street",Hamburg,Hamburg,"20095",Germany
4627,"459 TechMarkt Street",London,England,SW1A 1AA,United Kingdom
4628,"476 TechMarkt Street",Paris,Île-de-France,"75001",France
4629,"493 TechMarkt Street",Amsterdam,North Holland,"1012",Netherlands
4630,"510 TechMarkt Street",Vienna,Vienna,"1010",Austria
4631,"527 TechMarkt Street",New York,New York,"10001",United States
4632,"544 TechMarkt Street",Berlin,Berlin,"10115",Germany
4633,"561 TechMarkt Street",Munich,Bavaria,"80331",Germany
4634,"578 TechMarkt Street",Hamburg,Hamburg,"20095",Germany
4635,"595 TechMarkt Street",London,England,SW1A 1AA,United Kingdom
4636,"612 TechMarkt Street",Paris,Île-de-France,"75001",France
4637,"629 TechMarkt Street",Amsterdam,North Holland,"1012",Netherlands
4638,"646 TechMarkt Street",Vienna,Vienna,"1010",Austria
4639,"663 TechMarkt Street",New York,New York,"10001",United States
4640,"680 TechMarkt Street",Berlin,Berlin,"10115",Germany
4641,"697 TechMarkt Street",Munich,Bavaria,"80331",Germany
4642,"714 TechMarkt Street",Hamburg,Hamburg,"20095",Germany
4643,"731 TechMarkt Street",London,England,SW1A 1AA,United Kingdom
4644,"748 TechMarkt Street",Paris,Île-de-France,"75001",France
4645,"765 TechMarkt Street",Amsterdam,North Holland,"1012",Netherlands
4646,"782 TechMarkt Street",Vienna,Vienna,"1010",Austria
4647,"799 TechMarkt Street",New York,New York,"10001",United States
4648,"816 TechMarkt Street",Berlin,Berlin,"10115",Germany
4649,"833 TechMarkt Street",Munich,Bavaria,"80331",Germany
4650,"850 TechMarkt Street",Hamburg,Hamburg,"20095",Germany
4651,"867 TechMarkt Street",London,England,SW1A 1AA,United Kingdom
4652,"884 TechMarkt Street",Paris,Île-de-France,"75001",France
4653,"901 TechMarkt Street",Amsterdam,North Holland,"1012",Netherlands
4654,"918 TechMarkt Street",Vienna,Vienna,"1010",Austria
4655,"935 TechMarkt Street",New York,New York,"10001",United States
4656,"952 TechMarkt Street",Berlin,Berlin,"10115",Germany
4657,"969 TechMarkt Street",Munich,Bavaria,"80331",Germany
4658,"986 TechMarkt Street",Hamburg,Hamburg,"20095",Germany
4659,"13 TechMarkt Street",London,England,SW1A 1AA,United Kingdom
4660,"30 TechMarkt Street",Paris,Île-de-France,"75001",France
4661,"47 TechMarkt Street",Amsterdam,North Holland,"1012",Netherlands
4662,"64 TechMarkt Street",Vienna,Vienna,"1010",Austria
4663,"81 TechMarkt Street",New York,New York,"10001",United States
4664,"98 TechMarkt Street",Berlin,Berlin,"10115",Germany
4665,"115 TechMarkt Street",Munich,Bavaria,"80331",Germany
4666,"132 TechMarkt Street",Hamburg,Hamburg,"20095",Germany
4667,"149 TechMarkt Street",London,England,SW1A 1AA,United Kingdom
4668,"166 TechMarkt Street",Paris,Île-de-France,"75001",France
4669,"183 TechMarkt Street",Amsterdam,North Holland,"1012",Netherlands
4670,"200 TechMarkt Street",Vienna,Vienna,"1010",Austria
4671,"217 TechMarkt Street",New York,New York,"10001",United States
4672,"234 TechMarkt Street",Berlin,Berlin,"10115",Germany
4673,"251 TechMarkt Street",Munich,Bavaria,"80331",Germany
4674,"268 TechMarkt Street",Hamburg,Hamburg,"20095",Germany
4675,"285 TechMarkt Street",London,England,SW1A 1AA,United Kingdom
4676,"302 TechMarkt Street",Paris,Île-de-France,"75001",France
4677,"319 TechMarkt Street",Amsterdam,North Holland,"1012",Netherlands
4678,"336 TechMarkt Street",Vienna,Vienna,"1010",Austria
4679,"353 TechMarkt Street",New York,New York,"10001",United States
4680,"370 TechMarkt Street",Berlin,Berlin,"10115",Germany
4681,"387 TechMarkt Street",Munich,Bavaria,"80331",Germany
4682,"404 TechMarkt Street",Hamburg,Hamburg,"20095",Germany
4683,"421 TechMarkt Street",London,England,SW1A 1AA,United Kingdom
4684,"438 TechMarkt Street",Paris,Île-de-France,"75001",France
4685,"455 TechMarkt Street",Amsterdam,North Holland,"1012",Netherlands
4686,"472 TechMarkt Street",Vienna,Vienna,"1010",Austria
4687,"489 TechMarkt Street",New York,New York,"10001",United States
4688,"506 TechMarkt Street",Berlin,Berlin,"10115",Germany
4689,"523 TechMarkt Street",Munich,Bavaria,"80331",Germany
4690,"540 TechMarkt Street",Hamburg,Hamburg,"20095",Germany
4691,"557 TechMarkt Street",London,England,SW1A 1AA,United Kingdom
4692,"574 TechMarkt Street",Paris,Île-de-France,"75001",France
4693,"591 TechMarkt Street",Amsterdam,North Holland,"1012",Netherlands
4694,"608 TechMarkt Street",Vienna,Vienna,"1010",Austria
4695,"625 TechMarkt Street",New York,New York,"10001",United States
4696,"642 TechMarkt Street",Berlin,Berlin,"10115",Germany
4697,"659 TechMarkt Street",Munich,Bavaria,"80331",Germany
4698,"676 TechMarkt Street",Hamburg,Hamburg,"20095",Germany
4699,"693 TechMarkt Street",London,England,SW1A 1AA,United Kingdom
4700,"710 TechMarkt Street",Paris,Île-de-France,"75001",France
4701,"727 TechMarkt Street",Amsterdam,North Holland,"1012",Netherlands
4702,"744 TechMarkt Street",Vienna,Vienna,"1010",Austria
4703,"761 TechMarkt Street",New York,New York,"10001",United States
4704,"778 TechMarkt Street",Berlin,Berlin,"10115",Germany
4705,"795 TechMarkt Street",Munich,Bavaria,"80331",Germany
4706,"812 TechMarkt Street",Hamburg,Hamburg,"20095",Germany
4707,"829 TechMarkt Street",London,England,SW1A 1AA,United Kingdom
4708,"846 TechMarkt Street",Paris,Île-de-France,"75001",France
4709,"863 TechMarkt Street",Amsterdam,North Holland,"1012",Netherlands
4710,"880 TechMarkt Street",Vienna,Vienna,"1010",Austria
4711,"897 TechMarkt Street",New York,New York,"10001",United States
4712,"914 TechMarkt Street",Berlin,Berlin,"10115",Germany
4713,"931 TechMarkt Street",Munich,Bavaria,"80331",Germany
4714,"948 TechMarkt Street",Hamburg,Hamburg,"20095",Germany
4715,"965 TechMarkt Street",London,England,SW1A 1AA,United Kingdom
4716,"982 TechMarkt Street",Paris,Île-de-France,"75001",France
4717,"999 TechMarkt Street",Amsterdam,North Holland,"1012",Netherlands
4718,"26 TechMarkt Street",Vienna,Vienna,"1010",Austria
4719,"43 TechMarkt Street",New York,New York,"10001",United States
4720,"60 TechMarkt Street",Berlin,Berlin,"10115",Germany
4721,"77 TechMarkt Street",Munich,Bavaria,"80331",Germany
4722,"94 TechMarkt Street",Hamburg,Hamburg,"20095",Germany
4723,"111 TechMarkt Street",London,England,SW1A 1AA,United Kingdom
4724,"128 TechMarkt Street",Paris,Île-de-France,"75001",France
4725,"145 TechMarkt Street",Amsterdam,North Holland,"1012",Netherlands
4726,"162 TechMarkt Street",Vienna,Vienna,"1010",Austria
4727,"179 TechMarkt Street",New York,New York,"10001",United States
4728,"196 TechMarkt Street",Berlin,Berlin,"10115",Germany
4729,"213 TechMarkt Street",Munich,Bavaria,"80331",Germany
4730,"230 TechMarkt Street",Hamburg,Hamburg,"20095",Germany
4731,"247 TechMarkt Street",London,England,SW1A 1AA,United Kingdom
4732,"264 TechMarkt Street",Paris,Île-de-France,"75001",France
4733,"281 TechMarkt Street",Amsterdam,North Holland,"1012",Netherlands
4734,"298 TechMarkt Street",Vienna,Vienna,"1010",Austria
4735,"315 TechMarkt Street",New York,New York,"10001",United States
4736,"332 TechMarkt Street",Berlin,Berlin,"10115",Germany
4737,"349 TechMarkt Street",Munich,Bavaria,"80331",Germany
4738,"366 TechMarkt Street",Hamburg,Hamburg,"20095",Germany
4739,"383 TechMarkt Street",London,England,SW1A 1AA,United Kingdom
4740,"400 TechMarkt Street",Paris,Île-de-France,"75001",France
4741,"417 TechMarkt Street",Amsterdam,North Holland,"1012",Netherlands
4742,"434 TechMarkt Street",Vienna,Vienna,"1010",Austria
4743,"451 TechMarkt Street",New York,New York,"10001",United States
4744,"468 TechMarkt Street",Berlin,Berlin,"10115",Germany
4745,"485 TechMarkt Street",Munich,Bavaria,"80331",Germany
4746,"502 TechMarkt Street",Hamburg,Hamburg,"20095",Germany
4747,"519 TechMarkt Street",London,England,SW1A 1AA,United Kingdom
4748,"536 TechMarkt Street",Paris,Île-de-France,"75001",France
4749,"553 TechMarkt Street",Amsterdam,North Holland,"1012",Netherlands
4750,"570 TechMarkt Street",Vienna,Vienna,"1010",Austria
4751,"587 TechMarkt Street",New York,New York,"10001",United States
4752,"604 TechMarkt Street",Berlin,Berlin,"10115",Germany
4753,"621 TechMarkt Street",Munich,Bavaria,"80331",Germany
4754,"638 TechMarkt Street",Hamburg,Hamburg,"20095",Germany
4755,"655 TechMarkt Street",London,England,SW1A 1AA,United Kingdom
4756,"672 TechMarkt Street",Paris,Île-de-France,"75001",France
4757,"689 TechMarkt Street",Amsterdam,North Holland,"1012",Netherlands
4758,"706 TechMarkt Street",Vienna,Vienna,"1010",Austria
4759,"723 TechMarkt Street",New York,New York,"10001",United States
4760,"740 TechMarkt Street",Berlin,Berlin,"10115",Germany
4761,"757 TechMarkt Street",Munich,Bavaria,"80331",Germany
4762,"774 TechMarkt Street",Hamburg,Hamburg,"20095",Germany
4763,"791 TechMarkt Street",London,England,SW1A 1AA,United Kingdom
4764,"808 TechMarkt Street",Paris,Île-de-France,"75001",France
4765,"825 TechMarkt Street",Amsterdam,North Holland,"1012",Netherlands
4766,"842 TechMarkt Street",Vienna,Vienna,"1010",Austria
4767,"859 TechMarkt Street",New York,New York,"10001",United States
4768,"876 TechMarkt Street",Berlin,Berlin,"10115",Germany
4769,"893 TechMarkt Street",Munich,Bavaria,"80331",Germany
4770,"910 TechMarkt Street",Hamburg,Hamburg,"20095",Germany
4771,"927 TechMarkt Street",London,England,SW1A 1AA,United Kingdom
4772,"944 TechMarkt Street",Paris,Île-de-France,"75001",France
4773,"961 TechMarkt Street",Amsterdam,North Holland,"1012",Netherlands
4774,"978 TechMarkt Street",Vienna,Vienna,"1010",Austria
4775,"995 TechMarkt Street",New York,New York,"10001",United States
4776,"22 TechMarkt Street",Berlin,Berlin,"10115",Germany
4777,"39 TechMarkt Street",Munich,Bavaria,"80331",Germany
4778,"56 TechMarkt Street",Hamburg,Hamburg,"20095",Germany
4779,"73 TechMarkt Street",London,England,SW1A 1AA,United Kingdom
4780,"90 TechMarkt Street",Paris,Île-de-France,"75001",France
4781,"107 TechMarkt Street",Amsterdam,North Holland,"1012",Netherlands
4782,"124 TechMarkt Street",Vienna,Vienna,"1010",Austria
4783,"141 TechMarkt Street",New York,New York,"10001",United States
4784,"158 TechMarkt Street",Berlin,Berlin,"10115",Germany
4785,"175 TechMarkt Street",Munich,Bavaria,"80331",Germany
4786,"192 TechMarkt Street",Hamburg,Hamburg,"20095",Germany
4787,"209 TechMarkt Street",London,England,SW1A 1AA,United Kingdom
4788,"226 TechMarkt Street",Paris,Île-de-France,"75001",France
4789,"243 TechMarkt Street",Amsterdam,North Holland,"1012",Netherlands
4790,"260 TechMarkt Street",Vienna,Vienna,"1010",Austria
4791,"277 TechMarkt Street",New York,New York,"10001",United States
4792,"294 TechMarkt Street",Berlin,Berlin,"10115",Germany
4793,"311 TechMarkt Street",Munich,Bavaria,"80331",Germany
4794,"328 TechMarkt Street",Hamburg,Hamburg,"20095",Germany
4795,"345 TechMarkt Street",London,England,SW1A 1AA,United Kingdom
4796,"362 TechMarkt Street",Paris,Île-de-France,"75001",France
4797,"379 TechMarkt Street",Amsterdam,North Holland,"1012",Netherlands
4798,"396 TechMarkt Street",Vienna,Vienna,"1010",Austria
4799,"413 TechMarkt Street",New York,New York,"10001",United States
4800,"430 TechMarkt Street",Berlin,Berlin,"10115",Germany
4801,"447 TechMarkt Street",Munich,Bavaria,"80331",Germany
4802,"464 TechMarkt Street",Hamburg,Hamburg,"20095",Germany
4803,"481 TechMarkt Street",London,England,SW1A 1AA,United Kingdom
4804,"498 TechMarkt Street",Paris,Île-de-France,"75001",France
4805,"515 TechMarkt Street",Amsterdam,North Holland,"1012",Netherlands
4806,"532 TechMarkt Street",Vienna,Vienna,"1010",Austria
4807,"549 TechMarkt Street",New York,New York,"10001",United States
4808,"566 TechMarkt Street",Berlin,Berlin,"10115",Germany
4809,"583 TechMarkt Street",Munich,Bavaria,"80331",Germany
4810,"600 TechMarkt Street",Hamburg,Hamburg,"20095",Germany
4811,"617 TechMarkt Street",London,England,SW1A 1AA,United Kingdom
4812,"634 TechMarkt Street",Paris,Île-de-France,"75001",France
4813,"651 TechMarkt Street",Amsterdam,North Holland,"1012",Netherlands
4814,"668 TechMarkt Street",Vienna,Vienna,"1010",Austria
4815,"685 TechMarkt Street",New York,New York,"10001",United States
4816,"702 TechMarkt Street",Berlin,Berlin,"10115",Germany
4817,"719 TechMarkt Street",Munich,Bavaria,"80331",Germany
4818,"736 TechMarkt Street",Hamburg,Hamburg,"20095",Germany
4819,"753 TechMarkt Street",London,England,SW1A 1AA,United Kingdom
4820,"770 TechMarkt Street",Paris,Île-de-France,"75001",France
4821,"787 TechMarkt Street",Amsterdam,North Holland,"1012",Netherlands
4822,"804 TechMarkt Street",Vienna,Vienna,"1010",Austria
4823,"821 TechMarkt Street",New York,New York,"10001",United States
4824,"838 TechMarkt Street",Berlin,Berlin,"10115",Germany
4825,"855 TechMarkt Street",Munich,Bavaria,"80331",Germany
4826,"872 TechMarkt Street",Hamburg,Hamburg,"20095",Germany
4827,"889 TechMarkt Street",London,England,SW1A 1AA,United Kingdom
4828,"906 TechMarkt Street",Paris,Île-de-France,"75001",France
4829,"923 TechMarkt Street",Amsterdam,North Holland,"1012",Netherlands
4830,"940 TechMarkt Street",Vienna,Vienna,"1010",Austria
4831,"957 TechMarkt Street",New York,New York,"10001",United States
4832,"974 TechMarkt Street",Berlin,Berlin,"10115",Germany
4833,"991 TechMarkt Street",Munich,Bavaria,"80331",Germany
4834,"18 TechMarkt Street",Hamburg,Hamburg,"20095",Germany
4835,"35 TechMarkt Street",London,England,SW1A 1AA,United Kingdom
4836,"52 TechMarkt Street",Paris,Île-de-France,"75001",France
4837,"69 TechMarkt Street",Amsterdam,North Holland,"1012",Netherlands
4838,"86 TechMarkt Street",Vienna,Vienna,"1010",Austria
4839,"103 TechMarkt Street",New York,New York,"10001",United States
4840,"120 TechMarkt Street",Berlin,Berlin,"10115",Germany
4841,"137 TechMarkt Street",Munich,Bavaria,"80331",Germany
4842,"154 TechMarkt Street",Hamburg,Hamburg,"20095",Germany
4843,"171 TechMarkt Street",London,England,SW1A 1AA,United Kingdom
4844,"188 TechMarkt Street",Paris,Île-de-France,"75001",France
4845,"205 TechMarkt Street",Amsterdam,North Holland,"1012",Netherlands
4846,"222 TechMarkt Street",Vienna,Vienna,"1010",Austria
4847,"239 TechMarkt Street",New York,New York,"10001",United States
4848,"256 TechMarkt Street",Berlin,Berlin,"10115",Germany
4849,"273 TechMarkt Street",Munich,Bavaria,"80331",Germany
4850,"290 TechMarkt Street",Hamburg,Hamburg,"20095",Germany
4851,"307 TechMarkt Street",London,England,SW1A 1AA,United Kingdom
4852,"324 TechMarkt Street",Paris,Île-de-France,"75001",France
4853,"341 TechMarkt Street",Amsterdam,North Holland,"1012",Netherlands
4854,"358 TechMarkt Street",Vienna,Vienna,"1010",Austria
4855,"375 TechMarkt Street",New York,New York,"10001",United States
4856,"392 TechMarkt Street",Berlin,Berlin,"10115",Germany
4857,"409 TechMarkt Street",Munich,Bavaria,"80331",Germany
4858,"426 TechMarkt Street",Hamburg,Hamburg,"20095",Germany
4859,"443 TechMarkt Street",London,England,SW1A 1AA,United Kingdom
4860,"460 TechMarkt Street",Paris,Île-de-France,"75001",France
4861,"477 TechMarkt Street",Amsterdam,North Holland,"1012",Netherlands
4862,"494 TechMarkt Street",Vienna,Vienna,"1010",Austria
4863,"511 TechMarkt Street",New York,New York,"10001",United States
4864,"528 TechMarkt Street",Berlin,Berlin,"10115",Germany
4865,"545 TechMarkt Street",Munich,Bavaria,"80331",Germany
4866,"562 TechMarkt Street",Hamburg,Hamburg,"20095",Germany
4867,"579 TechMarkt Street",London,England,SW1A 1AA,United Kingdom
4868,"596 TechMarkt Street",Paris,Île-de-France,"75001",France
4869,"613 TechMarkt Street",Amsterdam,North Holland,"1012",Netherlands
4870,"630 TechMarkt Street",Vienna,Vienna,"1010",Austria
4871,"647 TechMarkt Street",New York,New York,"10001",United States
4872,"664 TechMarkt Street",Berlin,Berlin,"10115",Germany
4873,"681 TechMarkt Street",Munich,Bavaria,"80331",Germany
4874,"698 TechMarkt Street",Hamburg,Hamburg,"20095",Germany
4875,"715 TechMarkt Street",London,England,SW1A 1AA,United Kingdom
4876,"732 TechMarkt Street",Paris,Île-de-France,"75001",France
4877,"749 TechMarkt Street",Amsterdam,North Holland,"1012",Netherlands
4878,"766 TechMarkt Street",Vienna,Vienna,"1010",Austria
4879,"783 TechMarkt Street",New York,New York,"10001",United States
4880,"800 TechMarkt Street",Berlin,Berlin,"10115",Germany
4881,"817 TechMarkt Street",Munich,Bavaria,"80331",Germany
4882,"834 TechMarkt Street",Hamburg,Hamburg,"20095",Germany
4883,"851 TechMarkt Street",London,England,SW1A 1AA,United Kingdom
4884,"868 TechMarkt Street",Paris,Île-de-France,"75001",France
4885,"885 TechMarkt Street",Amsterdam,North Holland,"1012",Netherlands
4886,"902 TechMarkt Street",Vienna,Vienna,"1010",Austria
4887,"919 TechMarkt Street",New York,New York,"10001",United States
4888,"936 TechMarkt Street",Berlin,Berlin,"10115",Germany
4889,"953 TechMarkt Street",Munich,Bavaria,"80331",Germany
4890,"970 TechMarkt Street",Hamburg,Hamburg,"20095",Germany
4891,"987 TechMarkt Street",London,England,SW1A 1AA,United Kingdom
4892,"14 TechMarkt Street",Paris,Île-de-France,"75001",France
4893,"31 TechMarkt Street",Amsterdam,North Holland,"1012",Netherlands
4894,"48 TechMarkt Street",Vienna,Vienna,"1010",Austria
4895,"65 TechMarkt Street",New York,New York,"10001",United States
4896,"82 TechMarkt Street",Berlin,Berlin,"10115",Germany
4897,"99 TechMarkt Street",Munich,Bavaria,"80331",Germany
4898,"116 TechMarkt Street",Hamburg,Hamburg,"20095",Germany
4899,"133 TechMarkt Street",London,England,SW1A 1AA,United Kingdom
4900,"150 TechMarkt Street",Paris,Île-de-France,"75001",France
4901,"167 TechMarkt Street",Amsterdam,North Holland,"1012",Netherlands
4902,"184 TechMarkt Street",Vienna,Vienna,"1010",Austria
4903,"201 TechMarkt Street",New York,New York,"10001",United States
4904,"218 TechMarkt Street",Berlin,Berlin,"10115",Germany
4905,"235 TechMarkt Street",Munich,Bavaria,"80331",Germany
4906,"252 TechMarkt Street",Hamburg,Hamburg,"20095",Germany
4907,"269 TechMarkt Street",London,England,SW1A 1AA,United Kingdom
4908,"286 TechMarkt Street",Paris,Île-de-France,"75001",France
4909,"303 TechMarkt Street",Amsterdam,North Holland,"1012",Netherlands
4910,"320 TechMarkt Street",Vienna,Vienna,"1010",Austria
4911,"337 TechMarkt Street",New York,New York,"10001",United States
4912,"354 TechMarkt Street",Berlin,Berlin,"10115",Germany
4913,"371 TechMarkt Street",Munich,Bavaria,"80331",Germany
4914,"388 TechMarkt Street",Hamburg,Hamburg,"20095",Germany
4915,"405 TechMarkt Street",London,England,SW1A 1AA,United Kingdom
4916,"422 TechMarkt Street",Paris,Île-de-France,"75001",France
4917,"439 TechMarkt Street",Amsterdam,North Holland,"1012",Netherlands
4918,"456 TechMarkt Street",Vienna,Vienna,"1010",Austria
4919,"473 TechMarkt Street",New York,New York,"10001",United States
4920,"490 TechMarkt Street",Berlin,Berlin,"10115",Germany
4921,"507 TechMarkt Street",Munich,Bavaria,"80331",Germany
4922,"524 TechMarkt Street",Hamburg,Hamburg,"20095",Germany
4923,"541 TechMarkt Street",London,England,SW1A 1AA,United Kingdom
4924,"558 TechMarkt Street",Paris,Île-de-France,"75001",France
4925,"575 TechMarkt Street",Amsterdam,North Holland,"1012",Netherlands
4926,"592 TechMarkt Street",Vienna,Vienna,"1010",Austria
4927,"609 TechMarkt Street",New York,New York,"10001",United States
4928,"626 TechMarkt Street",Berlin,Berlin,"10115",Germany
4929,"643 TechMarkt Street",Munich,Bavaria,"80331",Germany
4930,"660 TechMarkt Street",Hamburg,Hamburg,"20095",Germany
4931,"677 TechMarkt Street",London,England,SW1A 1AA,United Kingdom
4932,"694 TechMarkt Street",Paris,Île-de-France,"75001",France
4933,"711 TechMarkt Street",Amsterdam,North Holland,"1012",Netherlands
4934,"728 TechMarkt Street",Vienna,Vienna,"1010",Austria
4935,"745 TechMarkt Street",New York,New York,"10001",United States
4936,"762 TechMarkt Street",Berlin,Berlin,"10115",Germany
4937,"779 TechMarkt Street",Munich,Bavaria,"80331",Germany
4938,"796 TechMarkt Street",Hamburg,Hamburg,"20095",Germany
4939,"813 TechMarkt Street",London,England,SW1A 1AA,United Kingdom
4940,"830 TechMarkt Street",Paris,Île-de-France,"75001",France
4941,"847 TechMarkt Street",Amsterdam,North Holland,"1012",Netherlands
4942,"864 TechMarkt Street",Vienna,Vienna,"1010",Austria
4943,"881 TechMarkt Street",New York,New York,"10001",United States
4944,"898 TechMarkt Street",Berlin,Berlin,"10115",Germany
4945,"915 TechMarkt Street",Munich,Bavaria,"80331",Germany
4946,"932 TechMarkt Street",Hamburg,Hamburg,"20095",Germany
4947,"949 TechMarkt Street",London,England,SW1A 1AA,United Kingdom
4948,"966 TechMarkt Street",Paris,Île-de-France,"75001",France
4949,"983 TechMarkt Street",Amsterdam,North Holland,"1012",Netherlands
4950,"10 TechMarkt Street",Vienna,Vienna,"1010",Austria
4951,"27 TechMarkt Street",New York,New York,"10001",United States
4952,"44 TechMarkt Street",Berlin,Berlin,"10115",Germany
4953,"61 TechMarkt Street",Munich,Bavaria,"80331",Germany
4954,"78 TechMarkt Street",Hamburg,Hamburg,"20095",Germany
4955,"95 TechMarkt Street",London,England,SW1A 1AA,United Kingdom
4956,"112 TechMarkt Street",Paris,Île-de-France,"75001",France
4957,"129 TechMarkt Street",Amsterdam,North Holland,"1012",Netherlands
4958,"146 TechMarkt Street",Vienna,Vienna,"1010",Austria
4959,"163 TechMarkt Street",New York,New York,"10001",United States
4960,"180 TechMarkt Street",Berlin,Berlin,"10115",Germany
4961,"197 TechMarkt Street",Munich,Bavaria,"80331",Germany
4962,"214 TechMarkt Street",Hamburg,Hamburg,"20095",Germany
4963,"231 TechMarkt Street",London,England,SW1A 1AA,United Kingdom
4964,"248 TechMarkt Street",Paris,Île-de-France,"75001",France
4965,"265 TechMarkt Street",Amsterdam,North Holland,"1012",Netherlands
4966,"282 TechMarkt Street",Vienna,Vienna,"1010",Austria
4967,"299 TechMarkt Street",New York,New York,"10001",United States
4968,"316 TechMarkt Street",Berlin,Berlin,"10115",Germany
4969,"333 TechMarkt Street",Munich,Bavaria,"80331",Germany
4970,"350 TechMarkt Street",Hamburg,Hamburg,"20095",Germany
4971,"367 TechMarkt Street",London,England,SW1A 1AA,United Kingdom
4972,"384 TechMarkt Street",Paris,Île-de-France,"75001",France
4973,"401 TechMarkt Street",Amsterdam,North Holland,"1012",Netherlands
4974,"418 TechMarkt Street",Vienna,Vienna,"1010",Austria
4975,"435 TechMarkt Street",New York,New York,"10001",United States
4976,"452 TechMarkt Street",Berlin,Berlin,"10115",Germany
4977,"469 TechMarkt Street",Munich,Bavaria,"80331",Germany
4978,"486 TechMarkt Street",Hamburg,Hamburg,"20095",Germany
4979,"503 TechMarkt Street",London,England,SW1A 1AA,United Kingdom
4980,"520 TechMarkt Street",Paris,Île-de-France,"75001",France
4981,"537 TechMarkt Street",Amsterdam,North Holland,"1012",Netherlands
4982,"554 TechMarkt Street",Vienna,Vienna,"1010",Austria
4983,"571 TechMarkt Street",New York,New York,"10001",United States
4984,"588 TechMarkt Street",Berlin,Berlin,"10115",Germany
4985,"605 TechMarkt Street",Munich,Bavaria,"80331",Germany
4986,"622 TechMarkt Street",Hamburg,Hamburg,"20095",Germany
4987,"639 TechMarkt Street",London,England,SW1A 1AA,United Kingdom
4988,"656 TechMarkt Street",Paris,Île-de-France,"75001",France
4989,"673 TechMarkt Street",Amsterdam,North Holland,"1012",Netherlands
4990,"690 TechMarkt Street",Vienna,Vienna,"1010",Austria
4991,"707 TechMarkt Street",New York,New York,"10001",United States
4992,"724 TechMarkt Street",Berlin,Berlin,"10115",Germany
4993,"741 TechMarkt Street",Munich,Bavaria,"80331",Germany
4994,"758 TechMarkt Street",Hamburg,Hamburg,"20095",Germany
4995,"775 TechMarkt Street",London,England,SW1A 1AA,United Kingdom
4996,"792 TechMarkt Street",Paris,Île-de-France,"75001",France
4997,"809 TechMarkt Street",Amsterdam,North Holland,"1012",Netherlands
4998,"826 TechMarkt Street",Vienna,Vienna,"1010",Austria
4999,"843 TechMarkt Street",New York,New York,"10001",United States
5000,"860 TechMarkt Street",Berlin,Berlin,"10115",Germany
5001,"877 TechMarkt Street",Munich,Bavaria,"80331",Germany
5002,"894 TechMarkt Street",Hamburg,Hamburg,"20095",Germany
5003,"911 TechMarkt Street",London,England,SW1A 1AA,United Kingdom
5004,"928 TechMarkt Street",Paris,Île-de-France,"75001",France
5005,"945 TechMarkt Street",Amsterdam,North Holland,"1012",Netherlands
5006,"962 TechMarkt Street",Vienna,Vienna,"1010",Austria
5007,"979 TechMarkt Street",New York,New York,"10001",United States
5008,"996 TechMarkt Street",Berlin,Berlin,"10115",Germany
5009,"23 TechMarkt Street",Munich,Bavaria,"80331",Germany
5010,"40 TechMarkt Street",Hamburg,Hamburg,"20095",Germany
5011,"57 TechMarkt Street",London,England,SW1A 1AA,United Kingdom
5012,"74 TechMarkt Street",Paris,Île-de-France,"75001",France
5013,"91 TechMarkt Street",Amsterdam,North Holland,"1012",Netherlands
5014,"108 TechMarkt Street",Vienna,Vienna,"1010",Austria
5015,"125 TechMarkt Street",New York,New York,"10001",United States
5016,"142 TechMarkt Street",Berlin,Berlin,"10115",Germany
5017,"159 TechMarkt Street",Munich,Bavaria,"80331",Germany
5018,"176 TechMarkt Street",Hamburg,Hamburg,"20095",Germany
5019,"193 TechMarkt Street",London,England,SW1A 1AA,United Kingdom
5020,"210 TechMarkt Street",Paris,Île-de-France,"75001",France
5021,"227 TechMarkt Street",Amsterdam,North Holland,"1012",Netherlands
5022,"244 TechMarkt Street",Vienna,Vienna,"1010",Austria
5023,"261 TechMarkt Street",New York,New York,"10001",United States
5024,"278 TechMarkt Street",Berlin,Berlin,"10115",Germany
5025,"295 TechMarkt Street",Munich,Bavaria,"80331",Germany
5026,"312 TechMarkt Street",Hamburg,Hamburg,"20095",Germany
5027,"329 TechMarkt Street",London,England,SW1A 1AA,United Kingdom
5028,"346 TechMarkt Street",Paris,Île-de-France,"75001",France
5029,"363 TechMarkt Street",Amsterdam,North Holland,"1012",Netherlands
5030,"380 TechMarkt Street",Vienna,Vienna,"1010",Austria
5031,"397 TechMarkt Street",New York,New York,"10001",United States
5032,"414 TechMarkt Street",Berlin,Berlin,"10115",Germany
5033,"431 TechMarkt Street",Munich,Bavaria,"80331",Germany
5034,"448 TechMarkt Street",Hamburg,Hamburg,"20095",Germany
5035,"465 TechMarkt Street",London,England,SW1A 1AA,United Kingdom
5036,"482 TechMarkt Street",Paris,Île-de-France,"75001",France
5037,"499 TechMarkt Street",Amsterdam,North Holland,"1012",Netherlands
5038,"516 TechMarkt Street",Vienna,Vienna,"1010",Austria
5039,"533 TechMarkt Street",New York,New York,"10001",United States
5040,"550 TechMarkt Street",Berlin,Berlin,"10115",Germany
5041,"567 TechMarkt Street",Munich,Bavaria,"80331",Germany
5042,"584 TechMarkt Street",Hamburg,Hamburg,"20095",Germany
5043,"601 TechMarkt Street",London,England,SW1A 1AA,United Kingdom
5044,"618 TechMarkt Street",Paris,Île-de-France,"75001",France
5045,"635 TechMarkt Street",Amsterdam,North Holland,"1012",Netherlands
5046,"652 TechMarkt Street",Vienna,Vienna,"1010",Austria
5047,"669 TechMarkt Street",New York,New York,"10001",United States
5048,"686 TechMarkt Street",Berlin,Berlin,"10115",Germany
5049,"703 TechMarkt Street",Munich,Bavaria,"80331",Germany
5050,"720 TechMarkt Street",Hamburg,Hamburg,"20095",Germany
5051,"737 TechMarkt Street",London,England,SW1A 1AA,United Kingdom
5052,"754 TechMarkt Street",Paris,Île-de-France,"75001",France
5053,"771 TechMarkt Street",Amsterdam,North Holland,"1012",Netherlands
5054,"788 TechMarkt Street",Vienna,Vienna,"1010",Austria
5055,"805 TechMarkt Street",New York,New York,"10001",United States
5056,"822 TechMarkt Street",Berlin,Berlin,"10115",Germany
5057,"839 TechMarkt Street",Munich,Bavaria,"80331",Germany
5058,"856 TechMarkt Street",Hamburg,Hamburg,"20095",Germany
5059,"873 TechMarkt Street",London,England,SW1A 1AA,United Kingdom
5060,"890 TechMarkt Street",Paris,Île-de-France,"75001",France
5061,"907 TechMarkt Street",Amsterdam,North Holland,"1012",Netherlands
5062,"924 TechMarkt Street",Vienna,Vienna,"1010",Austria
5063,"941 TechMarkt Street",New York,New York,"10001",United States
5064,"958 TechMarkt Street",Berlin,Berlin,"10115",Germany
5065,"975 TechMarkt Street",Munich,Bavaria,"80331",Germany
5066,"992 TechMarkt Street",Hamburg,Hamburg,"20095",Germany
5067,"19 TechMarkt Street",London,England,SW1A 1AA,United Kingdom
5068,"36 TechMarkt Street",Paris,Île-de-France,"75001",France
5069,"53 TechMarkt Street",Amsterdam,North Holland,"1012",Netherlands
5070,"70 TechMarkt Street",Vienna,Vienna,"1010",Austria
5071,"87 TechMarkt Street",New York,New York,"10001",United States
5072,"104 TechMarkt Street",Berlin,Berlin,"10115",Germany
5073,"121 TechMarkt Street",Munich,Bavaria,"80331",Germany
5074,"138 TechMarkt Street",Hamburg,Hamburg,"20095",Germany
5075,"155 TechMarkt Street",London,England,SW1A 1AA,United Kingdom
5076,"172 TechMarkt Street",Paris,Île-de-France,"75001",France
5077,"189 TechMarkt Street",Amsterdam,North Holland,"1012",Netherlands
5078,"206 TechMarkt Street",Vienna,Vienna,"1010",Austria
5079,"223 TechMarkt Street",New York,New York,"10001",United States
5080,"240 TechMarkt Street",Berlin,Berlin,"10115",Germany
5081,"257 TechMarkt Street",Munich,Bavaria,"80331",Germany
5082,"274 TechMarkt Street",Hamburg,Hamburg,"20095",Germany
5083,"291 TechMarkt Street",London,England,SW1A 1AA,United Kingdom
5084,"308 TechMarkt Street",Paris,Île-de-France,"75001",France
5085,"325 TechMarkt Street",Amsterdam,North Holland,"1012",Netherlands
5086,"342 TechMarkt Street",Vienna,Vienna,"1010",Austria
5087,"359 TechMarkt Street",New York,New York,"10001",United States
5088,"376 TechMarkt Street",Berlin,Berlin,"10115",Germany
5089,"393 TechMarkt Street",Munich,Bavaria,"80331",Germany
5090,"410 TechMarkt Street",Hamburg,Hamburg,"20095",Germany
5091,"427 TechMarkt Street",London,England,SW1A 1AA,United Kingdom
5092,"444 TechMarkt Street",Paris,Île-de-France,"75001",France
5093,"461 TechMarkt Street",Amsterdam,North Holland,"1012",Netherlands
5094,"478 TechMarkt Street",Vienna,Vienna,"1010",Austria
5095,"495 TechMarkt Street",New York,New York,"10001",United States
5096,"512 TechMarkt Street",Berlin,Berlin,"10115",Germany
5097,"529 TechMarkt Street",Munich,Bavaria,"80331",Germany
5098,"546 TechMarkt Street",Hamburg,Hamburg,"20095",Germany
5099,"563 TechMarkt Street",London,England,SW1A 1AA,United Kingdom
5100,"580 TechMarkt Street",Paris,Île-de-France,"75001",France
5101,"597 TechMarkt Street",Amsterdam,North Holland,"1012",Netherlands
5102,"614 TechMarkt Street",Vienna,Vienna,"1010",Austria
5103,"631 TechMarkt Street",New York,New York,"10001",United States
5104,"648 TechMarkt Street",Berlin,Berlin,"10115",Germany
5105,"665 TechMarkt Street",Munich,Bavaria,"80331",Germany
5106,"682 TechMarkt Street",Hamburg,Hamburg,"20095",Germany
5107,"699 TechMarkt Street",London,England,SW1A 1AA,United Kingdom
5108,"716 TechMarkt Street",Paris,Île-de-France,"75001",France
5109,"733 TechMarkt Street",Amsterdam,North Holland,"1012",Netherlands
5110,"750 TechMarkt Street",Vienna,Vienna,"1010",Austria
5111,"767 TechMarkt Street",New York,New York,"10001",United States
5112,"784 TechMarkt Street",Berlin,Berlin,"10115",Germany
5113,"801 TechMarkt Street",Munich,Bavaria,"80331",Germany
5114,"818 TechMarkt Street",Hamburg,Hamburg,"20095",Germany
5115,"835 TechMarkt Street",London,England,SW1A 1AA,United Kingdom
5116,"852 TechMarkt Street",Paris,Île-de-France,"75001",France
5117,"869 TechMarkt Street",Amsterdam,North Holland,"1012",Netherlands
5118,"886 TechMarkt Street",Vienna,Vienna,"1010",Austria
5119,"903 TechMarkt Street",New York,New York,"10001",United States
5120,"920 TechMarkt Street",Berlin,Berlin,"10115",Germany
5121,"937 TechMarkt Street",Munich,Bavaria,"80331",Germany
5122,"954 TechMarkt Street",Hamburg,Hamburg,"20095",Germany
5123,"971 TechMarkt Street",London,England,SW1A 1AA,United Kingdom
5124,"988 TechMarkt Street",Paris,Île-de-France,"75001",France
5125,"15 TechMarkt Street",Amsterdam,North Holland,"1012",Netherlands
5126,"32 TechMarkt Street",Vienna,Vienna,"1010",Austria
5127,"49 TechMarkt Street",New York,New York,"10001",United States
5128,"66 TechMarkt Street",Berlin,Berlin,"10115",Germany
5129,"83 TechMarkt Street",Munich,Bavaria,"80331",Germany
5130,"100 TechMarkt Street",Hamburg,Hamburg,"20095",Germany
5131,"117 TechMarkt Street",London,England,SW1A 1AA,United Kingdom
5132,"134 TechMarkt Street",Paris,Île-de-France,"75001",France
5133,"151 TechMarkt Street",Amsterdam,North Holland,"1012",Netherlands
5134,"168 TechMarkt Street",Vienna,Vienna,"1010",Austria
5135,"185 TechMarkt Street",New York,New York,"10001",United States
5136,"202 TechMarkt Street",Berlin,Berlin,"10115",Germany
5137,"219 TechMarkt Street",Munich,Bavaria,"80331",Germany
5138,"236 TechMarkt Street",Hamburg,Hamburg,"20095",Germany
5139,"253 TechMarkt Street",London,England,SW1A 1AA,United Kingdom
5140,"270 TechMarkt Street",Paris,Île-de-France,"75001",France
5141,"287 TechMarkt Street",Amsterdam,North Holland,"1012",Netherlands
5142,"304 TechMarkt Street",Vienna,Vienna,"1010",Austria
5143,"321 TechMarkt Street",New York,New York,"10001",United States
5144,"338 TechMarkt Street",Berlin,Berlin,"10115",Germany
5145,"355 TechMarkt Street",Munich,Bavaria,"80331",Germany
5146,"372 TechMarkt Street",Hamburg,Hamburg,"20095",Germany
5147,"389 TechMarkt Street",London,England,SW1A 1AA,United Kingdom
5148,"406 TechMarkt Street",Paris,Île-de-France,"75001",France
5149,"423 TechMarkt Street",Amsterdam,North Holland,"1012",Netherlands
5150,"440 TechMarkt Street",Vienna,Vienna,"1010",Austria
5151,"457 TechMarkt Street",New York,New York,"10001",United States
5152,"474 TechMarkt Street",Berlin,Berlin,"10115",Germany
5153,"491 TechMarkt Street",Munich,Bavaria,"80331",Germany
5154,"508 TechMarkt Street",Hamburg,Hamburg,"20095",Germany
5155,"525 TechMarkt Street",London,England,SW1A 1AA,United Kingdom
5156,"542 TechMarkt Street",Paris,Île-de-France,"75001",France
5157,"559 TechMarkt Street",Amsterdam,North Holland,"1012",Netherlands
5158,"576 TechMarkt Street",Vienna,Vienna,"1010",Austria
5159,"593 TechMarkt Street",New York,New York,"10001",United States
5160,"610 TechMarkt Street",Berlin,Berlin,"10115",Germany
5161,"627 TechMarkt Street",Munich,Bavaria,"80331",Germany
5162,"644 TechMarkt Street",Hamburg,Hamburg,"20095",Germany
5163,"661 TechMarkt Street",London,England,SW1A 1AA,United Kingdom
5164,"678 TechMarkt Street",Paris,Île-de-France,"75001",France
5165,"695 TechMarkt Street",Amsterdam,North Holland,"1012",Netherlands
5166,"712 TechMarkt Street",Vienna,Vienna,"1010",Austria
5167,"729 TechMarkt Street",New York,New York,"10001",United States
5168,"746 TechMarkt Street",Berlin,Berlin,"10115",Germany
5169,"763 TechMarkt Street",Munich,Bavaria,"80331",Germany
5170,"780 TechMarkt Street",Hamburg,Hamburg,"20095",Germany
5171,"797 TechMarkt Street",London,England,SW1A 1AA,United Kingdom
5172,"814 TechMarkt Street",Paris,Île-de-France,"75001",France
5173,"831 TechMarkt Street",Amsterdam,North Holland,"1012",Netherlands
5174,"848 TechMarkt Street",Vienna,Vienna,"1010",Austria
5175,"865 TechMarkt Street",New York,New York,"10001",United States
5176,"882 TechMarkt Street",Berlin,Berlin,"10115",Germany
5177,"899 TechMarkt Street",Munich,Bavaria,"80331",Germany
5178,"916 TechMarkt Street",Hamburg,Hamburg,"20095",Germany
5179,"933 TechMarkt Street",London,England,SW1A 1AA,United Kingdom
5180,"950 TechMarkt Street",Paris,Île-de-France,"75001",France
5181,"967 TechMarkt Street",Amsterdam,North Holland,"1012",Netherlands
5182,"984 TechMarkt Street",Vienna,Vienna,"1010",Austria
5183,"11 TechMarkt Street",New York,New York,"10001",United States
5184,"28 TechMarkt Street",Berlin,Berlin,"10115",Germany
5185,"45 TechMarkt Street",Munich,Bavaria,"80331",Germany
5186,"62 TechMarkt Street",Hamburg,Hamburg,"20095",Germany
5187,"79 TechMarkt Street",London,England,SW1A 1AA,United Kingdom
5188,"96 TechMarkt Street",Paris,Île-de-France,"75001",France
5189,"113 TechMarkt Street",Amsterdam,North Holland,"1012",Netherlands
5190,"130 TechMarkt Street",Vienna,Vienna,"1010",Austria
5191,"147 TechMarkt Street",New York,New York,"10001",United States
5192,"164 TechMarkt Street",Berlin,Berlin,"10115",Germany
5193,"181 TechMarkt Street",Munich,Bavaria,"80331",Germany
5194,"198 TechMarkt Street",Hamburg,Hamburg,"20095",Germany
5195,"215 TechMarkt Street",London,England,SW1A 1AA,United Kingdom
5196,"232 TechMarkt Street",Paris,Île-de-France,"75001",France
5197,"249 TechMarkt Street",Amsterdam,North Holland,"1012",Netherlands
5198,"266 TechMarkt Street",Vienna,Vienna,"1010",Austria
5199,"283 TechMarkt Street",New York,New York,"10001",United States
5200,"300 TechMarkt Street",Berlin,Berlin,"10115",Germany
5201,"317 TechMarkt Street",Munich,Bavaria,"80331",Germany
5202,"334 TechMarkt Street",Hamburg,Hamburg,"20095",Germany
5203,"351 TechMarkt Street",London,England,SW1A 1AA,United Kingdom
5204,"368 TechMarkt Street",Paris,Île-de-France,"75001",France
5205,"385 TechMarkt Street",Amsterdam,North Holland,"1012",Netherlands
5206,"402 TechMarkt Street",Vienna,Vienna,"1010",Austria
5207,"419 TechMarkt Street",New York,New York,"10001",United States
5208,"436 TechMarkt Street",Berlin,Berlin,"10115",Germany
5209,"453 TechMarkt Street",Munich,Bavaria,"80331",Germany
5210,"470 TechMarkt Street",Hamburg,Hamburg,"20095",Germany
5211,"487 TechMarkt Street",London,England,SW1A 1AA,United Kingdom
5212,"504 TechMarkt Street",Paris,Île-de-France,"75001",France
5213,"521 TechMarkt Street",Amsterdam,North Holland,"1012",Netherlands
5214,"538 TechMarkt Street",Vienna,Vienna,"1010",Austria
5215,"555 TechMarkt Street",New York,New York,"10001",United States
5216,"572 TechMarkt Street",Berlin,Berlin,"10115",Germany
5217,"589 TechMarkt Street",Munich,Bavaria,"80331",Germany
5218,"606 TechMarkt Street",Hamburg,Hamburg,"20095",Germany
5219,"623 TechMarkt Street",London,England,SW1A 1AA,United Kingdom
5220,"640 TechMarkt Street",Paris,Île-de-France,"75001",France
5221,"657 TechMarkt Street",Amsterdam,North Holland,"1012",Netherlands
5222,"674 TechMarkt Street",Vienna,Vienna,"1010",Austria
5223,"691 TechMarkt Street",New York,New York,"10001",United States
5224,"708 TechMarkt Street",Berlin,Berlin,"10115",Germany
5225,"725 TechMarkt Street",Munich,Bavaria,"80331",Germany
5226,"742 TechMarkt Street",Hamburg,Hamburg,"20095",Germany
5227,"759 TechMarkt Street",London,England,SW1A 1AA,United Kingdom
5228,"776 TechMarkt Street",Paris,Île-de-France,"75001",France
5229,"793 TechMarkt Street",Amsterdam,North Holland,"1012",Netherlands
5230,"810 TechMarkt Street",Vienna,Vienna,"1010",Austria
5231,"827 TechMarkt Street",New York,New York,"10001",United States
5232,"844 TechMarkt Street",Berlin,Berlin,"10115",Germany
5233,"861 TechMarkt Street",Munich,Bavaria,"80331",Germany
5234,"878 TechMarkt Street",Hamburg,Hamburg,"20095",Germany
5235,"895 TechMarkt Street",London,England,SW1A 1AA,United Kingdom
5236,"912 TechMarkt Street",Paris,Île-de-France,"75001",France
5237,"929 TechMarkt Street",Amsterdam,North Holland,"1012",Netherlands
5238,"946 TechMarkt Street",Vienna,Vienna,"1010",Austria
5239,"963 TechMarkt Street",New York,New York,"10001",United States
5240,"980 TechMarkt Street",Berlin,Berlin,"10115",Germany
5241,"997 TechMarkt Street",Munich,Bavaria,"80331",Germany
5242,"24 TechMarkt Street",Hamburg,Hamburg,"20095",Germany
5243,"41 TechMarkt Street",London,England,SW1A 1AA,United Kingdom
5244,"58 TechMarkt Street",Paris,Île-de-France,"75001",France
5245,"75 TechMarkt Street",Amsterdam,North Holland,"1012",Netherlands
5246,"92 TechMarkt Street",Vienna,Vienna,"1010",Austria
5247,"109 TechMarkt Street",New York,New York,"10001",United States
5248,"126 TechMarkt Street",Berlin,Berlin,"10115",Germany
5249,"143 TechMarkt Street",Munich,Bavaria,"80331",Germany
5250,"160 TechMarkt Street",Hamburg,Hamburg,"20095",Germany
5251,"177 TechMarkt Street",London,England,SW1A 1AA,United Kingdom
5252,"194 TechMarkt Street",Paris,Île-de-France,"75001",France
5253,"211 TechMarkt Street",Amsterdam,North Holland,"1012",Netherlands
5254,"228 TechMarkt Street",Vienna,Vienna,"1010",Austria
5255,"245 TechMarkt Street",New York,New York,"10001",United States
5256,"262 TechMarkt Street",Berlin,Berlin,"10115",Germany
5257,"279 TechMarkt Street",Munich,Bavaria,"80331",Germany
5258,"296 TechMarkt Street",Hamburg,Hamburg,"20095",Germany
5259,"313 TechMarkt Street",London,England,SW1A 1AA,United Kingdom
5260,"330 TechMarkt Street",Paris,Île-de-France,"75001",France
5261,"347 TechMarkt Street",Amsterdam,North Holland,"1012",Netherlands
5262,"364 TechMarkt Street",Vienna,Vienna,"1010",Austria
5263,"381 TechMarkt Street",New York,New York,"10001",United States
5264,"398 TechMarkt Street",Berlin,Berlin,"10115",Germany
5265,"415 TechMarkt Street",Munich,Bavaria,"80331",Germany
5266,"432 TechMarkt Street",Hamburg,Hamburg,"20095",Germany
5267,"449 TechMarkt Street",London,England,SW1A 1AA,United Kingdom
5268,"466 TechMarkt Street",Paris,Île-de-France,"75001",France
5269,"483 TechMarkt Street",Amsterdam,North Holland,"1012",Netherlands
5270,"500 TechMarkt Street",Vienna,Vienna,"1010",Austria
5271,"517 TechMarkt Street",New York,New York,"10001",United States
5272,"534 TechMarkt Street",Berlin,Berlin,"10115",Germany
5273,"551 TechMarkt Street",Munich,Bavaria,"80331",Germany
5274,"568 TechMarkt Street",Hamburg,Hamburg,"20095",Germany
5275,"585 TechMarkt Street",London,England,SW1A 1AA,United Kingdom
5276,"602 TechMarkt Street",Paris,Île-de-France,"75001",France
5277,"619 TechMarkt Street",Amsterdam,North Holland,"1012",Netherlands
5278,"636 TechMarkt Street",Vienna,Vienna,"1010",Austria
5279,"653 TechMarkt Street",New York,New York,"10001",United States
5280,"670 TechMarkt Street",Berlin,Berlin,"10115",Germany
5281,"687 TechMarkt Street",Munich,Bavaria,"80331",Germany
5282,"704 TechMarkt Street",Hamburg,Hamburg,"20095",Germany
5283,"721 TechMarkt Street",London,England,SW1A 1AA,United Kingdom
5284,"738 TechMarkt Street",Paris,Île-de-France,"75001",France
5285,"755 TechMarkt Street",Amsterdam,North Holland,"1012",Netherlands
5286,"772 TechMarkt Street",Vienna,Vienna,"1010",Austria
5287,"789 TechMarkt Street",New York,New York,"10001",United States
5288,"806 TechMarkt Street",Berlin,Berlin,"10115",Germany
5289,"823 TechMarkt Street",Munich,Bavaria,"80331",Germany
5290,"840 TechMarkt Street",Hamburg,Hamburg,"20095",Germany
5291,"857 TechMarkt Street",London,England,SW1A 1AA,United Kingdom
5292,"874 TechMarkt Street",Paris,Île-de-France,"75001",France
5293,"891 TechMarkt Street",Amsterdam,North Holland,"1012",Netherlands
5294,"908 TechMarkt Street",Vienna,Vienna,"1010",Austria
5295,"925 TechMarkt Street",New York,New York,"10001",United States
5296,"942 TechMarkt Street",Berlin,Berlin,"10115",Germany
5297,"959 TechMarkt Street",Munich,Bavaria,"80331",Germany
5298,"976 TechMarkt Street",Hamburg,Hamburg,"20095",Germany
5299,"993 TechMarkt Street",London,England,SW1A 1AA,United Kingdom
5300,"20 TechMarkt Street",Paris,Île-de-France,"75001",France
5301,"37 TechMarkt Street",Amsterdam,North Holland,"1012",Netherlands
5302,"54 TechMarkt Street",Vienna,Vienna,"1010",Austria
5303,"71 TechMarkt Street",New York,New York,"10001",United States
5304,"88 TechMarkt Street",Berlin,Berlin,"10115",Germany
5305,"105 TechMarkt Street",Munich,Bavaria,"80331",Germany
5306,"122 TechMarkt Street",Hamburg,Hamburg,"20095",Germany
5307,"139 TechMarkt Street",London,England,SW1A 1AA,United Kingdom
5308,"156 TechMarkt Street",Paris,Île-de-France,"75001",France
5309,"173 TechMarkt Street",Amsterdam,North Holland,"1012",Netherlands
5310,"190 TechMarkt Street",Vienna,Vienna,"1010",Austria
5311,"207 TechMarkt Street",New York,New York,"10001",United States
5312,"224 TechMarkt Street",Berlin,Berlin,"10115",Germany
5313,"241 TechMarkt Street",Munich,Bavaria,"80331",Germany
5314,"258 TechMarkt Street",Hamburg,Hamburg,"20095",Germany
5315,"275 TechMarkt Street",London,England,SW1A 1AA,United Kingdom
5316,"292 TechMarkt Street",Paris,Île-de-France,"75001",France
5317,"309 TechMarkt Street",Amsterdam,North Holland,"1012",Netherlands
5318,"326 TechMarkt Street",Vienna,Vienna,"1010",Austria
5319,"343 TechMarkt Street",New York,New York,"10001",United States
5320,"360 TechMarkt Street",Berlin,Berlin,"10115",Germany
5321,"377 TechMarkt Street",Munich,Bavaria,"80331",Germany
5322,"394 TechMarkt Street",Hamburg,Hamburg,"20095",Germany
5323,"411 TechMarkt Street",London,England,SW1A 1AA,United Kingdom
5324,"428 TechMarkt Street",Paris,Île-de-France,"75001",France
5325,"445 TechMarkt Street",Amsterdam,North Holland,"1012",Netherlands
5326,"462 TechMarkt Street",Vienna,Vienna,"1010",Austria
5327,"479 TechMarkt Street",New York,New York,"10001",United States
5328,"496 TechMarkt Street",Berlin,Berlin,"10115",Germany
5329,"513 TechMarkt Street",Munich,Bavaria,"80331",Germany
5330,"530 TechMarkt Street",Hamburg,Hamburg,"20095",Germany
5331,"547 TechMarkt Street",London,England,SW1A 1AA,United Kingdom
5332,"564 TechMarkt Street",Paris,Île-de-France,"75001",France
5333,"581 TechMarkt Street",Amsterdam,North Holland,"1012",Netherlands
5334,"598 TechMarkt Street",Vienna,Vienna,"1010",Austria
5335,"615 TechMarkt Street",New York,New York,"10001",United States
5336,"632 TechMarkt Street",Berlin,Berlin,"10115",Germany
5337,"649 TechMarkt Street",Munich,Bavaria,"80331",Germany
5338,"666 TechMarkt Street",Hamburg,Hamburg,"20095",Germany
5339,"683 TechMarkt Street",London,England,SW1A 1AA,United Kingdom
5340,"700 TechMarkt Street",Paris,Île-de-France,"75001",France
5341,"717 TechMarkt Street",Amsterdam,North Holland,"1012",Netherlands
5342,"734 TechMarkt Street",Vienna,Vienna,"1010",Austria
5343,"751 TechMarkt Street",New York,New York,"10001",United States
5344,"768 TechMarkt Street",Berlin,Berlin,"10115",Germany
5345,"785 TechMarkt Street",Munich,Bavaria,"80331",Germany
5346,"802 TechMarkt Street",Hamburg,Hamburg,"20095",Germany
5347,"819 TechMarkt Street",London,England,SW1A 1AA,United Kingdom
5348,"836 TechMarkt Street",Paris,Île-de-France,"75001",France
5349,"853 TechMarkt Street",Amsterdam,North Holland,"1012",Netherlands
5350,"870 TechMarkt Street",Vienna,Vienna,"1010",Austria
5351,"887 TechMarkt Street",New York,New York,"10001",United States
5352,"904 TechMarkt Street",Berlin,Berlin,"10115",Germany
5353,"921 TechMarkt Street",Munich,Bavaria,"80331",Germany
5354,"938 TechMarkt Street",Hamburg,Hamburg,"20095",Germany
5355,"955 TechMarkt Street",London,England,SW1A 1AA,United Kingdom
5356,"972 TechMarkt Street",Paris,Île-de-France,"75001",France
5357,"989 TechMarkt Street",Amsterdam,North Holland,"1012",Netherlands
5358,"16 TechMarkt Street",Vienna,Vienna,"1010",Austria
5359,"33 TechMarkt Street",New York,New York,"10001",United States
5360,"50 TechMarkt Street",Berlin,Berlin,"10115",Germany
5361,"67 TechMarkt Street",Munich,Bavaria,"80331",Germany
5362,"84 TechMarkt Street",Hamburg,Hamburg,"20095",Germany
5363,"101 TechMarkt Street",London,England,SW1A 1AA,United Kingdom
5364,"118 TechMarkt Street",Paris,Île-de-France,"75001",France
5365,"135 TechMarkt Street",Amsterdam,North Holland,"1012",Netherlands
5366,"152 TechMarkt Street",Vienna,Vienna,"1010",Austria
5367,"169 TechMarkt Street",New York,New York,"10001",United States
5368,"186 TechMarkt Street",Berlin,Berlin,"10115",Germany
5369,"203 TechMarkt Street",Munich,Bavaria,"80331",Germany
5370,"220 TechMarkt Street",Hamburg,Hamburg,"20095",Germany
5371,"237 TechMarkt Street",London,England,SW1A 1AA,United Kingdom
5372,"254 TechMarkt Street",Paris,Île-de-France,"75001",France
5373,"271 TechMarkt Street",Amsterdam,North Holland,"1012",Netherlands
5374,"288 TechMarkt Street",Vienna,Vienna,"1010",Austria
5375,"305 TechMarkt Street",New York,New York,"10001",United States
5376,"322 TechMarkt Street",Berlin,Berlin,"10115",Germany
5377,"339 TechMarkt Street",Munich,Bavaria,"80331",Germany
5378,"356 TechMarkt Street",Hamburg,Hamburg,"20095",Germany
5379,"373 TechMarkt Street",London,England,SW1A 1AA,United Kingdom
5380,"390 TechMarkt Street",Paris,Île-de-France,"75001",France
5381,"407 TechMarkt Street",Amsterdam,North Holland,"1012",Netherlands
5382,"424 TechMarkt Street",Vienna,Vienna,"1010",Austria
5383,"441 TechMarkt Street",New York,New York,"10001",United States
5384,"458 TechMarkt Street",Berlin,Berlin,"10115",Germany
5385,"475 TechMarkt Street",Munich,Bavaria,"80331",Germany
5386,"492 TechMarkt Street",Hamburg,Hamburg,"20095",Germany
5387,"509 TechMarkt Street",London,England,SW1A 1AA,United Kingdom
5388,"526 TechMarkt Street",Paris,Île-de-France,"75001",France
5389,"543 TechMarkt Street",Amsterdam,North Holland,"1012",Netherlands
5390,"560 TechMarkt Street",Vienna,Vienna,"1010",Austria
5391,"577 TechMarkt Street",New York,New York,"10001",United States
5392,"594 TechMarkt Street",Berlin,Berlin,"10115",Germany
5393,"611 TechMarkt Street",Munich,Bavaria,"80331",Germany
5394,"628 TechMarkt Street",Hamburg,Hamburg,"20095",Germany
5395,"645 TechMarkt Street",London,England,SW1A 1AA,United Kingdom
5396,"662 TechMarkt Street",Paris,Île-de-France,"75001",France
5397,"679 TechMarkt Street",Amsterdam,North Holland,"1012",Netherlands
5398,"696 TechMarkt Street",Vienna,Vienna,"1010",Austria
5399,"713 TechMarkt Street",New York,New York,"10001",United States
5400,"730 TechMarkt Street",Berlin,Berlin,"10115",Germany
5401,"747 TechMarkt Street",Munich,Bavaria,"80331",Germany
5402,"764 TechMarkt Street",Hamburg,Hamburg,"20095",Germany
5403,"781 TechMarkt Street",London,England,SW1A 1AA,United Kingdom
5404,"798 TechMarkt Street",Paris,Île-de-France,"75001",France
5405,"815 TechMarkt Street",Amsterdam,North Holland,"1012",Netherlands
5406,"832 TechMarkt Street",Vienna,Vienna,"1010",Austria
5407,"849 TechMarkt Street",New York,New York,"10001",United States
5408,"866 TechMarkt Street",Berlin,Berlin,"10115",Germany
5409,"883 TechMarkt Street",Munich,Bavaria,"80331",Germany
5410,"900 TechMarkt Street",Hamburg,Hamburg,"20095",Germany
5411,"917 TechMarkt Street",London,England,SW1A 1AA,United Kingdom
5412,"934 TechMarkt Street",Paris,Île-de-France,"75001",France
5413,"951 TechMarkt Street",Amsterdam,North Holland,"1012",Netherlands
5414,"968 TechMarkt Street",Vienna,Vienna,"1010",Austria
5415,"985 TechMarkt Street",New York,New York,"10001",United States
5416,"12 TechMarkt Street",Berlin,Berlin,"10115",Germany
5417,"29 TechMarkt Street",Munich,Bavaria,"80331",Germany
5418,"46 TechMarkt Street",Hamburg,Hamburg,"20095",Germany
5419,"63 TechMarkt Street",London,England,SW1A 1AA,United Kingdom
5420,"80 TechMarkt Street",Paris,Île-de-France,"75001",France
5421,"97 TechMarkt Street",Amsterdam,North Holland,"1012",Netherlands
5422,"114 TechMarkt Street",Vienna,Vienna,"1010",Austria
5423,"131 TechMarkt Street",New York,New York,"10001",United States
5424,"148 TechMarkt Street",Berlin,Berlin,"10115",Germany
5425,"165 TechMarkt Street",Munich,Bavaria,"80331",Germany
5426,"182 TechMarkt Street",Hamburg,Hamburg,"20095",Germany
5427,"199 TechMarkt Street",London,England,SW1A 1AA,United Kingdom
5428,"216 TechMarkt Street",Paris,Île-de-France,"75001",France
5429,"233 TechMarkt Street",Amsterdam,North Holland,"1012",Netherlands
5430,"250 TechMarkt Street",Vienna,Vienna,"1010",Austria
5431,"267 TechMarkt Street",New York,New York,"10001",United States
5432,"284 TechMarkt Street",Berlin,Berlin,"10115",Germany
5433,"301 TechMarkt Street",Munich,Bavaria,"80331",Germany
5434,"318 TechMarkt Street",Hamburg,Hamburg,"20095",Germany
5435,"335 TechMarkt Street",London,England,SW1A 1AA,United Kingdom
5436,"352 TechMarkt Street",Paris,Île-de-France,"75001",France
5437,"369 TechMarkt Street",Amsterdam,North Holland,"1012",Netherlands
5438,"386 TechMarkt Street",Vienna,Vienna,"1010",Austria
5439,"403 TechMarkt Street",New York,New York,"10001",United States
5440,"420 TechMarkt Street",Berlin,Berlin,"10115",Germany
5441,"437 TechMarkt Street",Munich,Bavaria,"80331",Germany
5442,"454 TechMarkt Street",Hamburg,Hamburg,"20095",Germany
5443,"471 TechMarkt Street",London,England,SW1A 1AA,United Kingdom
5444,"488 TechMarkt Street",Paris,Île-de-France,"75001",France
5445,"505 TechMarkt Street",Amsterdam,North Holland,"1012",Netherlands
5446,"522 TechMarkt Street",Vienna,Vienna,"1010",Austria
5447,"539 TechMarkt Street",New York,New York,"10001",United States
5448,"556 TechMarkt Street",Berlin,Berlin,"10115",Germany
5449,"573 TechMarkt Street",Munich,Bavaria,"80331",Germany
5450,"590 TechMarkt Street",Hamburg,Hamburg,"20095",Germany
5451,"607 TechMarkt Street",London,England,SW1A 1AA,United Kingdom
5452,"624 TechMarkt Street",Paris,Île-de-France,"75001",France
5453,"641 TechMarkt Street",Amsterdam,North Holland,"1012",Netherlands
5454,"658 TechMarkt Street",Vienna,Vienna,"1010",Austria
5455,"675 TechMarkt Street",New York,New York,"10001",United States
5456,"692 TechMarkt Street",Berlin,Berlin,"10115",Germany
5457,"709 TechMarkt Street",Munich,Bavaria,"80331",Germany
5458,"726 TechMarkt Street",Hamburg,Hamburg,"20095",Germany
5459,"743 TechMarkt Street",London,England,SW1A 1AA,United Kingdom
5460,"760 TechMarkt Street",Paris,Île-de-France,"75001",France
5461,"777 TechMarkt Street",Amsterdam,North Holland,"1012",Netherlands
5462,"794 TechMarkt Street",Vienna,Vienna,"1010",Austria
5463,"811 TechMarkt Street",New York,New York,"10001",United States
5464,"828 TechMarkt Street",Berlin,Berlin,"10115",Germany
5465,"845 TechMarkt Street",Munich,Bavaria,"80331",Germany
5466,"862 TechMarkt Street",Hamburg,Hamburg,"20095",Germany
5467,"879 TechMarkt Street",London,England,SW1A 1AA,United Kingdom
5468,"896 TechMarkt Street",Paris,Île-de-France,"75001",France
5469,"913 TechMarkt Street",Amsterdam,North Holland,"1012",Netherlands
5470,"930 TechMarkt Street",Vienna,Vienna,"1010",Austria
5471,"947 TechMarkt Street",New York,New York,"10001",United States
5472,"964 TechMarkt Street",Berlin,Berlin,"10115",Germany
5473,"981 TechMarkt Street",Munich,Bavaria,"80331",Germany
5474,"998 TechMarkt Street",Hamburg,Hamburg,"20095",Germany
5475,"25 TechMarkt Street",London,England,SW1A 1AA,United Kingdom
5476,"42 TechMarkt Street",Paris,Île-de-France,"75001",France
5477,"59 TechMarkt Street",Amsterdam,North Holland,"1012",Netherlands
5478,"76 TechMarkt Street",Vienna,Vienna,"1010",Austria
5479,"93 TechMarkt Street",New York,New York,"10001",United States
5480,"110 TechMarkt Street",Berlin,Berlin,"10115",Germany
5481,"127 TechMarkt Street",Munich,Bavaria,"80331",Germany
5482,"144 TechMarkt Street",Hamburg,Hamburg,"20095",Germany
5483,"161 TechMarkt Street",London,England,SW1A 1AA,United Kingdom
5484,"178 TechMarkt Street",Paris,Île-de-France,"75001",France
5485,"195 TechMarkt Street",Amsterdam,North Holland,"1012",Netherlands
5486,"212 TechMarkt Street",Vienna,Vienna,"1010",Austria
5487,"229 TechMarkt Street",New York,New York,"10001",United States
5488,"246 TechMarkt Street",Berlin,Berlin,"10115",Germany
5489,"263 TechMarkt Street",Munich,Bavaria,"80331",Germany
5490,"280 TechMarkt Street",Hamburg,Hamburg,"20095",Germany
5491,"297 TechMarkt Street",London,England,SW1A 1AA,United Kingdom
5492,"314 TechMarkt Street",Paris,Île-de-France,"75001",France
5493,"331 TechMarkt Street",Amsterdam,North Holland,"1012",Netherlands
5494,"348 TechMarkt Street",Vienna,Vienna,"1010",Austria
5495,"365 TechMarkt Street",New York,New York,"10001",United States
5496,"382 TechMarkt Street",Berlin,Berlin,"10115",Germany
5497,"399 TechMarkt Street",Munich,Bavaria,"80331",Germany
5498,"416 TechMarkt Street",Hamburg,Hamburg,"20095",Germany
5499,"433 TechMarkt Street",London,England,SW1A 1AA,United Kingdom
5500,"450 TechMarkt Street",Paris,Île-de-France,"75001",France
5501,"467 TechMarkt Street",Amsterdam,North Holland,"1012",Netherlands
5502,"484 TechMarkt Street",Vienna,Vienna,"1010",Austria
5503,"501 TechMarkt Street",New York,New York,"10001",United States
5504,"518 TechMarkt Street",Berlin,Berlin,"10115",Germany
5505,"535 TechMarkt Street",Munich,Bavaria,"80331",Germany
5506,"552 TechMarkt Street",Hamburg,Hamburg,"20095",Germany
5507,"569 TechMarkt Street",London,England,SW1A 1AA,United Kingdom
5508,"586 TechMarkt Street",Paris,Île-de-France,"75001",France
5509,"603 TechMarkt Street",Amsterdam,North Holland,"1012",Netherlands
5510,"620 TechMarkt Street",Vienna,Vienna,"1010",Austria
5511,"637 TechMarkt Street",New York,New York,"10001",United States
5512,"654 TechMarkt Street",Berlin,Berlin,"10115",Germany
5513,"671 TechMarkt Street",Munich,Bavaria,"80331",Germany
5514,"688 TechMarkt Street",Hamburg,Hamburg,"20095",Germany
5515,"705 TechMarkt Street",London,England,SW1A 1AA,United Kingdom
5516,"722 TechMarkt Street",Paris,Île-de-France,"75001",France
5517,"739 TechMarkt Street",Amsterdam,North Holland,"1012",Netherlands
5518,"756 TechMarkt Street",Vienna,Vienna,"1010",Austria
5519,"773 TechMarkt Street",New York,New York,"10001",United States
5520,"790 TechMarkt Street",Berlin,Berlin,"10115",Germany
5521,"807 TechMarkt Street",Munich,Bavaria,"80331",Germany
5522,"824 TechMarkt Street",Hamburg,Hamburg,"20095",Germany
5523,"841 TechMarkt Street",London,England,SW1A 1AA,United Kingdom
5524,"858 TechMarkt Street",Paris,Île-de-France,"75001",France
5525,"875 TechMarkt Street",Amsterdam,North Holland,"1012",Netherlands
5526,"892 TechMarkt Street",Vienna,Vienna,"1010",Austria
5527,"909 TechMarkt Street",New York,New York,"10001",United States
5528,"926 TechMarkt Street",Berlin,Berlin,"10115",Germany
5529,"943 TechMarkt Street",Munich,Bavaria,"80331",Germany
5530,"960 TechMarkt Street",Hamburg,Hamburg,"20095",Germany
5531,"977 TechMarkt Street",London,England,SW1A 1AA,United Kingdom
5532,"994 TechMarkt Street",Paris,Île-de-France,"75001",France
5533,"21 TechMarkt Street",Amsterdam,North Holland,"1012",Netherlands
5534,"38 TechMarkt Street",Vienna,Vienna,"1010",Austria
5535,"55 TechMarkt Street",New York,New York,"10001",United States
5536,"72 TechMarkt Street",Berlin,Berlin,"10115",Germany
5537,"89 TechMarkt Street",Munich,Bavaria,"80331",Germany
5538,"106 TechMarkt Street",Hamburg,Hamburg,"20095",Germany
5539,"123 TechMarkt Street",London,England,SW1A 1AA,United Kingdom
5540,"140 TechMarkt Street",Paris,Île-de-France,"75001",France
5541,"157 TechMarkt Street",Amsterdam,North Holland,"1012",Netherlands
5542,"174 TechMarkt Street",Vienna,Vienna,"1010",Austria
5543,"191 TechMarkt Street",New York,New York,"10001",United States
5544,"208 TechMarkt Street",Berlin,Berlin,"10115",Germany
5545,"225 TechMarkt Street",Munich,Bavaria,"80331",Germany
5546,"242 TechMarkt Street",Hamburg,Hamburg,"20095",Germany
5547,"259 TechMarkt Street",London,England,SW1A 1AA,United Kingdom
5548,"276 TechMarkt Street",Paris,Île-de-France,"75001",France
5549,"293 TechMarkt Street",Amsterdam,North Holland,"1012",Netherlands
5550,"310 TechMarkt Street",Vienna,Vienna,"1010",Austria
5551,"327 TechMarkt Street",New York,New York,"10001",United States
5552,"344 TechMarkt Street",Berlin,Berlin,"10115",Germany
5553,"361 TechMarkt Street",Munich,Bavaria,"80331",Germany
5554,"378 TechMarkt Street",Hamburg,Hamburg,"20095",Germany
5555,"395 TechMarkt Street",London,England,SW1A 1AA,United Kingdom
5556,"412 TechMarkt Street",Paris,Île-de-France,"75001",France
5557,"429 TechMarkt Street",Amsterdam,North Holland,"1012",Netherlands
5558,"446 TechMarkt Street",Vienna,Vienna,"1010",Austria
5559,"463 TechMarkt Street",New York,New York,"10001",United States
5560,"480 TechMarkt Street",Berlin,Berlin,"10115",Germany
5561,"497 TechMarkt Street",Munich,Bavaria,"80331",Germany
5562,"514 TechMarkt Street",Hamburg,Hamburg,"20095",Germany
5563,"531 TechMarkt Street",London,England,SW1A 1AA,United Kingdom
5564,"548 TechMarkt Street",Paris,Île-de-France,"75001",France
5565,"565 TechMarkt Street",Amsterdam,North Holland,"1012",Netherlands
5566,"582 TechMarkt Street",Vienna,Vienna,"1010",Austria
5567,"599 TechMarkt Street",New York,New York,"10001",United States
5568,"616 TechMarkt Street",Berlin,Berlin,"10115",Germany
5569,"633 TechMarkt Street",Munich,Bavaria,"80331",Germany
5570,"650 TechMarkt Street",Hamburg,Hamburg,"20095",Germany
5571,"667 TechMarkt Street",London,England,SW1A 1AA,United Kingdom
5572,"684 TechMarkt Street",Paris,Île-de-France,"75001",France
5573,"701 TechMarkt Street",Amsterdam,North Holland,"1012",Netherlands
5574,"718 TechMarkt Street",Vienna,Vienna,"1010",Austria
5575,"735 TechMarkt Street",New York,New York,"10001",United States
5576,"752 TechMarkt Street",Berlin,Berlin,"10115",Germany
5577,"769 TechMarkt Street",Munich,Bavaria,"80331",Germany
5578,"786 TechMarkt Street",Hamburg,Hamburg,"20095",Germany
5579,"803 TechMarkt Street",London,England,SW1A 1AA,United Kingdom
5580,"820 TechMarkt Street",Paris,Île-de-France,"75001",France
5581,"837 TechMarkt Street",Amsterdam,North Holland,"1012",Netherlands
5582,"854 TechMarkt Street",Vienna,Vienna,"1010",Austria
5583,"871 TechMarkt Street",New York,New York,"10001",United States
5584,"888 TechMarkt Street",Berlin,Berlin,"10115",Germany
5585,"905 TechMarkt Street",Munich,Bavaria,"80331",Germany
5586,"922 TechMarkt Street",Hamburg,Hamburg,"20095",Germany
5587,"939 TechMarkt Street",London,England,SW1A 1AA,United Kingdom
5588,"956 TechMarkt Street",Paris,Île-de-France,"75001",France
5589,"973 TechMarkt Street",Amsterdam,North Holland,"1012",Netherlands
5590,"990 TechMarkt Street",Vienna,Vienna,"1010",Austria
5591,"17 TechMarkt Street",New York,New York,"10001",United States
5592,"34 TechMarkt Street",Berlin,Berlin,"10115",Germany
5593,"51 TechMarkt Street",Munich,Bavaria,"80331",Germany
5594,"68 TechMarkt Street",Hamburg,Hamburg,"20095",Germany
5595,"85 TechMarkt Street",London,England,SW1A 1AA,United Kingdom
5596,"102 TechMarkt Street",Paris,Île-de-France,"75001",France
5597,"119 TechMarkt Street",Amsterdam,North Holland,"1012",Netherlands
5598,"136 TechMarkt Street",Vienna,Vienna,"1010",Austria
5599,"153 TechMarkt Street",New York,New York,"10001",United States
5600,"170 TechMarkt Street",Berlin,Berlin,"10115",Germany
5601,"187 TechMarkt Street",Munich,Bavaria,"80331",Germany
5602,"204 TechMarkt Street",Hamburg,Hamburg,"20095",Germany
5603,"221 TechMarkt Street",London,England,SW1A 1AA,United Kingdom
5604,"238 TechMarkt Street",Paris,Île-de-France,"75001",France
5605,"255 TechMarkt Street",Amsterdam,North Holland,"1012",Netherlands
5606,"272 TechMarkt Street",Vienna,Vienna,"1010",Austria
5607,"289 TechMarkt Street",New York,New York,"10001",United States
5608,"306 TechMarkt Street",Berlin,Berlin,"10115",Germany
5609,"323 TechMarkt Street",Munich,Bavaria,"80331",Germany
5610,"340 TechMarkt Street",Hamburg,Hamburg,"20095",Germany
5611,"357 TechMarkt Street",London,England,SW1A 1AA,United Kingdom
5612,"374 TechMarkt Street",Paris,Île-de-France,"75001",France
5613,"391 TechMarkt Street",Amsterdam,North Holland,"1012",Netherlands
5614,"408 TechMarkt Street",Vienna,Vienna,"1010",Austria
5615,"425 TechMarkt Street",New York,New York,"10001",United States
5616,"442 TechMarkt Street",Berlin,Berlin,"10115",Germany
5617,"459 TechMarkt Street",Munich,Bavaria,"80331",Germany
5618,"476 TechMarkt Street",Hamburg,Hamburg,"20095",Germany
5619,"493 TechMarkt Street",London,England,SW1A 1AA,United Kingdom
5620,"510 TechMarkt Street",Paris,Île-de-France,"75001",France
5621,"527 TechMarkt Street",Amsterdam,North Holland,"1012",Netherlands
5622,"544 TechMarkt Street",Vienna,Vienna,"1010",Austria
5623,"561 TechMarkt Street",New York,New York,"10001",United States
5624,"578 TechMarkt Street",Berlin,Berlin,"10115",Germany
5625,"595 TechMarkt Street",Munich,Bavaria,"80331",Germany
5626,"612 TechMarkt Street",Hamburg,Hamburg,"20095",Germany
5627,"629 TechMarkt Street",London,England,SW1A 1AA,United Kingdom
5628,"646 TechMarkt Street",Paris,Île-de-France,"75001",France
5629,"663 TechMarkt Street",Amsterdam,North Holland,"1012",Netherlands
5630,"680 TechMarkt Street",Vienna,Vienna,"1010",Austria
5631,"697 TechMarkt Street",New York,New York,"10001",United States
5632,"714 TechMarkt Street",Berlin,Berlin,"10115",Germany
5633,"731 TechMarkt Street",Munich,Bavaria,"80331",Germany
5634,"748 TechMarkt Street",Hamburg,Hamburg,"20095",Germany
5635,"765 TechMarkt Street",London,England,SW1A 1AA,United Kingdom
5636,"782 TechMarkt Street",Paris,Île-de-France,"75001",France
5637,"799 TechMarkt Street",Amsterdam,North Holland,"1012",Netherlands
5638,"816 TechMarkt Street",Vienna,Vienna,"1010",Austria
5639,"833 TechMarkt Street",New York,New York,"10001",United States
5640,"850 TechMarkt Street",Berlin,Berlin,"10115",Germany
5641,"867 TechMarkt Street",Munich,Bavaria,"80331",Germany
5642,"884 TechMarkt Street",Hamburg,Hamburg,"20095",Germany
5643,"901 TechMarkt Street",London,England,SW1A 1AA,United Kingdom
5644,"918 TechMarkt Street",Paris,Île-de-France,"75001",France
5645,"935 TechMarkt Street",Amsterdam,North Holland,"1012",Netherlands
5646,"952 TechMarkt Street",Vienna,Vienna,"1010",Austria
5647,"969 TechMarkt Street",New York,New York,"10001",United States
5648,"986 TechMarkt Street",Berlin,Berlin,"10115",Germany
5649,"13 TechMarkt Street",Munich,Bavaria,"80331",Germany
5650,"30 TechMarkt Street",Hamburg,Hamburg,"20095",Germany
5651,"47 TechMarkt Street",London,England,SW1A 1AA,United Kingdom
5652,"64 TechMarkt Street",Paris,Île-de-France,"75001",France
5653,"81 TechMarkt Street",Amsterdam,North Holland,"1012",Netherlands
5654,"98 TechMarkt Street",Vienna,Vienna,"1010",Austria
5655,"115 TechMarkt Street",New York,New York,"10001",United States
5656,"132 TechMarkt Street",Berlin,Berlin,"10115",Germany
5657,"149 TechMarkt Street",Munich,Bavaria,"80331",Germany
5658,"166 TechMarkt Street",Hamburg,Hamburg,"20095",Germany
5659,"183 TechMarkt Street",London,England,SW1A 1AA,United Kingdom
5660,"200 TechMarkt Street",Paris,Île-de-France,"75001",France
5661,"217 TechMarkt Street",Amsterdam,North Holland,"1012",Netherlands
5662,"234 TechMarkt Street",Vienna,Vienna,"1010",Austria
5663,"251 TechMarkt Street",New York,New York,"10001",United States
5664,"268 TechMarkt Street",Berlin,Berlin,"10115",Germany
5665,"285 TechMarkt Street",Munich,Bavaria,"80331",Germany
5666,"302 TechMarkt Street",Hamburg,Hamburg,"20095",Germany
5667,"319 TechMarkt Street",London,England,SW1A 1AA,United Kingdom
5668,"336 TechMarkt Street",Paris,Île-de-France,"75001",France
5669,"353 TechMarkt Street",Amsterdam,North Holland,"1012",Netherlands
5670,"370 TechMarkt Street",Vienna,Vienna,"1010",Austria
5671,"387 TechMarkt Street",New York,New York,"10001",United States
5672,"404 TechMarkt Street",Berlin,Berlin,"10115",Germany
5673,"421 TechMarkt Street",Munich,Bavaria,"80331",Germany
5674,"438 TechMarkt Street",Hamburg,Hamburg,"20095",Germany
5675,"455 TechMarkt Street",London,England,SW1A 1AA,United Kingdom
5676,"472 TechMarkt Street",Paris,Île-de-France,"75001",France
5677,"489 TechMarkt Street",Amsterdam,North Holland,"1012",Netherlands
5678,"506 TechMarkt Street",Vienna,Vienna,"1010",Austria
5679,"523 TechMarkt Street",New York,New York,"10001",United States
5680,"540 TechMarkt Street",Berlin,Berlin,"10115",Germany
5681,"557 TechMarkt Street",Munich,Bavaria,"80331",Germany
5682,"574 TechMarkt Street",Hamburg,Hamburg,"20095",Germany
5683,"591 TechMarkt Street",London,England,SW1A 1AA,United Kingdom
5684,"608 TechMarkt Street",Paris,Île-de-France,"75001",France
5685,"625 TechMarkt Street",Amsterdam,North Holland,"1012",Netherlands
5686,"642 TechMarkt Street",Vienna,Vienna,"1010",Austria
5687,"659 TechMarkt Street",New York,New York,"10001",United States
5688,"676 TechMarkt Street",Berlin,Berlin,"10115",Germany
5689,"693 TechMarkt Street",Munich,Bavaria,"80331",Germany
5690,"710 TechMarkt Street",Hamburg,Hamburg,"20095",Germany
5691,"727 TechMarkt Street",London,England,SW1A 1AA,United Kingdom
5692,"744 TechMarkt Street",Paris,Île-de-France,"75001",France
5693,"761 TechMarkt Street",Amsterdam,North Holland,"1012",Netherlands
5694,"778 TechMarkt Street",Vienna,Vienna,"1010",Austria
5695,"795 TechMarkt Street",New York,New York,"10001",United States
5696,"812 TechMarkt Street",Berlin,Berlin,"10115",Germany
5697,"829 TechMarkt Street",Munich,Bavaria,"80331",Germany
5698,"846 TechMarkt Street",Hamburg,Hamburg,"20095",Germany
5699,"863 TechMarkt Street",London,England,SW1A 1AA,United Kingdom
5700,"880 TechMarkt Street",Paris,Île-de-France,"75001",France
5701,"897 TechMarkt Street",Amsterdam,North Holland,"1012",Netherlands
5702,"914 TechMarkt Street",Vienna,Vienna,"1010",Austria
5703,"931 TechMarkt Street",New York,New York,"10001",United States
5704,"948 TechMarkt Street",Berlin,Berlin,"10115",Germany
5705,"965 TechMarkt Street",Munich,Bavaria,"80331",Germany
5706,"982 TechMarkt Street",Hamburg,Hamburg,"20095",Germany
5707,"999 TechMarkt Street",London,England,SW1A 1AA,United Kingdom
5708,"26 TechMarkt Street",Paris,Île-de-France,"75001",France
5709,"43 TechMarkt Street",Amsterdam,North Holland,"1012",Netherlands
5710,"60 TechMarkt Street",Vienna,Vienna,"1010",Austria
5711,"77 TechMarkt Street",New York,New York,"10001",United States
5712,"94 TechMarkt Street",Berlin,Berlin,"10115",Germany
5713,"111 TechMarkt Street",Munich,Bavaria,"80331",Germany
5714,"128 TechMarkt Street",Hamburg,Hamburg,"20095",Germany
5715,"145 TechMarkt Street",London,England,SW1A 1AA,United Kingdom
5716,"162 TechMarkt Street",Paris,Île-de-France,"75001",France
5717,"179 TechMarkt Street",Amsterdam,North Holland,"1012",Netherlands
5718,"196 TechMarkt Street",Vienna,Vienna,"1010",Austria
5719,"213 TechMarkt Street",New York,New York,"10001",United States
5720,"230 TechMarkt Street",Berlin,Berlin,"10115",Germany
5721,"247 TechMarkt Street",Munich,Bavaria,"80331",Germany
5722,"264 TechMarkt Street",Hamburg,Hamburg,"20095",Germany
5723,"281 TechMarkt Street",London,England,SW1A 1AA,United Kingdom
5724,"298 TechMarkt Street",Paris,Île-de-France,"75001",France
5725,"315 TechMarkt Street",Amsterdam,North Holland,"1012",Netherlands
5726,"332 TechMarkt Street",Vienna,Vienna,"1010",Austria
5727,"349 TechMarkt Street",New York,New York,"10001",United States
5728,"366 TechMarkt Street",Berlin,Berlin,"10115",Germany
5729,"383 TechMarkt Street",Munich,Bavaria,"80331",Germany
5730,"400 TechMarkt Street",Hamburg,Hamburg,"20095",Germany
5731,"417 TechMarkt Street",London,England,SW1A 1AA,United Kingdom
5732,"434 TechMarkt Street",Paris,Île-de-France,"75001",France
5733,"451 TechMarkt Street",Amsterdam,North Holland,"1012",Netherlands
5734,"468 TechMarkt Street",Vienna,Vienna,"1010",Austria
5735,"485 TechMarkt Street",New York,New York,"10001",United States
5736,"502 TechMarkt Street",Berlin,Berlin,"10115",Germany
5737,"519 TechMarkt Street",Munich,Bavaria,"80331",Germany
5738,"536 TechMarkt Street",Hamburg,Hamburg,"20095",Germany
5739,"553 TechMarkt Street",London,England,SW1A 1AA,United Kingdom
5740,"570 TechMarkt Street",Paris,Île-de-France,"75001",France
5741,"587 TechMarkt Street",Amsterdam,North Holland,"1012",Netherlands
5742,"604 TechMarkt Street",Vienna,Vienna,"1010",Austria
5743,"621 TechMarkt Street",New York,New York,"10001",United States
5744,"638 TechMarkt Street",Berlin,Berlin,"10115",Germany
5745,"655 TechMarkt Street",Munich,Bavaria,"80331",Germany
5746,"672 TechMarkt Street",Hamburg,Hamburg,"20095",Germany
5747,"689 TechMarkt Street",London,England,SW1A 1AA,United Kingdom
5748,"706 TechMarkt Street",Paris,Île-de-France,"75001",France
5749,"723 TechMarkt Street",Amsterdam,North Holland,"1012",Netherlands
5750,"740 TechMarkt Street",Vienna,Vienna,"1010",Austria
5751,"757 TechMarkt Street",New York,New York,"10001",United States
5752,"774 TechMarkt Street",Berlin,Berlin,"10115",Germany
5753,"791 TechMarkt Street",Munich,Bavaria,"80331",Germany
5754,"808 TechMarkt Street",Hamburg,Hamburg,"20095",Germany
5755,"825 TechMarkt Street",London,England,SW1A 1AA,United Kingdom
5756,"842 TechMarkt Street",Paris,Île-de-France,"75001",France
5757,"859 TechMarkt Street",Amsterdam,North Holland,"1012",Netherlands
5758,"876 TechMarkt Street",Vienna,Vienna,"1010",Austria
5759,"893 TechMarkt Street",New York,New York,"10001",United States
5760,"910 TechMarkt Street",Berlin,Berlin,"10115",Germany
5761,"927 TechMarkt Street",Munich,Bavaria,"80331",Germany
5762,"944 TechMarkt Street",Hamburg,Hamburg,"20095",Germany
5763,"961 TechMarkt Street",London,England,SW1A 1AA,United Kingdom
5764,"978 TechMarkt Street",Paris,Île-de-France,"75001",France
5765,"995 TechMarkt Street",Amsterdam,North Holland,"1012",Netherlands
5766,"22 TechMarkt Street",Vienna,Vienna,"1010",Austria
5767,"39 TechMarkt Street",New York,New York,"10001",United States
5768,"56 TechMarkt Street",Berlin,Berlin,"10115",Germany
5769,"73 TechMarkt Street",Munich,Bavaria,"80331",Germany
5770,"90 TechMarkt Street",Hamburg,Hamburg,"20095",Germany
5771,"107 TechMarkt Street",London,England,SW1A 1AA,United Kingdom
5772,"124 TechMarkt Street",Paris,Île-de-France,"75001",France
5773,"141 TechMarkt Street",Amsterdam,North Holland,"1012",Netherlands
5774,"158 TechMarkt Street",Vienna,Vienna,"1010",Austria
5775,"175 TechMarkt Street",New York,New York,"10001",United States
5776,"192 TechMarkt Street",Berlin,Berlin,"10115",Germany
5777,"209 TechMarkt Street",Munich,Bavaria,"80331",Germany
5778,"226 TechMarkt Street",Hamburg,Hamburg,"20095",Germany
5779,"243 TechMarkt Street",London,England,SW1A 1AA,United Kingdom
5780,"260 TechMarkt Street",Paris,Île-de-France,"75001",France
5781,"277 TechMarkt Street",Amsterdam,North Holland,"1012",Netherlands
5782,"294 TechMarkt Street",Vienna,Vienna,"1010",Austria
5783,"311 TechMarkt Street",New York,New York,"10001",United States
5784,"328 TechMarkt Street",Berlin,Berlin,"10115",Germany
5785,"345 TechMarkt Street",Munich,Bavaria,"80331",Germany
5786,"362 TechMarkt Street",Hamburg,Hamburg,"20095",Germany
5787,"379 TechMarkt Street",London,England,SW1A 1AA,United Kingdom
5788,"396 TechMarkt Street",Paris,Île-de-France,"75001",France
5789,"413 TechMarkt Street",Amsterdam,North Holland,"1012",Netherlands
5790,"430 TechMarkt Street",Vienna,Vienna,"1010",Austria
5791,"447 TechMarkt Street",New York,New York,"10001",United States
5792,"464 TechMarkt Street",Berlin,Berlin,"10115",Germany
5793,"481 TechMarkt Street",Munich,Bavaria,"80331",Germany
5794,"498 TechMarkt Street",Hamburg,Hamburg,"20095",Germany
5795,"515 TechMarkt Street",London,England,SW1A 1AA,United Kingdom
5796,"532 TechMarkt Street",Paris,Île-de-France,"75001",France
5797,"549 TechMarkt Street",Amsterdam,North Holland,"1012",Netherlands
5798,"566 TechMarkt Street",Vienna,Vienna,"1010",Austria
5799,"583 TechMarkt Street",New York,New York,"10001",United States
5800,"600 TechMarkt Street",Berlin,Berlin,"10115",Germany
5801,"617 TechMarkt Street",Munich,Bavaria,"80331",Germany
5802,"634 TechMarkt Street",Hamburg,Hamburg,"20095",Germany
5803,"651 TechMarkt Street",London,England,SW1A 1AA,United Kingdom
5804,"668 TechMarkt Street",Paris,Île-de-France,"75001",France
5805,"685 TechMarkt Street",Amsterdam,North Holland,"1012",Netherlands
5806,"702 TechMarkt Street",Vienna,Vienna,"1010",Austria
5807,"719 TechMarkt Street",New York,New York,"10001",United States
5808,"736 TechMarkt Street",Berlin,Berlin,"10115",Germany
5809,"753 TechMarkt Street",Munich,Bavaria,"80331",Germany
5810,"770 TechMarkt Street",Hamburg,Hamburg,"20095",Germany
5811,"787 TechMarkt Street",London,England,SW1A 1AA,United Kingdom
5812,"804 TechMarkt Street",Paris,Île-de-France,"75001",France
5813,"821 TechMarkt Street",Amsterdam,North Holland,"1012",Netherlands
5814,"838 TechMarkt Street",Vienna,Vienna,"1010",Austria
5815,"855 TechMarkt Street",New York,New York,"10001",United States
5816,"872 TechMarkt Street",Berlin,Berlin,"10115",Germany
5817,"889 TechMarkt Street",Munich,Bavaria,"80331",Germany
5818,"906 TechMarkt Street",Hamburg,Hamburg,"20095",Germany
5819,"923 TechMarkt Street",London,England,SW1A 1AA,United Kingdom
5820,"940 TechMarkt Street",Paris,Île-de-France,"75001",France
5821,"957 TechMarkt Street",Amsterdam,North Holland,"1012",Netherlands
5822,"974 TechMarkt Street",Vienna,Vienna,"1010",Austria
5823,"991 TechMarkt Street",New York,New York,"10001",United States
5824,"18 TechMarkt Street",Berlin,Berlin,"10115",Germany
5825,"35 TechMarkt Street",Munich,Bavaria,"80331",Germany
5826,"52 TechMarkt Street",Hamburg,Hamburg,"20095",Germany
5827,"69 TechMarkt Street",London,England,SW1A 1AA,United Kingdom
5828,"86 TechMarkt Street",Paris,Île-de-France,"75001",France
5829,"103 TechMarkt Street",Amsterdam,North Holland,"1012",Netherlands
5830,"120 TechMarkt Street",Vienna,Vienna,"1010",Austria
5831,"137 TechMarkt Street",New York,New York,"10001",United States
5832,"154 TechMarkt Street",Berlin,Berlin,"10115",Germany
5833,"171 TechMarkt Street",Munich,Bavaria,"80331",Germany
5834,"188 TechMarkt Street",Hamburg,Hamburg,"20095",Germany
5835,"205 TechMarkt Street",London,England,SW1A 1AA,United Kingdom
5836,"222 TechMarkt Street",Paris,Île-de-France,"75001",France
5837,"239 TechMarkt Street",Amsterdam,North Holland,"1012",Netherlands
5838,"256 TechMarkt Street",Vienna,Vienna,"1010",Austria
5839,"273 TechMarkt Street",New York,New York,"10001",United States
5840,"290 TechMarkt Street",Berlin,Berlin,"10115",Germany
5841,"307 TechMarkt Street",Munich,Bavaria,"80331",Germany
5842,"324 TechMarkt Street",Hamburg,Hamburg,"20095",Germany
5843,"341 TechMarkt Street",London,England,SW1A 1AA,United Kingdom
5844,"358 TechMarkt Street",Paris,Île-de-France,"75001",France
5845,"375 TechMarkt Street",Amsterdam,North Holland,"1012",Netherlands
5846,"392 TechMarkt Street",Vienna,Vienna,"1010",Austria
5847,"409 TechMarkt Street",New York,New York,"10001",United States
5848,"426 TechMarkt Street",Berlin,Berlin,"10115",Germany
5849,"443 TechMarkt Street",Munich,Bavaria,"80331",Germany
5850,"460 TechMarkt Street",Hamburg,Hamburg,"20095",Germany
5851,"477 TechMarkt Street",London,England,SW1A 1AA,United Kingdom
5852,"494 TechMarkt Street",Paris,Île-de-France,"75001",France
5853,"511 TechMarkt Street",Amsterdam,North Holland,"1012",Netherlands
5854,"528 TechMarkt Street",Vienna,Vienna,"1010",Austria
5855,"545 TechMarkt Street",New York,New York,"10001",United States
5856,"562 TechMarkt Street",Berlin,Berlin,"10115",Germany
5857,"579 TechMarkt Street",Munich,Bavaria,"80331",Germany
5858,"596 TechMarkt Street",Hamburg,Hamburg,"20095",Germany
5859,"613 TechMarkt Street",London,England,SW1A 1AA,United Kingdom
5860,"630 TechMarkt Street",Paris,Île-de-France,"75001",France
5861,"647 TechMarkt Street",Amsterdam,North Holland,"1012",Netherlands
5862,"664 TechMarkt Street",Vienna,Vienna,"1010",Austria
5863,"681 TechMarkt Street",New York,New York,"10001",United States
5864,"698 TechMarkt Street",Berlin,Berlin,"10115",Germany
5865,"715 TechMarkt Street",Munich,Bavaria,"80331",Germany
5866,"732 TechMarkt Street",Hamburg,Hamburg,"20095",Germany
5867,"749 TechMarkt Street",London,England,SW1A 1AA,United Kingdom
5868,"766 TechMarkt Street",Paris,Île-de-France,"75001",France
5869,"783 TechMarkt Street",Amsterdam,North Holland,"1012",Netherlands
5870,"800 TechMarkt Street",Vienna,Vienna,"1010",Austria
5871,"817 TechMarkt Street",New York,New York,"10001",United States
5872,"834 TechMarkt Street",Berlin,Berlin,"10115",Germany
5873,"851 TechMarkt Street",Munich,Bavaria,"80331",Germany
5874,"868 TechMarkt Street",Hamburg,Hamburg,"20095",Germany
5875,"885 TechMarkt Street",London,England,SW1A 1AA,United Kingdom
5876,"902 TechMarkt Street",Paris,Île-de-France,"75001",France
5877,"919 TechMarkt Street",Amsterdam,North Holland,"1012",Netherlands
5878,"936 TechMarkt Street",Vienna,Vienna,"1010",Austria
5879,"953 TechMarkt Street",New York,New York,"10001",United States
5880,"970 TechMarkt Street",Berlin,Berlin,"10115",Germany
5881,"987 TechMarkt Street",Munich,Bavaria,"80331",Germany
5882,"14 TechMarkt Street",Hamburg,Hamburg,"20095",Germany
5883,"31 TechMarkt Street",London,England,SW1A 1AA,United Kingdom
5884,"48 TechMarkt Street",Paris,Île-de-France,"75001",France
5885,"65 TechMarkt Street",Amsterdam,North Holland,"1012",Netherlands
5886,"82 TechMarkt Street",Vienna,Vienna,"1010",Austria
5887,"99 TechMarkt Street",New York,New York,"10001",United States
5888,"116 TechMarkt Street",Berlin,Berlin,"10115",Germany
5889,"133 TechMarkt Street",Munich,Bavaria,"80331",Germany
5890,"150 TechMarkt Street",Hamburg,Hamburg,"20095",Germany
5891,"167 TechMarkt Street",London,England,SW1A 1AA,United Kingdom
5892,"184 TechMarkt Street",Paris,Île-de-France,"75001",France
5893,"201 TechMarkt Street",Amsterdam,North Holland,"1012",Netherlands
5894,"218 TechMarkt Street",Vienna,Vienna,"1010",Austria
5895,"235 TechMarkt Street",New York,New York,"10001",United States
5896,"252 TechMarkt Street",Berlin,Berlin,"10115",Germany
5897,"269 TechMarkt Street",Munich,Bavaria,"80331",Germany
5898,"286 TechMarkt Street",Hamburg,Hamburg,"20095",Germany
5899,"303 TechMarkt Street",London,England,SW1A 1AA,United Kingdom
5900,"320 TechMarkt Street",Paris,Île-de-France,"75001",France
5901,"337 TechMarkt Street",Amsterdam,North Holland,"1012",Netherlands
5902,"354 TechMarkt Street",Vienna,Vienna,"1010",Austria
5903,"371 TechMarkt Street",New York,New York,"10001",United States
5904,"388 TechMarkt Street",Berlin,Berlin,"10115",Germany
5905,"405 TechMarkt Street",Munich,Bavaria,"80331",Germany
5906,"422 TechMarkt Street",Hamburg,Hamburg,"20095",Germany
5907,"439 TechMarkt Street",London,England,SW1A 1AA,United Kingdom
5908,"456 TechMarkt Street",Paris,Île-de-France,"75001",France
5909,"473 TechMarkt Street",Amsterdam,North Holland,"1012",Netherlands
5910,"490 TechMarkt Street",Vienna,Vienna,"1010",Austria
5911,"507 TechMarkt Street",New York,New York,"10001",United States
5912,"524 TechMarkt Street",Berlin,Berlin,"10115",Germany
5913,"541 TechMarkt Street",Munich,Bavaria,"80331",Germany
5914,"558 TechMarkt Street",Hamburg,Hamburg,"20095",Germany
5915,"575 TechMarkt Street",London,England,SW1A 1AA,United Kingdom
5916,"592 TechMarkt Street",Paris,Île-de-France,"75001",France
5917,"609 TechMarkt Street",Amsterdam,North Holland,"1012",Netherlands
5918,"626 TechMarkt Street",Vienna,Vienna,"1010",Austria
5919,"643 TechMarkt Street",New York,New York,"10001",United States
5920,"660 TechMarkt Street",Berlin,Berlin,"10115",Germany
5921,"677 TechMarkt Street",Munich,Bavaria,"80331",Germany
5922,"694 TechMarkt Street",Hamburg,Hamburg,"20095",Germany
5923,"711 TechMarkt Street",London,England,SW1A 1AA,United Kingdom
5924,"728 TechMarkt Street",Paris,Île-de-France,"75001",France
5925,"745 TechMarkt Street",Amsterdam,North Holland,"1012",Netherlands
5926,"762 TechMarkt Street",Vienna,Vienna,"1010",Austria
5927,"779 TechMarkt Street",New York,New York,"10001",United States
5928,"796 TechMarkt Street",Berlin,Berlin,"10115",Germany
5929,"813 TechMarkt Street",Munich,Bavaria,"80331",Germany
5930,"830 TechMarkt Street",Hamburg,Hamburg,"20095",Germany
5931,"847 TechMarkt Street",London,England,SW1A 1AA,United Kingdom
5932,"864 TechMarkt Street",Paris,Île-de-France,"75001",France
5933,"881 TechMarkt Street",Amsterdam,North Holland,"1012",Netherlands
5934,"898 TechMarkt Street",Vienna,Vienna,"1010",Austria
5935,"915 TechMarkt Street",New York,New York,"10001",United States
5936,"932 TechMarkt Street",Berlin,Berlin,"10115",Germany
5937,"949 TechMarkt Street",Munich,Bavaria,"80331",Germany
5938,"966 TechMarkt Street",Hamburg,Hamburg,"20095",Germany
5939,"983 TechMarkt Street",London,England,SW1A 1AA,United Kingdom
5940,"10 TechMarkt Street",Paris,Île-de-France,"75001",France
5941,"27 TechMarkt Street",Amsterdam,North Holland,"1012",Netherlands
5942,"44 TechMarkt Street",Vienna,Vienna,"1010",Austria
5943,"61 TechMarkt Street",New York,New York,"10001",United States
5944,"78 TechMarkt Street",Berlin,Berlin,"10115",Germany
5945,"95 TechMarkt Street",Munich,Bavaria,"80331",Germany
5946,"112 TechMarkt Street",Hamburg,Hamburg,"20095",Germany
5947,"129 TechMarkt Street",London,England,SW1A 1AA,United Kingdom
5948,"146 TechMarkt Street",Paris,Île-de-France,"75001",France
5949,"163 TechMarkt Street",Amsterdam,North Holland,"1012",Netherlands
5950,"180 TechMarkt Street",Vienna,Vienna,"1010",Austria
5951,"197 TechMarkt Street",New York,New York,"10001",United States
5952,"214 TechMarkt Street",Berlin,Berlin,"10115",Germany
5953,"231 TechMarkt Street",Munich,Bavaria,"80331",Germany
5954,"248 TechMarkt Street",Hamburg,Hamburg,"20095",Germany
5955,"265 TechMarkt Street",London,England,SW1A 1AA,United Kingdom
5956,"282 TechMarkt Street",Paris,Île-de-France,"75001",France
5957,"299 TechMarkt Street",Amsterdam,North Holland,"1012",Netherlands
5958,"316 TechMarkt Street",Vienna,Vienna,"1010",Austria
5959,"333 TechMarkt Street",New York,New York,"10001",United States
5960,"350 TechMarkt Street",Berlin,Berlin,"10115",Germany
5961,"367 TechMarkt Street",Munich,Bavaria,"80331",Germany
5962,"384 TechMarkt Street",Hamburg,Hamburg,"20095",Germany
5963,"401 TechMarkt Street",London,England,SW1A 1AA,United Kingdom
5964,"418 TechMarkt Street",Paris,Île-de-France,"75001",France
5965,"435 TechMarkt Street",Amsterdam,North Holland,"1012",Netherlands
5966,"452 TechMarkt Street",Vienna,Vienna,"1010",Austria
5967,"469 TechMarkt Street",New York,New York,"10001",United States
5968,"486 TechMarkt Street",Berlin,Berlin,"10115",Germany
5969,"503 TechMarkt Street",Munich,Bavaria,"80331",Germany
5970,"520 TechMarkt Street",Hamburg,Hamburg,"20095",Germany
5971,"537 TechMarkt Street",London,England,SW1A 1AA,United Kingdom
5972,"554 TechMarkt Street",Paris,Île-de-France,"75001",France
5973,"571 TechMarkt Street",Amsterdam,North Holland,"1012",Netherlands
5974,"588 TechMarkt Street",Vienna,Vienna,"1010",Austria
5975,"605 TechMarkt Street",New York,New York,"10001",United States
5976,"622 TechMarkt Street",Berlin,Berlin,"10115",Germany
5977,"639 TechMarkt Street",Munich,Bavaria,"80331",Germany
5978,"656 TechMarkt Street",Hamburg,Hamburg,"20095",Germany
5979,"673 TechMarkt Street",London,England,SW1A 1AA,United Kingdom
5980,"690 TechMarkt Street",Paris,Île-de-France,"75001",France
5981,"707 TechMarkt Street",Amsterdam,North Holland,"1012",Netherlands
5982,"724 TechMarkt Street",Vienna,Vienna,"1010",Austria
5983,"741 TechMarkt Street",New York,New York,"10001",United States
5984,"758 TechMarkt Street",Berlin,Berlin,"10115",Germany
5985,"775 TechMarkt Street",Munich,Bavaria,"80331",Germany
5986,"792 TechMarkt Street",Hamburg,Hamburg,"20095",Germany
5987,"809 TechMarkt Street",London,England,SW1A 1AA,United Kingdom
5988,"826 TechMarkt Street",Paris,Île-de-France,"75001",France
5989,"843 TechMarkt Street",Amsterdam,North Holland,"1012",Netherlands
5990,"860 TechMarkt Street",Vienna,Vienna,"1010",Austria
5991,"877 TechMarkt Street",New York,New York,"10001",United States
5992,"894 TechMarkt Street",Berlin,Berlin,"10115",Germany
5993,"911 TechMarkt Street",Munich,Bavaria,"80331",Germany
5994,"928 TechMarkt Street",Hamburg,Hamburg,"20095",Germany
5995,"945 TechMarkt Street",London,England,SW1A 1AA,United Kingdom
5996,"962 TechMarkt Street",Paris,Île-de-France,"75001",France
5997,"979 TechMarkt Street",Amsterdam,North Holland,"1012",Netherlands
5998,"996 TechMarkt Street",Vienna,Vienna,"1010",Austria
5999,"23 TechMarkt Street",New York,New York,"10001",United States
6000,"40 TechMarkt Street",Berlin,Berlin,"10115",Germany
6001,"57 TechMarkt Street",Munich,Bavaria,"80331",Germany
6002,"74 TechMarkt Street",Hamburg,Hamburg,"20095",Germany
6003,"91 TechMarkt Street",London,England,SW1A 1AA,United Kingdom
6004,"108 TechMarkt Street",Paris,Île-de-France,"75001",France
6005,"125 TechMarkt Street",Amsterdam,North Holland,"1012",Netherlands
6006,"142 TechMarkt Street",Vienna,Vienna,"1010",Austria
6007,"159 TechMarkt Street",New York,New York,"10001",United States
6008,"176 TechMarkt Street",Berlin,Berlin,"10115",Germany
6009,"193 TechMarkt Street",Munich,Bavaria,"80331",Germany
6010,"210 TechMarkt Street",Hamburg,Hamburg,"20095",Germany
6011,"227 TechMarkt Street",London,England,SW1A 1AA,United Kingdom
6012,"244 TechMarkt Street",Paris,Île-de-France,"75001",France
6013,"261 TechMarkt Street",Amsterdam,North Holland,"1012",Netherlands
6014,"278 TechMarkt Street",Vienna,Vienna,"1010",Austria
6015,"295 TechMarkt Street",New York,New York,"10001",United States
6016,"312 TechMarkt Street",Berlin,Berlin,"10115",Germany
6017,"329 TechMarkt Street",Munich,Bavaria,"80331",Germany
6018,"346 TechMarkt Street",Hamburg,Hamburg,"20095",Germany
6019,"363 TechMarkt Street",London,England,SW1A 1AA,United Kingdom
6020,"380 TechMarkt Street",Paris,Île-de-France,"75001",France
6021,"397 TechMarkt Street",Amsterdam,North Holland,"1012",Netherlands
6022,"414 TechMarkt Street",Vienna,Vienna,"1010",Austria
6023,"431 TechMarkt Street",New York,New York,"10001",United States
6024,"448 TechMarkt Street",Berlin,Berlin,"10115",Germany
6025,"465 TechMarkt Street",Munich,Bavaria,"80331",Germany
6026,"482 TechMarkt Street",Hamburg,Hamburg,"20095",Germany
6027,"499 TechMarkt Street",London,England,SW1A 1AA,United Kingdom
6028,"516 TechMarkt Street",Paris,Île-de-France,"75001",France
6029,"533 TechMarkt Street",Amsterdam,North Holland,"1012",Netherlands
6030,"550 TechMarkt Street",Vienna,Vienna,"1010",Austria
6031,"567 TechMarkt Street",New York,New York,"10001",United States
6032,"584 TechMarkt Street",Berlin,Berlin,"10115",Germany
6033,"601 TechMarkt Street",Munich,Bavaria,"80331",Germany
6034,"618 TechMarkt Street",Hamburg,Hamburg,"20095",Germany
6035,"635 TechMarkt Street",London,England,SW1A 1AA,United Kingdom
6036,"652 TechMarkt Street",Paris,Île-de-France,"75001",France
6037,"669 TechMarkt Street",Amsterdam,North Holland,"1012",Netherlands
6038,"686 TechMarkt Street",Vienna,Vienna,"1010",Austria
6039,"703 TechMarkt Street",New York,New York,"10001",United States
6040,"720 TechMarkt Street",Berlin,Berlin,"10115",Germany
6041,"737 TechMarkt Street",Munich,Bavaria,"80331",Germany
6042,"754 TechMarkt Street",Hamburg,Hamburg,"20095",Germany
6043,"771 TechMarkt Street",London,England,SW1A 1AA,United Kingdom
6044,"788 TechMarkt Street",Paris,Île-de-France,"75001",France
6045,"805 TechMarkt Street",Amsterdam,North Holland,"1012",Netherlands
6046,"822 TechMarkt Street",Vienna,Vienna,"1010",Austria
6047,"839 TechMarkt Street",New York,New York,"10001",United States
6048,"856 TechMarkt Street",Berlin,Berlin,"10115",Germany
6049,"873 TechMarkt Street",Munich,Bavaria,"80331",Germany
6050,"890 TechMarkt Street",Hamburg,Hamburg,"20095",Germany
6051,"907 TechMarkt Street",London,England,SW1A 1AA,United Kingdom
6052,"924 TechMarkt Street",Paris,Île-de-France,"75001",France
6053,"941 TechMarkt Street",Amsterdam,North Holland,"1012",Netherlands
6054,"958 TechMarkt Street",Vienna,Vienna,"1010",Austria
6055,"975 TechMarkt Street",New York,New York,"10001",United States
6056,"992 TechMarkt Street",Berlin,Berlin,"10115",Germany
6057,"19 TechMarkt Street",Munich,Bavaria,"80331",Germany
6058,"36 TechMarkt Street",Hamburg,Hamburg,"20095",Germany
6059,"53 TechMarkt Street",London,England,SW1A 1AA,United Kingdom
6060,"70 TechMarkt Street",Paris,Île-de-France,"75001",France
6061,"87 TechMarkt Street",Amsterdam,North Holland,"1012",Netherlands
6062,"104 TechMarkt Street",Vienna,Vienna,"1010",Austria
6063,"121 TechMarkt Street",New York,New York,"10001",United States
6064,"138 TechMarkt Street",Berlin,Berlin,"10115",Germany
6065,"155 TechMarkt Street",Munich,Bavaria,"80331",Germany
6066,"172 TechMarkt Street",Hamburg,Hamburg,"20095",Germany
6067,"189 TechMarkt Street",London,England,SW1A 1AA,United Kingdom
6068,"206 TechMarkt Street",Paris,Île-de-France,"75001",France
6069,"223 TechMarkt Street",Amsterdam,North Holland,"1012",Netherlands
6070,"240 TechMarkt Street",Vienna,Vienna,"1010",Austria
6071,"257 TechMarkt Street",New York,New York,"10001",United States
6072,"274 TechMarkt Street",Berlin,Berlin,"10115",Germany
6073,"291 TechMarkt Street",Munich,Bavaria,"80331",Germany
6074,"308 TechMarkt Street",Hamburg,Hamburg,"20095",Germany
6075,"325 TechMarkt Street",London,England,SW1A 1AA,United Kingdom
6076,"342 TechMarkt Street",Paris,Île-de-France,"75001",France
6077,"359 TechMarkt Street",Amsterdam,North Holland,"1012",Netherlands
6078,"376 TechMarkt Street",Vienna,Vienna,"1010",Austria
6079,"393 TechMarkt Street",New York,New York,"10001",United States
6080,"410 TechMarkt Street",Berlin,Berlin,"10115",Germany
6081,"427 TechMarkt Street",Munich,Bavaria,"80331",Germany
6082,"444 TechMarkt Street",Hamburg,Hamburg,"20095",Germany
6083,"461 TechMarkt Street",London,England,SW1A 1AA,United Kingdom
6084,"478 TechMarkt Street",Paris,Île-de-France,"75001",France
6085,"495 TechMarkt Street",Amsterdam,North Holland,"1012",Netherlands
6086,"512 TechMarkt Street",Vienna,Vienna,"1010",Austria
6087,"529 TechMarkt Street",New York,New York,"10001",United States
6088,"546 TechMarkt Street",Berlin,Berlin,"10115",Germany
6089,"563 TechMarkt Street",Munich,Bavaria,"80331",Germany
6090,"580 TechMarkt Street",Hamburg,Hamburg,"20095",Germany
6091,"597 TechMarkt Street",London,England,SW1A 1AA,United Kingdom
6092,"614 TechMarkt Street",Paris,Île-de-France,"75001",France
6093,"631 TechMarkt Street",Amsterdam,North Holland,"1012",Netherlands
6094,"648 TechMarkt Street",Vienna,Vienna,"1010",Austria
6095,"665 TechMarkt Street",New York,New York,"10001",United States
6096,"682 TechMarkt Street",Berlin,Berlin,"10115",Germany
6097,"699 TechMarkt Street",Munich,Bavaria,"80331",Germany
6098,"716 TechMarkt Street",Hamburg,Hamburg,"20095",Germany
6099,"733 TechMarkt Street",London,England,SW1A 1AA,United Kingdom
6100,"750 TechMarkt Street",Paris,Île-de-France,"75001",France
6101,"767 TechMarkt Street",Amsterdam,North Holland,"1012",Netherlands
6102,"784 TechMarkt Street",Vienna,Vienna,"1010",Austria
6103,"801 TechMarkt Street",New York,New York,"10001",United States
6104,"818 TechMarkt Street",Berlin,Berlin,"10115",Germany
6105,"835 TechMarkt Street",Munich,Bavaria,"80331",Germany
6106,"852 TechMarkt Street",Hamburg,Hamburg,"20095",Germany
6107,"869 TechMarkt Street",London,England,SW1A 1AA,United Kingdom
6108,"886 TechMarkt Street",Paris,Île-de-France,"75001",France
6109,"903 TechMarkt Street",Amsterdam,North Holland,"1012",Netherlands
6110,"920 TechMarkt Street",Vienna,Vienna,"1010",Austria
6111,"937 TechMarkt Street",New York,New York,"10001",United States
6112,"954 TechMarkt Street",Berlin,Berlin,"10115",Germany
6113,"971 TechMarkt Street",Munich,Bavaria,"80331",Germany
6114,"988 TechMarkt Street",Hamburg,Hamburg,"20095",Germany
6115,"15 TechMarkt Street",London,England,SW1A 1AA,United Kingdom
6116,"32 TechMarkt Street",Paris,Île-de-France,"75001",France
6117,"49 TechMarkt Street",Amsterdam,North Holland,"1012",Netherlands
6118,"66 TechMarkt Street",Vienna,Vienna,"1010",Austria
6119,"83 TechMarkt Street",New York,New York,"10001",United States
6120,"100 TechMarkt Street",Berlin,Berlin,"10115",Germany
6121,"117 TechMarkt Street",Munich,Bavaria,"80331",Germany
6122,"134 TechMarkt Street",Hamburg,Hamburg,"20095",Germany
6123,"151 TechMarkt Street",London,England,SW1A 1AA,United Kingdom
6124,"168 TechMarkt Street",Paris,Île-de-France,"75001",France
6125,"185 TechMarkt Street",Amsterdam,North Holland,"1012",Netherlands
6126,"202 TechMarkt Street",Vienna,Vienna,"1010",Austria
6127,"219 TechMarkt Street",New York,New York,"10001",United States
6128,"236 TechMarkt Street",Berlin,Berlin,"10115",Germany
6129,"253 TechMarkt Street",Munich,Bavaria,"80331",Germany
6130,"270 TechMarkt Street",Hamburg,Hamburg,"20095",Germany
6131,"287 TechMarkt Street",London,England,SW1A 1AA,United Kingdom
6132,"304 TechMarkt Street",Paris,Île-de-France,"75001",France
6133,"321 TechMarkt Street",Amsterdam,North Holland,"1012",Netherlands
6134,"338 TechMarkt Street",Vienna,Vienna,"1010",Austria
6135,"355 TechMarkt Street",New York,New York,"10001",United States
6136,"372 TechMarkt Street",Berlin,Berlin,"10115",Germany
6137,"389 TechMarkt Street",Munich,Bavaria,"80331",Germany
6138,"406 TechMarkt Street",Hamburg,Hamburg,"20095",Germany
6139,"423 TechMarkt Street",London,England,SW1A 1AA,United Kingdom
6140,"440 TechMarkt Street",Paris,Île-de-France,"75001",France
6141,"457 TechMarkt Street",Amsterdam,North Holland,"1012",Netherlands
6142,"474 TechMarkt Street",Vienna,Vienna,"1010",Austria
6143,"491 TechMarkt Street",New York,New York,"10001",United States
6144,"508 TechMarkt Street",Berlin,Berlin,"10115",Germany
6145,"525 TechMarkt Street",Munich,Bavaria,"80331",Germany
6146,"542 TechMarkt Street",Hamburg,Hamburg,"20095",Germany
6147,"559 TechMarkt Street",London,England,SW1A 1AA,United Kingdom
6148,"576 TechMarkt Street",Paris,Île-de-France,"75001",France
6149,"593 TechMarkt Street",Amsterdam,North Holland,"1012",Netherlands
6150,"610 TechMarkt Street",Vienna,Vienna,"1010",Austria
6151,"627 TechMarkt Street",New York,New York,"10001",United States
6152,"644 TechMarkt Street",Berlin,Berlin,"10115",Germany
6153,"661 TechMarkt Street",Munich,Bavaria,"80331",Germany
6154,"678 TechMarkt Street",Hamburg,Hamburg,"20095",Germany
6155,"695 TechMarkt Street",London,England,SW1A 1AA,United Kingdom
6156,"712 TechMarkt Street",Paris,Île-de-France,"75001",France
6157,"729 TechMarkt Street",Amsterdam,North Holland,"1012",Netherlands
6158,"746 TechMarkt Street",Vienna,Vienna,"1010",Austria
6159,"763 TechMarkt Street",New York,New York,"10001",United States
6160,"780 TechMarkt Street",Berlin,Berlin,"10115",Germany
6161,"797 TechMarkt Street",Munich,Bavaria,"80331",Germany
6162,"814 TechMarkt Street",Hamburg,Hamburg,"20095",Germany
6163,"831 TechMarkt Street",London,England,SW1A 1AA,United Kingdom
6164,"848 TechMarkt Street",Paris,Île-de-France,"75001",France
6165,"865 TechMarkt Street",Amsterdam,North Holland,"1012",Netherlands
6166,"882 TechMarkt Street",Vienna,Vienna,"1010",Austria
6167,"899 TechMarkt Street",New York,New York,"10001",United States
6168,"916 TechMarkt Street",Berlin,Berlin,"10115",Germany
6169,"933 TechMarkt Street",Munich,Bavaria,"80331",Germany
6170,"950 TechMarkt Street",Hamburg,Hamburg,"20095",Germany
6171,"967 TechMarkt Street",London,England,SW1A 1AA,United Kingdom
6172,"984 TechMarkt Street",Paris,Île-de-France,"75001",France
6173,"11 TechMarkt Street",Amsterdam,North Holland,"1012",Netherlands
6174,"28 TechMarkt Street",Vienna,Vienna,"1010",Austria
6175,"45 TechMarkt Street",New York,New York,"10001",United States
6176,"62 TechMarkt Street",Berlin,Berlin,"10115",Germany
6177,"79 TechMarkt Street",Munich,Bavaria,"80331",Germany
6178,"96 TechMarkt Street",Hamburg,Hamburg,"20095",Germany
6179,"113 TechMarkt Street",London,England,SW1A 1AA,United Kingdom
6180,"130 TechMarkt Street",Paris,Île-de-France,"75001",France
6181,"147 TechMarkt Street",Amsterdam,North Holland,"1012",Netherlands
6182,"164 TechMarkt Street",Vienna,Vienna,"1010",Austria
6183,"181 TechMarkt Street",New York,New York,"10001",United States
6184,"198 TechMarkt Street",Berlin,Berlin,"10115",Germany
6185,"215 TechMarkt Street",Munich,Bavaria,"80331",Germany
6186,"232 TechMarkt Street",Hamburg,Hamburg,"20095",Germany
6187,"249 TechMarkt Street",London,England,SW1A 1AA,United Kingdom
6188,"266 TechMarkt Street",Paris,Île-de-France,"75001",France
6189,"283 TechMarkt Street",Amsterdam,North Holland,"1012",Netherlands
6190,"300 TechMarkt Street",Vienna,Vienna,"1010",Austria
6191,"317 TechMarkt Street",New York,New York,"10001",United States
6192,"334 TechMarkt Street",Berlin,Berlin,"10115",Germany
6193,"351 TechMarkt Street",Munich,Bavaria,"80331",Germany
6194,"368 TechMarkt Street",Hamburg,Hamburg,"20095",Germany
6195,"385 TechMarkt Street",London,England,SW1A 1AA,United Kingdom
6196,"402 TechMarkt Street",Paris,Île-de-France,"75001",France
6197,"419 TechMarkt Street",Amsterdam,North Holland,"1012",Netherlands
6198,"436 TechMarkt Street",Vienna,Vienna,"1010",Austria
6199,"453 TechMarkt Street",New York,New York,"10001",United States
6200,"470 TechMarkt Street",Berlin,Berlin,"10115",Germany
6201,"487 TechMarkt Street",Munich,Bavaria,"80331",Germany
6202,"504 TechMarkt Street",Hamburg,Hamburg,"20095",Germany
6203,"521 TechMarkt Street",London,England,SW1A 1AA,United Kingdom
6204,"538 TechMarkt Street",Paris,Île-de-France,"75001",France
6205,"555 TechMarkt Street",Amsterdam,North Holland,"1012",Netherlands
6206,"572 TechMarkt Street",Vienna,Vienna,"1010",Austria
6207,"589 TechMarkt Street",New York,New York,"10001",United States
6208,"606 TechMarkt Street",Berlin,Berlin,"10115",Germany
6209,"623 TechMarkt Street",Munich,Bavaria,"80331",Germany
6210,"640 TechMarkt Street",Hamburg,Hamburg,"20095",Germany
6211,"657 TechMarkt Street",London,England,SW1A 1AA,United Kingdom
6212,"674 TechMarkt Street",Paris,Île-de-France,"75001",France
6213,"691 TechMarkt Street",Amsterdam,North Holland,"1012",Netherlands
6214,"708 TechMarkt Street",Vienna,Vienna,"1010",Austria
6215,"725 TechMarkt Street",New York,New York,"10001",United States
6216,"742 TechMarkt Street",Berlin,Berlin,"10115",Germany
6217,"759 TechMarkt Street",Munich,Bavaria,"80331",Germany
6218,"776 TechMarkt Street",Hamburg,Hamburg,"20095",Germany
6219,"793 TechMarkt Street",London,England,SW1A 1AA,United Kingdom
6220,"810 TechMarkt Street",Paris,Île-de-France,"75001",France
6221,"827 TechMarkt Street",Amsterdam,North Holland,"1012",Netherlands
6222,"844 TechMarkt Street",Vienna,Vienna,"1010",Austria
6223,"861 TechMarkt Street",New York,New York,"10001",United States
6224,"878 TechMarkt Street",Berlin,Berlin,"10115",Germany
6225,"895 TechMarkt Street",Munich,Bavaria,"80331",Germany
6226,"912 TechMarkt Street",Hamburg,Hamburg,"20095",Germany
6227,"929 TechMarkt Street",London,England,SW1A 1AA,United Kingdom
6228,"946 TechMarkt Street",Paris,Île-de-France,"75001",France
6229,"963 TechMarkt Street",Amsterdam,North Holland,"1012",Netherlands
6230,"980 TechMarkt Street",Vienna,Vienna,"1010",Austria
6231,"997 TechMarkt Street",New York,New York,"10001",United States
6232,"24 TechMarkt Street",Berlin,Berlin,"10115",Germany
6233,"41 TechMarkt Street",Munich,Bavaria,"80331",Germany
6234,"58 TechMarkt Street",Hamburg,Hamburg,"20095",Germany
6235,"75 TechMarkt Street",London,England,SW1A 1AA,United Kingdom
6236,"92 TechMarkt Street",Paris,Île-de-France,"75001",France
6237,"109 TechMarkt Street",Amsterdam,North Holland,"1012",Netherlands
6238,"126 TechMarkt Street",Vienna,Vienna,"1010",Austria
6239,"143 TechMarkt Street",New York,New York,"10001",United States
6240,"160 TechMarkt Street",Berlin,Berlin,"10115",Germany
6241,"177 TechMarkt Street",Munich,Bavaria,"80331",Germany
6242,"194 TechMarkt Street",Hamburg,Hamburg,"20095",Germany
6243,"211 TechMarkt Street",London,England,SW1A 1AA,United Kingdom
6244,"228 TechMarkt Street",Paris,Île-de-France,"75001",France
6245,"245 TechMarkt Street",Amsterdam,North Holland,"1012",Netherlands
6246,"262 TechMarkt Street",Vienna,Vienna,"1010",Austria
6247,"279 TechMarkt Street",New York,New York,"10001",United States
6248,"296 TechMarkt Street",Berlin,Berlin,"10115",Germany
6249,"313 TechMarkt Street",Munich,Bavaria,"80331",Germany
6250,"330 TechMarkt Street",Hamburg,Hamburg,"20095",Germany
6251,"347 TechMarkt Street",London,England,SW1A 1AA,United Kingdom
6252,"364 TechMarkt Street",Paris,Île-de-France,"75001",France
6253,"381 TechMarkt Street",Amsterdam,North Holland,"1012",Netherlands
6254,"398 TechMarkt Street",Vienna,Vienna,"1010",Austria
6255,"415 TechMarkt Street",New York,New York,"10001",United States
6256,"432 TechMarkt Street",Berlin,Berlin,"10115",Germany
6257,"449 TechMarkt Street",Munich,Bavaria,"80331",Germany
6258,"466 TechMarkt Street",Hamburg,Hamburg,"20095",Germany
6259,"483 TechMarkt Street",London,England,SW1A 1AA,United Kingdom
6260,"500 TechMarkt Street",Paris,Île-de-France,"75001",France
6261,"517 TechMarkt Street",Amsterdam,North Holland,"1012",Netherlands
6262,"534 TechMarkt Street",Vienna,Vienna,"1010",Austria
6263,"551 TechMarkt Street",New York,New York,"10001",United States
6264,"568 TechMarkt Street",Berlin,Berlin,"10115",Germany
6265,"585 TechMarkt Street",Munich,Bavaria,"80331",Germany
6266,"602 TechMarkt Street",Hamburg,Hamburg,"20095",Germany
6267,"619 TechMarkt Street",London,England,SW1A 1AA,United Kingdom
6268,"636 TechMarkt Street",Paris,Île-de-France,"75001",France
6269,"653 TechMarkt Street",Amsterdam,North Holland,"1012",Netherlands
6270,"670 TechMarkt Street",Vienna,Vienna,"1010",Austria
6271,"687 TechMarkt Street",New York,New York,"10001",United States
6272,"704 TechMarkt Street",Berlin,Berlin,"10115",Germany
6273,"721 TechMarkt Street",Munich,Bavaria,"80331",Germany
6274,"738 TechMarkt Street",Hamburg,Hamburg,"20095",Germany
6275,"755 TechMarkt Street",London,England,SW1A 1AA,United Kingdom
6276,"772 TechMarkt Street",Paris,Île-de-France,"75001",France
6277,"789 TechMarkt Street",Amsterdam,North Holland,"1012",Netherlands
6278,"806 TechMarkt Street",Vienna,Vienna,"1010",Austria
6279,"823 TechMarkt Street",New York,New York,"10001",United States
6280,"840 TechMarkt Street",Berlin,Berlin,"10115",Germany
6281,"857 TechMarkt Street",Munich,Bavaria,"80331",Germany
6282,"874 TechMarkt Street",Hamburg,Hamburg,"20095",Germany
6283,"891 TechMarkt Street",London,England,SW1A 1AA,United Kingdom
6284,"908 TechMarkt Street",Paris,Île-de-France,"75001",France
6285,"925 TechMarkt Street",Amsterdam,North Holland,"1012",Netherlands
6286,"942 TechMarkt Street",Vienna,Vienna,"1010",Austria
6287,"959 TechMarkt Street",New York,New York,"10001",United States
6288,"976 TechMarkt Street",Berlin,Berlin,"10115",Germany
6289,"993 TechMarkt Street",Munich,Bavaria,"80331",Germany
6290,"20 TechMarkt Street",Hamburg,Hamburg,"20095",Germany
6291,"37 TechMarkt Street",London,England,SW1A 1AA,United Kingdom
6292,"54 TechMarkt Street",Paris,Île-de-France,"75001",France
6293,"71 TechMarkt Street",Amsterdam,North Holland,"1012",Netherlands
6294,"88 TechMarkt Street",Vienna,Vienna,"1010",Austria
6295,"105 TechMarkt Street",New York,New York,"10001",United States
6296,"122 TechMarkt Street",Berlin,Berlin,"10115",Germany
6297,"139 TechMarkt Street",Munich,Bavaria,"80331",Germany
6298,"156 TechMarkt Street",Hamburg,Hamburg,"20095",Germany
6299,"173 TechMarkt Street",London,England,SW1A 1AA,United Kingdom
6300,"190 TechMarkt Street",Paris,Île-de-France,"75001",France
6301,"207 TechMarkt Street",Amsterdam,North Holland,"1012",Netherlands
6302,"224 TechMarkt Street",Vienna,Vienna,"1010",Austria
6303,"241 TechMarkt Street",New York,New York,"10001",United States
6304,"258 TechMarkt Street",Berlin,Berlin,"10115",Germany
6305,"275 TechMarkt Street",Munich,Bavaria,"80331",Germany
6306,"292 TechMarkt Street",Hamburg,Hamburg,"20095",Germany
6307,"309 TechMarkt Street",London,England,SW1A 1AA,United Kingdom
6308,"326 TechMarkt Street",Paris,Île-de-France,"75001",France
6309,"343 TechMarkt Street",Amsterdam,North Holland,"1012",Netherlands
6310,"360 TechMarkt Street",Vienna,Vienna,"1010",Austria
6311,"377 TechMarkt Street",New York,New York,"10001",United States
6312,"394 TechMarkt Street",Berlin,Berlin,"10115",Germany
6313,"411 TechMarkt Street",Munich,Bavaria,"80331",Germany
6314,"428 TechMarkt Street",Hamburg,Hamburg,"20095",Germany
6315,"445 TechMarkt Street",London,England,SW1A 1AA,United Kingdom
6316,"462 TechMarkt Street",Paris,Île-de-France,"75001",France
6317,"479 TechMarkt Street",Amsterdam,North Holland,"1012",Netherlands
6318,"496 TechMarkt Street",Vienna,Vienna,"1010",Austria
6319,"513 TechMarkt Street",New York,New York,"10001",United States
6320,"530 TechMarkt Street",Berlin,Berlin,"10115",Germany
6321,"547 TechMarkt Street",Munich,Bavaria,"80331",Germany
6322,"564 TechMarkt Street",Hamburg,Hamburg,"20095",Germany
6323,"581 TechMarkt Street",London,England,SW1A 1AA,United Kingdom
6324,"598 TechMarkt Street",Paris,Île-de-France,"75001",France
6325,"615 TechMarkt Street",Amsterdam,North Holland,"1012",Netherlands
6326,"632 TechMarkt Street",Vienna,Vienna,"1010",Austria
6327,"649 TechMarkt Street",New York,New York,"10001",United States
6328,"666 TechMarkt Street",Berlin,Berlin,"10115",Germany
6329,"683 TechMarkt Street",Munich,Bavaria,"80331",Germany
6330,"700 TechMarkt Street",Hamburg,Hamburg,"20095",Germany
6331,"717 TechMarkt Street",London,England,SW1A 1AA,United Kingdom
6332,"734 TechMarkt Street",Paris,Île-de-France,"75001",France
6333,"751 TechMarkt Street",Amsterdam,North Holland,"1012",Netherlands
6334,"768 TechMarkt Street",Vienna,Vienna,"1010",Austria
6335,"785 TechMarkt Street",New York,New York,"10001",United States
6336,"802 TechMarkt Street",Berlin,Berlin,"10115",Germany
6337,"819 TechMarkt Street",Munich,Bavaria,"80331",Germany
6338,"836 TechMarkt Street",Hamburg,Hamburg,"20095",Germany
6339,"853 TechMarkt Street",London,England,SW1A 1AA,United Kingdom
6340,"870 TechMarkt Street",Paris,Île-de-France,"75001",France
6341,"887 TechMarkt Street",Amsterdam,North Holland,"1012",Netherlands
6342,"904 TechMarkt Street",Vienna,Vienna,"1010",Austria
6343,"921 TechMarkt Street",New York,New York,"10001",United States
6344,"938 TechMarkt Street",Berlin,Berlin,"10115",Germany
6345,"955 TechMarkt Street",Munich,Bavaria,"80331",Germany
6346,"972 TechMarkt Street",Hamburg,Hamburg,"20095",Germany
6347,"989 TechMarkt Street",London,England,SW1A 1AA,United Kingdom
6348,"16 TechMarkt Street",Paris,Île-de-France,"75001",France
6349,"33 TechMarkt Street",Amsterdam,North Holland,"1012",Netherlands
6350,"50 TechMarkt Street",Vienna,Vienna,"1010",Austria
6351,"67 TechMarkt Street",New York,New York,"10001",United States
6352,"84 TechMarkt Street",Berlin,Berlin,"10115",Germany
6353,"101 TechMarkt Street",Munich,Bavaria,"80331",Germany
6354,"118 TechMarkt Street",Hamburg,Hamburg,"20095",Germany
6355,"135 TechMarkt Street",London,England,SW1A 1AA,United Kingdom
6356,"152 TechMarkt Street",Paris,Île-de-France,"75001",France
6357,"169 TechMarkt Street",Amsterdam,North Holland,"1012",Netherlands
6358,"186 TechMarkt Street",Vienna,Vienna,"1010",Austria
6359,"203 TechMarkt Street",New York,New York,"10001",United States
6360,"220 TechMarkt Street",Berlin,Berlin,"10115",Germany
6361,"237 TechMarkt Street",Munich,Bavaria,"80331",Germany
6362,"254 TechMarkt Street",Hamburg,Hamburg,"20095",Germany
6363,"271 TechMarkt Street",London,England,SW1A 1AA,United Kingdom
6364,"288 TechMarkt Street",Paris,Île-de-France,"75001",France
6365,"305 TechMarkt Street",Amsterdam,North Holland,"1012",Netherlands
6366,"322 TechMarkt Street",Vienna,Vienna,"1010",Austria
6367,"339 TechMarkt Street",New York,New York,"10001",United States
6368,"356 TechMarkt Street",Berlin,Berlin,"10115",Germany
6369,"373 TechMarkt Street",Munich,Bavaria,"80331",Germany
6370,"390 TechMarkt Street",Hamburg,Hamburg,"20095",Germany
6371,"407 TechMarkt Street",London,England,SW1A 1AA,United Kingdom
6372,"424 TechMarkt Street",Paris,Île-de-France,"75001",France
6373,"441 TechMarkt Street",Amsterdam,North Holland,"1012",Netherlands
6374,"458 TechMarkt Street",Vienna,Vienna,"1010",Austria
6375,"475 TechMarkt Street",New York,New York,"10001",United States
6376,"492 TechMarkt Street",Berlin,Berlin,"10115",Germany
6377,"509 TechMarkt Street",Munich,Bavaria,"80331",Germany
6378,"526 TechMarkt Street",Hamburg,Hamburg,"20095",Germany
6379,"543 TechMarkt Street",London,England,SW1A 1AA,United Kingdom
6380,"560 TechMarkt Street",Paris,Île-de-France,"75001",France
6381,"577 TechMarkt Street",Amsterdam,North Holland,"1012",Netherlands
6382,"594 TechMarkt Street",Vienna,Vienna,"1010",Austria
6383,"611 TechMarkt Street",New York,New York,"10001",United States
6384,"628 TechMarkt Street",Berlin,Berlin,"10115",Germany
6385,"645 TechMarkt Street",Munich,Bavaria,"80331",Germany
6386,"662 TechMarkt Street",Hamburg,Hamburg,"20095",Germany
6387,"679 TechMarkt Street",London,England,SW1A 1AA,United Kingdom
6388,"696 TechMarkt Street",Paris,Île-de-France,"75001",France
6389,"713 TechMarkt Street",Amsterdam,North Holland,"1012",Netherlands
6390,"730 TechMarkt Street",Vienna,Vienna,"1010",Austria
6391,"747 TechMarkt Street",New York,New York,"10001",United States
6392,"764 TechMarkt Street",Berlin,Berlin,"10115",Germany
6393,"781 TechMarkt Street",Munich,Bavaria,"80331",Germany
6394,"798 TechMarkt Street",Hamburg,Hamburg,"20095",Germany
6395,"815 TechMarkt Street",London,England,SW1A 1AA,United Kingdom
6396,"832 TechMarkt Street",Paris,Île-de-France,"75001",France
6397,"849 TechMarkt Street",Amsterdam,North Holland,"1012",Netherlands
6398,"866 TechMarkt Street",Vienna,Vienna,"1010",Austria
6399,"883 TechMarkt Street",New York,New York,"10001",United States
6400,"900 TechMarkt Street",Berlin,Berlin,"10115",Germany
6401,"917 TechMarkt Street",Munich,Bavaria,"80331",Germany
6402,"934 TechMarkt Street",Hamburg,Hamburg,"20095",Germany
6403,"951 TechMarkt Street",London,England,SW1A 1AA,United Kingdom
6404,"968 TechMarkt Street",Paris,Île-de-France,"75001",France
6405,"985 TechMarkt Street",Amsterdam,North Holland,"1012",Netherlands
6406,"12 TechMarkt Street",Vienna,Vienna,"1010",Austria
6407,"29 TechMarkt Street",New York,New York,"10001",United States
6408,"46 TechMarkt Street",Berlin,Berlin,"10115",Germany
6409,"63 TechMarkt Street",Munich,Bavaria,"80331",Germany
6410,"80 TechMarkt Street",Hamburg,Hamburg,"20095",Germany
6411,"97 TechMarkt Street",London,England,SW1A 1AA,United Kingdom
6412,"114 TechMarkt Street",Paris,Île-de-France,"75001",France
6413,"131 TechMarkt Street",Amsterdam,North Holland,"1012",Netherlands
6414,"148 TechMarkt Street",Vienna,Vienna,"1010",Austria
6415,"165 TechMarkt Street",New York,New York,"10001",United States
6416,"182 TechMarkt Street",Berlin,Berlin,"10115",Germany
6417,"199 TechMarkt Street",Munich,Bavaria,"80331",Germany
6418,"216 TechMarkt Street",Hamburg,Hamburg,"20095",Germany
6419,"233 TechMarkt Street",London,England,SW1A 1AA,United Kingdom
6420,"250 TechMarkt Street",Paris,Île-de-France,"75001",France
6421,"267 TechMarkt Street",Amsterdam,North Holland,"1012",Netherlands
6422,"284 TechMarkt Street",Vienna,Vienna,"1010",Austria
6423,"301 TechMarkt Street",New York,New York,"10001",United States
6424,"318 TechMarkt Street",Berlin,Berlin,"10115",Germany
6425,"335 TechMarkt Street",Munich,Bavaria,"80331",Germany
6426,"352 TechMarkt Street",Hamburg,Hamburg,"20095",Germany
6427,"369 TechMarkt Street",London,England,SW1A 1AA,United Kingdom
6428,"386 TechMarkt Street",Paris,Île-de-France,"75001",France
6429,"403 TechMarkt Street",Amsterdam,North Holland,"1012",Netherlands
6430,"420 TechMarkt Street",Vienna,Vienna,"1010",Austria
6431,"437 TechMarkt Street",New York,New York,"10001",United States
6432,"454 TechMarkt Street",Berlin,Berlin,"10115",Germany
6433,"471 TechMarkt Street",Munich,Bavaria,"80331",Germany
6434,"488 TechMarkt Street",Hamburg,Hamburg,"20095",Germany
6435,"505 TechMarkt Street",London,England,SW1A 1AA,United Kingdom
6436,"522 TechMarkt Street",Paris,Île-de-France,"75001",France
6437,"539 TechMarkt Street",Amsterdam,North Holland,"1012",Netherlands
6438,"556 TechMarkt Street",Vienna,Vienna,"1010",Austria
6439,"573 TechMarkt Street",New York,New York,"10001",United States
6440,"590 TechMarkt Street",Berlin,Berlin,"10115",Germany
6441,"607 TechMarkt Street",Munich,Bavaria,"80331",Germany
6442,"624 TechMarkt Street",Hamburg,Hamburg,"20095",Germany
6443,"641 TechMarkt Street",London,England,SW1A 1AA,United Kingdom
6444,"658 TechMarkt Street",Paris,Île-de-France,"75001",France
6445,"675 TechMarkt Street",Amsterdam,North Holland,"1012",Netherlands
6446,"692 TechMarkt Street",Vienna,Vienna,"1010",Austria
6447,"709 TechMarkt Street",New York,New York,"10001",United States
6448,"726 TechMarkt Street",Berlin,Berlin,"10115",Germany
6449,"743 TechMarkt Street",Munich,Bavaria,"80331",Germany
6450,"760 TechMarkt Street",Hamburg,Hamburg,"20095",Germany
6451,"777 TechMarkt Street",London,England,SW1A 1AA,United Kingdom
6452,"794 TechMarkt Street",Paris,Île-de-France,"75001",France
6453,"811 TechMarkt Street",Amsterdam,North Holland,"1012",Netherlands
6454,"828 TechMarkt Street",Vienna,Vienna,"1010",Austria
6455,"845 TechMarkt Street",New York,New York,"10001",United States
6456,"862 TechMarkt Street",Berlin,Berlin,"10115",Germany
6457,"879 TechMarkt Street",Munich,Bavaria,"80331",Germany
6458,"896 TechMarkt Street",Hamburg,Hamburg,"20095",Germany
6459,"913 TechMarkt Street",London,England,SW1A 1AA,United Kingdom
6460,"930 TechMarkt Street",Paris,Île-de-France,"75001",France
6461,"947 TechMarkt Street",Amsterdam,North Holland,"1012",Netherlands
6462,"964 TechMarkt Street",Vienna,Vienna,"1010",Austria
6463,"981 TechMarkt Street",New York,New York,"10001",United States
6464,"998 TechMarkt Street",Berlin,Berlin,"10115",Germany
6465,"25 TechMarkt Street",Munich,Bavaria,"80331",Germany
6466,"42 TechMarkt Street",Hamburg,Hamburg,"20095",Germany
6467,"59 TechMarkt Street",London,England,SW1A 1AA,United Kingdom
6468,"76 TechMarkt Street",Paris,Île-de-France,"75001",France
6469,"93 TechMarkt Street",Amsterdam,North Holland,"1012",Netherlands
6470,"110 TechMarkt Street",Vienna,Vienna,"1010",Austria
6471,"127 TechMarkt Street",New York,New York,"10001",United States
6472,"144 TechMarkt Street",Berlin,Berlin,"10115",Germany
6473,"161 TechMarkt Street",Munich,Bavaria,"80331",Germany
6474,"178 TechMarkt Street",Hamburg,Hamburg,"20095",Germany
6475,"195 TechMarkt Street",London,England,SW1A 1AA,United Kingdom
6476,"212 TechMarkt Street",Paris,Île-de-France,"75001",France
6477,"229 TechMarkt Street",Amsterdam,North Holland,"1012",Netherlands
6478,"246 TechMarkt Street",Vienna,Vienna,"1010",Austria
6479,"263 TechMarkt Street",New York,New York,"10001",United States
6480,"280 TechMarkt Street",Berlin,Berlin,"10115",Germany
6481,"297 TechMarkt Street",Munich,Bavaria,"80331",Germany
6482,"314 TechMarkt Street",Hamburg,Hamburg,"20095",Germany
6483,"331 TechMarkt Street",London,England,SW1A 1AA,United Kingdom
6484,"348 TechMarkt Street",Paris,Île-de-France,"75001",France
6485,"365 TechMarkt Street",Amsterdam,North Holland,"1012",Netherlands
6486,"382 TechMarkt Street",Vienna,Vienna,"1010",Austria
6487,"399 TechMarkt Street",New York,New York,"10001",United States
6488,"416 TechMarkt Street",Berlin,Berlin,"10115",Germany
6489,"433 TechMarkt Street",Munich,Bavaria,"80331",Germany
6490,"450 TechMarkt Street",Hamburg,Hamburg,"20095",Germany
6491,"467 TechMarkt Street",London,England,SW1A 1AA,United Kingdom
6492,"484 TechMarkt Street",Paris,Île-de-France,"75001",France
6493,"501 TechMarkt Street",Amsterdam,North Holland,"1012",Netherlands
6494,"518 TechMarkt Street",Vienna,Vienna,"1010",Austria
6495,"535 TechMarkt Street",New York,New York,"10001",United States
6496,"552 TechMarkt Street",Berlin,Berlin,"10115",Germany
6497,"569 TechMarkt Street",Munich,Bavaria,"80331",Germany
6498,"586 TechMarkt Street",Hamburg,Hamburg,"20095",Germany
6499,"603 TechMarkt Street",London,England,SW1A 1AA,United Kingdom
6500,"620 TechMarkt Street",Paris,Île-de-France,"75001",France
6501,"637 TechMarkt Street",Amsterdam,North Holland,"1012",Netherlands
6502,"654 TechMarkt Street",Vienna,Vienna,"1010",Austria
6503,"671 TechMarkt Street",New York,New York,"10001",United States
6504,"688 TechMarkt Street",Berlin,Berlin,"10115",Germany
6505,"705 TechMarkt Street",Munich,Bavaria,"80331",Germany
6506,"722 TechMarkt Street",Hamburg,Hamburg,"20095",Germany
6507,"739 TechMarkt Street",London,England,SW1A 1AA,United Kingdom
6508,"756 TechMarkt Street",Paris,Île-de-France,"75001",France
6509,"773 TechMarkt Street",Amsterdam,North Holland,"1012",Netherlands
6510,"790 TechMarkt Street",Vienna,Vienna,"1010",Austria
6511,"807 TechMarkt Street",New York,New York,"10001",United States
6512,"824 TechMarkt Street",Berlin,Berlin,"10115",Germany
6513,"841 TechMarkt Street",Munich,Bavaria,"80331",Germany
6514,"858 TechMarkt Street",Hamburg,Hamburg,"20095",Germany
6515,"875 TechMarkt Street",London,England,SW1A 1AA,United Kingdom
6516,"892 TechMarkt Street",Paris,Île-de-France,"75001",France
6517,"909 TechMarkt Street",Amsterdam,North Holland,"1012",Netherlands
6518,"926 TechMarkt Street",Vienna,Vienna,"1010",Austria
6519,"943 TechMarkt Street",New York,New York,"10001",United States
6520,"960 TechMarkt Street",Berlin,Berlin,"10115",Germany
6521,"977 TechMarkt Street",Munich,Bavaria,"80331",Germany
6522,"994 TechMarkt Street",Hamburg,Hamburg,"20095",Germany
6523,"21 TechMarkt Street",London,England,SW1A 1AA,United Kingdom
6524,"38 TechMarkt Street",Paris,Île-de-France,"75001",France
6525,"55 TechMarkt Street",Amsterdam,North Holland,"1012",Netherlands
6526,"72 TechMarkt Street",Vienna,Vienna,"1010",Austria
6527,"89 TechMarkt Street",New York,New York,"10001",United States
6528,"106 TechMarkt Street",Berlin,Berlin,"10115",Germany
6529,"123 TechMarkt Street",Munich,Bavaria,"80331",Germany
6530,"140 TechMarkt Street",Hamburg,Hamburg,"20095",Germany
6531,"157 TechMarkt Street",London,England,SW1A 1AA,United Kingdom
6532,"174 TechMarkt Street",Paris,Île-de-France,"75001",France
6533,"191 TechMarkt Street",Amsterdam,North Holland,"1012",Netherlands
6534,"208 TechMarkt Street",Vienna,Vienna,"1010",Austria
6535,"225 TechMarkt Street",New York,New York,"10001",United States
6536,"242 TechMarkt Street",Berlin,Berlin,"10115",Germany
6537,"259 TechMarkt Street",Munich,Bavaria,"80331",Germany
6538,"276 TechMarkt Street",Hamburg,Hamburg,"20095",Germany
6539,"293 TechMarkt Street",London,England,SW1A 1AA,United Kingdom
6540,"310 TechMarkt Street",Paris,Île-de-France,"75001",France
6541,"327 TechMarkt Street",Amsterdam,North Holland,"1012",Netherlands
6542,"344 TechMarkt Street",Vienna,Vienna,"1010",Austria
6543,"361 TechMarkt Street",New York,New York,"10001",United States
6544,"378 TechMarkt Street",Berlin,Berlin,"10115",Germany
6545,"395 TechMarkt Street",Munich,Bavaria,"80331",Germany
6546,"412 TechMarkt Street",Hamburg,Hamburg,"20095",Germany
6547,"429 TechMarkt Street",London,England,SW1A 1AA,United Kingdom
6548,"446 TechMarkt Street",Paris,Île-de-France,"75001",France
6549,"463 TechMarkt Street",Amsterdam,North Holland,"1012",Netherlands
6550,"480 TechMarkt Street",Vienna,Vienna,"1010",Austria
6551,"497 TechMarkt Street",New York,New York,"10001",United States
6552,"514 TechMarkt Street",Berlin,Berlin,"10115",Germany
6553,"531 TechMarkt Street",Munich,Bavaria,"80331",Germany
6554,"548 TechMarkt Street",Hamburg,Hamburg,"20095",Germany
6555,"565 TechMarkt Street",London,England,SW1A 1AA,United Kingdom
6556,"582 TechMarkt Street",Paris,Île-de-France,"75001",France
6557,"599 TechMarkt Street",Amsterdam,North Holland,"1012",Netherlands
6558,"616 TechMarkt Street",Vienna,Vienna,"1010",Austria
6559,"633 TechMarkt Street",New York,New York,"10001",United States
6560,"650 TechMarkt Street",Berlin,Berlin,"10115",Germany
6561,"667 TechMarkt Street",Munich,Bavaria,"80331",Germany
6562,"684 TechMarkt Street",Hamburg,Hamburg,"20095",Germany
6563,"701 TechMarkt Street",London,England,SW1A 1AA,United Kingdom
6564,"718 TechMarkt Street",Paris,Île-de-France,"75001",France
6565,"735 TechMarkt Street",Amsterdam,North Holland,"1012",Netherlands
6566,"752 TechMarkt Street",Vienna,Vienna,"1010",Austria
6567,"769 TechMarkt Street",New York,New York,"10001",United States
6568,"786 TechMarkt Street",Berlin,Berlin,"10115",Germany
6569,"803 TechMarkt Street",Munich,Bavaria,"80331",Germany
6570,"820 TechMarkt Street",Hamburg,Hamburg,"20095",Germany
6571,"837 TechMarkt Street",London,England,SW1A 1AA,United Kingdom
6572,"854 TechMarkt Street",Paris,Île-de-France,"75001",France
6573,"871 TechMarkt Street",Amsterdam,North Holland,"1012",Netherlands
6574,"888 TechMarkt Street",Vienna,Vienna,"1010",Austria
6575,"905 TechMarkt Street",New York,New York,"10001",United States
6576,"922 TechMarkt Street",Berlin,Berlin,"10115",Germany
6577,"939 TechMarkt Street",Munich,Bavaria,"80331",Germany
6578,"956 TechMarkt Street",Hamburg,Hamburg,"20095",Germany
6579,"973 TechMarkt Street",London,England,SW1A 1AA,United Kingdom
6580,"990 TechMarkt Street",Paris,Île-de-France,"75001",France
6581,"17 TechMarkt Street",Amsterdam,North Holland,"1012",Netherlands
6582,"34 TechMarkt Street",Vienna,Vienna,"1010",Austria
6583,"51 TechMarkt Street",New York,New York,"10001",United States
6584,"68 TechMarkt Street",Berlin,Berlin,"10115",Germany
6585,"85 TechMarkt Street",Munich,Bavaria,"80331",Germany
6586,"102 TechMarkt Street",Hamburg,Hamburg,"20095",Germany
6587,"119 TechMarkt Street",London,England,SW1A 1AA,United Kingdom
6588,"136 TechMarkt Street",Paris,Île-de-France,"75001",France
6589,"153 TechMarkt Street",Amsterdam,North Holland,"1012",Netherlands
6590,"170 TechMarkt Street",Vienna,Vienna,"1010",Austria
6591,"187 TechMarkt Street",New York,New York,"10001",United States
6592,"204 TechMarkt Street",Berlin,Berlin,"10115",Germany
6593,"221 TechMarkt Street",Munich,Bavaria,"80331",Germany
6594,"238 TechMarkt Street",Hamburg,Hamburg,"20095",Germany
6595,"255 TechMarkt Street",London,England,SW1A 1AA,United Kingdom
6596,"272 TechMarkt Street",Paris,Île-de-France,"75001",France
6597,"289 TechMarkt Street",Amsterdam,North Holland,"1012",Netherlands
6598,"306 TechMarkt Street",Vienna,Vienna,"1010",Austria
6599,"323 TechMarkt Street",New York,New York,"10001",United States
6600,"340 TechMarkt Street",Berlin,Berlin,"10115",Germany
6601,"357 TechMarkt Street",Munich,Bavaria,"80331",Germany
6602,"374 TechMarkt Street",Hamburg,Hamburg,"20095",Germany
6603,"391 TechMarkt Street",London,England,SW1A 1AA,United Kingdom
6604,"408 TechMarkt Street",Paris,Île-de-France,"75001",France
6605,"425 TechMarkt Street",Amsterdam,North Holland,"1012",Netherlands
6606,"442 TechMarkt Street",Vienna,Vienna,"1010",Austria
6607,"459 TechMarkt Street",New York,New York,"10001",United States
6608,"476 TechMarkt Street",Berlin,Berlin,"10115",Germany
6609,"493 TechMarkt Street",Munich,Bavaria,"80331",Germany
6610,"510 TechMarkt Street",Hamburg,Hamburg,"20095",Germany
6611,"527 TechMarkt Street",London,England,SW1A 1AA,United Kingdom
6612,"544 TechMarkt Street",Paris,Île-de-France,"75001",France
6613,"561 TechMarkt Street",Amsterdam,North Holland,"1012",Netherlands
6614,"578 TechMarkt Street",Vienna,Vienna,"1010",Austria
6615,"595 TechMarkt Street",New York,New York,"10001",United States
6616,"612 TechMarkt Street",Berlin,Berlin,"10115",Germany
6617,"629 TechMarkt Street",Munich,Bavaria,"80331",Germany
6618,"646 TechMarkt Street",Hamburg,Hamburg,"20095",Germany
6619,"663 TechMarkt Street",London,England,SW1A 1AA,United Kingdom
6620,"680 TechMarkt Street",Paris,Île-de-France,"75001",France
6621,"697 TechMarkt Street",Amsterdam,North Holland,"1012",Netherlands
6622,"714 TechMarkt Street",Vienna,Vienna,"1010",Austria
6623,"731 TechMarkt Street",New York,New York,"10001",United States
6624,"748 TechMarkt Street",Berlin,Berlin,"10115",Germany
6625,"765 TechMarkt Street",Munich,Bavaria,"80331",Germany
6626,"782 TechMarkt Street",Hamburg,Hamburg,"20095",Germany
6627,"799 TechMarkt Street",London,England,SW1A 1AA,United Kingdom
6628,"816 TechMarkt Street",Paris,Île-de-France,"75001",France
6629,"833 TechMarkt Street",Amsterdam,North Holland,"1012",Netherlands
6630,"850 TechMarkt Street",Vienna,Vienna,"1010",Austria
6631,"867 TechMarkt Street",New York,New York,"10001",United States
6632,"884 TechMarkt Street",Berlin,Berlin,"10115",Germany
6633,"901 TechMarkt Street",Munich,Bavaria,"80331",Germany
6634,"918 TechMarkt Street",Hamburg,Hamburg,"20095",Germany
6635,"935 TechMarkt Street",London,England,SW1A 1AA,United Kingdom
6636,"952 TechMarkt Street",Paris,Île-de-France,"75001",France
6637,"969 TechMarkt Street",Amsterdam,North Holland,"1012",Netherlands
6638,"986 TechMarkt Street",Vienna,Vienna,"1010",Austria
6639,"13 TechMarkt Street",New York,New York,"10001",United States
6640,"30 TechMarkt Street",Berlin,Berlin,"10115",Germany
6641,"47 TechMarkt Street",Munich,Bavaria,"80331",Germany
6642,"64 TechMarkt Street",Hamburg,Hamburg,"20095",Germany
6643,"81 TechMarkt Street",London,England,SW1A 1AA,United Kingdom
6644,"98 TechMarkt Street",Paris,Île-de-France,"75001",France
6645,"115 TechMarkt Street",Amsterdam,North Holland,"1012",Netherlands
6646,"132 TechMarkt Street",Vienna,Vienna,"1010",Austria
6647,"149 TechMarkt Street",New York,New York,"10001",United States
6648,"166 TechMarkt Street",Berlin,Berlin,"10115",Germany
6649,"183 TechMarkt Street",Munich,Bavaria,"80331",Germany
6650,"200 TechMarkt Street",Hamburg,Hamburg,"20095",Germany
6651,"217 TechMarkt Street",London,England,SW1A 1AA,United Kingdom
6652,"234 TechMarkt Street",Paris,Île-de-France,"75001",France
6653,"251 TechMarkt Street",Amsterdam,North Holland,"1012",Netherlands
6654,"268 TechMarkt Street",Vienna,Vienna,"1010",Austria
6655,"285 TechMarkt Street",New York,New York,"10001",United States
6656,"302 TechMarkt Street",Berlin,Berlin,"10115",Germany
6657,"319 TechMarkt Street",Munich,Bavaria,"80331",Germany
6658,"336 TechMarkt Street",Hamburg,Hamburg,"20095",Germany
6659,"353 TechMarkt Street",London,England,SW1A 1AA,United Kingdom
6660,"370 TechMarkt Street",Paris,Île-de-France,"75001",France
6661,"387 TechMarkt Street",Amsterdam,North Holland,"1012",Netherlands
6662,"404 TechMarkt Street",Vienna,Vienna,"1010",Austria
6663,"421 TechMarkt Street",New York,New York,"10001",United States
6664,"438 TechMarkt Street",Berlin,Berlin,"10115",Germany
6665,"455 TechMarkt Street",Munich,Bavaria,"80331",Germany
6666,"472 TechMarkt Street",Hamburg,Hamburg,"20095",Germany
6667,"489 TechMarkt Street",London,England,SW1A 1AA,United Kingdom
6668,"506 TechMarkt Street",Paris,Île-de-France,"75001",France
6669,"523 TechMarkt Street",Amsterdam,North Holland,"1012",Netherlands
6670,"540 TechMarkt Street",Vienna,Vienna,"1010",Austria
6671,"557 TechMarkt Street",New York,New York,"10001",United States
6672,"574 TechMarkt Street",Berlin,Berlin,"10115",Germany
6673,"591 TechMarkt Street",Munich,Bavaria,"80331",Germany
6674,"608 TechMarkt Street",Hamburg,Hamburg,"20095",Germany
6675,"625 TechMarkt Street",London,England,SW1A 1AA,United Kingdom
6676,"642 TechMarkt Street",Paris,Île-de-France,"75001",France
6677,"659 TechMarkt Street",Amsterdam,North Holland,"1012",Netherlands
6678,"676 TechMarkt Street",Vienna,Vienna,"1010",Austria
6679,"693 TechMarkt Street",New York,New York,"10001",United States
6680,"710 TechMarkt Street",Berlin,Berlin,"10115",Germany
6681,"727 TechMarkt Street",Munich,Bavaria,"80331",Germany
6682,"744 TechMarkt Street",Hamburg,Hamburg,"20095",Germany
6683,"761 TechMarkt Street",London,England,SW1A 1AA,United Kingdom
6684,"778 TechMarkt Street",Paris,Île-de-France,"75001",France
6685,"795 TechMarkt Street",Amsterdam,North Holland,"1012",Netherlands
6686,"812 TechMarkt Street",Vienna,Vienna,"1010",Austria
6687,"829 TechMarkt Street",New York,New York,"10001",United States
6688,"846 TechMarkt Street",Berlin,Berlin,"10115",Germany
6689,"863 TechMarkt Street",Munich,Bavaria,"80331",Germany
6690,"880 TechMarkt Street",Hamburg,Hamburg,"20095",Germany
6691,"897 TechMarkt Street",London,England,SW1A 1AA,United Kingdom
6692,"914 TechMarkt Street",Paris,Île-de-France,"75001",France
6693,"931 TechMarkt Street",Amsterdam,North Holland,"1012",Netherlands
6694,"948 TechMarkt Street",Vienna,Vienna,"1010",Austria
6695,"965 TechMarkt Street",New York,New York,"10001",United States
6696,"982 TechMarkt Street",Berlin,Berlin,"10115",Germany
6697,"999 TechMarkt Street",Munich,Bavaria,"80331",Germany
6698,"26 TechMarkt Street",Hamburg,Hamburg,"20095",Germany
6699,"43 TechMarkt Street",London,England,SW1A 1AA,United Kingdom
6700,"60 TechMarkt Street",Paris,Île-de-France,"75001",France
6701,"77 TechMarkt Street",Amsterdam,North Holland,"1012",Netherlands
6702,"94 TechMarkt Street",Vienna,Vienna,"1010",Austria
6703,"111 TechMarkt Street",New York,New York,"10001",United States
6704,"128 TechMarkt Street",Berlin,Berlin,"10115",Germany
6705,"145 TechMarkt Street",Munich,Bavaria,"80331",Germany
6706,"162 TechMarkt Street",Hamburg,Hamburg,"20095",Germany
6707,"179 TechMarkt Street",London,England,SW1A 1AA,United Kingdom
6708,"196 TechMarkt Street",Paris,Île-de-France,"75001",France
6709,"213 TechMarkt Street",Amsterdam,North Holland,"1012",Netherlands
6710,"230 TechMarkt Street",Vienna,Vienna,"1010",Austria
6711,"247 TechMarkt Street",New York,New York,"10001",United States
6712,"264 TechMarkt Street",Berlin,Berlin,"10115",Germany
6713,"281 TechMarkt Street",Munich,Bavaria,"80331",Germany
6714,"298 TechMarkt Street",Hamburg,Hamburg,"20095",Germany
6715,"315 TechMarkt Street",London,England,SW1A 1AA,United Kingdom
6716,"332 TechMarkt Street",Paris,Île-de-France,"75001",France
6717,"349 TechMarkt Street",Amsterdam,North Holland,"1012",Netherlands
6718,"366 TechMarkt Street",Vienna,Vienna,"1010",Austria
6719,"383 TechMarkt Street",New York,New York,"10001",United States
6720,"400 TechMarkt Street",Berlin,Berlin,"10115",Germany
6721,"417 TechMarkt Street",Munich,Bavaria,"80331",Germany
6722,"434 TechMarkt Street",Hamburg,Hamburg,"20095",Germany
6723,"451 TechMarkt Street",London,England,SW1A 1AA,United Kingdom
6724,"468 TechMarkt Street",Paris,Île-de-France,"75001",France
6725,"485 TechMarkt Street",Amsterdam,North Holland,"1012",Netherlands
6726,"502 TechMarkt Street",Vienna,Vienna,"1010",Austria
6727,"519 TechMarkt Street",New York,New York,"10001",United States
6728,"536 TechMarkt Street",Berlin,Berlin,"10115",Germany
6729,"553 TechMarkt Street",Munich,Bavaria,"80331",Germany
6730,"570 TechMarkt Street",Hamburg,Hamburg,"20095",Germany
6731,"587 TechMarkt Street",London,England,SW1A 1AA,United Kingdom
6732,"604 TechMarkt Street",Paris,Île-de-France,"75001",France
6733,"621 TechMarkt Street",Amsterdam,North Holland,"1012",Netherlands
6734,"638 TechMarkt Street",Vienna,Vienna,"1010",Austria
6735,"655 TechMarkt Street",New York,New York,"10001",United States
6736,"672 TechMarkt Street",Berlin,Berlin,"10115",Germany
6737,"689 TechMarkt Street",Munich,Bavaria,"80331",Germany
6738,"706 TechMarkt Street",Hamburg,Hamburg,"20095",Germany
6739,"723 TechMarkt Street",London,England,SW1A 1AA,United Kingdom
6740,"740 TechMarkt Street",Paris,Île-de-France,"75001",France
6741,"757 TechMarkt Street",Amsterdam,North Holland,"1012",Netherlands
6742,"774 TechMarkt Street",Vienna,Vienna,"1010",Austria
6743,"791 TechMarkt Street",New York,New York,"10001",United States
6744,"808 TechMarkt Street",Berlin,Berlin,"10115",Germany
6745,"825 TechMarkt Street",Munich,Bavaria,"80331",Germany
6746,"842 TechMarkt Street",Hamburg,Hamburg,"20095",Germany
6747,"859 TechMarkt Street",London,England,SW1A 1AA,United Kingdom
6748,"876 TechMarkt Street",Paris,Île-de-France,"75001",France
6749,"893 TechMarkt Street",Amsterdam,North Holland,"1012",Netherlands
6750,"910 TechMarkt Street",Vienna,Vienna,"1010",Austria
6751,"927 TechMarkt Street",New York,New York,"10001",United States
6752,"944 TechMarkt Street",Berlin,Berlin,"10115",Germany
6753,"961 TechMarkt Street",Munich,Bavaria,"80331",Germany
6754,"978 TechMarkt Street",Hamburg,Hamburg,"20095",Germany
6755,"995 TechMarkt Street",London,England,SW1A 1AA,United Kingdom
6756,"22 TechMarkt Street",Paris,Île-de-France,"75001",France
6757,"39 TechMarkt Street",Amsterdam,North Holland,"1012",Netherlands
6758,"56 TechMarkt Street",Vienna,Vienna,"1010",Austria
6759,"73 TechMarkt Street",New York,New York,"10001",United States
6760,"90 TechMarkt Street",Berlin,Berlin,"10115",Germany
6761,"107 TechMarkt Street",Munich,Bavaria,"80331",Germany
6762,"124 TechMarkt Street",Hamburg,Hamburg,"20095",Germany
6763,"141 TechMarkt Street",London,England,SW1A 1AA,United Kingdom
6764,"158 TechMarkt Street",Paris,Île-de-France,"75001",France
6765,"175 TechMarkt Street",Amsterdam,North Holland,"1012",Netherlands
6766,"192 TechMarkt Street",Vienna,Vienna,"1010",Austria
6767,"209 TechMarkt Street",New York,New York,"10001",United States
6768,"226 TechMarkt Street",Berlin,Berlin,"10115",Germany
6769,"243 TechMarkt Street",Munich,Bavaria,"80331",Germany
6770,"260 TechMarkt Street",Hamburg,Hamburg,"20095",Germany
6771,"277 TechMarkt Street",London,England,SW1A 1AA,United Kingdom
6772,"294 TechMarkt Street",Paris,Île-de-France,"75001",France
6773,"311 TechMarkt Street",Amsterdam,North Holland,"1012",Netherlands
6774,"328 TechMarkt Street",Vienna,Vienna,"1010",Austria
6775,"345 TechMarkt Street",New York,New York,"10001",United States
6776,"362 TechMarkt Street",Berlin,Berlin,"10115",Germany
6777,"379 TechMarkt Street",Munich,Bavaria,"80331",Germany
6778,"396 TechMarkt Street",Hamburg,Hamburg,"20095",Germany
6779,"413 TechMarkt Street",London,England,SW1A 1AA,United Kingdom
6780,"430 TechMarkt Street",Paris,Île-de-France,"75001",France
6781,"447 TechMarkt Street",Amsterdam,North Holland,"1012",Netherlands
6782,"464 TechMarkt Street",Vienna,Vienna,"1010",Austria
6783,"481 TechMarkt Street",New York,New York,"10001",United States
6784,"498 TechMarkt Street",Berlin,Berlin,"10115",Germany
6785,"515 TechMarkt Street",Munich,Bavaria,"80331",Germany
6786,"532 TechMarkt Street",Hamburg,Hamburg,"20095",Germany
6787,"549 TechMarkt Street",London,England,SW1A 1AA,United Kingdom
6788,"566 TechMarkt Street",Paris,Île-de-France,"75001",France
6789,"583 TechMarkt Street",Amsterdam,North Holland,"1012",Netherlands
6790,"600 TechMarkt Street",Vienna,Vienna,"1010",Austria
6791,"617 TechMarkt Street",New York,New York,"10001",United States
6792,"634 TechMarkt Street",Berlin,Berlin,"10115",Germany
6793,"651 TechMarkt Street",Munich,Bavaria,"80331",Germany
6794,"668 TechMarkt Street",Hamburg,Hamburg,"20095",Germany
6795,"685 TechMarkt Street",London,England,SW1A 1AA,United Kingdom
6796,"702 TechMarkt Street",Paris,Île-de-France,"75001",France
6797,"719 TechMarkt Street",Amsterdam,North Holland,"1012",Netherlands
6798,"736 TechMarkt Street",Vienna,Vienna,"1010",Austria
6799,"753 TechMarkt Street",New York,New York,"10001",United States
6800,"770 TechMarkt Street",Berlin,Berlin,"10115",Germany
6801,"787 TechMarkt Street",Munich,Bavaria,"80331",Germany
6802,"804 TechMarkt Street",Hamburg,Hamburg,"20095",Germany
6803,"821 TechMarkt Street",London,England,SW1A 1AA,United Kingdom
6804,"838 TechMarkt Street",Paris,Île-de-France,"75001",France
6805,"855 TechMarkt Street",Amsterdam,North Holland,"1012",Netherlands
6806,"872 TechMarkt Street",Vienna,Vienna,"1010",Austria
6807,"889 TechMarkt Street",New York,New York,"10001",United States
6808,"906 TechMarkt Street",Berlin,Berlin,"10115",Germany
6809,"923 TechMarkt Street",Munich,Bavaria,"80331",Germany
6810,"940 TechMarkt Street",Hamburg,Hamburg,"20095",Germany
6811,"957 TechMarkt Street",London,England,SW1A 1AA,United Kingdom
6812,"974 TechMarkt Street",Paris,Île-de-France,"75001",France
6813,"991 TechMarkt Street",Amsterdam,North Holland,"1012",Netherlands
6814,"18 TechMarkt Street",Vienna,Vienna,"1010",Austria
6815,"35 TechMarkt Street",New York,New York,"10001",United States
6816,"52 TechMarkt Street",Berlin,Berlin,"10115",Germany
6817,"69 TechMarkt Street",Munich,Bavaria,"80331",Germany
6818,"86 TechMarkt Street",Hamburg,Hamburg,"20095",Germany
6819,"103 TechMarkt Street",London,England,SW1A 1AA,United Kingdom
6820,"120 TechMarkt Street",Paris,Île-de-France,"75001",France
6821,"137 TechMarkt Street",Amsterdam,North Holland,"1012",Netherlands
6822,"154 TechMarkt Street",Vienna,Vienna,"1010",Austria
6823,"171 TechMarkt Street",New York,New York,"10001",United States
6824,"188 TechMarkt Street",Berlin,Berlin,"10115",Germany
6825,"205 TechMarkt Street",Munich,Bavaria,"80331",Germany
6826,"222 TechMarkt Street",Hamburg,Hamburg,"20095",Germany
6827,"239 TechMarkt Street",London,England,SW1A 1AA,United Kingdom
6828,"256 TechMarkt Street",Paris,Île-de-France,"75001",France
6829,"273 TechMarkt Street",Amsterdam,North Holland,"1012",Netherlands
6830,"290 TechMarkt Street",Vienna,Vienna,"1010",Austria
6831,"307 TechMarkt Street",New York,New York,"10001",United States
6832,"324 TechMarkt Street",Berlin,Berlin,"10115",Germany
6833,"341 TechMarkt Street",Munich,Bavaria,"80331",Germany
6834,"358 TechMarkt Street",Hamburg,Hamburg,"20095",Germany
6835,"375 TechMarkt Street",London,England,SW1A 1AA,United Kingdom
6836,"392 TechMarkt Street",Paris,Île-de-France,"75001",France
6837,"409 TechMarkt Street",Amsterdam,North Holland,"1012",Netherlands
6838,"426 TechMarkt Street",Vienna,Vienna,"1010",Austria
6839,"443 TechMarkt Street",New York,New York,"10001",United States
6840,"460 TechMarkt Street",Berlin,Berlin,"10115",Germany
6841,"477 TechMarkt Street",Munich,Bavaria,"80331",Germany
6842,"494 TechMarkt Street",Hamburg,Hamburg,"20095",Germany
6843,"511 TechMarkt Street",London,England,SW1A 1AA,United Kingdom
6844,"528 TechMarkt Street",Paris,Île-de-France,"75001",France
6845,"545 TechMarkt Street",Amsterdam,North Holland,"1012",Netherlands
6846,"562 TechMarkt Street",Vienna,Vienna,"1010",Austria
6847,"579 TechMarkt Street",New York,New York,"10001",United States
6848,"596 TechMarkt Street",Berlin,Berlin,"10115",Germany
6849,"613 TechMarkt Street",Munich,Bavaria,"80331",Germany
6850,"630 TechMarkt Street",Hamburg,Hamburg,"20095",Germany
6851,"647 TechMarkt Street",London,England,SW1A 1AA,United Kingdom
6852,"664 TechMarkt Street",Paris,Île-de-France,"75001",France
6853,"681 TechMarkt Street",Amsterdam,North Holland,"1012",Netherlands
6854,"698 TechMarkt Street",Vienna,Vienna,"1010",Austria
6855,"715 TechMarkt Street",New York,New York,"10001",United States
6856,"732 TechMarkt Street",Berlin,Berlin,"10115",Germany
6857,"749 TechMarkt Street",Munich,Bavaria,"80331",Germany
6858,"766 TechMarkt Street",Hamburg,Hamburg,"20095",Germany
6859,"783 TechMarkt Street",London,England,SW1A 1AA,United Kingdom
6860,"800 TechMarkt Street",Paris,Île-de-France,"75001",France
6861,"817 TechMarkt Street",Amsterdam,North Holland,"1012",Netherlands
6862,"834 TechMarkt Street",Vienna,Vienna,"1010",Austria
6863,"851 TechMarkt Street",New York,New York,"10001",United States
6864,"868 TechMarkt Street",Berlin,Berlin,"10115",Germany
6865,"885 TechMarkt Street",Munich,Bavaria,"80331",Germany
6866,"902 TechMarkt Street",Hamburg,Hamburg,"20095",Germany
6867,"919 TechMarkt Street",London,England,SW1A 1AA,United Kingdom
6868,"936 TechMarkt Street",Paris,Île-de-France,"75001",France
6869,"953 TechMarkt Street",Amsterdam,North Holland,"1012",Netherlands
6870,"970 TechMarkt Street",Vienna,Vienna,"1010",Austria
6871,"987 TechMarkt Street",New York,New York,"10001",United States
6872,"14 TechMarkt Street",Berlin,Berlin,"10115",Germany
6873,"31 TechMarkt Street",Munich,Bavaria,"80331",Germany
6874,"48 TechMarkt Street",Hamburg,Hamburg,"20095",Germany
6875,"65 TechMarkt Street",London,England,SW1A 1AA,United Kingdom
6876,"82 TechMarkt Street",Paris,Île-de-France,"75001",France
6877,"99 TechMarkt Street",Amsterdam,North Holland,"1012",Netherlands
6878,"116 TechMarkt Street",Vienna,Vienna,"1010",Austria
6879,"133 TechMarkt Street",New York,New York,"10001",United States
6880,"150 TechMarkt Street",Berlin,Berlin,"10115",Germany
6881,"167 TechMarkt Street",Munich,Bavaria,"80331",Germany
6882,"184 TechMarkt Street",Hamburg,Hamburg,"20095",Germany
6883,"201 TechMarkt Street",London,England,SW1A 1AA,United Kingdom
6884,"218 TechMarkt Street",Paris,Île-de-France,"75001",France
6885,"235 TechMarkt Street",Amsterdam,North Holland,"1012",Netherlands
6886,"252 TechMarkt Street",Vienna,Vienna,"1010",Austria
6887,"269 TechMarkt Street",New York,New York,"10001",United States
6888,"286 TechMarkt Street",Berlin,Berlin,"10115",Germany
6889,"303 TechMarkt Street",Munich,Bavaria,"80331",Germany
6890,"320 TechMarkt Street",Hamburg,Hamburg,"20095",Germany
6891,"337 TechMarkt Street",London,England,SW1A 1AA,United Kingdom
6892,"354 TechMarkt Street",Paris,Île-de-France,"75001",France
6893,"371 TechMarkt Street",Amsterdam,North Holland,"1012",Netherlands
6894,"388 TechMarkt Street",Vienna,Vienna,"1010",Austria
6895,"405 TechMarkt Street",New York,New York,"10001",United States
6896,"422 TechMarkt Street",Berlin,Berlin,"10115",Germany
6897,"439 TechMarkt Street",Munich,Bavaria,"80331",Germany
6898,"456 TechMarkt Street",Hamburg,Hamburg,"20095",Germany
6899,"473 TechMarkt Street",London,England,SW1A 1AA,United Kingdom
6900,"490 TechMarkt Street",Paris,Île-de-France,"75001",France
6901,"507 TechMarkt Street",Amsterdam,North Holland,"1012",Netherlands
6902,"524 TechMarkt Street",Vienna,Vienna,"1010",Austria
6903,"541 TechMarkt Street",New York,New York,"10001",United States
6904,"558 TechMarkt Street",Berlin,Berlin,"10115",Germany
6905,"575 TechMarkt Street",Munich,Bavaria,"80331",Germany
6906,"592 TechMarkt Street",Hamburg,Hamburg,"20095",Germany
6907,"609 TechMarkt Street",London,England,SW1A 1AA,United Kingdom
6908,"626 TechMarkt Street",Paris,Île-de-France,"75001",France
6909,"643 TechMarkt Street",Amsterdam,North Holland,"1012",Netherlands
6910,"660 TechMarkt Street",Vienna,Vienna,"1010",Austria
6911,"677 TechMarkt Street",New York,New York,"10001",United States
6912,"694 TechMarkt Street",Berlin,Berlin,"10115",Germany
6913,"711 TechMarkt Street",Munich,Bavaria,"80331",Germany
6914,"728 TechMarkt Street",Hamburg,Hamburg,"20095",Germany
6915,"745 TechMarkt Street",London,England,SW1A 1AA,United Kingdom
6916,"762 TechMarkt Street",Paris,Île-de-France,"75001",France
6917,"779 TechMarkt Street",Amsterdam,North Holland,"1012",Netherlands
6918,"796 TechMarkt Street",Vienna,Vienna,"1010",Austria
6919,"813 TechMarkt Street",New York,New York,"10001",United States
6920,"830 TechMarkt Street",Berlin,Berlin,"10115",Germany
6921,"847 TechMarkt Street",Munich,Bavaria,"80331",Germany
6922,"864 TechMarkt Street",Hamburg,Hamburg,"20095",Germany
6923,"881 TechMarkt Street",London,England,SW1A 1AA,United Kingdom
6924,"898 TechMarkt Street",Paris,Île-de-France,"75001",France
6925,"915 TechMarkt Street",Amsterdam,North Holland,"1012",Netherlands
6926,"932 TechMarkt Street",Vienna,Vienna,"1010",Austria
6927,"949 TechMarkt Street",New York,New York,"10001",United States
6928,"966 TechMarkt Street",Berlin,Berlin,"10115",Germany
6929,"983 TechMarkt Street",Munich,Bavaria,"80331",Germany
6930,"10 TechMarkt Street",Hamburg,Hamburg,"20095",Germany
6931,"27 TechMarkt Street",London,England,SW1A 1AA,United Kingdom
6932,"44 TechMarkt Street",Paris,Île-de-France,"75001",France
6933,"61 TechMarkt Street",Amsterdam,North Holland,"1012",Netherlands
6934,"78 TechMarkt Street",Vienna,Vienna,"1010",Austria
6935,"95 TechMarkt Street",New York,New York,"10001",United States
6936,"112 TechMarkt Street",Berlin,Berlin,"10115",Germany
6937,"129 TechMarkt Street",Munich,Bavaria,"80331",Germany
6938,"146 TechMarkt Street",Hamburg,Hamburg,"20095",Germany
6939,"163 TechMarkt Street",London,England,SW1A 1AA,United Kingdom
6940,"180 TechMarkt Street",Paris,Île-de-France,"75001",France
6941,"197 TechMarkt Street",Amsterdam,North Holland,"1012",Netherlands
6942,"214 TechMarkt Street",Vienna,Vienna,"1010",Austria
6943,"231 TechMarkt Street",New York,New York,"10001",United States
6944,"248 TechMarkt Street",Berlin,Berlin,"10115",Germany
6945,"265 TechMarkt Street",Munich,Bavaria,"80331",Germany
6946,"282 TechMarkt Street",Hamburg,Hamburg,"20095",Germany
6947,"299 TechMarkt Street",London,England,SW1A 1AA,United Kingdom
6948,"316 TechMarkt Street",Paris,Île-de-France,"75001",France
6949,"333 TechMarkt Street",Amsterdam,North Holland,"1012",Netherlands
6950,"350 TechMarkt Street",Vienna,Vienna,"1010",Austria
6951,"367 TechMarkt Street",New York,New York,"10001",United States
6952,"384 TechMarkt Street",Berlin,Berlin,"10115",Germany
6953,"401 TechMarkt Street",Munich,Bavaria,"80331",Germany
6954,"418 TechMarkt Street",Hamburg,Hamburg,"20095",Germany
6955,"435 TechMarkt Street",London,England,SW1A 1AA,United Kingdom
6956,"452 TechMarkt Street",Paris,Île-de-France,"75001",France
6957,"469 TechMarkt Street",Amsterdam,North Holland,"1012",Netherlands
6958,"486 TechMarkt Street",Vienna,Vienna,"1010",Austria
6959,"503 TechMarkt Street",New York,New York,"10001",United States
6960,"520 TechMarkt Street",Berlin,Berlin,"10115",Germany
6961,"537 TechMarkt Street",Munich,Bavaria,"80331",Germany
6962,"554 TechMarkt Street",Hamburg,Hamburg,"20095",Germany
6963,"571 TechMarkt Street",London,England,SW1A 1AA,United Kingdom
6964,"588 TechMarkt Street",Paris,Île-de-France,"75001",France
6965,"605 TechMarkt Street",Amsterdam,North Holland,"1012",Netherlands
6966,"622 TechMarkt Street",Vienna,Vienna,"1010",Austria
6967,"639 TechMarkt Street",New York,New York,"10001",United States
6968,"656 TechMarkt Street",Berlin,Berlin,"10115",Germany
6969,"673 TechMarkt Street",Munich,Bavaria,"80331",Germany
6970,"690 TechMarkt Street",Hamburg,Hamburg,"20095",Germany
6971,"707 TechMarkt Street",London,England,SW1A 1AA,United Kingdom
6972,"724 TechMarkt Street",Paris,Île-de-France,"75001",France
6973,"741 TechMarkt Street",Amsterdam,North Holland,"1012",Netherlands
6974,"758 TechMarkt Street",Vienna,Vienna,"1010",Austria
6975,"775 TechMarkt Street",New York,New York,"10001",United States
6976,"792 TechMarkt Street",Berlin,Berlin,"10115",Germany
6977,"809 TechMarkt Street",Munich,Bavaria,"80331",Germany
6978,"826 TechMarkt Street",Hamburg,Hamburg,"20095",Germany
6979,"843 TechMarkt Street",London,England,SW1A 1AA,United Kingdom
6980,"860 TechMarkt Street",Paris,Île-de-France,"75001",France
6981,"877 TechMarkt Street",Amsterdam,North Holland,"1012",Netherlands
6982,"894 TechMarkt Street",Vienna,Vienna,"1010",Austria
6983,"911 TechMarkt Street",New York,New York,"10001",United States
6984,"928 TechMarkt Street",Berlin,Berlin,"10115",Germany
6985,"945 TechMarkt Street",Munich,Bavaria,"80331",Germany
6986,"962 TechMarkt Street",Hamburg,Hamburg,"20095",Germany
6987,"979 TechMarkt Street",London,England,SW1A 1AA,United Kingdom
6988,"996 TechMarkt Street",Paris,Île-de-France,"75001",France
6989,"23 TechMarkt Street",Amsterdam,North Holland,"1012",Netherlands
6990,"40 TechMarkt Street",Vienna,Vienna,"1010",Austria
6991,"57 TechMarkt Street",New York,New York,"10001",United States
6992,"74 TechMarkt Street",Berlin,Berlin,"10115",Germany
6993,"91 TechMarkt Street",Munich,Bavaria,"80331",Germany
6994,"108 TechMarkt Street",Hamburg,Hamburg,"20095",Germany
6995,"125 TechMarkt Street",London,England,SW1A 1AA,United Kingdom
6996,"142 TechMarkt Street",Paris,Île-de-France,"75001",France
6997,"159 TechMarkt Street",Amsterdam,North Holland,"1012",Netherlands
6998,"176 TechMarkt Street",Vienna,Vienna,"1010",Austria
6999,"193 TechMarkt Street",New York,New York,"10001",United States
7000,"210 TechMarkt Street",Berlin,Berlin,"10115",Germany
7001,"227 TechMarkt Street",Munich,Bavaria,"80331",Germany
7002,"244 TechMarkt Street",Hamburg,Hamburg,"20095",Germany
7003,"261 TechMarkt Street",London,England,SW1A 1AA,United Kingdom
7004,"278 TechMarkt Street",Paris,Île-de-France,"75001",France
7005,"295 TechMarkt Street",Amsterdam,North Holland,"1012",Netherlands
7006,"312 TechMarkt Street",Vienna,Vienna,"1010",Austria
7007,"329 TechMarkt Street",New York,New York,"10001",United States
7008,"346 TechMarkt Street",Berlin,Berlin,"10115",Germany
7009,"363 TechMarkt Street",Munich,Bavaria,"80331",Germany
7010,"380 TechMarkt Street",Hamburg,Hamburg,"20095",Germany
7011,"397 TechMarkt Street",London,England,SW1A 1AA,United Kingdom
7012,"414 TechMarkt Street",Paris,Île-de-France,"75001",France
7013,"431 TechMarkt Street",Amsterdam,North Holland,"1012",Netherlands
7014,"448 TechMarkt Street",Vienna,Vienna,"1010",Austria
7015,"465 TechMarkt Street",New York,New York,"10001",United States
7016,"482 TechMarkt Street",Berlin,Berlin,"10115",Germany
7017,"499 TechMarkt Street",Munich,Bavaria,"80331",Germany
7018,"516 TechMarkt Street",Hamburg,Hamburg,"20095",Germany
7019,"533 TechMarkt Street",London,England,SW1A 1AA,United Kingdom
7020,"550 TechMarkt Street",Paris,Île-de-France,"75001",France
7021,"567 TechMarkt Street",Amsterdam,North Holland,"1012",Netherlands
7022,"584 TechMarkt Street",Vienna,Vienna,"1010",Austria
7023,"601 TechMarkt Street",New York,New York,"10001",United States
7024,"618 TechMarkt Street",Berlin,Berlin,"10115",Germany
7025,"635 TechMarkt Street",Munich,Bavaria,"80331",Germany
7026,"652 TechMarkt Street",Hamburg,Hamburg,"20095",Germany
7027,"669 TechMarkt Street",London,England,SW1A 1AA,United Kingdom
7028,"686 TechMarkt Street",Paris,Île-de-France,"75001",France
7029,"703 TechMarkt Street",Amsterdam,North Holland,"1012",Netherlands
7030,"720 TechMarkt Street",Vienna,Vienna,"1010",Austria
7031,"737 TechMarkt Street",New York,New York,"10001",United States
7032,"754 TechMarkt Street",Berlin,Berlin,"10115",Germany
7033,"771 TechMarkt Street",Munich,Bavaria,"80331",Germany
7034,"788 TechMarkt Street",Hamburg,Hamburg,"20095",Germany
7035,"805 TechMarkt Street",London,England,SW1A 1AA,United Kingdom
7036,"822 TechMarkt Street",Paris,Île-de-France,"75001",France
7037,"839 TechMarkt Street",Amsterdam,North Holland,"1012",Netherlands
7038,"856 TechMarkt Street",Vienna,Vienna,"1010",Austria
7039,"873 TechMarkt Street",New York,New York,"10001",United States
7040,"890 TechMarkt Street",Berlin,Berlin,"10115",Germany
7041,"907 TechMarkt Street",Munich,Bavaria,"80331",Germany
7042,"924 TechMarkt Street",Hamburg,Hamburg,"20095",Germany
7043,"941 TechMarkt Street",London,England,SW1A 1AA,United Kingdom
7044,"958 TechMarkt Street",Paris,Île-de-France,"75001",France
7045,"975 TechMarkt Street",Amsterdam,North Holland,"1012",Netherlands
7046,"992 TechMarkt Street",Vienna,Vienna,"1010",Austria
7047,"19 TechMarkt Street",New York,New York,"10001",United States
7048,"36 TechMarkt Street",Berlin,Berlin,"10115",Germany
7049,"53 TechMarkt Street",Munich,Bavaria,"80331",Germany
7050,"70 TechMarkt Street",Hamburg,Hamburg,"20095",Germany
7051,"87 TechMarkt Street",London,England,SW1A 1AA,United Kingdom
7052,"104 TechMarkt Street",Paris,Île-de-France,"75001",France
7053,"121 TechMarkt Street",Amsterdam,North Holland,"1012",Netherlands
7054,"138 TechMarkt Street",Vienna,Vienna,"1010",Austria
7055,"155 TechMarkt Street",New York,New York,"10001",United States
7056,"172 TechMarkt Street",Berlin,Berlin,"10115",Germany
7057,"189 TechMarkt Street",Munich,Bavaria,"80331",Germany
7058,"206 TechMarkt Street",Hamburg,Hamburg,"20095",Germany
7059,"223 TechMarkt Street",London,England,SW1A 1AA,United Kingdom
7060,"240 TechMarkt Street",Paris,Île-de-France,"75001",France
7061,"257 TechMarkt Street",Amsterdam,North Holland,"1012",Netherlands
7062,"274 TechMarkt Street",Vienna,Vienna,"1010",Austria
7063,"291 TechMarkt Street",New York,New York,"10001",United States
7064,"308 TechMarkt Street",Berlin,Berlin,"10115",Germany
7065,"325 TechMarkt Street",Munich,Bavaria,"80331",Germany
7066,"342 TechMarkt Street",Hamburg,Hamburg,"20095",Germany
7067,"359 TechMarkt Street",London,England,SW1A 1AA,United Kingdom
7068,"376 TechMarkt Street",Paris,Île-de-France,"75001",France
7069,"393 TechMarkt Street",Amsterdam,North Holland,"1012",Netherlands
7070,"410 TechMarkt Street",Vienna,Vienna,"1010",Austria
7071,"427 TechMarkt Street",New York,New York,"10001",United States
7072,"444 TechMarkt Street",Berlin,Berlin,"10115",Germany
7073,"461 TechMarkt Street",Munich,Bavaria,"80331",Germany
7074,"478 TechMarkt Street",Hamburg,Hamburg,"20095",Germany
7075,"495 TechMarkt Street",London,England,SW1A 1AA,United Kingdom
7076,"512 TechMarkt Street",Paris,Île-de-France,"75001",France
7077,"529 TechMarkt Street",Amsterdam,North Holland,"1012",Netherlands
7078,"546 TechMarkt Street",Vienna,Vienna,"1010",Austria
7079,"563 TechMarkt Street",New York,New York,"10001",United States
7080,"580 TechMarkt Street",Berlin,Berlin,"10115",Germany
7081,"597 TechMarkt Street",Munich,Bavaria,"80331",Germany
7082,"614 TechMarkt Street",Hamburg,Hamburg,"20095",Germany
7083,"631 TechMarkt Street",London,England,SW1A 1AA,United Kingdom
7084,"648 TechMarkt Street",Paris,Île-de-France,"75001",France
7085,"665 TechMarkt Street",Amsterdam,North Holland,"1012",Netherlands
7086,"682 TechMarkt Street",Vienna,Vienna,"1010",Austria
7087,"699 TechMarkt Street",New York,New York,"10001",United States
7088,"716 TechMarkt Street",Berlin,Berlin,"10115",Germany
7089,"733 TechMarkt Street",Munich,Bavaria,"80331",Germany
7090,"750 TechMarkt Street",Hamburg,Hamburg,"20095",Germany
7091,"767 TechMarkt Street",London,England,SW1A 1AA,United Kingdom
7092,"784 TechMarkt Street",Paris,Île-de-France,"75001",France
7093,"801 TechMarkt Street",Amsterdam,North Holland,"1012",Netherlands
7094,"818 TechMarkt Street",Vienna,Vienna,"1010",Austria
7095,"835 TechMarkt Street",New York,New York,"10001",United States
7096,"852 TechMarkt Street",Berlin,Berlin,"10115",Germany
7097,"869 TechMarkt Street",Munich,Bavaria,"80331",Germany
7098,"886 TechMarkt Street",Hamburg,Hamburg,"20095",Germany
7099,"903 TechMarkt Street",London,England,SW1A 1AA,United Kingdom
7100,"920 TechMarkt Street",Paris,Île-de-France,"75001",France
7101,"937 TechMarkt Street",Amsterdam,North Holland,"1012",Netherlands
7102,"954 TechMarkt Street",Vienna,Vienna,"1010",Austria
7103,"971 TechMarkt Street",New York,New York,"10001",United States
7104,"988 TechMarkt Street",Berlin,Berlin,"10115",Germany
7105,"15 TechMarkt Street",Munich,Bavaria,"80331",Germany
7106,"32 TechMarkt Street",Hamburg,Hamburg,"20095",Germany
7107,"49 TechMarkt Street",London,England,SW1A 1AA,United Kingdom
7108,"66 TechMarkt Street",Paris,Île-de-France,"75001",France
7109,"83 TechMarkt Street",Amsterdam,North Holland,"1012",Netherlands
7110,"100 TechMarkt Street",Vienna,Vienna,"1010",Austria
7111,"117 TechMarkt Street",New York,New York,"10001",United States
7112,"134 TechMarkt Street",Berlin,Berlin,"10115",Germany
7113,"151 TechMarkt Street",Munich,Bavaria,"80331",Germany
7114,"168 TechMarkt Street",Hamburg,Hamburg,"20095",Germany
7115,"185 TechMarkt Street",London,England,SW1A 1AA,United Kingdom
7116,"202 TechMarkt Street",Paris,Île-de-France,"75001",France
7117,"219 TechMarkt Street",Amsterdam,North Holland,"1012",Netherlands
7118,"236 TechMarkt Street",Vienna,Vienna,"1010",Austria
7119,"253 TechMarkt Street",New York,New York,"10001",United States
7120,"270 TechMarkt Street",Berlin,Berlin,"10115",Germany
7121,"287 TechMarkt Street",Munich,Bavaria,"80331",Germany
7122,"304 TechMarkt Street",Hamburg,Hamburg,"20095",Germany
7123,"321 TechMarkt Street",London,England,SW1A 1AA,United Kingdom
7124,"338 TechMarkt Street",Paris,Île-de-France,"75001",France
7125,"355 TechMarkt Street",Amsterdam,North Holland,"1012",Netherlands
7126,"372 TechMarkt Street",Vienna,Vienna,"1010",Austria
7127,"389 TechMarkt Street",New York,New York,"10001",United States
7128,"406 TechMarkt Street",Berlin,Berlin,"10115",Germany
7129,"423 TechMarkt Street",Munich,Bavaria,"80331",Germany
7130,"440 TechMarkt Street",Hamburg,Hamburg,"20095",Germany
7131,"457 TechMarkt Street",London,England,SW1A 1AA,United Kingdom
7132,"474 TechMarkt Street",Paris,Île-de-France,"75001",France
7133,"491 TechMarkt Street",Amsterdam,North Holland,"1012",Netherlands
7134,"508 TechMarkt Street",Vienna,Vienna,"1010",Austria
7135,"525 TechMarkt Street",New York,New York,"10001",United States
7136,"542 TechMarkt Street",Berlin,Berlin,"10115",Germany
7137,"559 TechMarkt Street",Munich,Bavaria,"80331",Germany
7138,"576 TechMarkt Street",Hamburg,Hamburg,"20095",Germany
7139,"593 TechMarkt Street",London,England,SW1A 1AA,United Kingdom
7140,"610 TechMarkt Street",Paris,Île-de-France,"75001",France
7141,"627 TechMarkt Street",Amsterdam,North Holland,"1012",Netherlands
7142,"644 TechMarkt Street",Vienna,Vienna,"1010",Austria
7143,"661 TechMarkt Street",New York,New York,"10001",United States
7144,"678 TechMarkt Street",Berlin,Berlin,"10115",Germany
7145,"695 TechMarkt Street",Munich,Bavaria,"80331",Germany
7146,"712 TechMarkt Street",Hamburg,Hamburg,"20095",Germany
7147,"729 TechMarkt Street",London,England,SW1A 1AA,United Kingdom
7148,"746 TechMarkt Street",Paris,Île-de-France,"75001",France
7149,"763 TechMarkt Street",Amsterdam,North Holland,"1012",Netherlands
7150,"780 TechMarkt Street",Vienna,Vienna,"1010",Austria
7151,"797 TechMarkt Street",New York,New York,"10001",United States
7152,"814 TechMarkt Street",Berlin,Berlin,"10115",Germany
7153,"831 TechMarkt Street",Munich,Bavaria,"80331",Germany
7154,"848 TechMarkt Street",Hamburg,Hamburg,"20095",Germany
7155,"865 TechMarkt Street",London,England,SW1A 1AA,United Kingdom
7156,"882 TechMarkt Street",Paris,Île-de-France,"75001",France
7157,"899 TechMarkt Street",Amsterdam,North Holland,"1012",Netherlands
7158,"916 TechMarkt Street",Vienna,Vienna,"1010",Austria
7159,"933 TechMarkt Street",New York,New York,"10001",United States
7160,"950 TechMarkt Street",Berlin,Berlin,"10115",Germany
7161,"967 TechMarkt Street",Munich,Bavaria,"80331",Germany
7162,"984 TechMarkt Street",Hamburg,Hamburg,"20095",Germany
7163,"11 TechMarkt Street",London,England,SW1A 1AA,United Kingdom
7164,"28 TechMarkt Street",Paris,Île-de-France,"75001",France
7165,"45 TechMarkt Street",Amsterdam,North Holland,"1012",Netherlands
7166,"62 TechMarkt Street",Vienna,Vienna,"1010",Austria
7167,"79 TechMarkt Street",New York,New York,"10001",United States
7168,"96 TechMarkt Street",Berlin,Berlin,"10115",Germany
7169,"113 TechMarkt Street",Munich,Bavaria,"80331",Germany
7170,"130 TechMarkt Street",Hamburg,Hamburg,"20095",Germany
7171,"147 TechMarkt Street",London,England,SW1A 1AA,United Kingdom
7172,"164 TechMarkt Street",Paris,Île-de-France,"75001",France
7173,"181 TechMarkt Street",Amsterdam,North Holland,"1012",Netherlands
7174,"198 TechMarkt Street",Vienna,Vienna,"1010",Austria
7175,"215 TechMarkt Street",New York,New York,"10001",United States
7176,"232 TechMarkt Street",Berlin,Berlin,"10115",Germany
7177,"249 TechMarkt Street",Munich,Bavaria,"80331",Germany
7178,"266 TechMarkt Street",Hamburg,Hamburg,"20095",Germany
7179,"283 TechMarkt Street",London,England,SW1A 1AA,United Kingdom
7180,"300 TechMarkt Street",Paris,Île-de-France,"75001",France
7181,"317 TechMarkt Street",Amsterdam,North Holland,"1012",Netherlands
7182,"334 TechMarkt Street",Vienna,Vienna,"1010",Austria
7183,"351 TechMarkt Street",New York,New York,"10001",United States
7184,"368 TechMarkt Street",Berlin,Berlin,"10115",Germany
7185,"385 TechMarkt Street",Munich,Bavaria,"80331",Germany
7186,"402 TechMarkt Street",Hamburg,Hamburg,"20095",Germany
7187,"419 TechMarkt Street",London,England,SW1A 1AA,United Kingdom
7188,"436 TechMarkt Street",Paris,Île-de-France,"75001",France
7189,"453 TechMarkt Street",Amsterdam,North Holland,"1012",Netherlands
7190,"470 TechMarkt Street",Vienna,Vienna,"1010",Austria
7191,"487 TechMarkt Street",New York,New York,"10001",United States
7192,"504 TechMarkt Street",Berlin,Berlin,"10115",Germany
7193,"521 TechMarkt Street",Munich,Bavaria,"80331",Germany
7194,"538 TechMarkt Street",Hamburg,Hamburg,"20095",Germany
7195,"555 TechMarkt Street",London,England,SW1A 1AA,United Kingdom
7196,"572 TechMarkt Street",Paris,Île-de-France,"75001",France
7197,"589 TechMarkt Street",Amsterdam,North Holland,"1012",Netherlands
7198,"606 TechMarkt Street",Vienna,Vienna,"1010",Austria
7199,"623 TechMarkt Street",New York,New York,"10001",United States
7200,"640 TechMarkt Street",Berlin,Berlin,"10115",Germany
7201,"657 TechMarkt Street",Munich,Bavaria,"80331",Germany
7202,"674 TechMarkt Street",Hamburg,Hamburg,"20095",Germany
7203,"691 TechMarkt Street",London,England,SW1A 1AA,United Kingdom
7204,"708 TechMarkt Street",Paris,Île-de-France,"75001",France
7205,"725 TechMarkt Street",Amsterdam,North Holland,"1012",Netherlands
7206,"742 TechMarkt Street",Vienna,Vienna,"1010",Austria
7207,"759 TechMarkt Street",New York,New York,"10001",United States
7208,"776 TechMarkt Street",Berlin,Berlin,"10115",Germany
7209,"793 TechMarkt Street",Munich,Bavaria,"80331",Germany
7210,"810 TechMarkt Street",Hamburg,Hamburg,"20095",Germany
7211,"827 TechMarkt Street",London,England,SW1A 1AA,United Kingdom
7212,"844 TechMarkt Street",Paris,Île-de-France,"75001",France
7213,"861 TechMarkt Street",Amsterdam,North Holland,"1012",Netherlands
7214,"878 TechMarkt Street",Vienna,Vienna,"1010",Austria
7215,"895 TechMarkt Street",New York,New York,"10001",United States
7216,"912 TechMarkt Street",Berlin,Berlin,"10115",Germany
7217,"929 TechMarkt Street",Munich,Bavaria,"80331",Germany
7218,"946 TechMarkt Street",Hamburg,Hamburg,"20095",Germany
7219,"963 TechMarkt Street",London,England,SW1A 1AA,United Kingdom
7220,"980 TechMarkt Street",Paris,Île-de-France,"75001",France
7221,"997 TechMarkt Street",Amsterdam,North Holland,"1012",Netherlands
7222,"24 TechMarkt Street",Vienna,Vienna,"1010",Austria
7223,"41 TechMarkt Street",New York,New York,"10001",United States
7224,"58 TechMarkt Street",Berlin,Berlin,"10115",Germany
7225,"75 TechMarkt Street",Munich,Bavaria,"80331",Germany
7226,"92 TechMarkt Street",Hamburg,Hamburg,"20095",Germany
7227,"109 TechMarkt Street",London,England,SW1A 1AA,United Kingdom
7228,"126 TechMarkt Street",Paris,Île-de-France,"75001",France
7229,"143 TechMarkt Street",Amsterdam,North Holland,"1012",Netherlands
7230,"160 TechMarkt Street",Vienna,Vienna,"1010",Austria
7231,"177 TechMarkt Street",New York,New York,"10001",United States
7232,"194 TechMarkt Street",Berlin,Berlin,"10115",Germany
7233,"211 TechMarkt Street",Munich,Bavaria,"80331",Germany
7234,"228 TechMarkt Street",Hamburg,Hamburg,"20095",Germany
7235,"245 TechMarkt Street",London,England,SW1A 1AA,United Kingdom
7236,"262 TechMarkt Street",Paris,Île-de-France,"75001",France
7237,"279 TechMarkt Street",Amsterdam,North Holland,"1012",Netherlands
7238,"296 TechMarkt Street",Vienna,Vienna,"1010",Austria
7239,"313 TechMarkt Street",New York,New York,"10001",United States
7240,"330 TechMarkt Street",Berlin,Berlin,"10115",Germany
7241,"347 TechMarkt Street",Munich,Bavaria,"80331",Germany
7242,"364 TechMarkt Street",Hamburg,Hamburg,"20095",Germany
7243,"381 TechMarkt Street",London,England,SW1A 1AA,United Kingdom
7244,"398 TechMarkt Street",Paris,Île-de-France,"75001",France
7245,"415 TechMarkt Street",Amsterdam,North Holland,"1012",Netherlands
7246,"432 TechMarkt Street",Vienna,Vienna,"1010",Austria
7247,"449 TechMarkt Street",New York,New York,"10001",United States
7248,"466 TechMarkt Street",Berlin,Berlin,"10115",Germany
7249,"483 TechMarkt Street",Munich,Bavaria,"80331",Germany
7250,"500 TechMarkt Street",Hamburg,Hamburg,"20095",Germany
7251,"517 TechMarkt Street",London,England,SW1A 1AA,United Kingdom
7252,"534 TechMarkt Street",Paris,Île-de-France,"75001",France
7253,"551 TechMarkt Street",Amsterdam,North Holland,"1012",Netherlands
7254,"568 TechMarkt Street",Vienna,Vienna,"1010",Austria
7255,"585 TechMarkt Street",New York,New York,"10001",United States
7256,"602 TechMarkt Street",Berlin,Berlin,"10115",Germany
7257,"619 TechMarkt Street",Munich,Bavaria,"80331",Germany
7258,"636 TechMarkt Street",Hamburg,Hamburg,"20095",Germany
7259,"653 TechMarkt Street",London,England,SW1A 1AA,United Kingdom
7260,"670 TechMarkt Street",Paris,Île-de-France,"75001",France
7261,"687 TechMarkt Street",Amsterdam,North Holland,"1012",Netherlands
7262,"704 TechMarkt Street",Vienna,Vienna,"1010",Austria
7263,"721 TechMarkt Street",New York,New York,"10001",United States
7264,"738 TechMarkt Street",Berlin,Berlin,"10115",Germany
7265,"755 TechMarkt Street",Munich,Bavaria,"80331",Germany
7266,"772 TechMarkt Street",Hamburg,Hamburg,"20095",Germany
7267,"789 TechMarkt Street",London,England,SW1A 1AA,United Kingdom
7268,"806 TechMarkt Street",Paris,Île-de-France,"75001",France
7269,"823 TechMarkt Street",Amsterdam,North Holland,"1012",Netherlands
7270,"840 TechMarkt Street",Vienna,Vienna,"1010",Austria
7271,"857 TechMarkt Street",New York,New York,"10001",United States
7272,"874 TechMarkt Street",Berlin,Berlin,"10115",Germany
7273,"891 TechMarkt Street",Munich,Bavaria,"80331",Germany
7274,"908 TechMarkt Street",Hamburg,Hamburg,"20095",Germany
7275,"925 TechMarkt Street",London,England,SW1A 1AA,United Kingdom
7276,"942 TechMarkt Street",Paris,Île-de-France,"75001",France
7277,"959 TechMarkt Street",Amsterdam,North Holland,"1012",Netherlands
7278,"976 TechMarkt Street",Vienna,Vienna,"1010",Austria
7279,"993 TechMarkt Street",New York,New York,"10001",United States
7280,"20 TechMarkt Street",Berlin,Berlin,"10115",Germany
7281,"37 TechMarkt Street",Munich,Bavaria,"80331",Germany
7282,"54 TechMarkt Street",Hamburg,Hamburg,"20095",Germany
7283,"71 TechMarkt Street",London,England,SW1A 1AA,United Kingdom
7284,"88 TechMarkt Street",Paris,Île-de-France,"75001",France
7285,"105 TechMarkt Street",Amsterdam,North Holland,"1012",Netherlands
7286,"122 TechMarkt Street",Vienna,Vienna,"1010",Austria
7287,"139 TechMarkt Street",New York,New York,"10001",United States
7288,"156 TechMarkt Street",Berlin,Berlin,"10115",Germany
7289,"173 TechMarkt Street",Munich,Bavaria,"80331",Germany
7290,"190 TechMarkt Street",Hamburg,Hamburg,"20095",Germany
7291,"207 TechMarkt Street",London,England,SW1A 1AA,United Kingdom
7292,"224 TechMarkt Street",Paris,Île-de-France,"75001",France
7293,"241 TechMarkt Street",Amsterdam,North Holland,"1012",Netherlands
7294,"258 TechMarkt Street",Vienna,Vienna,"1010",Austria
7295,"275 TechMarkt Street",New York,New York,"10001",United States
7296,"292 TechMarkt Street",Berlin,Berlin,"10115",Germany
7297,"309 TechMarkt Street",Munich,Bavaria,"80331",Germany
7298,"326 TechMarkt Street",Hamburg,Hamburg,"20095",Germany
7299,"343 TechMarkt Street",London,England,SW1A 1AA,United Kingdom
7300,"360 TechMarkt Street",Paris,Île-de-France,"75001",France
7301,"377 TechMarkt Street",Amsterdam,North Holland,"1012",Netherlands
7302,"394 TechMarkt Street",Vienna,Vienna,"1010",Austria
7303,"411 TechMarkt Street",New York,New York,"10001",United States
7304,"428 TechMarkt Street",Berlin,Berlin,"10115",Germany
7305,"445 TechMarkt Street",Munich,Bavaria,"80331",Germany
7306,"462 TechMarkt Street",Hamburg,Hamburg,"20095",Germany
7307,"479 TechMarkt Street",London,England,SW1A 1AA,United Kingdom
7308,"496 TechMarkt Street",Paris,Île-de-France,"75001",France
7309,"513 TechMarkt Street",Amsterdam,North Holland,"1012",Netherlands
7310,"530 TechMarkt Street",Vienna,Vienna,"1010",Austria
7311,"547 TechMarkt Street",New York,New York,"10001",United States
7312,"564 TechMarkt Street",Berlin,Berlin,"10115",Germany
7313,"581 TechMarkt Street",Munich,Bavaria,"80331",Germany
7314,"598 TechMarkt Street",Hamburg,Hamburg,"20095",Germany
7315,"615 TechMarkt Street",London,England,SW1A 1AA,United Kingdom
7316,"632 TechMarkt Street",Paris,Île-de-France,"75001",France
7317,"649 TechMarkt Street",Amsterdam,North Holland,"1012",Netherlands
7318,"666 TechMarkt Street",Vienna,Vienna,"1010",Austria
7319,"683 TechMarkt Street",New York,New York,"10001",United States
7320,"700 TechMarkt Street",Berlin,Berlin,"10115",Germany
7321,"717 TechMarkt Street",Munich,Bavaria,"80331",Germany
7322,"734 TechMarkt Street",Hamburg,Hamburg,"20095",Germany
7323,"751 TechMarkt Street",London,England,SW1A 1AA,United Kingdom
7324,"768 TechMarkt Street",Paris,Île-de-France,"75001",France
7325,"785 TechMarkt Street",Amsterdam,North Holland,"1012",Netherlands
7326,"802 TechMarkt Street",Vienna,Vienna,"1010",Austria
7327,"819 TechMarkt Street",New York,New York,"10001",United States
7328,"836 TechMarkt Street",Berlin,Berlin,"10115",Germany
7329,"853 TechMarkt Street",Munich,Bavaria,"80331",Germany
7330,"870 TechMarkt Street",Hamburg,Hamburg,"20095",Germany
7331,"887 TechMarkt Street",London,England,SW1A 1AA,United Kingdom
7332,"904 TechMarkt Street",Paris,Île-de-France,"75001",France
7333,"921 TechMarkt Street",Amsterdam,North Holland,"1012",Netherlands
7334,"938 TechMarkt Street",Vienna,Vienna,"1010",Austria
7335,"955 TechMarkt Street",New York,New York,"10001",United States
7336,"972 TechMarkt Street",Berlin,Berlin,"10115",Germany
7337,"989 TechMarkt Street",Munich,Bavaria,"80331",Germany
7338,"16 TechMarkt Street",Hamburg,Hamburg,"20095",Germany
7339,"33 TechMarkt Street",London,England,SW1A 1AA,United Kingdom
7340,"50 TechMarkt Street",Paris,Île-de-France,"75001",France
7341,"67 TechMarkt Street",Amsterdam,North Holland,"1012",Netherlands
7342,"84 TechMarkt Street",Vienna,Vienna,"1010",Austria
7343,"101 TechMarkt Street",New York,New York,"10001",United States
7344,"118 TechMarkt Street",Berlin,Berlin,"10115",Germany
7345,"135 TechMarkt Street",Munich,Bavaria,"80331",Germany
7346,"152 TechMarkt Street",Hamburg,Hamburg,"20095",Germany
7347,"169 TechMarkt Street",London,England,SW1A 1AA,United Kingdom
7348,"186 TechMarkt Street",Paris,Île-de-France,"75001",France
7349,"203 TechMarkt Street",Amsterdam,North Holland,"1012",Netherlands
7350,"220 TechMarkt Street",Vienna,Vienna,"1010",Austria
7351,"237 TechMarkt Street",New York,New York,"10001",United States
7352,"254 TechMarkt Street",Berlin,Berlin,"10115",Germany
7353,"271 TechMarkt Street",Munich,Bavaria,"80331",Germany
7354,"288 TechMarkt Street",Hamburg,Hamburg,"20095",Germany
7355,"305 TechMarkt Street",London,England,SW1A 1AA,United Kingdom
7356,"322 TechMarkt Street",Paris,Île-de-France,"75001",France
7357,"339 TechMarkt Street",Amsterdam,North Holland,"1012",Netherlands
7358,"356 TechMarkt Street",Vienna,Vienna,"1010",Austria
7359,"373 TechMarkt Street",New York,New York,"10001",United States
7360,"390 TechMarkt Street",Berlin,Berlin,"10115",Germany
7361,"407 TechMarkt Street",Munich,Bavaria,"80331",Germany
7362,"424 TechMarkt Street",Hamburg,Hamburg,"20095",Germany
7363,"441 TechMarkt Street",London,England,SW1A 1AA,United Kingdom
7364,"458 TechMarkt Street",Paris,Île-de-France,"75001",France
7365,"475 TechMarkt Street",Amsterdam,North Holland,"1012",Netherlands
7366,"492 TechMarkt Street",Vienna,Vienna,"1010",Austria
7367,"509 TechMarkt Street",New York,New York,"10001",United States
7368,"526 TechMarkt Street",Berlin,Berlin,"10115",Germany
7369,"543 TechMarkt Street",Munich,Bavaria,"80331",Germany
7370,"560 TechMarkt Street",Hamburg,Hamburg,"20095",Germany
7371,"577 TechMarkt Street",London,England,SW1A 1AA,United Kingdom
7372,"594 TechMarkt Street",Paris,Île-de-France,"75001",France
7373,"611 TechMarkt Street",Amsterdam,North Holland,"1012",Netherlands
7374,"628 TechMarkt Street",Vienna,Vienna,"1010",Austria
7375,"645 TechMarkt Street",New York,New York,"10001",United States
7376,"662 TechMarkt Street",Berlin,Berlin,"10115",Germany
7377,"679 TechMarkt Street",Munich,Bavaria,"80331",Germany
7378,"696 TechMarkt Street",Hamburg,Hamburg,"20095",Germany
7379,"713 TechMarkt Street",London,England,SW1A 1AA,United Kingdom
7380,"730 TechMarkt Street",Paris,Île-de-France,"75001",France
7381,"747 TechMarkt Street",Amsterdam,North Holland,"1012",Netherlands
7382,"764 TechMarkt Street",Vienna,Vienna,"1010",Austria
7383,"781 TechMarkt Street",New York,New York,"10001",United States
7384,"798 TechMarkt Street",Berlin,Berlin,"10115",Germany
7385,"815 TechMarkt Street",Munich,Bavaria,"80331",Germany
7386,"832 TechMarkt Street",Hamburg,Hamburg,"20095",Germany
7387,"849 TechMarkt Street",London,England,SW1A 1AA,United Kingdom
7388,"866 TechMarkt Street",Paris,Île-de-France,"75001",France
7389,"883 TechMarkt Street",Amsterdam,North Holland,"1012",Netherlands
7390,"900 TechMarkt Street",Vienna,Vienna,"1010",Austria
7391,"917 TechMarkt Street",New York,New York,"10001",United States
7392,"934 TechMarkt Street",Berlin,Berlin,"10115",Germany
7393,"951 TechMarkt Street",Munich,Bavaria,"80331",Germany
7394,"968 TechMarkt Street",Hamburg,Hamburg,"20095",Germany
7395,"985 TechMarkt Street",London,England,SW1A 1AA,United Kingdom
7396,"12 TechMarkt Street",Paris,Île-de-France,"75001",France
7397,"29 TechMarkt Street",Amsterdam,North Holland,"1012",Netherlands
7398,"46 TechMarkt Street",Vienna,Vienna,"1010",Austria
7399,"63 TechMarkt Street",New York,New York,"10001",United States
7400,"80 TechMarkt Street",Berlin,Berlin,"10115",Germany
7401,"97 TechMarkt Street",Munich,Bavaria,"80331",Germany
7402,"114 TechMarkt Street",Hamburg,Hamburg,"20095",Germany
7403,"131 TechMarkt Street",London,England,SW1A 1AA,United Kingdom
7404,"148 TechMarkt Street",Paris,Île-de-France,"75001",France
7405,"165 TechMarkt Street",Amsterdam,North Holland,"1012",Netherlands
7406,"182 TechMarkt Street",Vienna,Vienna,"1010",Austria
7407,"199 TechMarkt Street",New York,New York,"10001",United States
7408,"216 TechMarkt Street",Berlin,Berlin,"10115",Germany
7409,"233 TechMarkt Street",Munich,Bavaria,"80331",Germany
7410,"250 TechMarkt Street",Hamburg,Hamburg,"20095",Germany
7411,"267 TechMarkt Street",London,England,SW1A 1AA,United Kingdom
7412,"284 TechMarkt Street",Paris,Île-de-France,"75001",France
7413,"301 TechMarkt Street",Amsterdam,North Holland,"1012",Netherlands
7414,"318 TechMarkt Street",Vienna,Vienna,"1010",Austria
7415,"335 TechMarkt Street",New York,New York,"10001",United States
7416,"352 TechMarkt Street",Berlin,Berlin,"10115",Germany
7417,"369 TechMarkt Street",Munich,Bavaria,"80331",Germany
7418,"386 TechMarkt Street",Hamburg,Hamburg,"20095",Germany
7419,"403 TechMarkt Street",London,England,SW1A 1AA,United Kingdom
7420,"420 TechMarkt Street",Paris,Île-de-France,"75001",France
7421,"437 TechMarkt Street",Amsterdam,North Holland,"1012",Netherlands
7422,"454 TechMarkt Street",Vienna,Vienna,"1010",Austria
7423,"471 TechMarkt Street",New York,New York,"10001",United States
7424,"488 TechMarkt Street",Berlin,Berlin,"10115",Germany
7425,"505 TechMarkt Street",Munich,Bavaria,"80331",Germany
7426,"522 TechMarkt Street",Hamburg,Hamburg,"20095",Germany
7427,"539 TechMarkt Street",London,England,SW1A 1AA,United Kingdom
7428,"556 TechMarkt Street",Paris,Île-de-France,"75001",France
7429,"573 TechMarkt Street",Amsterdam,North Holland,"1012",Netherlands
7430,"590 TechMarkt Street",Vienna,Vienna,"1010",Austria
7431,"607 TechMarkt Street",New York,New York,"10001",United States
7432,"624 TechMarkt Street",Berlin,Berlin,"10115",Germany
7433,"641 TechMarkt Street",Munich,Bavaria,"80331",Germany
7434,"658 TechMarkt Street",Hamburg,Hamburg,"20095",Germany
7435,"675 TechMarkt Street",London,England,SW1A 1AA,United Kingdom
7436,"692 TechMarkt Street",Paris,Île-de-France,"75001",France
7437,"709 TechMarkt Street",Amsterdam,North Holland,"1012",Netherlands
7438,"726 TechMarkt Street",Vienna,Vienna,"1010",Austria
7439,"743 TechMarkt Street",New York,New York,"10001",United States
7440,"760 TechMarkt Street",Berlin,Berlin,"10115",Germany
7441,"777 TechMarkt Street",Munich,Bavaria,"80331",Germany
7442,"794 TechMarkt Street",Hamburg,Hamburg,"20095",Germany
7443,"811 TechMarkt Street",London,England,SW1A 1AA,United Kingdom
7444,"828 TechMarkt Street",Paris,Île-de-France,"75001",France
7445,"845 TechMarkt Street",Amsterdam,North Holland,"1012",Netherlands
7446,"862 TechMarkt Street",Vienna,Vienna,"1010",Austria
7447,"879 TechMarkt Street",New York,New York,"10001",United States
7448,"896 TechMarkt Street",Berlin,Berlin,"10115",Germany
7449,"913 TechMarkt Street",Munich,Bavaria,"80331",Germany
7450,"930 TechMarkt Street",Hamburg,Hamburg,"20095",Germany
7451,"947 TechMarkt Street",London,England,SW1A 1AA,United Kingdom
7452,"964 TechMarkt Street",Paris,Île-de-France,"75001",France
7453,"981 TechMarkt Street",Amsterdam,North Holland,"1012",Netherlands
7454,"998 TechMarkt Street",Vienna,Vienna,"1010",Austria
7455,"25 TechMarkt Street",New York,New York,"10001",United States
7456,"42 TechMarkt Street",Berlin,Berlin,"10115",Germany
7457,"59 TechMarkt Street",Munich,Bavaria,"80331",Germany
7458,"76 TechMarkt Street",Hamburg,Hamburg,"20095",Germany
7459,"93 TechMarkt Street",London,England,SW1A 1AA,United Kingdom
7460,"110 TechMarkt Street",Paris,Île-de-France,"75001",France
7461,"127 TechMarkt Street",Amsterdam,North Holland,"1012",Netherlands
7462,"144 TechMarkt Street",Vienna,Vienna,"1010",Austria
7463,"161 TechMarkt Street",New York,New York,"10001",United States
7464,"178 TechMarkt Street",Berlin,Berlin,"10115",Germany
7465,"195 TechMarkt Street",Munich,Bavaria,"80331",Germany
7466,"212 TechMarkt Street",Hamburg,Hamburg,"20095",Germany
7467,"229 TechMarkt Street",London,England,SW1A 1AA,United Kingdom
7468,"246 TechMarkt Street",Paris,Île-de-France,"75001",France
7469,"263 TechMarkt Street",Amsterdam,North Holland,"1012",Netherlands
7470,"280 TechMarkt Street",Vienna,Vienna,"1010",Austria
7471,"297 TechMarkt Street",New York,New York,"10001",United States
7472,"314 TechMarkt Street",Berlin,Berlin,"10115",Germany
7473,"331 TechMarkt Street",Munich,Bavaria,"80331",Germany
7474,"348 TechMarkt Street",Hamburg,Hamburg,"20095",Germany
7475,"365 TechMarkt Street",London,England,SW1A 1AA,United Kingdom
7476,"382 TechMarkt Street",Paris,Île-de-France,"75001",France
7477,"399 TechMarkt Street",Amsterdam,North Holland,"1012",Netherlands
7478,"416 TechMarkt Street",Vienna,Vienna,"1010",Austria
7479,"433 TechMarkt Street",New York,New York,"10001",United States
7480,"450 TechMarkt Street",Berlin,Berlin,"10115",Germany
7481,"467 TechMarkt Street",Munich,Bavaria,"80331",Germany
7482,"484 TechMarkt Street",Hamburg,Hamburg,"20095",Germany
7483,"501 TechMarkt Street",London,England,SW1A 1AA,United Kingdom
7484,"518 TechMarkt Street",Paris,Île-de-France,"75001",France
7485,"535 TechMarkt Street",Amsterdam,North Holland,"1012",Netherlands
7486,"552 TechMarkt Street",Vienna,Vienna,"1010",Austria
7487,"569 TechMarkt Street",New York,New York,"10001",United States
7488,"586 TechMarkt Street",Berlin,Berlin,"10115",Germany
7489,"603 TechMarkt Street",Munich,Bavaria,"80331",Germany
7490,"620 TechMarkt Street",Hamburg,Hamburg,"20095",Germany
7491,"637 TechMarkt Street",London,England,SW1A 1AA,United Kingdom
7492,"654 TechMarkt Street",Paris,Île-de-France,"75001",France
7493,"671 TechMarkt Street",Amsterdam,North Holland,"1012",Netherlands
7494,"688 TechMarkt Street",Vienna,Vienna,"1010",Austria
7495,"705 TechMarkt Street",New York,New York,"10001",United States
7496,"722 TechMarkt Street",Berlin,Berlin,"10115",Germany
7497,"739 TechMarkt Street",Munich,Bavaria,"80331",Germany
7498,"756 TechMarkt Street",Hamburg,Hamburg,"20095",Germany
7499,"773 TechMarkt Street",London,England,SW1A 1AA,United Kingdom
7500,"790 TechMarkt Street",Paris,Île-de-France,"75001",France
7501,"807 TechMarkt Street",Amsterdam,North Holland,"1012",Netherlands
7502,"824 TechMarkt Street",Vienna,Vienna,"1010",Austria
7503,"841 TechMarkt Street",New York,New York,"10001",United States
7504,"858 TechMarkt Street",Berlin,Berlin,"10115",Germany
7505,"875 TechMarkt Street",Munich,Bavaria,"80331",Germany
7506,"892 TechMarkt Street",Hamburg,Hamburg,"20095",Germany
7507,"909 TechMarkt Street",London,England,SW1A 1AA,United Kingdom
7508,"926 TechMarkt Street",Paris,Île-de-France,"75001",France
7509,"943 TechMarkt Street",Amsterdam,North Holland,"1012",Netherlands
7510,"960 TechMarkt Street",Vienna,Vienna,"1010",Austria
7511,"977 TechMarkt Street",New York,New York,"10001",United States
7512,"994 TechMarkt Street",Berlin,Berlin,"10115",Germany
7513,"21 TechMarkt Street",Munich,Bavaria,"80331",Germany
7514,"38 TechMarkt Street",Hamburg,Hamburg,"20095",Germany
7515,"55 TechMarkt Street",London,England,SW1A 1AA,United Kingdom
7516,"72 TechMarkt Street",Paris,Île-de-France,"75001",France
7517,"89 TechMarkt Street",Amsterdam,North Holland,"1012",Netherlands
7518,"106 TechMarkt Street",Vienna,Vienna,"1010",Austria
7519,"123 TechMarkt Street",New York,New York,"10001",United States
7520,"140 TechMarkt Street",Berlin,Berlin,"10115",Germany
7521,"157 TechMarkt Street",Munich,Bavaria,"80331",Germany
7522,"174 TechMarkt Street",Hamburg,Hamburg,"20095",Germany
7523,"191 TechMarkt Street",London,England,SW1A 1AA,United Kingdom
7524,"208 TechMarkt Street",Paris,Île-de-France,"75001",France
7525,"225 TechMarkt Street",Amsterdam,North Holland,"1012",Netherlands
7526,"242 TechMarkt Street",Vienna,Vienna,"1010",Austria
7527,"259 TechMarkt Street",New York,New York,"10001",United States
7528,"276 TechMarkt Street",Berlin,Berlin,"10115",Germany
7529,"293 TechMarkt Street",Munich,Bavaria,"80331",Germany
7530,"310 TechMarkt Street",Hamburg,Hamburg,"20095",Germany
7531,"327 TechMarkt Street",London,England,SW1A 1AA,United Kingdom
7532,"344 TechMarkt Street",Paris,Île-de-France,"75001",France
7533,"361 TechMarkt Street",Amsterdam,North Holland,"1012",Netherlands
7534,"378 TechMarkt Street",Vienna,Vienna,"1010",Austria
7535,"395 TechMarkt Street",New York,New York,"10001",United States
7536,"412 TechMarkt Street",Berlin,Berlin,"10115",Germany
7537,"429 TechMarkt Street",Munich,Bavaria,"80331",Germany
7538,"446 TechMarkt Street",Hamburg,Hamburg,"20095",Germany
7539,"463 TechMarkt Street",London,England,SW1A 1AA,United Kingdom
7540,"480 TechMarkt Street",Paris,Île-de-France,"75001",France
7541,"497 TechMarkt Street",Amsterdam,North Holland,"1012",Netherlands
7542,"514 TechMarkt Street",Vienna,Vienna,"1010",Austria
7543,"531 TechMarkt Street",New York,New York,"10001",United States
7544,"548 TechMarkt Street",Berlin,Berlin,"10115",Germany
7545,"565 TechMarkt Street",Munich,Bavaria,"80331",Germany
7546,"582 TechMarkt Street",Hamburg,Hamburg,"20095",Germany
7547,"599 TechMarkt Street",London,England,SW1A 1AA,United Kingdom
7548,"616 TechMarkt Street",Paris,Île-de-France,"75001",France
7549,"633 TechMarkt Street",Amsterdam,North Holland,"1012",Netherlands
7550,"650 TechMarkt Street",Vienna,Vienna,"1010",Austria
7551,"667 TechMarkt Street",New York,New York,"10001",United States
7552,"684 TechMarkt Street",Berlin,Berlin,"10115",Germany
7553,"701 TechMarkt Street",Munich,Bavaria,"80331",Germany
7554,"718 TechMarkt Street",Hamburg,Hamburg,"20095",Germany
7555,"735 TechMarkt Street",London,England,SW1A 1AA,United Kingdom
7556,"752 TechMarkt Street",Paris,Île-de-France,"75001",France
7557,"769 TechMarkt Street",Amsterdam,North Holland,"1012",Netherlands
7558,"786 TechMarkt Street",Vienna,Vienna,"1010",Austria
7559,"803 TechMarkt Street",New York,New York,"10001",United States
7560,"820 TechMarkt Street",Berlin,Berlin,"10115",Germany
7561,"837 TechMarkt Street",Munich,Bavaria,"80331",Germany
7562,"854 TechMarkt Street",Hamburg,Hamburg,"20095",Germany
7563,"871 TechMarkt Street",London,England,SW1A 1AA,United Kingdom
7564,"888 TechMarkt Street",Paris,Île-de-France,"75001",France
7565,"905 TechMarkt Street",Amsterdam,North Holland,"1012",Netherlands
7566,"922 TechMarkt Street",Vienna,Vienna,"1010",Austria
7567,"939 TechMarkt Street",New York,New York,"10001",United States
7568,"956 TechMarkt Street",Berlin,Berlin,"10115",Germany
7569,"973 TechMarkt Street",Munich,Bavaria,"80331",Germany
7570,"990 TechMarkt Street",Hamburg,Hamburg,"20095",Germany
7571,"17 TechMarkt Street",London,England,SW1A 1AA,United Kingdom
7572,"34 TechMarkt Street",Paris,Île-de-France,"75001",France
7573,"51 TechMarkt Street",Amsterdam,North Holland,"1012",Netherlands
7574,"68 TechMarkt Street",Vienna,Vienna,"1010",Austria
7575,"85 TechMarkt Street",New York,New York,"10001",United States
7576,"102 TechMarkt Street",Berlin,Berlin,"10115",Germany
7577,"119 TechMarkt Street",Munich,Bavaria,"80331",Germany
7578,"136 TechMarkt Street",Hamburg,Hamburg,"20095",Germany
7579,"153 TechMarkt Street",London,England,SW1A 1AA,United Kingdom
7580,"170 TechMarkt Street",Paris,Île-de-France,"75001",France
7581,"187 TechMarkt Street",Amsterdam,North Holland,"1012",Netherlands
7582,"204 TechMarkt Street",Vienna,Vienna,"1010",Austria
7583,"221 TechMarkt Street",New York,New York,"10001",United States
7584,"238 TechMarkt Street",Berlin,Berlin,"10115",Germany
7585,"255 TechMarkt Street",Munich,Bavaria,"80331",Germany
7586,"272 TechMarkt Street",Hamburg,Hamburg,"20095",Germany
7587,"289 TechMarkt Street",London,England,SW1A 1AA,United Kingdom
7588,"306 TechMarkt Street",Paris,Île-de-France,"75001",France
7589,"323 TechMarkt Street",Amsterdam,North Holland,"1012",Netherlands
7590,"340 TechMarkt Street",Vienna,Vienna,"1010",Austria
7591,"357 TechMarkt Street",New York,New York,"10001",United States
7592,"374 TechMarkt Street",Berlin,Berlin,"10115",Germany
7593,"391 TechMarkt Street",Munich,Bavaria,"80331",Germany
7594,"408 TechMarkt Street",Hamburg,Hamburg,"20095",Germany
7595,"425 TechMarkt Street",London,England,SW1A 1AA,United Kingdom
7596,"442 TechMarkt Street",Paris,Île-de-France,"75001",France
7597,"459 TechMarkt Street",Amsterdam,North Holland,"1012",Netherlands
7598,"476 TechMarkt Street",Vienna,Vienna,"1010",Austria
7599,"493 TechMarkt Street",New York,New York,"10001",United States
7600,"510 TechMarkt Street",Berlin,Berlin,"10115",Germany
7601,"527 TechMarkt Street",Munich,Bavaria,"80331",Germany
7602,"544 TechMarkt Street",Hamburg,Hamburg,"20095",Germany
7603,"561 TechMarkt Street",London,England,SW1A 1AA,United Kingdom
7604,"578 TechMarkt Street",Paris,Île-de-France,"75001",France
7605,"595 TechMarkt Street",Amsterdam,North Holland,"1012",Netherlands
7606,"612 TechMarkt Street",Vienna,Vienna,"1010",Austria
7607,"629 TechMarkt Street",New York,New York,"10001",United States
7608,"646 TechMarkt Street",Berlin,Berlin,"10115",Germany
7609,"663 TechMarkt Street",Munich,Bavaria,"80331",Germany
7610,"680 TechMarkt Street",Hamburg,Hamburg,"20095",Germany
7611,"697 TechMarkt Street",London,England,SW1A 1AA,United Kingdom
7612,"714 TechMarkt Street",Paris,Île-de-France,"75001",France
7613,"731 TechMarkt Street",Amsterdam,North Holland,"1012",Netherlands
7614,"748 TechMarkt Street",Vienna,Vienna,"1010",Austria
7615,"765 TechMarkt Street",New York,New York,"10001",United States
7616,"782 TechMarkt Street",Berlin,Berlin,"10115",Germany
7617,"799 TechMarkt Street",Munich,Bavaria,"80331",Germany
7618,"816 TechMarkt Street",Hamburg,Hamburg,"20095",Germany
7619,"833 TechMarkt Street",London,England,SW1A 1AA,United Kingdom
7620,"850 TechMarkt Street",Paris,Île-de-France,"75001",France
7621,"867 TechMarkt Street",Amsterdam,North Holland,"1012",Netherlands
7622,"884 TechMarkt Street",Vienna,Vienna,"1010",Austria
7623,"901 TechMarkt Street",New York,New York,"10001",United States
7624,"918 TechMarkt Street",Berlin,Berlin,"10115",Germany
7625,"935 TechMarkt Street",Munich,Bavaria,"80331",Germany
7626,"952 TechMarkt Street",Hamburg,Hamburg,"20095",Germany
7627,"969 TechMarkt Street",London,England,SW1A 1AA,United Kingdom
7628,"986 TechMarkt Street",Paris,Île-de-France,"75001",France
7629,"13 TechMarkt Street",Amsterdam,North Holland,"1012",Netherlands
7630,"30 TechMarkt Street",Vienna,Vienna,"1010",Austria
7631,"47 TechMarkt Street",New York,New York,"10001",United States
7632,"64 TechMarkt Street",Berlin,Berlin,"10115",Germany
7633,"81 TechMarkt Street",Munich,Bavaria,"80331",Germany
7634,"98 TechMarkt Street",Hamburg,Hamburg,"20095",Germany
7635,"115 TechMarkt Street",London,England,SW1A 1AA,United Kingdom
7636,"132 TechMarkt Street",Paris,Île-de-France,"75001",France
7637,"149 TechMarkt Street",Amsterdam,North Holland,"1012",Netherlands
7638,"166 TechMarkt Street",Vienna,Vienna,"1010",Austria
7639,"183 TechMarkt Street",New York,New York,"10001",United States
7640,"200 TechMarkt Street",Berlin,Berlin,"10115",Germany
7641,"217 TechMarkt Street",Munich,Bavaria,"80331",Germany
7642,"234 TechMarkt Street",Hamburg,Hamburg,"20095",Germany
7643,"251 TechMarkt Street",London,England,SW1A 1AA,United Kingdom
7644,"268 TechMarkt Street",Paris,Île-de-France,"75001",France
7645,"285 TechMarkt Street",Amsterdam,North Holland,"1012",Netherlands
7646,"302 TechMarkt Street",Vienna,Vienna,"1010",Austria
7647,"319 TechMarkt Street",New York,New York,"10001",United States
7648,"336 TechMarkt Street",Berlin,Berlin,"10115",Germany
7649,"353 TechMarkt Street",Munich,Bavaria,"80331",Germany
7650,"370 TechMarkt Street",Hamburg,Hamburg,"20095",Germany
7651,"387 TechMarkt Street",London,England,SW1A 1AA,United Kingdom
7652,"404 TechMarkt Street",Paris,Île-de-France,"75001",France
7653,"421 TechMarkt Street",Amsterdam,North Holland,"1012",Netherlands
7654,"438 TechMarkt Street",Vienna,Vienna,"1010",Austria
7655,"455 TechMarkt Street",New York,New York,"10001",United States
7656,"472 TechMarkt Street",Berlin,Berlin,"10115",Germany
7657,"489 TechMarkt Street",Munich,Bavaria,"80331",Germany
7658,"506 TechMarkt Street",Hamburg,Hamburg,"20095",Germany
7659,"523 TechMarkt Street",London,England,SW1A 1AA,United Kingdom
7660,"540 TechMarkt Street",Paris,Île-de-France,"75001",France
7661,"557 TechMarkt Street",Amsterdam,North Holland,"1012",Netherlands
7662,"574 TechMarkt Street",Vienna,Vienna,"1010",Austria
7663,"591 TechMarkt Street",New York,New York,"10001",United States
7664,"608 TechMarkt Street",Berlin,Berlin,"10115",Germany
7665,"625 TechMarkt Street",Munich,Bavaria,"80331",Germany
7666,"642 TechMarkt Street",Hamburg,Hamburg,"20095",Germany
7667,"659 TechMarkt Street",London,England,SW1A 1AA,United Kingdom
7668,"676 TechMarkt Street",Paris,Île-de-France,"75001",France
7669,"693 TechMarkt Street",Amsterdam,North Holland,"1012",Netherlands
7670,"710 TechMarkt Street",Vienna,Vienna,"1010",Austria
7671,"727 TechMarkt Street",New York,New York,"10001",United States
7672,"744 TechMarkt Street",Berlin,Berlin,"10115",Germany
7673,"761 TechMarkt Street",Munich,Bavaria,"80331",Germany
7674,"778 TechMarkt Street",Hamburg,Hamburg,"20095",Germany
7675,"795 TechMarkt Street",London,England,SW1A 1AA,United Kingdom
7676,"812 TechMarkt Street",Paris,Île-de-France,"75001",France
7677,"829 TechMarkt Street",Amsterdam,North Holland,"1012",Netherlands
7678,"846 TechMarkt Street",Vienna,Vienna,"1010",Austria
7679,"863 TechMarkt Street",New York,New York,"10001",United States
7680,"880 TechMarkt Street",Berlin,Berlin,"10115",Germany
7681,"897 TechMarkt Street",Munich,Bavaria,"80331",Germany
7682,"914 TechMarkt Street",Hamburg,Hamburg,"20095",Germany
7683,"931 TechMarkt Street",London,England,SW1A 1AA,United Kingdom
7684,"948 TechMarkt Street",Paris,Île-de-France,"75001",France
7685,"965 TechMarkt Street",Amsterdam,North Holland,"1012",Netherlands
7686,"982 TechMarkt Street",Vienna,Vienna,"1010",Austria
7687,"999 TechMarkt Street",New York,New York,"10001",United States
7688,"26 TechMarkt Street",Berlin,Berlin,"10115",Germany
7689,"43 TechMarkt Street",Munich,Bavaria,"80331",Germany
7690,"60 TechMarkt Street",Hamburg,Hamburg,"20095",Germany
7691,"77 TechMarkt Street",London,England,SW1A 1AA,United Kingdom
7692,"94 TechMarkt Street",Paris,Île-de-France,"75001",France
7693,"111 TechMarkt Street",Amsterdam,North Holland,"1012",Netherlands
7694,"128 TechMarkt Street",Vienna,Vienna,"1010",Austria
7695,"145 TechMarkt Street",New York,New York,"10001",United States
7696,"162 TechMarkt Street",Berlin,Berlin,"10115",Germany
7697,"179 TechMarkt Street",Munich,Bavaria,"80331",Germany
7698,"196 TechMarkt Street",Hamburg,Hamburg,"20095",Germany
7699,"213 TechMarkt Street",London,England,SW1A 1AA,United Kingdom
7700,"230 TechMarkt Street",Paris,Île-de-France,"75001",France
7701,"247 TechMarkt Street",Amsterdam,North Holland,"1012",Netherlands
7702,"264 TechMarkt Street",Vienna,Vienna,"1010",Austria
7703,"281 TechMarkt Street",New York,New York,"10001",United States
7704,"298 TechMarkt Street",Berlin,Berlin,"10115",Germany
7705,"315 TechMarkt Street",Munich,Bavaria,"80331",Germany
7706,"332 TechMarkt Street",Hamburg,Hamburg,"20095",Germany
7707,"349 TechMarkt Street",London,England,SW1A 1AA,United Kingdom
7708,"366 TechMarkt Street",Paris,Île-de-France,"75001",France
7709,"383 TechMarkt Street",Amsterdam,North Holland,"1012",Netherlands
7710,"400 TechMarkt Street",Vienna,Vienna,"1010",Austria
7711,"417 TechMarkt Street",New York,New York,"10001",United States
7712,"434 TechMarkt Street",Berlin,Berlin,"10115",Germany
7713,"451 TechMarkt Street",Munich,Bavaria,"80331",Germany
7714,"468 TechMarkt Street",Hamburg,Hamburg,"20095",Germany
7715,"485 TechMarkt Street",London,England,SW1A 1AA,United Kingdom
7716,"502 TechMarkt Street",Paris,Île-de-France,"75001",France
7717,"519 TechMarkt Street",Amsterdam,North Holland,"1012",Netherlands
7718,"536 TechMarkt Street",Vienna,Vienna,"1010",Austria
7719,"553 TechMarkt Street",New York,New York,"10001",United States
7720,"570 TechMarkt Street",Berlin,Berlin,"10115",Germany
7721,"587 TechMarkt Street",Munich,Bavaria,"80331",Germany
7722,"604 TechMarkt Street",Hamburg,Hamburg,"20095",Germany
7723,"621 TechMarkt Street",London,England,SW1A 1AA,United Kingdom
7724,"638 TechMarkt Street",Paris,Île-de-France,"75001",France
7725,"655 TechMarkt Street",Amsterdam,North Holland,"1012",Netherlands
7726,"672 TechMarkt Street",Vienna,Vienna,"1010",Austria
7727,"689 TechMarkt Street",New York,New York,"10001",United States
7728,"706 TechMarkt Street",Berlin,Berlin,"10115",Germany
7729,"723 TechMarkt Street",Munich,Bavaria,"80331",Germany
7730,"740 TechMarkt Street",Hamburg,Hamburg,"20095",Germany
7731,"757 TechMarkt Street",London,England,SW1A 1AA,United Kingdom
7732,"774 TechMarkt Street",Paris,Île-de-France,"75001",France
7733,"791 TechMarkt Street",Amsterdam,North Holland,"1012",Netherlands
7734,"808 TechMarkt Street",Vienna,Vienna,"1010",Austria
7735,"825 TechMarkt Street",New York,New York,"10001",United States
7736,"842 TechMarkt Street",Berlin,Berlin,"10115",Germany
7737,"859 TechMarkt Street",Munich,Bavaria,"80331",Germany
7738,"876 TechMarkt Street",Hamburg,Hamburg,"20095",Germany
7739,"893 TechMarkt Street",London,England,SW1A 1AA,United Kingdom
7740,"910 TechMarkt Street",Paris,Île-de-France,"75001",France
7741,"927 TechMarkt Street",Amsterdam,North Holland,"1012",Netherlands
7742,"944 TechMarkt Street",Vienna,Vienna,"1010",Austria
7743,"961 TechMarkt Street",New York,New York,"10001",United States
7744,"978 TechMarkt Street",Berlin,Berlin,"10115",Germany
7745,"995 TechMarkt Street",Munich,Bavaria,"80331",Germany
7746,"22 TechMarkt Street",Hamburg,Hamburg,"20095",Germany
7747,"39 TechMarkt Street",London,England,SW1A 1AA,United Kingdom
7748,"56 TechMarkt Street",Paris,Île-de-France,"75001",France
7749,"73 TechMarkt Street",Amsterdam,North Holland,"1012",Netherlands
7750,"90 TechMarkt Street",Vienna,Vienna,"1010",Austria
7751,"107 TechMarkt Street",New York,New York,"10001",United States
7752,"124 TechMarkt Street",Berlin,Berlin,"10115",Germany
7753,"141 TechMarkt Street",Munich,Bavaria,"80331",Germany
7754,"158 TechMarkt Street",Hamburg,Hamburg,"20095",Germany
7755,"175 TechMarkt Street",London,England,SW1A 1AA,United Kingdom
7756,"192 TechMarkt Street",Paris,Île-de-France,"75001",France
7757,"209 TechMarkt Street",Amsterdam,North Holland,"1012",Netherlands
7758,"226 TechMarkt Street",Vienna,Vienna,"1010",Austria
7759,"243 TechMarkt Street",New York,New York,"10001",United States
7760,"260 TechMarkt Street",Berlin,Berlin,"10115",Germany
7761,"277 TechMarkt Street",Munich,Bavaria,"80331",Germany
7762,"294 TechMarkt Street",Hamburg,Hamburg,"20095",Germany
7763,"311 TechMarkt Street",London,England,SW1A 1AA,United Kingdom
7764,"328 TechMarkt Street",Paris,Île-de-France,"75001",France
7765,"345 TechMarkt Street",Amsterdam,North Holland,"1012",Netherlands
7766,"362 TechMarkt Street",Vienna,Vienna,"1010",Austria
7767,"379 TechMarkt Street",New York,New York,"10001",United States
7768,"396 TechMarkt Street",Berlin,Berlin,"10115",Germany
7769,"413 TechMarkt Street",Munich,Bavaria,"80331",Germany
7770,"430 TechMarkt Street",Hamburg,Hamburg,"20095",Germany
7771,"447 TechMarkt Street",London,England,SW1A 1AA,United Kingdom
7772,"464 TechMarkt Street",Paris,Île-de-France,"75001",France
7773,"481 TechMarkt Street",Amsterdam,North Holland,"1012",Netherlands
7774,"498 TechMarkt Street",Vienna,Vienna,"1010",Austria
7775,"515 TechMarkt Street",New York,New York,"10001",United States
7776,"532 TechMarkt Street",Berlin,Berlin,"10115",Germany
7777,"549 TechMarkt Street",Munich,Bavaria,"80331",Germany
7778,"566 TechMarkt Street",Hamburg,Hamburg,"20095",Germany
7779,"583 TechMarkt Street",London,England,SW1A 1AA,United Kingdom
7780,"600 TechMarkt Street",Paris,Île-de-France,"75001",France
7781,"617 TechMarkt Street",Amsterdam,North Holland,"1012",Netherlands
7782,"634 TechMarkt Street",Vienna,Vienna,"1010",Austria
7783,"651 TechMarkt Street",New York,New York,"10001",United States
7784,"668 TechMarkt Street",Berlin,Berlin,"10115",Germany
7785,"685 TechMarkt Street",Munich,Bavaria,"80331",Germany
7786,"702 TechMarkt Street",Hamburg,Hamburg,"20095",Germany
7787,"719 TechMarkt Street",London,England,SW1A 1AA,United Kingdom
7788,"736 TechMarkt Street",Paris,Île-de-France,"75001",France
7789,"753 TechMarkt Street",Amsterdam,North Holland,"1012",Netherlands
7790,"770 TechMarkt Street",Vienna,Vienna,"1010",Austria
7791,"787 TechMarkt Street",New York,New York,"10001",United States
7792,"804 TechMarkt Street",Berlin,Berlin,"10115",Germany
7793,"821 TechMarkt Street",Munich,Bavaria,"80331",Germany
7794,"838 TechMarkt Street",Hamburg,Hamburg,"20095",Germany
7795,"855 TechMarkt Street",London,England,SW1A 1AA,United Kingdom
7796,"872 TechMarkt Street",Paris,Île-de-France,"75001",France
7797,"889 TechMarkt Street",Amsterdam,North Holland,"1012",Netherlands
7798,"906 TechMarkt Street",Vienna,Vienna,"1010",Austria
7799,"923 TechMarkt Street",New York,New York,"10001",United States
7800,"940 TechMarkt Street",Berlin,Berlin,"10115",Germany
7801,"957 TechMarkt Street",Munich,Bavaria,"80331",Germany
7802,"974 TechMarkt Street",Hamburg,Hamburg,"20095",Germany
7803,"991 TechMarkt Street",London,England,SW1A 1AA,United Kingdom
7804,"18 TechMarkt Street",Paris,Île-de-France,"75001",France
7805,"35 TechMarkt Street",Amsterdam,North Holland,"1012",Netherlands
7806,"52 TechMarkt Street",Vienna,Vienna,"1010",Austria
7807,"69 TechMarkt Street",New York,New York,"10001",United States
7808,"86 TechMarkt Street",Berlin,Berlin,"10115",Germany
7809,"103 TechMarkt Street",Munich,Bavaria,"80331",Germany
7810,"120 TechMarkt Street",Hamburg,Hamburg,"20095",Germany
7811,"137 TechMarkt Street",London,England,SW1A 1AA,United Kingdom
7812,"154 TechMarkt Street",Paris,Île-de-France,"75001",France
7813,"171 TechMarkt Street",Amsterdam,North Holland,"1012",Netherlands
7814,"188 TechMarkt Street",Vienna,Vienna,"1010",Austria
7815,"205 TechMarkt Street",New York,New York,"10001",United States
7816,"222 TechMarkt Street",Berlin,Berlin,"10115",Germany
7817,"239 TechMarkt Street",Munich,Bavaria,"80331",Germany
7818,"256 TechMarkt Street",Hamburg,Hamburg,"20095",Germany
7819,"273 TechMarkt Street",London,England,SW1A 1AA,United Kingdom
7820,"290 TechMarkt Street",Paris,Île-de-France,"75001",France
7821,"307 TechMarkt Street",Amsterdam,North Holland,"1012",Netherlands
7822,"324 TechMarkt Street",Vienna,Vienna,"1010",Austria
7823,"341 TechMarkt Street",New York,New York,"10001",United States
7824,"358 TechMarkt Street",Berlin,Berlin,"10115",Germany
7825,"375 TechMarkt Street",Munich,Bavaria,"80331",Germany
7826,"392 TechMarkt Street",Hamburg,Hamburg,"20095",Germany
7827,"409 TechMarkt Street",London,England,SW1A 1AA,United Kingdom
7828,"426 TechMarkt Street",Paris,Île-de-France,"75001",France
7829,"443 TechMarkt Street",Amsterdam,North Holland,"1012",Netherlands
7830,"460 TechMarkt Street",Vienna,Vienna,"1010",Austria
7831,"477 TechMarkt Street",New York,New York,"10001",United States
7832,"494 TechMarkt Street",Berlin,Berlin,"10115",Germany
7833,"511 TechMarkt Street",Munich,Bavaria,"80331",Germany
7834,"528 TechMarkt Street",Hamburg,Hamburg,"20095",Germany
7835,"545 TechMarkt Street",London,England,SW1A 1AA,United Kingdom
7836,"562 TechMarkt Street",Paris,Île-de-France,"75001",France
7837,"579 TechMarkt Street",Amsterdam,North Holland,"1012",Netherlands
7838,"596 TechMarkt Street",Vienna,Vienna,"1010",Austria
7839,"613 TechMarkt Street",New York,New York,"10001",United States
7840,"630 TechMarkt Street",Berlin,Berlin,"10115",Germany
7841,"647 TechMarkt Street",Munich,Bavaria,"80331",Germany
7842,"664 TechMarkt Street",Hamburg,Hamburg,"20095",Germany
7843,"681 TechMarkt Street",London,England,SW1A 1AA,United Kingdom
7844,"698 TechMarkt Street",Paris,Île-de-France,"75001",France
7845,"715 TechMarkt Street",Amsterdam,North Holland,"1012",Netherlands
7846,"732 TechMarkt Street",Vienna,Vienna,"1010",Austria
7847,"749 TechMarkt Street",New York,New York,"10001",United States
7848,"766 TechMarkt Street",Berlin,Berlin,"10115",Germany
7849,"783 TechMarkt Street",Munich,Bavaria,"80331",Germany
7850,"800 TechMarkt Street",Hamburg,Hamburg,"20095",Germany
7851,"817 TechMarkt Street",London,England,SW1A 1AA,United Kingdom
7852,"834 TechMarkt Street",Paris,Île-de-France,"75001",France
7853,"851 TechMarkt Street",Amsterdam,North Holland,"1012",Netherlands
7854,"868 TechMarkt Street",Vienna,Vienna,"1010",Austria
7855,"885 TechMarkt Street",New York,New York,"10001",United States
7856,"902 TechMarkt Street",Berlin,Berlin,"10115",Germany
7857,"919 TechMarkt Street",Munich,Bavaria,"80331",Germany
7858,"936 TechMarkt Street",Hamburg,Hamburg,"20095",Germany
7859,"953 TechMarkt Street",London,England,SW1A 1AA,United Kingdom
7860,"970 TechMarkt Street",Paris,Île-de-France,"75001",France
7861,"987 TechMarkt Street",Amsterdam,North Holland,"1012",Netherlands
7862,"14 TechMarkt Street",Vienna,Vienna,"1010",Austria
7863,"31 TechMarkt Street",New York,New York,"10001",United States
7864,"48 TechMarkt Street",Berlin,Berlin,"10115",Germany
7865,"65 TechMarkt Street",Munich,Bavaria,"80331",Germany
7866,"82 TechMarkt Street",Hamburg,Hamburg,"20095",Germany
7867,"99 TechMarkt Street",London,England,SW1A 1AA,United Kingdom
7868,"116 TechMarkt Street",Paris,Île-de-France,"75001",France
7869,"133 TechMarkt Street",Amsterdam,North Holland,"1012",Netherlands
7870,"150 TechMarkt Street",Vienna,Vienna,"1010",Austria
7871,"167 TechMarkt Street",New York,New York,"10001",United States
7872,"184 TechMarkt Street",Berlin,Berlin,"10115",Germany
7873,"201 TechMarkt Street",Munich,Bavaria,"80331",Germany
7874,"218 TechMarkt Street",Hamburg,Hamburg,"20095",Germany
7875,"235 TechMarkt Street",London,England,SW1A 1AA,United Kingdom
7876,"252 TechMarkt Street",Paris,Île-de-France,"75001",France
7877,"269 TechMarkt Street",Amsterdam,North Holland,"1012",Netherlands
7878,"286 TechMarkt Street",Vienna,Vienna,"1010",Austria
7879,"303 TechMarkt Street",New York,New York,"10001",United States
7880,"320 TechMarkt Street",Berlin,Berlin,"10115",Germany
7881,"337 TechMarkt Street",Munich,Bavaria,"80331",Germany
7882,"354 TechMarkt Street",Hamburg,Hamburg,"20095",Germany
7883,"371 TechMarkt Street",London,England,SW1A 1AA,United Kingdom
7884,"388 TechMarkt Street",Paris,Île-de-France,"75001",France
7885,"405 TechMarkt Street",Amsterdam,North Holland,"1012",Netherlands
7886,"422 TechMarkt Street",Vienna,Vienna,"1010",Austria
7887,"439 TechMarkt Street",New York,New York,"10001",United States
7888,"456 TechMarkt Street",Berlin,Berlin,"10115",Germany
7889,"473 TechMarkt Street",Munich,Bavaria,"80331",Germany
7890,"490 TechMarkt Street",Hamburg,Hamburg,"20095",Germany
7891,"507 TechMarkt Street",London,England,SW1A 1AA,United Kingdom
7892,"524 TechMarkt Street",Paris,Île-de-France,"75001",France
7893,"541 TechMarkt Street",Amsterdam,North Holland,"1012",Netherlands
7894,"558 TechMarkt Street",Vienna,Vienna,"1010",Austria
7895,"575 TechMarkt Street",New York,New York,"10001",United States
7896,"592 TechMarkt Street",Berlin,Berlin,"10115",Germany
7897,"609 TechMarkt Street",Munich,Bavaria,"80331",Germany
7898,"626 TechMarkt Street",Hamburg,Hamburg,"20095",Germany
7899,"643 TechMarkt Street",London,England,SW1A 1AA,United Kingdom
7900,"660 TechMarkt Street",Paris,Île-de-France,"75001",France
7901,"677 TechMarkt Street",Amsterdam,North Holland,"1012",Netherlands
7902,"694 TechMarkt Street",Vienna,Vienna,"1010",Austria
7903,"711 TechMarkt Street",New York,New York,"10001",United States
7904,"728 TechMarkt Street",Berlin,Berlin,"10115",Germany
7905,"745 TechMarkt Street",Munich,Bavaria,"80331",Germany
7906,"762 TechMarkt Street",Hamburg,Hamburg,"20095",Germany
7907,"779 TechMarkt Street",London,England,SW1A 1AA,United Kingdom
7908,"796 TechMarkt Street",Paris,Île-de-France,"75001",France
7909,"813 TechMarkt Street",Amsterdam,North Holland,"1012",Netherlands
7910,"830 TechMarkt Street",Vienna,Vienna,"1010",Austria
7911,"847 TechMarkt Street",New York,New York,"10001",United States
7912,"864 TechMarkt Street",Berlin,Berlin,"10115",Germany
7913,"881 TechMarkt Street",Munich,Bavaria,"80331",Germany
7914,"898 TechMarkt Street",Hamburg,Hamburg,"20095",Germany
7915,"915 TechMarkt Street",London,England,SW1A 1AA,United Kingdom
7916,"932 TechMarkt Street",Paris,Île-de-France,"75001",France
7917,"949 TechMarkt Street",Amsterdam,North Holland,"1012",Netherlands
7918,"966 TechMarkt Street",Vienna,Vienna,"1010",Austria
7919,"983 TechMarkt Street",New York,New York,"10001",United States
7920,"10 TechMarkt Street",Berlin,Berlin,"10115",Germany
7921,"27 TechMarkt Street",Munich,Bavaria,"80331",Germany
7922,"44 TechMarkt Street",Hamburg,Hamburg,"20095",Germany
7923,"61 TechMarkt Street",London,England,SW1A 1AA,United Kingdom
7924,"78 TechMarkt Street",Paris,Île-de-France,"75001",France
7925,"95 TechMarkt Street",Amsterdam,North Holland,"1012",Netherlands
7926,"112 TechMarkt Street",Vienna,Vienna,"1010",Austria
7927,"129 TechMarkt Street",New York,New York,"10001",United States
7928,"146 TechMarkt Street",Berlin,Berlin,"10115",Germany
7929,"163 TechMarkt Street",Munich,Bavaria,"80331",Germany
7930,"180 TechMarkt Street",Hamburg,Hamburg,"20095",Germany
7931,"197 TechMarkt Street",London,England,SW1A 1AA,United Kingdom
7932,"214 TechMarkt Street",Paris,Île-de-France,"75001",France
7933,"231 TechMarkt Street",Amsterdam,North Holland,"1012",Netherlands
7934,"248 TechMarkt Street",Vienna,Vienna,"1010",Austria
7935,"265 TechMarkt Street",New York,New York,"10001",United States
7936,"282 TechMarkt Street",Berlin,Berlin,"10115",Germany
7937,"299 TechMarkt Street",Munich,Bavaria,"80331",Germany
7938,"316 TechMarkt Street",Hamburg,Hamburg,"20095",Germany
7939,"333 TechMarkt Street",London,England,SW1A 1AA,United Kingdom
7940,"350 TechMarkt Street",Paris,Île-de-France,"75001",France
7941,"367 TechMarkt Street",Amsterdam,North Holland,"1012",Netherlands
7942,"384 TechMarkt Street",Vienna,Vienna,"1010",Austria
7943,"401 TechMarkt Street",New York,New York,"10001",United States
7944,"418 TechMarkt Street",Berlin,Berlin,"10115",Germany
7945,"435 TechMarkt Street",Munich,Bavaria,"80331",Germany
7946,"452 TechMarkt Street",Hamburg,Hamburg,"20095",Germany
7947,"469 TechMarkt Street",London,England,SW1A 1AA,United Kingdom
7948,"486 TechMarkt Street",Paris,Île-de-France,"75001",France
7949,"503 TechMarkt Street",Amsterdam,North Holland,"1012",Netherlands
7950,"520 TechMarkt Street",Vienna,Vienna,"1010",Austria
7951,"537 TechMarkt Street",New York,New York,"10001",United States
7952,"554 TechMarkt Street",Berlin,Berlin,"10115",Germany
7953,"571 TechMarkt Street",Munich,Bavaria,"80331",Germany
7954,"588 TechMarkt Street",Hamburg,Hamburg,"20095",Germany
7955,"605 TechMarkt Street",London,England,SW1A 1AA,United Kingdom
7956,"622 TechMarkt Street",Paris,Île-de-France,"75001",France
7957,"639 TechMarkt Street",Amsterdam,North Holland,"1012",Netherlands
7958,"656 TechMarkt Street",Vienna,Vienna,"1010",Austria
7959,"673 TechMarkt Street",New York,New York,"10001",United States
7960,"690 TechMarkt Street",Berlin,Berlin,"10115",Germany
7961,"707 TechMarkt Street",Munich,Bavaria,"80331",Germany
7962,"724 TechMarkt Street",Hamburg,Hamburg,"20095",Germany
7963,"741 TechMarkt Street",London,England,SW1A 1AA,United Kingdom
7964,"758 TechMarkt Street",Paris,Île-de-France,"75001",France
7965,"775 TechMarkt Street",Amsterdam,North Holland,"1012",Netherlands
7966,"792 TechMarkt Street",Vienna,Vienna,"1010",Austria
7967,"809 TechMarkt Street",New York,New York,"10001",United States
7968,"826 TechMarkt Street",Berlin,Berlin,"10115",Germany
7969,"843 TechMarkt Street",Munich,Bavaria,"80331",Germany
7970,"860 TechMarkt Street",Hamburg,Hamburg,"20095",Germany
7971,"877 TechMarkt Street",London,England,SW1A 1AA,United Kingdom
7972,"894 TechMarkt Street",Paris,Île-de-France,"75001",France
7973,"911 TechMarkt Street",Amsterdam,North Holland,"1012",Netherlands
7974,"928 TechMarkt Street",Vienna,Vienna,"1010",Austria
7975,"945 TechMarkt Street",New York,New York,"10001",United States
7976,"962 TechMarkt Street",Berlin,Berlin,"10115",Germany
7977,"979 TechMarkt Street",Munich,Bavaria,"80331",Germany
7978,"996 TechMarkt Street",Hamburg,Hamburg,"20095",Germany
7979,"23 TechMarkt Street",London,England,SW1A 1AA,United Kingdom
7980,"40 TechMarkt Street",Paris,Île-de-France,"75001",France
7981,"57 TechMarkt Street",Amsterdam,North Holland,"1012",Netherlands
7982,"74 TechMarkt Street",Vienna,Vienna,"1010",Austria
7983,"91 TechMarkt Street",New York,New York,"10001",United States
7984,"108 TechMarkt Street",Berlin,Berlin,"10115",Germany
7985,"125 TechMarkt Street",Munich,Bavaria,"80331",Germany
7986,"142 TechMarkt Street",Hamburg,Hamburg,"20095",Germany
7987,"159 TechMarkt Street",London,England,SW1A 1AA,United Kingdom
7988,"176 TechMarkt Street",Paris,Île-de-France,"75001",France
7989,"193 TechMarkt Street",Amsterdam,North Holland,"1012",Netherlands
7990,"210 TechMarkt Street",Vienna,Vienna,"1010",Austria
7991,"227 TechMarkt Street",New York,New York,"10001",United States
7992,"244 TechMarkt Street",Berlin,Berlin,"10115",Germany
7993,"261 TechMarkt Street",Munich,Bavaria,"80331",Germany
7994,"278 TechMarkt Street",Hamburg,Hamburg,"20095",Germany
7995,"295 TechMarkt Street",London,England,SW1A 1AA,United Kingdom
7996,"312 TechMarkt Street",Paris,Île-de-France,"75001",France
7997,"329 TechMarkt Street",Amsterdam,North Holland,"1012",Netherlands
7998,"346 TechMarkt Street",Vienna,Vienna,"1010",Austria
7999,"363 TechMarkt Street",New York,New York,"10001",United States
8000,"380 TechMarkt Street",Berlin,Berlin,"10115",Germany
8001,"397 TechMarkt Street",Munich,Bavaria,"80331",Germany
8002,"414 TechMarkt Street",Hamburg,Hamburg,"20095",Germany
8003,"431 TechMarkt Street",London,England,SW1A 1AA,United Kingdom
8004,"448 TechMarkt Street",Paris,Île-de-France,"75001",France
8005,"465 TechMarkt Street",Amsterdam,North Holland,"1012",Netherlands
8006,"482 TechMarkt Street",Vienna,Vienna,"1010",Austria
8007,"499 TechMarkt Street",New York,New York,"10001",United States
8008,"516 TechMarkt Street",Berlin,Berlin,"10115",Germany
8009,"533 TechMarkt Street",Munich,Bavaria,"80331",Germany
8010,"550 TechMarkt Street",Hamburg,Hamburg,"20095",Germany
8011,"567 TechMarkt Street",London,England,SW1A 1AA,United Kingdom
8012,"584 TechMarkt Street",Paris,Île-de-France,"75001",France
8013,"601 TechMarkt Street",Amsterdam,North Holland,"1012",Netherlands
8014,"618 TechMarkt Street",Vienna,Vienna,"1010",Austria
8015,"635 TechMarkt Street",New York,New York,"10001",United States
8016,"652 TechMarkt Street",Berlin,Berlin,"10115",Germany
8017,"669 TechMarkt Street",Munich,Bavaria,"80331",Germany
8018,"686 TechMarkt Street",Hamburg,Hamburg,"20095",Germany
8019,"703 TechMarkt Street",London,England,SW1A 1AA,United Kingdom
8020,"720 TechMarkt Street",Paris,Île-de-France,"75001",France
8021,"737 TechMarkt Street",Amsterdam,North Holland,"1012",Netherlands
8022,"754 TechMarkt Street",Vienna,Vienna,"1010",Austria
8023,"771 TechMarkt Street",New York,New York,"10001",United States
8024,"788 TechMarkt Street",Berlin,Berlin,"10115",Germany
8025,"805 TechMarkt Street",Munich,Bavaria,"80331",Germany
8026,"822 TechMarkt Street",Hamburg,Hamburg,"20095",Germany
8027,"839 TechMarkt Street",London,England,SW1A 1AA,United Kingdom
8028,"856 TechMarkt Street",Paris,Île-de-France,"75001",France
8029,"873 TechMarkt Street",Amsterdam,North Holland,"1012",Netherlands
8030,"890 TechMarkt Street",Vienna,Vienna,"1010",Austria
8031,"907 TechMarkt Street",New York,New York,"10001",United States
8032,"924 TechMarkt Street",Berlin,Berlin,"10115",Germany
8033,"941 TechMarkt Street",Munich,Bavaria,"80331",Germany
8034,"958 TechMarkt Street",Hamburg,Hamburg,"20095",Germany
8035,"975 TechMarkt Street",London,England,SW1A 1AA,United Kingdom
8036,"992 TechMarkt Street",Paris,Île-de-France,"75001",France
8037,"19 TechMarkt Street",Amsterdam,North Holland,"1012",Netherlands
8038,"36 TechMarkt Street",Vienna,Vienna,"1010",Austria
8039,"53 TechMarkt Street",New York,New York,"10001",United States
8040,"70 TechMarkt Street",Berlin,Berlin,"10115",Germany
8041,"87 TechMarkt Street",Munich,Bavaria,"80331",Germany
8042,"104 TechMarkt Street",Hamburg,Hamburg,"20095",Germany
8043,"121 TechMarkt Street",London,England,SW1A 1AA,United Kingdom
8044,"138 TechMarkt Street",Paris,Île-de-France,"75001",France
8045,"155 TechMarkt Street",Amsterdam,North Holland,"1012",Netherlands
8046,"172 TechMarkt Street",Vienna,Vienna,"1010",Austria
8047,"189 TechMarkt Street",New York,New York,"10001",United States
8048,"206 TechMarkt Street",Berlin,Berlin,"10115",Germany
8049,"223 TechMarkt Street",Munich,Bavaria,"80331",Germany
8050,"240 TechMarkt Street",Hamburg,Hamburg,"20095",Germany
8051,"257 TechMarkt Street",London,England,SW1A 1AA,United Kingdom
8052,"274 TechMarkt Street",Paris,Île-de-France,"75001",France
8053,"291 TechMarkt Street",Amsterdam,North Holland,"1012",Netherlands
8054,"308 TechMarkt Street",Vienna,Vienna,"1010",Austria
8055,"325 TechMarkt Street",New York,New York,"10001",United States
8056,"342 TechMarkt Street",Berlin,Berlin,"10115",Germany
8057,"359 TechMarkt Street",Munich,Bavaria,"80331",Germany
8058,"376 TechMarkt Street",Hamburg,Hamburg,"20095",Germany
8059,"393 TechMarkt Street",London,England,SW1A 1AA,United Kingdom
8060,"410 TechMarkt Street",Paris,Île-de-France,"75001",France
8061,"427 TechMarkt Street",Amsterdam,North Holland,"1012",Netherlands
8062,"444 TechMarkt Street",Vienna,Vienna,"1010",Austria
8063,"461 TechMarkt Street",New York,New York,"10001",United States
8064,"478 TechMarkt Street",Berlin,Berlin,"10115",Germany
8065,"495 TechMarkt Street",Munich,Bavaria,"80331",Germany
8066,"512 TechMarkt Street",Hamburg,Hamburg,"20095",Germany
8067,"529 TechMarkt Street",London,England,SW1A 1AA,United Kingdom
8068,"546 TechMarkt Street",Paris,Île-de-France,"75001",France
8069,"563 TechMarkt Street",Amsterdam,North Holland,"1012",Netherlands
8070,"580 TechMarkt Street",Vienna,Vienna,"1010",Austria
8071,"597 TechMarkt Street",New York,New York,"10001",United States
8072,"614 TechMarkt Street",Berlin,Berlin,"10115",Germany
8073,"631 TechMarkt Street",Munich,Bavaria,"80331",Germany
8074,"648 TechMarkt Street",Hamburg,Hamburg,"20095",Germany
8075,"665 TechMarkt Street",London,England,SW1A 1AA,United Kingdom
8076,"682 TechMarkt Street",Paris,Île-de-France,"75001",France
8077,"699 TechMarkt Street",Amsterdam,North Holland,"1012",Netherlands
8078,"716 TechMarkt Street",Vienna,Vienna,"1010",Austria
8079,"733 TechMarkt Street",New York,New York,"10001",United States
8080,"750 TechMarkt Street",Berlin,Berlin,"10115",Germany
8081,"767 TechMarkt Street",Munich,Bavaria,"80331",Germany
8082,"784 TechMarkt Street",Hamburg,Hamburg,"20095",Germany
8083,"801 TechMarkt Street",London,England,SW1A 1AA,United Kingdom
8084,"818 TechMarkt Street",Paris,Île-de-France,"75001",France
8085,"835 TechMarkt Street",Amsterdam,North Holland,"1012",Netherlands
8086,"852 TechMarkt Street",Vienna,Vienna,"1010",Austria
8087,"869 TechMarkt Street",New York,New York,"10001",United States
8088,"886 TechMarkt Street",Berlin,Berlin,"10115",Germany
8089,"903 TechMarkt Street",Munich,Bavaria,"80331",Germany
8090,"920 TechMarkt Street",Hamburg,Hamburg,"20095",Germany
8091,"937 TechMarkt Street",London,England,SW1A 1AA,United Kingdom
8092,"954 TechMarkt Street",Paris,Île-de-France,"75001",France
8093,"971 TechMarkt Street",Amsterdam,North Holland,"1012",Netherlands
8094,"988 TechMarkt Street",Vienna,Vienna,"1010",Austria
8095,"15 TechMarkt Street",New York,New York,"10001",United States
8096,"32 TechMarkt Street",Berlin,Berlin,"10115",Germany
8097,"49 TechMarkt Street",Munich,Bavaria,"80331",Germany
8098,"66 TechMarkt Street",Hamburg,Hamburg,"20095",Germany
8099,"83 TechMarkt Street",London,England,SW1A 1AA,United Kingdom
8100,"100 TechMarkt Street",Paris,Île-de-France,"75001",France
8101,"117 TechMarkt Street",Amsterdam,North Holland,"1012",Netherlands
8102,"134 TechMarkt Street",Vienna,Vienna,"1010",Austria
8103,"151 TechMarkt Street",New York,New York,"10001",United States
8104,"168 TechMarkt Street",Berlin,Berlin,"10115",Germany
8105,"185 TechMarkt Street",Munich,Bavaria,"80331",Germany
8106,"202 TechMarkt Street",Hamburg,Hamburg,"20095",Germany
8107,"219 TechMarkt Street",London,England,SW1A 1AA,United Kingdom
8108,"236 TechMarkt Street",Paris,Île-de-France,"75001",France
8109,"253 TechMarkt Street",Amsterdam,North Holland,"1012",Netherlands
8110,"270 TechMarkt Street",Vienna,Vienna,"1010",Austria
8111,"287 TechMarkt Street",New York,New York,"10001",United States
8112,"304 TechMarkt Street",Berlin,Berlin,"10115",Germany
8113,"321 TechMarkt Street",Munich,Bavaria,"80331",Germany
8114,"338 TechMarkt Street",Hamburg,Hamburg,"20095",Germany
8115,"355 TechMarkt Street",London,England,SW1A 1AA,United Kingdom
8116,"372 TechMarkt Street",Paris,Île-de-France,"75001",France
8117,"389 TechMarkt Street",Amsterdam,North Holland,"1012",Netherlands
8118,"406 TechMarkt Street",Vienna,Vienna,"1010",Austria
8119,"423 TechMarkt Street",New York,New York,"10001",United States
8120,"440 TechMarkt Street",Berlin,Berlin,"10115",Germany
8121,"457 TechMarkt Street",Munich,Bavaria,"80331",Germany
8122,"474 TechMarkt Street",Hamburg,Hamburg,"20095",Germany
8123,"491 TechMarkt Street",London,England,SW1A 1AA,United Kingdom
8124,"508 TechMarkt Street",Paris,Île-de-France,"75001",France
8125,"525 TechMarkt Street",Amsterdam,North Holland,"1012",Netherlands
8126,"542 TechMarkt Street",Vienna,Vienna,"1010",Austria
8127,"559 TechMarkt Street",New York,New York,"10001",United States
8128,"576 TechMarkt Street",Berlin,Berlin,"10115",Germany
8129,"593 TechMarkt Street",Munich,Bavaria,"80331",Germany
8130,"610 TechMarkt Street",Hamburg,Hamburg,"20095",Germany
8131,"627 TechMarkt Street",London,England,SW1A 1AA,United Kingdom
8132,"644 TechMarkt Street",Paris,Île-de-France,"75001",France
8133,"661 TechMarkt Street",Amsterdam,North Holland,"1012",Netherlands
8134,"678 TechMarkt Street",Vienna,Vienna,"1010",Austria
8135,"695 TechMarkt Street",New York,New York,"10001",United States
8136,"712 TechMarkt Street",Berlin,Berlin,"10115",Germany
8137,"729 TechMarkt Street",Munich,Bavaria,"80331",Germany
8138,"746 TechMarkt Street",Hamburg,Hamburg,"20095",Germany
8139,"763 TechMarkt Street",London,England,SW1A 1AA,United Kingdom
8140,"780 TechMarkt Street",Paris,Île-de-France,"75001",France
8141,"797 TechMarkt Street",Amsterdam,North Holland,"1012",Netherlands
8142,"814 TechMarkt Street",Vienna,Vienna,"1010",Austria
8143,"831 TechMarkt Street",New York,New York,"10001",United States
8144,"848 TechMarkt Street",Berlin,Berlin,"10115",Germany
8145,"865 TechMarkt Street",Munich,Bavaria,"80331",Germany
8146,"882 TechMarkt Street",Hamburg,Hamburg,"20095",Germany
8147,"899 TechMarkt Street",London,England,SW1A 1AA,United Kingdom
8148,"916 TechMarkt Street",Paris,Île-de-France,"75001",France
8149,"933 TechMarkt Street",Amsterdam,North Holland,"1012",Netherlands
8150,"950 TechMarkt Street",Vienna,Vienna,"1010",Austria
8151,"967 TechMarkt Street",New York,New York,"10001",United States
8152,"984 TechMarkt Street",Berlin,Berlin,"10115",Germany
8153,"11 TechMarkt Street",Munich,Bavaria,"80331",Germany
8154,"28 TechMarkt Street",Hamburg,Hamburg,"20095",Germany
8155,"45 TechMarkt Street",London,England,SW1A 1AA,United Kingdom
8156,"62 TechMarkt Street",Paris,Île-de-France,"75001",France
8157,"79 TechMarkt Street",Amsterdam,North Holland,"1012",Netherlands
8158,"96 TechMarkt Street",Vienna,Vienna,"1010",Austria
8159,"113 TechMarkt Street",New York,New York,"10001",United States
8160,"130 TechMarkt Street",Berlin,Berlin,"10115",Germany
8161,"147 TechMarkt Street",Munich,Bavaria,"80331",Germany
8162,"164 TechMarkt Street",Hamburg,Hamburg,"20095",Germany
8163,"181 TechMarkt Street",London,England,SW1A 1AA,United Kingdom
8164,"198 TechMarkt Street",Paris,Île-de-France,"75001",France
8165,"215 TechMarkt Street",Amsterdam,North Holland,"1012",Netherlands
8166,"232 TechMarkt Street",Vienna,Vienna,"1010",Austria
8167,"249 TechMarkt Street",New York,New York,"10001",United States
8168,"266 TechMarkt Street",Berlin,Berlin,"10115",Germany
8169,"283 TechMarkt Street",Munich,Bavaria,"80331",Germany
8170,"300 TechMarkt Street",Hamburg,Hamburg,"20095",Germany
8171,"317 TechMarkt Street",London,England,SW1A 1AA,United Kingdom
8172,"334 TechMarkt Street",Paris,Île-de-France,"75001",France
8173,"351 TechMarkt Street",Amsterdam,North Holland,"1012",Netherlands
8174,"368 TechMarkt Street",Vienna,Vienna,"1010",Austria
8175,"385 TechMarkt Street",New York,New York,"10001",United States
8176,"402 TechMarkt Street",Berlin,Berlin,"10115",Germany
8177,"419 TechMarkt Street",Munich,Bavaria,"80331",Germany
8178,"436 TechMarkt Street",Hamburg,Hamburg,"20095",Germany
8179,"453 TechMarkt Street",London,England,SW1A 1AA,United Kingdom
8180,"470 TechMarkt Street",Paris,Île-de-France,"75001",France
8181,"487 TechMarkt Street",Amsterdam,North Holland,"1012",Netherlands
8182,"504 TechMarkt Street",Vienna,Vienna,"1010",Austria
8183,"521 TechMarkt Street",New York,New York,"10001",United States
8184,"538 TechMarkt Street",Berlin,Berlin,"10115",Germany
8185,"555 TechMarkt Street",Munich,Bavaria,"80331",Germany
8186,"572 TechMarkt Street",Hamburg,Hamburg,"20095",Germany
8187,"589 TechMarkt Street",London,England,SW1A 1AA,United Kingdom
8188,"606 TechMarkt Street",Paris,Île-de-France,"75001",France
8189,"623 TechMarkt Street",Amsterdam,North Holland,"1012",Netherlands
8190,"640 TechMarkt Street",Vienna,Vienna,"1010",Austria
8191,"657 TechMarkt Street",New York,New York,"10001",United States
8192,"674 TechMarkt Street",Berlin,Berlin,"10115",Germany
8193,"691 TechMarkt Street",Munich,Bavaria,"80331",Germany
8194,"708 TechMarkt Street",Hamburg,Hamburg,"20095",Germany
8195,"725 TechMarkt Street",London,England,SW1A 1AA,United Kingdom
8196,"742 TechMarkt Street",Paris,Île-de-France,"75001",France
8197,"759 TechMarkt Street",Amsterdam,North Holland,"1012",Netherlands
8198,"776 TechMarkt Street",Vienna,Vienna,"1010",Austria
8199,"793 TechMarkt Street",New York,New York,"10001",United States
8200,"810 TechMarkt Street",Berlin,Berlin,"10115",Germany
8201,"827 TechMarkt Street",Munich,Bavaria,"80331",Germany
8202,"844 TechMarkt Street",Hamburg,Hamburg,"20095",Germany
8203,"861 TechMarkt Street",London,England,SW1A 1AA,United Kingdom
8204,"878 TechMarkt Street",Paris,Île-de-France,"75001",France
8205,"895 TechMarkt Street",Amsterdam,North Holland,"1012",Netherlands
8206,"912 TechMarkt Street",Vienna,Vienna,"1010",Austria
8207,"929 TechMarkt Street",New York,New York,"10001",United States
8208,"946 TechMarkt Street",Berlin,Berlin,"10115",Germany
8209,"963 TechMarkt Street",Munich,Bavaria,"80331",Germany
8210,"980 TechMarkt Street",Hamburg,Hamburg,"20095",Germany
8211,"997 TechMarkt Street",London,England,SW1A 1AA,United Kingdom
8212,"24 TechMarkt Street",Paris,Île-de-France,"75001",France
8213,"41 TechMarkt Street",Amsterdam,North Holland,"1012",Netherlands
8214,"58 TechMarkt Street",Vienna,Vienna,"1010",Austria
8215,"75 TechMarkt Street",New York,New York,"10001",United States
8216,"92 TechMarkt Street",Berlin,Berlin,"10115",Germany
8217,"109 TechMarkt Street",Munich,Bavaria,"80331",Germany
8218,"126 TechMarkt Street",Hamburg,Hamburg,"20095",Germany
8219,"143 TechMarkt Street",London,England,SW1A 1AA,United Kingdom
8220,"160 TechMarkt Street",Paris,Île-de-France,"75001",France
8221,"177 TechMarkt Street",Amsterdam,North Holland,"1012",Netherlands
8222,"194 TechMarkt Street",Vienna,Vienna,"1010",Austria
8223,"211 TechMarkt Street",New York,New York,"10001",United States
8224,"228 TechMarkt Street",Berlin,Berlin,"10115",Germany
8225,"245 TechMarkt Street",Munich,Bavaria,"80331",Germany
8226,"262 TechMarkt Street",Hamburg,Hamburg,"20095",Germany
8227,"279 TechMarkt Street",London,England,SW1A 1AA,United Kingdom
8228,"296 TechMarkt Street",Paris,Île-de-France,"75001",France
8229,"313 TechMarkt Street",Amsterdam,North Holland,"1012",Netherlands
8230,"330 TechMarkt Street",Vienna,Vienna,"1010",Austria
8231,"347 TechMarkt Street",New York,New York,"10001",United States
8232,"364 TechMarkt Street",Berlin,Berlin,"10115",Germany
8233,"381 TechMarkt Street",Munich,Bavaria,"80331",Germany
8234,"398 TechMarkt Street",Hamburg,Hamburg,"20095",Germany
8235,"415 TechMarkt Street",London,England,SW1A 1AA,United Kingdom
8236,"432 TechMarkt Street",Paris,Île-de-France,"75001",France
8237,"449 TechMarkt Street",Amsterdam,North Holland,"1012",Netherlands
8238,"466 TechMarkt Street",Vienna,Vienna,"1010",Austria
8239,"483 TechMarkt Street",New York,New York,"10001",United States
8240,"500 TechMarkt Street",Berlin,Berlin,"10115",Germany
8241,"517 TechMarkt Street",Munich,Bavaria,"80331",Germany
8242,"534 TechMarkt Street",Hamburg,Hamburg,"20095",Germany
8243,"551 TechMarkt Street",London,England,SW1A 1AA,United Kingdom
8244,"568 TechMarkt Street",Paris,Île-de-France,"75001",France
8245,"585 TechMarkt Street",Amsterdam,North Holland,"1012",Netherlands
8246,"602 TechMarkt Street",Vienna,Vienna,"1010",Austria
8247,"619 TechMarkt Street",New York,New York,"10001",United States
8248,"636 TechMarkt Street",Berlin,Berlin,"10115",Germany
8249,"653 TechMarkt Street",Munich,Bavaria,"80331",Germany
8250,"670 TechMarkt Street",Hamburg,Hamburg,"20095",Germany
8251,"687 TechMarkt Street",London,England,SW1A 1AA,United Kingdom
8252,"704 TechMarkt Street",Paris,Île-de-France,"75001",France
8253,"721 TechMarkt Street",Amsterdam,North Holland,"1012",Netherlands
8254,"738 TechMarkt Street",Vienna,Vienna,"1010",Austria
8255,"755 TechMarkt Street",New York,New York,"10001",United States
8256,"772 TechMarkt Street",Berlin,Berlin,"10115",Germany
8257,"789 TechMarkt Street",Munich,Bavaria,"80331",Germany
8258,"806 TechMarkt Street",Hamburg,Hamburg,"20095",Germany
8259,"823 TechMarkt Street",London,England,SW1A 1AA,United Kingdom
8260,"840 TechMarkt Street",Paris,Île-de-France,"75001",France
8261,"857 TechMarkt Street",Amsterdam,North Holland,"1012",Netherlands
8262,"874 TechMarkt Street",Vienna,Vienna,"1010",Austria
8263,"891 TechMarkt Street",New York,New York,"10001",United States
8264,"908 TechMarkt Street",Berlin,Berlin,"10115",Germany
8265,"925 TechMarkt Street",Munich,Bavaria,"80331",Germany
8266,"942 TechMarkt Street",Hamburg,Hamburg,"20095",Germany
8267,"959 TechMarkt Street",London,England,SW1A 1AA,United Kingdom
8268,"976 TechMarkt Street",Paris,Île-de-France,"75001",France
8269,"993 TechMarkt Street",Amsterdam,North Holland,"1012",Netherlands
8270,"20 TechMarkt Street",Vienna,Vienna,"1010",Austria
8271,"37 TechMarkt Street",New York,New York,"10001",United States
8272,"54 TechMarkt Street",Berlin,Berlin,"10115",Germany
8273,"71 TechMarkt Street",Munich,Bavaria,"80331",Germany
8274,"88 TechMarkt Street",Hamburg,Hamburg,"20095",Germany
8275,"105 TechMarkt Street",London,England,SW1A 1AA,United Kingdom
8276,"122 TechMarkt Street",Paris,Île-de-France,"75001",France
8277,"139 TechMarkt Street",Amsterdam,North Holland,"1012",Netherlands
8278,"156 TechMarkt Street",Vienna,Vienna,"1010",Austria
8279,"173 TechMarkt Street",New York,New York,"10001",United States
8280,"190 TechMarkt Street",Berlin,Berlin,"10115",Germany
8281,"207 TechMarkt Street",Munich,Bavaria,"80331",Germany
8282,"224 TechMarkt Street",Hamburg,Hamburg,"20095",Germany
8283,"241 TechMarkt Street",London,England,SW1A 1AA,United Kingdom
8284,"258 TechMarkt Street",Paris,Île-de-France,"75001",France
8285,"275 TechMarkt Street",Amsterdam,North Holland,"1012",Netherlands
8286,"292 TechMarkt Street",Vienna,Vienna,"1010",Austria
8287,"309 TechMarkt Street",New York,New York,"10001",United States
8288,"326 TechMarkt Street",Berlin,Berlin,"10115",Germany
8289,"343 TechMarkt Street",Munich,Bavaria,"80331",Germany
8290,"360 TechMarkt Street",Hamburg,Hamburg,"20095",Germany
8291,"377 TechMarkt Street",London,England,SW1A 1AA,United Kingdom
8292,"394 TechMarkt Street",Paris,Île-de-France,"75001",France
8293,"411 TechMarkt Street",Amsterdam,North Holland,"1012",Netherlands
8294,"428 TechMarkt Street",Vienna,Vienna,"1010",Austria
8295,"445 TechMarkt Street",New York,New York,"10001",United States
8296,"462 TechMarkt Street",Berlin,Berlin,"10115",Germany
8297,"479 TechMarkt Street",Munich,Bavaria,"80331",Germany
8298,"496 TechMarkt Street",Hamburg,Hamburg,"20095",Germany
8299,"513 TechMarkt Street",London,England,SW1A 1AA,United Kingdom
8300,"530 TechMarkt Street",Paris,Île-de-France,"75001",France
8301,"547 TechMarkt Street",Amsterdam,North Holland,"1012",Netherlands
8302,"564 TechMarkt Street",Vienna,Vienna,"1010",Austria
8303,"581 TechMarkt Street",New York,New York,"10001",United States
8304,"598 TechMarkt Street",Berlin,Berlin,"10115",Germany
8305,"615 TechMarkt Street",Munich,Bavaria,"80331",Germany
8306,"632 TechMarkt Street",Hamburg,Hamburg,"20095",Germany
8307,"649 TechMarkt Street",London,England,SW1A 1AA,United Kingdom
8308,"666 TechMarkt Street",Paris,Île-de-France,"75001",France
8309,"683 TechMarkt Street",Amsterdam,North Holland,"1012",Netherlands
8310,"700 TechMarkt Street",Vienna,Vienna,"1010",Austria
8311,"717 TechMarkt Street",New York,New York,"10001",United States
8312,"734 TechMarkt Street",Berlin,Berlin,"10115",Germany
8313,"751 TechMarkt Street",Munich,Bavaria,"80331",Germany
8314,"768 TechMarkt Street",Hamburg,Hamburg,"20095",Germany
8315,"785 TechMarkt Street",London,England,SW1A 1AA,United Kingdom
8316,"802 TechMarkt Street",Paris,Île-de-France,"75001",France
8317,"819 TechMarkt Street",Amsterdam,North Holland,"1012",Netherlands
8318,"836 TechMarkt Street",Vienna,Vienna,"1010",Austria
8319,"853 TechMarkt Street",New York,New York,"10001",United States
8320,"870 TechMarkt Street",Berlin,Berlin,"10115",Germany
8321,"887 TechMarkt Street",Munich,Bavaria,"80331",Germany
8322,"904 TechMarkt Street",Hamburg,Hamburg,"20095",Germany
8323,"921 TechMarkt Street",London,England,SW1A 1AA,United Kingdom
8324,"938 TechMarkt Street",Paris,Île-de-France,"75001",France
8325,"955 TechMarkt Street",Amsterdam,North Holland,"1012",Netherlands
8326,"972 TechMarkt Street",Vienna,Vienna,"1010",Austria
8327,"989 TechMarkt Street",New York,New York,"10001",United States
8328,"16 TechMarkt Street",Berlin,Berlin,"10115",Germany
8329,"33 TechMarkt Street",Munich,Bavaria,"80331",Germany
8330,"50 TechMarkt Street",Hamburg,Hamburg,"20095",Germany
8331,"67 TechMarkt Street",London,England,SW1A 1AA,United Kingdom
8332,"84 TechMarkt Street",Paris,Île-de-France,"75001",France
8333,"101 TechMarkt Street",Amsterdam,North Holland,"1012",Netherlands
8334,"118 TechMarkt Street",Vienna,Vienna,"1010",Austria
8335,"135 TechMarkt Street",New York,New York,"10001",United States
8336,"152 TechMarkt Street",Berlin,Berlin,"10115",Germany
8337,"169 TechMarkt Street",Munich,Bavaria,"80331",Germany
8338,"186 TechMarkt Street",Hamburg,Hamburg,"20095",Germany
8339,"203 TechMarkt Street",London,England,SW1A 1AA,United Kingdom
8340,"220 TechMarkt Street",Paris,Île-de-France,"75001",France
8341,"237 TechMarkt Street",Amsterdam,North Holland,"1012",Netherlands
8342,"254 TechMarkt Street",Vienna,Vienna,"1010",Austria
8343,"271 TechMarkt Street",New York,New York,"10001",United States
8344,"288 TechMarkt Street",Berlin,Berlin,"10115",Germany
8345,"305 TechMarkt Street",Munich,Bavaria,"80331",Germany
8346,"322 TechMarkt Street",Hamburg,Hamburg,"20095",Germany
8347,"339 TechMarkt Street",London,England,SW1A 1AA,United Kingdom
8348,"356 TechMarkt Street",Paris,Île-de-France,"75001",France
8349,"373 TechMarkt Street",Amsterdam,North Holland,"1012",Netherlands
8350,"390 TechMarkt Street",Vienna,Vienna,"1010",Austria
8351,"407 TechMarkt Street",New York,New York,"10001",United States
8352,"424 TechMarkt Street",Berlin,Berlin,"10115",Germany
8353,"441 TechMarkt Street",Munich,Bavaria,"80331",Germany
8354,"458 TechMarkt Street",Hamburg,Hamburg,"20095",Germany
8355,"475 TechMarkt Street",London,England,SW1A 1AA,United Kingdom
8356,"492 TechMarkt Street",Paris,Île-de-France,"75001",France
8357,"509 TechMarkt Street",Amsterdam,North Holland,"1012",Netherlands
8358,"526 TechMarkt Street",Vienna,Vienna,"1010",Austria
8359,"543 TechMarkt Street",New York,New York,"10001",United States
8360,"560 TechMarkt Street",Berlin,Berlin,"10115",Germany
8361,"577 TechMarkt Street",Munich,Bavaria,"80331",Germany
8362,"594 TechMarkt Street",Hamburg,Hamburg,"20095",Germany
8363,"611 TechMarkt Street",London,England,SW1A 1AA,United Kingdom
8364,"628 TechMarkt Street",Paris,Île-de-France,"75001",France
8365,"645 TechMarkt Street",Amsterdam,North Holland,"1012",Netherlands
8366,"662 TechMarkt Street",Vienna,Vienna,"1010",Austria
8367,"679 TechMarkt Street",New York,New York,"10001",United States
8368,"696 TechMarkt Street",Berlin,Berlin,"10115",Germany
8369,"713 TechMarkt Street",Munich,Bavaria,"80331",Germany
8370,"730 TechMarkt Street",Hamburg,Hamburg,"20095",Germany
8371,"747 TechMarkt Street",London,England,SW1A 1AA,United Kingdom
8372,"764 TechMarkt Street",Paris,Île-de-France,"75001",France
8373,"781 TechMarkt Street",Amsterdam,North Holland,"1012",Netherlands
8374,"798 TechMarkt Street",Vienna,Vienna,"1010",Austria
8375,"815 TechMarkt Street",New York,New York,"10001",United States
8376,"832 TechMarkt Street",Berlin,Berlin,"10115",Germany
8377,"849 TechMarkt Street",Munich,Bavaria,"80331",Germany
8378,"866 TechMarkt Street",Hamburg,Hamburg,"20095",Germany
8379,"883 TechMarkt Street",London,England,SW1A 1AA,United Kingdom
8380,"900 TechMarkt Street",Paris,Île-de-France,"75001",France
8381,"917 TechMarkt Street",Amsterdam,North Holland,"1012",Netherlands
8382,"934 TechMarkt Street",Vienna,Vienna,"1010",Austria
8383,"951 TechMarkt Street",New York,New York,"10001",United States
8384,"968 TechMarkt Street",Berlin,Berlin,"10115",Germany
8385,"985 TechMarkt Street",Munich,Bavaria,"80331",Germany
8386,"12 TechMarkt Street",Hamburg,Hamburg,"20095",Germany
8387,"29 TechMarkt Street",London,England,SW1A 1AA,United Kingdom
8388,"46 TechMarkt Street",Paris,Île-de-France,"75001",France
8389,"63 TechMarkt Street",Amsterdam,North Holland,"1012",Netherlands
8390,"80 TechMarkt Street",Vienna,Vienna,"1010",Austria
8391,"97 TechMarkt Street",New York,New York,"10001",United States
8392,"114 TechMarkt Street",Berlin,Berlin,"10115",Germany
8393,"131 TechMarkt Street",Munich,Bavaria,"80331",Germany
8394,"148 TechMarkt Street",Hamburg,Hamburg,"20095",Germany
8395,"165 TechMarkt Street",London,England,SW1A 1AA,United Kingdom
8396,"182 TechMarkt Street",Paris,Île-de-France,"75001",France
8397,"199 TechMarkt Street",Amsterdam,North Holland,"1012",Netherlands
8398,"216 TechMarkt Street",Vienna,Vienna,"1010",Austria
8399,"233 TechMarkt Street",New York,New York,"10001",United States
8400,"250 TechMarkt Street",Berlin,Berlin,"10115",Germany
8401,"267 TechMarkt Street",Munich,Bavaria,"80331",Germany
8402,"284 TechMarkt Street",Hamburg,Hamburg,"20095",Germany
8403,"301 TechMarkt Street",London,England,SW1A 1AA,United Kingdom
8404,"318 TechMarkt Street",Paris,Île-de-France,"75001",France
8405,"335 TechMarkt Street",Amsterdam,North Holland,"1012",Netherlands
8406,"352 TechMarkt Street",Vienna,Vienna,"1010",Austria
8407,"369 TechMarkt Street",New York,New York,"10001",United States
8408,"386 TechMarkt Street",Berlin,Berlin,"10115",Germany
8409,"403 TechMarkt Street",Munich,Bavaria,"80331",Germany
8410,"420 TechMarkt Street",Hamburg,Hamburg,"20095",Germany
8411,"437 TechMarkt Street",London,England,SW1A 1AA,United Kingdom
8412,"454 TechMarkt Street",Paris,Île-de-France,"75001",France
8413,"471 TechMarkt Street",Amsterdam,North Holland,"1012",Netherlands
8414,"488 TechMarkt Street",Vienna,Vienna,"1010",Austria
8415,"505 TechMarkt Street",New York,New York,"10001",United States
8416,"522 TechMarkt Street",Berlin,Berlin,"10115",Germany
8417,"539 TechMarkt Street",Munich,Bavaria,"80331",Germany
8418,"556 TechMarkt Street",Hamburg,Hamburg,"20095",Germany
8419,"573 TechMarkt Street",London,England,SW1A 1AA,United Kingdom
8420,"590 TechMarkt Street",Paris,Île-de-France,"75001",France
8421,"607 TechMarkt Street",Amsterdam,North Holland,"1012",Netherlands
8422,"624 TechMarkt Street",Vienna,Vienna,"1010",Austria
8423,"641 TechMarkt Street",New York,New York,"10001",United States
8424,"658 TechMarkt Street",Berlin,Berlin,"10115",Germany
8425,"675 TechMarkt Street",Munich,Bavaria,"80331",Germany
8426,"692 TechMarkt Street",Hamburg,Hamburg,"20095",Germany
8427,"709 TechMarkt Street",London,England,SW1A 1AA,United Kingdom
8428,"726 TechMarkt Street",Paris,Île-de-France,"75001",France
8429,"743 TechMarkt Street",Amsterdam,North Holland,"1012",Netherlands
8430,"760 TechMarkt Street",Vienna,Vienna,"1010",Austria
8431,"777 TechMarkt Street",New York,New York,"10001",United States
8432,"794 TechMarkt Street",Berlin,Berlin,"10115",Germany
8433,"811 TechMarkt Street",Munich,Bavaria,"80331",Germany
8434,"828 TechMarkt Street",Hamburg,Hamburg,"20095",Germany
8435,"845 TechMarkt Street",London,England,SW1A 1AA,United Kingdom
8436,"862 TechMarkt Street",Paris,Île-de-France,"75001",France
8437,"879 TechMarkt Street",Amsterdam,North Holland,"1012",Netherlands
8438,"896 TechMarkt Street",Vienna,Vienna,"1010",Austria
8439,"913 TechMarkt Street",New York,New York,"10001",United States
8440,"930 TechMarkt Street",Berlin,Berlin,"10115",Germany
8441,"947 TechMarkt Street",Munich,Bavaria,"80331",Germany
8442,"964 TechMarkt Street",Hamburg,Hamburg,"20095",Germany
8443,"981 TechMarkt Street",London,England,SW1A 1AA,United Kingdom
8444,"998 TechMarkt Street",Paris,Île-de-France,"75001",France
8445,"25 TechMarkt Street",Amsterdam,North Holland,"1012",Netherlands
8446,"42 TechMarkt Street",Vienna,Vienna,"1010",Austria
8447,"59 TechMarkt Street",New York,New York,"10001",United States
8448,"76 TechMarkt Street",Berlin,Berlin,"10115",Germany
8449,"93 TechMarkt Street",Munich,Bavaria,"80331",Germany
8450,"110 TechMarkt Street",Hamburg,Hamburg,"20095",Germany
8451,"127 TechMarkt Street",London,England,SW1A 1AA,United Kingdom
8452,"144 TechMarkt Street",Paris,Île-de-France,"75001",France
8453,"161 TechMarkt Street",Amsterdam,North Holland,"1012",Netherlands
8454,"178 TechMarkt Street",Vienna,Vienna,"1010",Austria
8455,"195 TechMarkt Street",New York,New York,"10001",United States
8456,"212 TechMarkt Street",Berlin,Berlin,"10115",Germany
8457,"229 TechMarkt Street",Munich,Bavaria,"80331",Germany
8458,"246 TechMarkt Street",Hamburg,Hamburg,"20095",Germany
8459,"263 TechMarkt Street",London,England,SW1A 1AA,United Kingdom
8460,"280 TechMarkt Street",Paris,Île-de-France,"75001",France
8461,"297 TechMarkt Street",Amsterdam,North Holland,"1012",Netherlands
8462,"314 TechMarkt Street",Vienna,Vienna,"1010",Austria
8463,"331 TechMarkt Street",New York,New York,"10001",United States
8464,"348 TechMarkt Street",Berlin,Berlin,"10115",Germany
8465,"365 TechMarkt Street",Munich,Bavaria,"80331",Germany
8466,"382 TechMarkt Street",Hamburg,Hamburg,"20095",Germany
8467,"399 TechMarkt Street",London,England,SW1A 1AA,United Kingdom
8468,"416 TechMarkt Street",Paris,Île-de-France,"75001",France
8469,"433 TechMarkt Street",Amsterdam,North Holland,"1012",Netherlands
8470,"450 TechMarkt Street",Vienna,Vienna,"1010",Austria
8471,"467 TechMarkt Street",New York,New York,"10001",United States
8472,"484 TechMarkt Street",Berlin,Berlin,"10115",Germany
8473,"501 TechMarkt Street",Munich,Bavaria,"80331",Germany
8474,"518 TechMarkt Street",Hamburg,Hamburg,"20095",Germany
8475,"535 TechMarkt Street",London,England,SW1A 1AA,United Kingdom
8476,"552 TechMarkt Street",Paris,Île-de-France,"75001",France
8477,"569 TechMarkt Street",Amsterdam,North Holland,"1012",Netherlands
8478,"586 TechMarkt Street",Vienna,Vienna,"1010",Austria
8479,"603 TechMarkt Street",New York,New York,"10001",United States
8480,"620 TechMarkt Street",Berlin,Berlin,"10115",Germany
8481,"637 TechMarkt Street",Munich,Bavaria,"80331",Germany
8482,"654 TechMarkt Street",Hamburg,Hamburg,"20095",Germany
8483,"671 TechMarkt Street",London,England,SW1A 1AA,United Kingdom
8484,"688 TechMarkt Street",Paris,Île-de-France,"75001",France
8485,"705 TechMarkt Street",Amsterdam,North Holland,"1012",Netherlands
8486,"722 TechMarkt Street",Vienna,Vienna,"1010",Austria
8487,"739 TechMarkt Street",New York,New York,"10001",United States
8488,"756 TechMarkt Street",Berlin,Berlin,"10115",Germany
8489,"773 TechMarkt Street",Munich,Bavaria,"80331",Germany
8490,"790 TechMarkt Street",Hamburg,Hamburg,"20095",Germany
8491,"807 TechMarkt Street",London,England,SW1A 1AA,United Kingdom
8492,"824 TechMarkt Street",Paris,Île-de-France,"75001",France
8493,"841 TechMarkt Street",Amsterdam,North Holland,"1012",Netherlands
8494,"858 TechMarkt Street",Vienna,Vienna,"1010",Austria
8495,"875 TechMarkt Street",New York,New York,"10001",United States
8496,"892 TechMarkt Street",Berlin,Berlin,"10115",Germany
8497,"909 TechMarkt Street",Munich,Bavaria,"80331",Germany
8498,"926 TechMarkt Street",Hamburg,Hamburg,"20095",Germany
8499,"943 TechMarkt Street",London,England,SW1A 1AA,United Kingdom
8500,"960 TechMarkt Street",Paris,Île-de-France,"75001",France
8501,"977 TechMarkt Street",Amsterdam,North Holland,"1012",Netherlands
8502,"994 TechMarkt Street",Vienna,Vienna,"1010",Austria
8503,"21 TechMarkt Street",New York,New York,"10001",United States
8504,"38 TechMarkt Street",Berlin,Berlin,"10115",Germany
8505,"55 TechMarkt Street",Munich,Bavaria,"80331",Germany
8506,"72 TechMarkt Street",Hamburg,Hamburg,"20095",Germany
8507,"89 TechMarkt Street",London,England,SW1A 1AA,United Kingdom
8508,"106 TechMarkt Street",Paris,Île-de-France,"75001",France
8509,"123 TechMarkt Street",Amsterdam,North Holland,"1012",Netherlands
8510,"140 TechMarkt Street",Vienna,Vienna,"1010",Austria
8511,"157 TechMarkt Street",New York,New York,"10001",United States
8512,"174 TechMarkt Street",Berlin,Berlin,"10115",Germany
8513,"191 TechMarkt Street",Munich,Bavaria,"80331",Germany
8514,"208 TechMarkt Street",Hamburg,Hamburg,"20095",Germany
8515,"225 TechMarkt Street",London,England,SW1A 1AA,United Kingdom
8516,"242 TechMarkt Street",Paris,Île-de-France,"75001",France
8517,"259 TechMarkt Street",Amsterdam,North Holland,"1012",Netherlands
8518,"276 TechMarkt Street",Vienna,Vienna,"1010",Austria
8519,"293 TechMarkt Street",New York,New York,"10001",United States
8520,"310 TechMarkt Street",Berlin,Berlin,"10115",Germany
8521,"327 TechMarkt Street",Munich,Bavaria,"80331",Germany
8522,"344 TechMarkt Street",Hamburg,Hamburg,"20095",Germany
8523,"361 TechMarkt Street",London,England,SW1A 1AA,United Kingdom
8524,"378 TechMarkt Street",Paris,Île-de-France,"75001",France
8525,"395 TechMarkt Street",Amsterdam,North Holland,"1012",Netherlands
8526,"412 TechMarkt Street",Vienna,Vienna,"1010",Austria
8527,"429 TechMarkt Street",New York,New York,"10001",United States
8528,"446 TechMarkt Street",Berlin,Berlin,"10115",Germany
8529,"463 TechMarkt Street",Munich,Bavaria,"80331",Germany
8530,"480 TechMarkt Street",Hamburg,Hamburg,"20095",Germany
8531,"497 TechMarkt Street",London,England,SW1A 1AA,United Kingdom
8532,"514 TechMarkt Street",Paris,Île-de-France,"75001",France
8533,"531 TechMarkt Street",Amsterdam,North Holland,"1012",Netherlands
8534,"548 TechMarkt Street",Vienna,Vienna,"1010",Austria
8535,"565 TechMarkt Street",New York,New York,"10001",United States
8536,"582 TechMarkt Street",Berlin,Berlin,"10115",Germany
8537,"599 TechMarkt Street",Munich,Bavaria,"80331",Germany
8538,"616 TechMarkt Street",Hamburg,Hamburg,"20095",Germany
8539,"633 TechMarkt Street",London,England,SW1A 1AA,United Kingdom
8540,"650 TechMarkt Street",Paris,Île-de-France,"75001",France
8541,"667 TechMarkt Street",Amsterdam,North Holland,"1012",Netherlands
8542,"684 TechMarkt Street",Vienna,Vienna,"1010",Austria
8543,"701 TechMarkt Street",New York,New York,"10001",United States
8544,"718 TechMarkt Street",Berlin,Berlin,"10115",Germany
8545,"735 TechMarkt Street",Munich,Bavaria,"80331",Germany
8546,"752 TechMarkt Street",Hamburg,Hamburg,"20095",Germany
8547,"769 TechMarkt Street",London,England,SW1A 1AA,United Kingdom
8548,"786 TechMarkt Street",Paris,Île-de-France,"75001",France
8549,"803 TechMarkt Street",Amsterdam,North Holland,"1012",Netherlands
8550,"820 TechMarkt Street",Vienna,Vienna,"1010",Austria
8551,"837 TechMarkt Street",New York,New York,"10001",United States
8552,"854 TechMarkt Street",Berlin,Berlin,"10115",Germany
8553,"871 TechMarkt Street",Munich,Bavaria,"80331",Germany
8554,"888 TechMarkt Street",Hamburg,Hamburg,"20095",Germany
8555,"905 TechMarkt Street",London,England,SW1A 1AA,United Kingdom
8556,"922 TechMarkt Street",Paris,Île-de-France,"75001",France
8557,"939 TechMarkt Street",Amsterdam,North Holland,"1012",Netherlands
8558,"956 TechMarkt Street",Vienna,Vienna,"1010",Austria
8559,"973 TechMarkt Street",New York,New York,"10001",United States
8560,"990 TechMarkt Street",Berlin,Berlin,"10115",Germany
8561,"17 TechMarkt Street",Munich,Bavaria,"80331",Germany
8562,"34 TechMarkt Street",Hamburg,Hamburg,"20095",Germany
8563,"51 TechMarkt Street",London,England,SW1A 1AA,United Kingdom
8564,"68 TechMarkt Street",Paris,Île-de-France,"75001",France
8565,"85 TechMarkt Street",Amsterdam,North Holland,"1012",Netherlands
8566,"102 TechMarkt Street",Vienna,Vienna,"1010",Austria
8567,"119 TechMarkt Street",New York,New York,"10001",United States
8568,"136 TechMarkt Street",Berlin,Berlin,"10115",Germany
8569,"153 TechMarkt Street",Munich,Bavaria,"80331",Germany
8570,"170 TechMarkt Street",Hamburg,Hamburg,"20095",Germany
8571,"187 TechMarkt Street",London,England,SW1A 1AA,United Kingdom
8572,"204 TechMarkt Street",Paris,Île-de-France,"75001",France
8573,"221 TechMarkt Street",Amsterdam,North Holland,"1012",Netherlands
8574,"238 TechMarkt Street",Vienna,Vienna,"1010",Austria
8575,"255 TechMarkt Street",New York,New York,"10001",United States
8576,"272 TechMarkt Street",Berlin,Berlin,"10115",Germany
8577,"289 TechMarkt Street",Munich,Bavaria,"80331",Germany
8578,"306 TechMarkt Street",Hamburg,Hamburg,"20095",Germany
8579,"323 TechMarkt Street",London,England,SW1A 1AA,United Kingdom
8580,"340 TechMarkt Street",Paris,Île-de-France,"75001",France
8581,"357 TechMarkt Street",Amsterdam,North Holland,"1012",Netherlands
8582,"374 TechMarkt Street",Vienna,Vienna,"1010",Austria
8583,"391 TechMarkt Street",New York,New York,"10001",United States
8584,"408 TechMarkt Street",Berlin,Berlin,"10115",Germany
8585,"425 TechMarkt Street",Munich,Bavaria,"80331",Germany
8586,"442 TechMarkt Street",Hamburg,Hamburg,"20095",Germany
8587,"459 TechMarkt Street",London,England,SW1A 1AA,United Kingdom
8588,"476 TechMarkt Street",Paris,Île-de-France,"75001",France
8589,"493 TechMarkt Street",Amsterdam,North Holland,"1012",Netherlands
8590,"510 TechMarkt Street",Vienna,Vienna,"1010",Austria
8591,"527 TechMarkt Street",New York,New York,"10001",United States
8592,"544 TechMarkt Street",Berlin,Berlin,"10115",Germany
8593,"561 TechMarkt Street",Munich,Bavaria,"80331",Germany
8594,"578 TechMarkt Street",Hamburg,Hamburg,"20095",Germany
8595,"595 TechMarkt Street",London,England,SW1A 1AA,United Kingdom
8596,"612 TechMarkt Street",Paris,Île-de-France,"75001",France
8597,"629 TechMarkt Street",Amsterdam,North Holland,"1012",Netherlands
8598,"646 TechMarkt Street",Vienna,Vienna,"1010",Austria
8599,"663 TechMarkt Street",New York,New York,"10001",United States
8600,"680 TechMarkt Street",Berlin,Berlin,"10115",Germany
8601,"697 TechMarkt Street",Munich,Bavaria,"80331",Germany
8602,"714 TechMarkt Street",Hamburg,Hamburg,"20095",Germany
8603,"731 TechMarkt Street",London,England,SW1A 1AA,United Kingdom
8604,"748 TechMarkt Street",Paris,Île-de-France,"75001",France
8605,"765 TechMarkt Street",Amsterdam,North Holland,"1012",Netherlands
8606,"782 TechMarkt Street",Vienna,Vienna,"1010",Austria
8607,"799 TechMarkt Street",New York,New York,"10001",United States
8608,"816 TechMarkt Street",Berlin,Berlin,"10115",Germany
8609,"833 TechMarkt Street",Munich,Bavaria,"80331",Germany
8610,"850 TechMarkt Street",Hamburg,Hamburg,"20095",Germany
8611,"867 TechMarkt Street",London,England,SW1A 1AA,United Kingdom
8612,"884 TechMarkt Street",Paris,Île-de-France,"75001",France
8613,"901 TechMarkt Street",Amsterdam,North Holland,"1012",Netherlands
8614,"918 TechMarkt Street",Vienna,Vienna,"1010",Austria
8615,"935 TechMarkt Street",New York,New York,"10001",United States
8616,"952 TechMarkt Street",Berlin,Berlin,"10115",Germany
8617,"969 TechMarkt Street",Munich,Bavaria,"80331",Germany
8618,"986 TechMarkt Street",Hamburg,Hamburg,"20095",Germany
8619,"13 TechMarkt Street",London,England,SW1A 1AA,United Kingdom
8620,"30 TechMarkt Street",Paris,Île-de-France,"75001",France
8621,"47 TechMarkt Street",Amsterdam,North Holland,"1012",Netherlands
8622,"64 TechMarkt Street",Vienna,Vienna,"1010",Austria
8623,"81 TechMarkt Street",New York,New York,"10001",United States
8624,"98 TechMarkt Street",Berlin,Berlin,"10115",Germany
8625,"115 TechMarkt Street",Munich,Bavaria,"80331",Germany
8626,"132 TechMarkt Street",Hamburg,Hamburg,"20095",Germany
8627,"149 TechMarkt Street",London,England,SW1A 1AA,United Kingdom
8628,"166 TechMarkt Street",Paris,Île-de-France,"75001",France
8629,"183 TechMarkt Street",Amsterdam,North Holland,"1012",Netherlands
8630,"200 TechMarkt Street",Vienna,Vienna,"1010",Austria
8631,"217 TechMarkt Street",New York,New York,"10001",United States
8632,"234 TechMarkt Street",Berlin,Berlin,"10115",Germany
8633,"251 TechMarkt Street",Munich,Bavaria,"80331",Germany
8634,"268 TechMarkt Street",Hamburg,Hamburg,"20095",Germany
8635,"285 TechMarkt Street",London,England,SW1A 1AA,United Kingdom
8636,"302 TechMarkt Street",Paris,Île-de-France,"75001",France
8637,"319 TechMarkt Street",Amsterdam,North Holland,"1012",Netherlands
8638,"336 TechMarkt Street",Vienna,Vienna,"1010",Austria
8639,"353 TechMarkt Street",New York,New York,"10001",United States
8640,"370 TechMarkt Street",Berlin,Berlin,"10115",Germany
8641,"387 TechMarkt Street",Munich,Bavaria,"80331",Germany
8642,"404 TechMarkt Street",Hamburg,Hamburg,"20095",Germany
8643,"421 TechMarkt Street",London,England,SW1A 1AA,United Kingdom
8644,"438 TechMarkt Street",Paris,Île-de-France,"75001",France
8645,"455 TechMarkt Street",Amsterdam,North Holland,"1012",Netherlands
8646,"472 TechMarkt Street",Vienna,Vienna,"1010",Austria
8647,"489 TechMarkt Street",New York,New York,"10001",United States
8648,"506 TechMarkt Street",Berlin,Berlin,"10115",Germany
8649,"523 TechMarkt Street",Munich,Bavaria,"80331",Germany
8650,"540 TechMarkt Street",Hamburg,Hamburg,"20095",Germany
8651,"557 TechMarkt Street",London,England,SW1A 1AA,United Kingdom
8652,"574 TechMarkt Street",Paris,Île-de-France,"75001",France
8653,"591 TechMarkt Street",Amsterdam,North Holland,"1012",Netherlands
8654,"608 TechMarkt Street",Vienna,Vienna,"1010",Austria
8655,"625 TechMarkt Street",New York,New York,"10001",United States
8656,"642 TechMarkt Street",Berlin,Berlin,"10115",Germany
8657,"659 TechMarkt Street",Munich,Bavaria,"80331",Germany
8658,"676 TechMarkt Street",Hamburg,Hamburg,"20095",Germany
8659,"693 TechMarkt Street",London,England,SW1A 1AA,United Kingdom
8660,"710 TechMarkt Street",Paris,Île-de-France,"75001",France
8661,"727 TechMarkt Street",Amsterdam,North Holland,"1012",Netherlands
8662,"744 TechMarkt Street",Vienna,Vienna,"1010",Austria
8663,"761 TechMarkt Street",New York,New York,"10001",United States
8664,"778 TechMarkt Street",Berlin,Berlin,"10115",Germany
8665,"795 TechMarkt Street",Munich,Bavaria,"80331",Germany
8666,"812 TechMarkt Street",Hamburg,Hamburg,"20095",Germany
8667,"829 TechMarkt Street",London,England,SW1A 1AA,United Kingdom
8668,"846 TechMarkt Street",Paris,Île-de-France,"75001",France
8669,"863 TechMarkt Street",Amsterdam,North Holland,"1012",Netherlands
8670,"880 TechMarkt Street",Vienna,Vienna,"1010",Austria
8671,"897 TechMarkt Street",New York,New York,"10001",United States
8672,"914 TechMarkt Street",Berlin,Berlin,"10115",Germany
8673,"931 TechMarkt Street",Munich,Bavaria,"80331",Germany
8674,"948 TechMarkt Street",Hamburg,Hamburg,"20095",Germany
8675,"965 TechMarkt Street",London,England,SW1A 1AA,United Kingdom
8676,"982 TechMarkt Street",Paris,Île-de-France,"75001",France
8677,"999 TechMarkt Street",Amsterdam,North Holland,"1012",Netherlands
8678,"26 TechMarkt Street",Vienna,Vienna,"1010",Austria
8679,"43 TechMarkt Street",New York,New York,"10001",United States
8680,"60 TechMarkt Street",Berlin,Berlin,"10115",Germany
8681,"77 TechMarkt Street",Munich,Bavaria,"80331",Germany
8682,"94 TechMarkt Street",Hamburg,Hamburg,"20095",Germany
8683,"111 TechMarkt Street",London,England,SW1A 1AA,United Kingdom
8684,"128 TechMarkt Street",Paris,Île-de-France,"75001",France
8685,"145 TechMarkt Street",Amsterdam,North Holland,"1012",Netherlands
8686,"162 TechMarkt Street",Vienna,Vienna,"1010",Austria
8687,"179 TechMarkt Street",New York,New York,"10001",United States
8688,"196 TechMarkt Street",Berlin,Berlin,"10115",Germany
8689,"213 TechMarkt Street",Munich,Bavaria,"80331",Germany
8690,"230 TechMarkt Street",Hamburg,Hamburg,"20095",Germany
8691,"247 TechMarkt Street",London,England,SW1A 1AA,United Kingdom
8692,"264 TechMarkt Street",Paris,Île-de-France,"75001",France
8693,"281 TechMarkt Street",Amsterdam,North Holland,"1012",Netherlands
8694,"298 TechMarkt Street",Vienna,Vienna,"1010",Austria
8695,"315 TechMarkt Street",New York,New York,"10001",United States
8696,"332 TechMarkt Street",Berlin,Berlin,"10115",Germany
8697,"349 TechMarkt Street",Munich,Bavaria,"80331",Germany
8698,"366 TechMarkt Street",Hamburg,Hamburg,"20095",Germany
8699,"383 TechMarkt Street",London,England,SW1A 1AA,United Kingdom
8700,"400 TechMarkt Street",Paris,Île-de-France,"75001",France
8701,"417 TechMarkt Street",Amsterdam,North Holland,"1012",Netherlands
8702,"434 TechMarkt Street",Vienna,Vienna,"1010",Austria
8703,"451 TechMarkt Street",New York,New York,"10001",United States
8704,"468 TechMarkt Street",Berlin,Berlin,"10115",Germany
8705,"485 TechMarkt Street",Munich,Bavaria,"80331",Germany
8706,"502 TechMarkt Street",Hamburg,Hamburg,"20095",Germany
8707,"519 TechMarkt Street",London,England,SW1A 1AA,United Kingdom
8708,"536 TechMarkt Street",Paris,Île-de-France,"75001",France
8709,"553 TechMarkt Street",Amsterdam,North Holland,"1012",Netherlands
8710,"570 TechMarkt Street",Vienna,Vienna,"1010",Austria
8711,"587 TechMarkt Street",New York,New York,"10001",United States
8712,"604 TechMarkt Street",Berlin,Berlin,"10115",Germany
8713,"621 TechMarkt Street",Munich,Bavaria,"80331",Germany
8714,"638 TechMarkt Street",Hamburg,Hamburg,"20095",Germany
8715,"655 TechMarkt Street",London,England,SW1A 1AA,United Kingdom
8716,"672 TechMarkt Street",Paris,Île-de-France,"75001",France
8717,"689 TechMarkt Street",Amsterdam,North Holland,"1012",Netherlands
8718,"706 TechMarkt Street",Vienna,Vienna,"1010",Austria
8719,"723 TechMarkt Street",New York,New York,"10001",United States
8720,"740 TechMarkt Street",Berlin,Berlin,"10115",Germany
8721,"757 TechMarkt Street",Munich,Bavaria,"80331",Germany
8722,"774 TechMarkt Street",Hamburg,Hamburg,"20095",Germany
8723,"791 TechMarkt Street",London,England,SW1A 1AA,United Kingdom
8724,"808 TechMarkt Street",Paris,Île-de-France,"75001",France
8725,"825 TechMarkt Street",Amsterdam,North Holland,"1012",Netherlands
8726,"842 TechMarkt Street",Vienna,Vienna,"1010",Austria
8727,"859 TechMarkt Street",New York,New York,"10001",United States
8728,"876 TechMarkt Street",Berlin,Berlin,"10115",Germany
8729,"893 TechMarkt Street",Munich,Bavaria,"80331",Germany
8730,"910 TechMarkt Street",Hamburg,Hamburg,"20095",Germany
8731,"927 TechMarkt Street",London,England,SW1A 1AA,United Kingdom
8732,"944 TechMarkt Street",Paris,Île-de-France,"75001",France
8733,"961 TechMarkt Street",Amsterdam,North Holland,"1012",Netherlands
8734,"978 TechMarkt Street",Vienna,Vienna,"1010",Austria
8735,"995 TechMarkt Street",New York,New York,"10001",United States
8736,"22 TechMarkt Street",Berlin,Berlin,"10115",Germany
8737,"39 TechMarkt Street",Munich,Bavaria,"80331",Germany
8738,"56 TechMarkt Street",Hamburg,Hamburg,"20095",Germany
8739,"73 TechMarkt Street",London,England,SW1A 1AA,United Kingdom
8740,"90 TechMarkt Street",Paris,Île-de-France,"75001",France
8741,"107 TechMarkt Street",Amsterdam,North Holland,"1012",Netherlands
8742,"124 TechMarkt Street",Vienna,Vienna,"1010",Austria
8743,"141 TechMarkt Street",New York,New York,"10001",United States
8744,"158 TechMarkt Street",Berlin,Berlin,"10115",Germany
8745,"175 TechMarkt Street",Munich,Bavaria,"80331",Germany
8746,"192 TechMarkt Street",Hamburg,Hamburg,"20095",Germany
8747,"209 TechMarkt Street",London,England,SW1A 1AA,United Kingdom
8748,"226 TechMarkt Street",Paris,Île-de-France,"75001",France
8749,"243 TechMarkt Street",Amsterdam,North Holland,"1012",Netherlands
8750,"260 TechMarkt Street",Vienna,Vienna,"1010",Austria
8751,"277 TechMarkt Street",New York,New York,"10001",United States
8752,"294 TechMarkt Street",Berlin,Berlin,"10115",Germany
8753,"311 TechMarkt Street",Munich,Bavaria,"80331",Germany
8754,"328 TechMarkt Street",Hamburg,Hamburg,"20095",Germany
8755,"345 TechMarkt Street",London,England,SW1A 1AA,United Kingdom
8756,"362 TechMarkt Street",Paris,Île-de-France,"75001",France
8757,"379 TechMarkt Street",Amsterdam,North Holland,"1012",Netherlands
8758,"396 TechMarkt Street",Vienna,Vienna,"1010",Austria
8759,"413 TechMarkt Street",New York,New York,"10001",United States
8760,"430 TechMarkt Street",Berlin,Berlin,"10115",Germany
8761,"447 TechMarkt Street",Munich,Bavaria,"80331",Germany
8762,"464 TechMarkt Street",Hamburg,Hamburg,"20095",Germany
8763,"481 TechMarkt Street",London,England,SW1A 1AA,United Kingdom
8764,"498 TechMarkt Street",Paris,Île-de-France,"75001",France
8765,"515 TechMarkt Street",Amsterdam,North Holland,"1012",Netherlands
8766,"532 TechMarkt Street",Vienna,Vienna,"1010",Austria
8767,"549 TechMarkt Street",New York,New York,"10001",United States
8768,"566 TechMarkt Street",Berlin,Berlin,"10115",Germany
8769,"583 TechMarkt Street",Munich,Bavaria,"80331",Germany
8770,"600 TechMarkt Street",Hamburg,Hamburg,"20095",Germany
8771,"617 TechMarkt Street",London,England,SW1A 1AA,United Kingdom
8772,"634 TechMarkt Street",Paris,Île-de-France,"75001",France
8773,"651 TechMarkt Street",Amsterdam,North Holland,"1012",Netherlands
8774,"668 TechMarkt Street",Vienna,Vienna,"1010",Austria
8775,"685 TechMarkt Street",New York,New York,"10001",United States
8776,"702 TechMarkt Street",Berlin,Berlin,"10115",Germany
8777,"719 TechMarkt Street",Munich,Bavaria,"80331",Germany
8778,"736 TechMarkt Street",Hamburg,Hamburg,"20095",Germany
8779,"753 TechMarkt Street",London,England,SW1A 1AA,United Kingdom
8780,"770 TechMarkt Street",Paris,Île-de-France,"75001",France
8781,"787 TechMarkt Street",Amsterdam,North Holland,"1012",Netherlands
8782,"804 TechMarkt Street",Vienna,Vienna,"1010",Austria
8783,"821 TechMarkt Street",New York,New York,"10001",United States
8784,"838 TechMarkt Street",Berlin,Berlin,"10115",Germany
8785,"855 TechMarkt Street",Munich,Bavaria,"80331",Germany
8786,"872 TechMarkt Street",Hamburg,Hamburg,"20095",Germany
8787,"889 TechMarkt Street",London,England,SW1A 1AA,United Kingdom
8788,"906 TechMarkt Street",Paris,Île-de-France,"75001",France
8789,"923 TechMarkt Street",Amsterdam,North Holland,"1012",Netherlands
8790,"940 TechMarkt Street",Vienna,Vienna,"1010",Austria
8791,"957 TechMarkt Street",New York,New York,"10001",United States
8792,"974 TechMarkt Street",Berlin,Berlin,"10115",Germany
8793,"991 TechMarkt Street",Munich,Bavaria,"80331",Germany
8794,"18 TechMarkt Street",Hamburg,Hamburg,"20095",Germany
8795,"35 TechMarkt Street",London,England,SW1A 1AA,United Kingdom
8796,"52 TechMarkt Street",Paris,Île-de-France,"75001",France
8797,"69 TechMarkt Street",Amsterdam,North Holland,"1012",Netherlands
8798,"86 TechMarkt Street",Vienna,Vienna,"1010",Austria
8799,"103 TechMarkt Street",New York,New York,"10001",United States
8800,"120 TechMarkt Street",Berlin,Berlin,"10115",Germany
8801,"137 TechMarkt Street",Munich,Bavaria,"80331",Germany
8802,"154 TechMarkt Street",Hamburg,Hamburg,"20095",Germany
8803,"171 TechMarkt Street",London,England,SW1A 1AA,United Kingdom
8804,"188 TechMarkt Street",Paris,Île-de-France,"75001",France
8805,"205 TechMarkt Street",Amsterdam,North Holland,"1012",Netherlands
8806,"222 TechMarkt Street",Vienna,Vienna,"1010",Austria
8807,"239 TechMarkt Street",New York,New York,"10001",United States
8808,"256 TechMarkt Street",Berlin,Berlin,"10115",Germany
8809,"273 TechMarkt Street",Munich,Bavaria,"80331",Germany
8810,"290 TechMarkt Street",Hamburg,Hamburg,"20095",Germany
8811,"307 TechMarkt Street",London,England,SW1A 1AA,United Kingdom
8812,"324 TechMarkt Street",Paris,Île-de-France,"75001",France
8813,"341 TechMarkt Street",Amsterdam,North Holland,"1012",Netherlands
8814,"358 TechMarkt Street",Vienna,Vienna,"1010",Austria
8815,"375 TechMarkt Street",New York,New York,"10001",United States
8816,"392 TechMarkt Street",Berlin,Berlin,"10115",Germany
8817,"409 TechMarkt Street",Munich,Bavaria,"80331",Germany
8818,"426 TechMarkt Street",Hamburg,Hamburg,"20095",Germany
8819,"443 TechMarkt Street",London,England,SW1A 1AA,United Kingdom
8820,"460 TechMarkt Street",Paris,Île-de-France,"75001",France
8821,"477 TechMarkt Street",Amsterdam,North Holland,"1012",Netherlands
8822,"494 TechMarkt Street",Vienna,Vienna,"1010",Austria
8823,"511 TechMarkt Street",New York,New York,"10001",United States
8824,"528 TechMarkt Street",Berlin,Berlin,"10115",Germany
8825,"545 TechMarkt Street",Munich,Bavaria,"80331",Germany
8826,"562 TechMarkt Street",Hamburg,Hamburg,"20095",Germany
8827,"579 TechMarkt Street",London,England,SW1A 1AA,United Kingdom
8828,"596 TechMarkt Street",Paris,Île-de-France,"75001",France
8829,"613 TechMarkt Street",Amsterdam,North Holland,"1012",Netherlands
8830,"630 TechMarkt Street",Vienna,Vienna,"1010",Austria
8831,"647 TechMarkt Street",New York,New York,"10001",United States
8832,"664 TechMarkt Street",Berlin,Berlin,"10115",Germany
8833,"681 TechMarkt Street",Munich,Bavaria,"80331",Germany
8834,"698 TechMarkt Street",Hamburg,Hamburg,"20095",Germany
8835,"715 TechMarkt Street",London,England,SW1A 1AA,United Kingdom
8836,"732 TechMarkt Street",Paris,Île-de-France,"75001",France
8837,"749 TechMarkt Street",Amsterdam,North Holland,"1012",Netherlands
8838,"766 TechMarkt Street",Vienna,Vienna,"1010",Austria
8839,"783 TechMarkt Street",New York,New York,"10001",United States
8840,"800 TechMarkt Street",Berlin,Berlin,"10115",Germany
8841,"817 TechMarkt Street",Munich,Bavaria,"80331",Germany
8842,"834 TechMarkt Street",Hamburg,Hamburg,"20095",Germany
8843,"851 TechMarkt Street",London,England,SW1A 1AA,United Kingdom
8844,"868 TechMarkt Street",Paris,Île-de-France,"75001",France
8845,"885 TechMarkt Street",Amsterdam,North Holland,"1012",Netherlands
8846,"902 TechMarkt Street",Vienna,Vienna,"1010",Austria
8847,"919 TechMarkt Street",New York,New York,"10001",United States
8848,"936 TechMarkt Street",Berlin,Berlin,"10115",Germany
8849,"953 TechMarkt Street",Munich,Bavaria,"80331",Germany
8850,"970 TechMarkt Street",Hamburg,Hamburg,"20095",Germany
8851,"987 TechMarkt Street",London,England,SW1A 1AA,United Kingdom
8852,"14 TechMarkt Street",Paris,Île-de-France,"75001",France
8853,"31 TechMarkt Street",Amsterdam,North Holland,"1012",Netherlands
8854,"48 TechMarkt Street",Vienna,Vienna,"1010",Austria
8855,"65 TechMarkt Street",New York,New York,"10001",United States
8856,"82 TechMarkt Street",Berlin,Berlin,"10115",Germany
8857,"99 TechMarkt Street",Munich,Bavaria,"80331",Germany
8858,"116 TechMarkt Street",Hamburg,Hamburg,"20095",Germany
8859,"133 TechMarkt Street",London,England,SW1A 1AA,United Kingdom
8860,"150 TechMarkt Street",Paris,Île-de-France,"75001",France
8861,"167 TechMarkt Street",Amsterdam,North Holland,"1012",Netherlands
8862,"184 TechMarkt Street",Vienna,Vienna,"1010",Austria
8863,"201 TechMarkt Street",New York,New York,"10001",United States
8864,"218 TechMarkt Street",Berlin,Berlin,"10115",Germany
8865,"235 TechMarkt Street",Munich,Bavaria,"80331",Germany
8866,"252 TechMarkt Street",Hamburg,Hamburg,"20095",Germany
8867,"269 TechMarkt Street",London,England,SW1A 1AA,United Kingdom
8868,"286 TechMarkt Street",Paris,Île-de-France,"75001",France
8869,"303 TechMarkt Street",Amsterdam,North Holland,"1012",Netherlands
8870,"320 TechMarkt Street",Vienna,Vienna,"1010",Austria
8871,"337 TechMarkt Street",New York,New York,"10001",United States
8872,"354 TechMarkt Street",Berlin,Berlin,"10115",Germany
8873,"371 TechMarkt Street",Munich,Bavaria,"80331",Germany
8874,"388 TechMarkt Street",Hamburg,Hamburg,"20095",Germany
8875,"405 TechMarkt Street",London,England,SW1A 1AA,United Kingdom
8876,"422 TechMarkt Street",Paris,Île-de-France,"75001",France
8877,"439 TechMarkt Street",Amsterdam,North Holland,"1012",Netherlands
8878,"456 TechMarkt Street",Vienna,Vienna,"1010",Austria
8879,"473 TechMarkt Street",New York,New York,"10001",United States
8880,"490 TechMarkt Street",Berlin,Berlin,"10115",Germany
8881,"507 TechMarkt Street",Munich,Bavaria,"80331",Germany
8882,"524 TechMarkt Street",Hamburg,Hamburg,"20095",Germany
8883,"541 TechMarkt Street",London,England,SW1A 1AA,United Kingdom
8884,"558 TechMarkt Street",Paris,Île-de-France,"75001",France
8885,"575 TechMarkt Street",Amsterdam,North Holland,"1012",Netherlands
8886,"592 TechMarkt Street",Vienna,Vienna,"1010",Austria
8887,"609 TechMarkt Street",New York,New York,"10001",United States
8888,"626 TechMarkt Street",Berlin,Berlin,"10115",Germany
8889,"643 TechMarkt Street",Munich,Bavaria,"80331",Germany
8890,"660 TechMarkt Street",Hamburg,Hamburg,"20095",Germany
8891,"677 TechMarkt Street",London,England,SW1A 1AA,United Kingdom
8892,"694 TechMarkt Street",Paris,Île-de-France,"75001",France
8893,"711 TechMarkt Street",Amsterdam,North Holland,"1012",Netherlands
8894,"728 TechMarkt Street",Vienna,Vienna,"1010",Austria
8895,"745 TechMarkt Street",New York,New York,"10001",United States
8896,"762 TechMarkt Street",Berlin,Berlin,"10115",Germany
8897,"779 TechMarkt Street",Munich,Bavaria,"80331",Germany
8898,"796 TechMarkt Street",Hamburg,Hamburg,"20095",Germany
8899,"813 TechMarkt Street",London,England,SW1A 1AA,United Kingdom
8900,"830 TechMarkt Street",Paris,Île-de-France,"75001",France
8901,"847 TechMarkt Street",Amsterdam,North Holland,"1012",Netherlands
8902,"864 TechMarkt Street",Vienna,Vienna,"1010",Austria
8903,"881 TechMarkt Street",New York,New York,"10001",United States
8904,"898 TechMarkt Street",Berlin,Berlin,"10115",Germany
8905,"915 TechMarkt Street",Munich,Bavaria,"80331",Germany
8906,"932 TechMarkt Street",Hamburg,Hamburg,"20095",Germany
8907,"949 TechMarkt Street",London,England,SW1A 1AA,United Kingdom
8908,"966 TechMarkt Street",Paris,Île-de-France,"75001",France
8909,"983 TechMarkt Street",Amsterdam,North Holland,"1012",Netherlands
8910,"10 TechMarkt Street",Vienna,Vienna,"1010",Austria
8911,"27 TechMarkt Street",New York,New York,"10001",United States
8912,"44 TechMarkt Street",Berlin,Berlin,"10115",Germany
8913,"61 TechMarkt Street",Munich,Bavaria,"80331",Germany
8914,"78 TechMarkt Street",Hamburg,Hamburg,"20095",Germany
8915,"95 TechMarkt Street",London,England,SW1A 1AA,United Kingdom
8916,"112 TechMarkt Street",Paris,Île-de-France,"75001",France
8917,"129 TechMarkt Street",Amsterdam,North Holland,"1012",Netherlands
8918,"146 TechMarkt Street",Vienna,Vienna,"1010",Austria
8919,"163 TechMarkt Street",New York,New York,"10001",United States
8920,"180 TechMarkt Street",Berlin,Berlin,"10115",Germany
8921,"197 TechMarkt Street",Munich,Bavaria,"80331",Germany
8922,"214 TechMarkt Street",Hamburg,Hamburg,"20095",Germany
8923,"231 TechMarkt Street",London,England,SW1A 1AA,United Kingdom
8924,"248 TechMarkt Street",Paris,Île-de-France,"75001",France
8925,"265 TechMarkt Street",Amsterdam,North Holland,"1012",Netherlands
8926,"282 TechMarkt Street",Vienna,Vienna,"1010",Austria
8927,"299 TechMarkt Street",New York,New York,"10001",United States
8928,"316 TechMarkt Street",Berlin,Berlin,"10115",Germany
8929,"333 TechMarkt Street",Munich,Bavaria,"80331",Germany
8930,"350 TechMarkt Street",Hamburg,Hamburg,"20095",Germany
8931,"367 TechMarkt Street",London,England,SW1A 1AA,United Kingdom
8932,"384 TechMarkt Street",Paris,Île-de-France,"75001",France
8933,"401 TechMarkt Street",Amsterdam,North Holland,"1012",Netherlands
8934,"418 TechMarkt Street",Vienna,Vienna,"1010",Austria
8935,"435 TechMarkt Street",New York,New York,"10001",United States
8936,"452 TechMarkt Street",Berlin,Berlin,"10115",Germany
8937,"469 TechMarkt Street",Munich,Bavaria,"80331",Germany
8938,"486 TechMarkt Street",Hamburg,Hamburg,"20095",Germany
8939,"503 TechMarkt Street",London,England,SW1A 1AA,United Kingdom
8940,"520 TechMarkt Street",Paris,Île-de-France,"75001",France
8941,"537 TechMarkt Street",Amsterdam,North Holland,"1012",Netherlands
8942,"554 TechMarkt Street",Vienna,Vienna,"1010",Austria
8943,"571 TechMarkt Street",New York,New York,"10001",United States
8944,"588 TechMarkt Street",Berlin,Berlin,"10115",Germany
8945,"605 TechMarkt Street",Munich,Bavaria,"80331",Germany
8946,"622 TechMarkt Street",Hamburg,Hamburg,"20095",Germany
8947,"639 TechMarkt Street",London,England,SW1A 1AA,United Kingdom
8948,"656 TechMarkt Street",Paris,Île-de-France,"75001",France
8949,"673 TechMarkt Street",Amsterdam,North Holland,"1012",Netherlands
8950,"690 TechMarkt Street",Vienna,Vienna,"1010",Austria
8951,"707 TechMarkt Street",New York,New York,"10001",United States
8952,"724 TechMarkt Street",Berlin,Berlin,"10115",Germany
8953,"741 TechMarkt Street",Munich,Bavaria,"80331",Germany
8954,"758 TechMarkt Street",Hamburg,Hamburg,"20095",Germany
8955,"775 TechMarkt Street",London,England,SW1A 1AA,United Kingdom
8956,"792 TechMarkt Street",Paris,Île-de-France,"75001",France
8957,"809 TechMarkt Street",Amsterdam,North Holland,"1012",Netherlands
8958,"826 TechMarkt Street",Vienna,Vienna,"1010",Austria
8959,"843 TechMarkt Street",New York,New York,"10001",United States
8960,"860 TechMarkt Street",Berlin,Berlin,"10115",Germany
8961,"877 TechMarkt Street",Munich,Bavaria,"80331",Germany
8962,"894 TechMarkt Street",Hamburg,Hamburg,"20095",Germany
8963,"911 TechMarkt Street",London,England,SW1A 1AA,United Kingdom
8964,"928 TechMarkt Street",Paris,Île-de-France,"75001",France
8965,"945 TechMarkt Street",Amsterdam,North Holland,"1012",Netherlands
8966,"962 TechMarkt Street",Vienna,Vienna,"1010",Austria
8967,"979 TechMarkt Street",New York,New York,"10001",United States
8968,"996 TechMarkt Street",Berlin,Berlin,"10115",Germany
8969,"23 TechMarkt Street",Munich,Bavaria,"80331",Germany
8970,"40 TechMarkt Street",Hamburg,Hamburg,"20095",Germany
8971,"57 TechMarkt Street",London,England,SW1A 1AA,United Kingdom
8972,"74 TechMarkt Street",Paris,Île-de-France,"75001",France
8973,"91 TechMarkt Street",Amsterdam,North Holland,"1012",Netherlands
8974,"108 TechMarkt Street",Vienna,Vienna,"1010",Austria
8975,"125 TechMarkt Street",New York,New York,"10001",United States
8976,"142 TechMarkt Street",Berlin,Berlin,"10115",Germany
8977,"159 TechMarkt Street",Munich,Bavaria,"80331",Germany
8978,"176 TechMarkt Street",Hamburg,Hamburg,"20095",Germany
8979,"193 TechMarkt Street",London,England,SW1A 1AA,United Kingdom
8980,"210 TechMarkt Street",Paris,Île-de-France,"75001",France
8981,"227 TechMarkt Street",Amsterdam,North Holland,"1012",Netherlands
8982,"244 TechMarkt Street",Vienna,Vienna,"1010",Austria
8983,"261 TechMarkt Street",New York,New York,"10001",United States
8984,"278 TechMarkt Street",Berlin,Berlin,"10115",Germany
8985,"295 TechMarkt Street",Munich,Bavaria,"80331",Germany
8986,"312 TechMarkt Street",Hamburg,Hamburg,"20095",Germany
8987,"329 TechMarkt Street",London,England,SW1A 1AA,United Kingdom
8988,"346 TechMarkt Street",Paris,Île-de-France,"75001",France
8989,"363 TechMarkt Street",Amsterdam,North Holland,"1012",Netherlands
8990,"380 TechMarkt Street",Vienna,Vienna,"1010",Austria
8991,"397 TechMarkt Street",New York,New York,"10001",United States
8992,"414 TechMarkt Street",Berlin,Berlin,"10115",Germany
8993,"431 TechMarkt Street",Munich,Bavaria,"80331",Germany
8994,"448 TechMarkt Street",Hamburg,Hamburg,"20095",Germany
8995,"465 TechMarkt Street",London,England,SW1A 1AA,United Kingdom
8996,"482 TechMarkt Street",Paris,Île-de-France,"75001",France
8997,"499 TechMarkt Street",Amsterdam,North Holland,"1012",Netherlands
8998,"516 TechMarkt Street",Vienna,Vienna,"1010",Austria
8999,"533 TechMarkt Street",New York,New York,"10001",United States
9000,"550 TechMarkt Street",Berlin,Berlin,"10115",Germany
9001,"567 TechMarkt Street",Munich,Bavaria,"80331",Germany
9002,"584 TechMarkt Street",Hamburg,Hamburg,"20095",Germany
9003,"601 TechMarkt Street",London,England,SW1A 1AA,United Kingdom
9004,"618 TechMarkt Street",Paris,Île-de-France,"75001",France
9005,"635 TechMarkt Street",Amsterdam,North Holland,"1012",Netherlands
9006,"652 TechMarkt Street",Vienna,Vienna,"1010",Austria
9007,"669 TechMarkt Street",New York,New York,"10001",United States
9008,"686 TechMarkt Street",Berlin,Berlin,"10115",Germany
9009,"703 TechMarkt Street",Munich,Bavaria,"80331",Germany
9010,"720 TechMarkt Street",Hamburg,Hamburg,"20095",Germany
9011,"737 TechMarkt Street",London,England,SW1A 1AA,United Kingdom
9012,"754 TechMarkt Street",Paris,Île-de-France,"75001",France
9013,"771 TechMarkt Street",Amsterdam,North Holland,"1012",Netherlands
9014,"788 TechMarkt Street",Vienna,Vienna,"1010",Austria
9015,"805 TechMarkt Street",New York,New York,"10001",United States
9016,"822 TechMarkt Street",Berlin,Berlin,"10115",Germany
9017,"839 TechMarkt Street",Munich,Bavaria,"80331",Germany
9018,"856 TechMarkt Street",Hamburg,Hamburg,"20095",Germany
9019,"873 TechMarkt Street",London,England,SW1A 1AA,United Kingdom
9020,"890 TechMarkt Street",Paris,Île-de-France,"75001",France
9021,"907 TechMarkt Street",Amsterdam,North Holland,"1012",Netherlands
9022,"924 TechMarkt Street",Vienna,Vienna,"1010",Austria
9023,"941 TechMarkt Street",New York,New York,"10001",United States
9024,"958 TechMarkt Street",Berlin,Berlin,"10115",Germany
9025,"975 TechMarkt Street",Munich,Bavaria,"80331",Germany
9026,"992 TechMarkt Street",Hamburg,Hamburg,"20095",Germany
9027,"19 TechMarkt Street",London,England,SW1A 1AA,United Kingdom
9028,"36 TechMarkt Street",Paris,Île-de-France,"75001",France
9029,"53 TechMarkt Street",Amsterdam,North Holland,"1012",Netherlands
9030,"70 TechMarkt Street",Vienna,Vienna,"1010",Austria
9031,"87 TechMarkt Street",New York,New York,"10001",United States
9032,"104 TechMarkt Street",Berlin,Berlin,"10115",Germany
9033,"121 TechMarkt Street",Munich,Bavaria,"80331",Germany
9034,"138 TechMarkt Street",Hamburg,Hamburg,"20095",Germany
9035,"155 TechMarkt Street",London,England,SW1A 1AA,United Kingdom
9036,"172 TechMarkt Street",Paris,Île-de-France,"75001",France
9037,"189 TechMarkt Street",Amsterdam,North Holland,"1012",Netherlands
9038,"206 TechMarkt Street",Vienna,Vienna,"1010",Austria
9039,"223 TechMarkt Street",New York,New York,"10001",United States
9040,"240 TechMarkt Street",Berlin,Berlin,"10115",Germany
9041,"257 TechMarkt Street",Munich,Bavaria,"80331",Germany
9042,"274 TechMarkt Street",Hamburg,Hamburg,"20095",Germany
9043,"291 TechMarkt Street",London,England,SW1A 1AA,United Kingdom
9044,"308 TechMarkt Street",Paris,Île-de-France,"75001",France
9045,"325 TechMarkt Street",Amsterdam,North Holland,"1012",Netherlands
9046,"342 TechMarkt Street",Vienna,Vienna,"1010",Austria
9047,"359 TechMarkt Street",New York,New York,"10001",United States
9048,"376 TechMarkt Street",Berlin,Berlin,"10115",Germany
9049,"393 TechMarkt Street",Munich,Bavaria,"80331",Germany
9050,"410 TechMarkt Street",Hamburg,Hamburg,"20095",Germany
9051,"427 TechMarkt Street",London,England,SW1A 1AA,United Kingdom
9052,"444 TechMarkt Street",Paris,Île-de-France,"75001",France
9053,"461 TechMarkt Street",Amsterdam,North Holland,"1012",Netherlands
9054,"478 TechMarkt Street",Vienna,Vienna,"1010",Austria
9055,"495 TechMarkt Street",New York,New York,"10001",United States
9056,"512 TechMarkt Street",Berlin,Berlin,"10115",Germany
9057,"529 TechMarkt Street",Munich,Bavaria,"80331",Germany
9058,"546 TechMarkt Street",Hamburg,Hamburg,"20095",Germany
9059,"563 TechMarkt Street",London,England,SW1A 1AA,United Kingdom
9060,"580 TechMarkt Street",Paris,Île-de-France,"75001",France
9061,"597 TechMarkt Street",Amsterdam,North Holland,"1012",Netherlands
9062,"614 TechMarkt Street",Vienna,Vienna,"1010",Austria
9063,"631 TechMarkt Street",New York,New York,"10001",United States
9064,"648 TechMarkt Street",Berlin,Berlin,"10115",Germany
9065,"665 TechMarkt Street",Munich,Bavaria,"80331",Germany
9066,"682 TechMarkt Street",Hamburg,Hamburg,"20095",Germany
9067,"699 TechMarkt Street",London,England,SW1A 1AA,United Kingdom
9068,"716 TechMarkt Street",Paris,Île-de-France,"75001",France
9069,"733 TechMarkt Street",Amsterdam,North Holland,"1012",Netherlands
9070,"750 TechMarkt Street",Vienna,Vienna,"1010",Austria
9071,"767 TechMarkt Street",New York,New York,"10001",United States
9072,"784 TechMarkt Street",Berlin,Berlin,"10115",Germany
9073,"801 TechMarkt Street",Munich,Bavaria,"80331",Germany
9074,"818 TechMarkt Street",Hamburg,Hamburg,"20095",Germany
9075,"835 TechMarkt Street",London,England,SW1A 1AA,United Kingdom
9076,"852 TechMarkt Street",Paris,Île-de-France,"75001",France
9077,"869 TechMarkt Street",Amsterdam,North Holland,"1012",Netherlands
9078,"886 TechMarkt Street",Vienna,Vienna,"1010",Austria
9079,"903 TechMarkt Street",New York,New York,"10001",United States
9080,"920 TechMarkt Street",Berlin,Berlin,"10115",Germany
9081,"937 TechMarkt Street",Munich,Bavaria,"80331",Germany
9082,"954 TechMarkt Street",Hamburg,Hamburg,"20095",Germany
9083,"971 TechMarkt Street",London,England,SW1A 1AA,United Kingdom
9084,"988 TechMarkt Street",Paris,Île-de-France,"75001",France
9085,"15 TechMarkt Street",Amsterdam,North Holland,"1012",Netherlands
9086,"32 TechMarkt Street",Vienna,Vienna,"1010",Austria
9087,"49 TechMarkt Street",New York,New York,"10001",United States
9088,"66 TechMarkt Street",Berlin,Berlin,"10115",Germany
9089,"83 TechMarkt Street",Munich,Bavaria,"80331",Germany
9090,"100 TechMarkt Street",Hamburg,Hamburg,"20095",Germany
9091,"117 TechMarkt Street",London,England,SW1A 1AA,United Kingdom
9092,"134 TechMarkt Street",Paris,Île-de-France,"75001",France
9093,"151 TechMarkt Street",Amsterdam,North Holland,"1012",Netherlands
9094,"168 TechMarkt Street",Vienna,Vienna,"1010",Austria
9095,"185 TechMarkt Street",New York,New York,"10001",United States
