"customer_id","first_name","last_name","email","phone","gender","created_at"
1,Thomas,Reed,customer1091@example.com,+1-555-1091,M,"2025-09-24 00:00:00"
2,Thomas,Jones,customer91@example.com,+1-555-0091,M,"2023-07-17 00:00:00"
3,Amelia,Reed,customer1092@example.com,+1-555-1092,F,"2025-10-11 00:00:00"
4,Amelia,Jones,customer92@example.com,+1-555-0092,F,"2023-08-03 00:00:00"
5,Benjamin,Reed,customer1093@example.com,+1-555-1093,M,"2025-10-28 00:00:00"
6,Benjamin,Jones,customer93@example.com,+1-555-0093,M,"2023-08-20 00:00:00"
7,Isabella,Reed,customer1094@example.com,+1-555-1094,F,"2025-11-14 00:00:00"
8,Isabella,Jones,customer94@example.com,+1-555-0094,F,"2023-09-06 00:00:00"
9,Henry,Reed,customer1095@example.com,+1-555-1095,M,"2025-12-01 00:00:00"
10,Henry,Jones,customer95@example.com,+1-555-0095,M,"2023-09-23 00:00:00"
11,Emily,Reed,customer1096@example.com,+1-555-1096,F,"2025-12-18 00:00:00"
12,Emily,Jones,customer96@example.com,+1-555-0096,F,"2023-10-10 00:00:00"
13,Lucas,Reed,customer1097@example.com,+1-555-1097,M,"2026-01-04 00:00:00"
14,Lucas,Jones,customer97@example.com,+1-555-0097,M,"2023-10-27 00:00:00"
15,Ella,Reed,customer1098@example.com,+1-555-1098,F,"2026-01-21 00:00:00"
16,Ella,Jones,customer98@example.com,+1-555-0098,F,"2023-11-13 00:00:00"
17,Jack,Reed,customer1099@example.com,+1-555-1099,M,"2026-02-07 00:00:00"
18,Jack,Jones,customer99@example.com,+1-555-0099,M,"2023-11-30 00:00:00"
19,Grace,Reed,customer1100@example.com,+1-555-1100,Other,"2026-02-24 00:00:00"
20,Grace,Jones,customer100@example.com,+1-555-0100,Other,"2023-12-17 00:00:00"
21,James,Reed,customer1081@example.com,+1-555-1081,M,"2025-04-07 00:00:00"
22,James,Jones,customer81@example.com,+1-555-0081,M,"2023-01-28 00:00:00"
23,Emma,Reed,customer1082@example.com,+1-555-1082,F,"2025-04-24 00:00:00"
24,Emma,Jones,customer82@example.com,+1-555-0082,F,"2023-02-14 00:00:00"
25,Michael,Reed,customer1083@example.com,+1-555-1083,M,"2025-05-11 00:00:00"
26,Michael,Jones,customer83@example.com,+1-555-0083,M,"2023-03-03 00:00:00"
27,Olivia,Reed,customer1084@example.com,+1-555-1084,F,"2025-05-28 00:00:00"
28,Olivia,Jones,customer84@example.com,+1-555-0084,F,"2023-03-20 00:00:00"
29,Daniel,Reed,customer1085@example.com,+1-555-1085,M,"2025-06-14 00:00:00"
30,Daniel,Jones,customer85@example.com,+1-555-0085,M,"2023-04-06 00:00:00"
31,Sophia,Reed,customer1086@example.com,+1-555-1086,F,"2025-07-01 00:00:00"
32,Sophia,Jones,customer86@example.com,+1-555-0086,F,"2023-04-23 00:00:00"
33,Alexander,Reed,customer1087@example.com,+1-555-1087,M,"2025-07-18 00:00:00"
34,Alexander,Jones,customer87@example.com,+1-555-0087,M,"2023-05-10 00:00:00"
35,Mia,Reed,customer1088@example.com,+1-555-1088,F,"2025-08-04 00:00:00"
36,Mia,Jones,customer88@example.com,+1-555-0088,F,"2023-05-27 00:00:00"
37,William,Reed,customer1089@example.com,+1-555-1089,M,"2025-08-21 00:00:00"
38,William,Jones,customer89@example.com,+1-555-0089,M,"2023-06-13 00:00:00"
39,Charlotte,Reed,customer1090@example.com,+1-555-1090,Other,"2025-09-07 00:00:00"
40,Charlotte,Jones,customer90@example.com,+1-555-0090,Other,"2023-06-30 00:00:00"
41,Thomas,Cooper,customer1071@example.com,+1-555-1071,M,"2024-10-19 00:00:00"
42,Thomas,Brown,customer71@example.com,+1-555-0071,M,"2026-04-22 00:00:00"
43,Amelia,Cooper,customer1072@example.com,+1-555-1072,F,"2024-11-05 00:00:00"
44,Amelia,Brown,customer72@example.com,+1-555-0072,F,"2026-05-09 00:00:00"
45,Benjamin,Cooper,customer1073@example.com,+1-555-1073,M,"2024-11-22 00:00:00"
46,Benjamin,Brown,customer73@example.com,+1-555-0073,M,"2026-05-26 00:00:00"
47,Isabella,Cooper,customer1074@example.com,+1-555-1074,F,"2024-12-09 00:00:00"
48,Isabella,Brown,customer74@example.com,+1-555-0074,F,"2026-06-12 00:00:00"
49,Henry,Cooper,customer1075@example.com,+1-555-1075,M,"2024-12-26 00:00:00"
50,Henry,Brown,customer75@example.com,+1-555-0075,M,"2026-06-29 00:00:00"
51,Emily,Cooper,customer1076@example.com,+1-555-1076,F,"2025-01-12 00:00:00"
52,Emily,Brown,customer76@example.com,+1-555-0076,F,"2026-07-16 00:00:00"
53,Lucas,Cooper,customer1077@example.com,+1-555-1077,M,"2025-01-29 00:00:00"
54,Lucas,Brown,customer77@example.com,+1-555-0077,M,"2026-08-02 00:00:00"
55,Ella,Cooper,customer1078@example.com,+1-555-1078,F,"2025-02-15 00:00:00"
56,Ella,Brown,customer78@example.com,+1-555-0078,F,"2026-08-19 00:00:00"
57,Jack,Cooper,customer1079@example.com,+1-555-1079,M,"2025-03-04 00:00:00"
58,Jack,Brown,customer79@example.com,+1-555-0079,M,"2026-09-05 00:00:00"
59,Grace,Cooper,customer1080@example.com,+1-555-1080,Other,"2025-03-21 00:00:00"
60,Grace,Brown,customer80@example.com,+1-555-0080,Other,"2023-01-11 00:00:00"
61,James,Cooper,customer1061@example.com,+1-555-1061,M,"2024-05-02 00:00:00"
62,James,Brown,customer61@example.com,+1-555-0061,M,"2025-11-03 00:00:00"
63,Emma,Cooper,customer1062@example.com,+1-555-1062,F,"2024-05-19 00:00:00"
64,Emma,Brown,customer62@example.com,+1-555-0062,F,"2025-11-20 00:00:00"
65,Michael,Cooper,customer1063@example.com,+1-555-1063,M,"2024-06-05 00:00:00"
66,Michael,Brown,customer63@example.com,+1-555-0063,M,"2025-12-07 00:00:00"
67,Olivia,Cooper,customer1064@example.com,+1-555-1064,F,"2024-06-22 00:00:00"
68,Olivia,Brown,customer64@example.com,+1-555-0064,F,"2025-12-24 00:00:00"
69,Daniel,Cooper,customer1065@example.com,+1-555-1065,M,"2024-07-09 00:00:00"
70,Daniel,Brown,customer65@example.com,+1-555-0065,M,"2026-01-10 00:00:00"
71,Sophia,Cooper,customer1066@example.com,+1-555-1066,F,"2024-07-26 00:00:00"
72,Sophia,Brown,customer66@example.com,+1-555-0066,F,"2026-01-27 00:00:00"
73,Alexander,Cooper,customer1067@example.com,+1-555-1067,M,"2024-08-12 00:00:00"
74,Alexander,Brown,customer67@example.com,+1-555-0067,M,"2026-02-13 00:00:00"
75,Mia,Cooper,customer1068@example.com,+1-555-1068,F,"2024-08-29 00:00:00"
76,Mia,Brown,customer68@example.com,+1-555-0068,F,"2026-03-02 00:00:00"
77,William,Cooper,customer1069@example.com,+1-555-1069,M,"2024-09-15 00:00:00"
78,William,Brown,customer69@example.com,+1-555-0069,M,"2026-03-19 00:00:00"
79,Charlotte,Cooper,customer1070@example.com,+1-555-1070,Other,"2024-10-02 00:00:00"
80,Charlotte,Brown,customer70@example.com,+1-555-0070,Other,"2026-04-05 00:00:00"
81,Thomas,Peterson,customer1051@example.com,+1-555-1051,M,"2023-11-14 00:00:00"
82,Thomas,Williams,customer51@example.com,+1-555-0051,M,"2025-05-17 00:00:00"
83,Amelia,Peterson,customer1052@example.com,+1-555-1052,F,"2023-12-01 00:00:00"
84,Amelia,Williams,customer52@example.com,+1-555-0052,F,"2025-06-03 00:00:00"
85,Benjamin,Peterson,customer1053@example.com,+1-555-1053,M,"2023-12-18 00:00:00"
86,Benjamin,Williams,customer53@example.com,+1-555-0053,M,"2025-06-20 00:00:00"
87,Isabella,Peterson,customer1054@example.com,+1-555-1054,F,"2024-01-04 00:00:00"
88,Isabella,Williams,customer54@example.com,+1-555-0054,F,"2025-07-07 00:00:00"
89,Henry,Peterson,customer1055@example.com,+1-555-1055,M,"2024-01-21 00:00:00"
90,Henry,Williams,customer55@example.com,+1-555-0055,M,"2025-07-24 00:00:00"
91,Emily,Peterson,customer1056@example.com,+1-555-1056,F,"2024-02-07 00:00:00"
92,Emily,Williams,customer56@example.com,+1-555-0056,F,"2025-08-10 00:00:00"
93,Lucas,Peterson,customer1057@example.com,+1-555-1057,M,"2024-02-24 00:00:00"
94,Lucas,Williams,customer57@example.com,+1-555-0057,M,"2025-08-27 00:00:00"
95,Ella,Peterson,customer1058@example.com,+1-555-1058,F,"2024-03-12 00:00:00"
96,Ella,Williams,customer58@example.com,+1-555-0058,F,"2025-09-13 00:00:00"
97,Jack,Peterson,customer1059@example.com,+1-555-1059,M,"2024-03-29 00:00:00"
98,Jack,Williams,customer59@example.com,+1-555-0059,M,"2025-09-30 00:00:00"
99,Grace,Peterson,customer1060@example.com,+1-555-1060,Other,"2024-04-15 00:00:00"
100,Grace,Williams,customer60@example.com,+1-555-0060,Other,"2025-10-17 00:00:00"
101,James,Peterson,customer1041@example.com,+1-555-1041,M,"2023-05-28 00:00:00"
102,James,Williams,customer41@example.com,+1-555-0041,M,"2024-11-28 00:00:00"
103,Emma,Peterson,customer1042@example.com,+1-555-1042,F,"2023-06-14 00:00:00"
104,Emma,Williams,customer42@example.com,+1-555-0042,F,"2024-12-15 00:00:00"
105,Michael,Peterson,customer1043@example.com,+1-555-1043,M,"2023-07-01 00:00:00"
106,Michael,Williams,customer43@example.com,+1-555-0043,M,"2025-01-01 00:00:00"
107,Olivia,Peterson,customer1044@example.com,+1-555-1044,F,"2023-07-18 00:00:00"
108,Olivia,Williams,customer44@example.com,+1-555-0044,F,"2025-01-18 00:00:00"
109,Daniel,Peterson,customer1045@example.com,+1-555-1045,M,"2023-08-04 00:00:00"
110,Daniel,Williams,customer45@example.com,+1-555-0045,M,"2025-02-04 00:00:00"
111,Sophia,Peterson,customer1046@example.com,+1-555-1046,F,"2023-08-21 00:00:00"
112,Sophia,Williams,customer46@example.com,+1-555-0046,F,"2025-02-21 00:00:00"
113,Alexander,Peterson,customer1047@example.com,+1-555-1047,M,"2023-09-07 00:00:00"
114,Alexander,Williams,customer47@example.com,+1-555-0047,M,"2025-03-10 00:00:00"
115,Mia,Peterson,customer1048@example.com,+1-555-1048,F,"2023-09-24 00:00:00"
116,Mia,Williams,customer48@example.com,+1-555-0048,F,"2025-03-27 00:00:00"
117,William,Peterson,customer1049@example.com,+1-555-1049,M,"2023-10-11 00:00:00"
118,William,Williams,customer49@example.com,+1-555-0049,M,"2025-04-13 00:00:00"
119,Charlotte,Peterson,customer1050@example.com,+1-555-1050,Other,"2023-10-28 00:00:00"
120,Charlotte,Williams,customer50@example.com,+1-555-0050,Other,"2025-04-30 00:00:00"
121,Thomas,Morgan,customer1031@example.com,+1-555-1031,M,"2026-08-20 00:00:00"
122,Thomas,Johnson,customer31@example.com,+1-555-0031,M,"2024-06-11 00:00:00"
123,Amelia,Morgan,customer1032@example.com,+1-555-1032,F,"2026-09-06 00:00:00"
124,Amelia,Johnson,customer32@example.com,+1-555-0032,F,"2024-06-28 00:00:00"
125,Benjamin,Morgan,customer1033@example.com,+1-555-1033,M,"2023-01-12 00:00:00"
126,Benjamin,Johnson,customer33@example.com,+1-555-0033,M,"2024-07-15 00:00:00"
127,Isabella,Morgan,customer1034@example.com,+1-555-1034,F,"2023-01-29 00:00:00"
128,Isabella,Johnson,customer34@example.com,+1-555-0034,F,"2024-08-01 00:00:00"
129,Henry,Morgan,customer1035@example.com,+1-555-1035,M,"2023-02-15 00:00:00"
130,Henry,Johnson,customer35@example.com,+1-555-0035,M,"2024-08-18 00:00:00"
131,Emily,Morgan,customer1036@example.com,+1-555-1036,F,"2023-03-04 00:00:00"
132,Emily,Johnson,customer36@example.com,+1-555-0036,F,"2024-09-04 00:00:00"
133,Lucas,Morgan,customer1037@example.com,+1-555-1037,M,"2023-03-21 00:00:00"
134,Lucas,Johnson,customer37@example.com,+1-555-0037,M,"2024-09-21 00:00:00"
135,Ella,Morgan,customer1038@example.com,+1-555-1038,F,"2023-04-07 00:00:00"
136,Ella,Johnson,customer38@example.com,+1-555-0038,F,"2024-10-08 00:00:00"
137,Jack,Morgan,customer1039@example.com,+1-555-1039,M,"2023-04-24 00:00:00"
138,Jack,Johnson,customer39@example.com,+1-555-0039,M,"2024-10-25 00:00:00"
139,Grace,Morgan,customer1040@example.com,+1-555-1040,Other,"2023-05-11 00:00:00"
140,Grace,Johnson,customer40@example.com,+1-555-0040,Other,"2024-11-11 00:00:00"
141,James,Morgan,customer1021@example.com,+1-555-1021,M,"2026-03-03 00:00:00"
142,James,Johnson,customer21@example.com,+1-555-0021,M,"2023-12-24 00:00:00"
143,Emma,Morgan,customer1022@example.com,+1-555-1022,F,"2026-03-20 00:00:00"
144,Emma,Johnson,customer22@example.com,+1-555-0022,F,"2024-01-10 00:00:00"
145,Michael,Morgan,customer1023@example.com,+1-555-1023,M,"2026-04-06 00:00:00"
146,Michael,Johnson,customer23@example.com,+1-555-0023,M,"2024-01-27 00:00:00"
147,Olivia,Morgan,customer1024@example.com,+1-555-1024,F,"2026-04-23 00:00:00"
148,Olivia,Johnson,customer24@example.com,+1-555-0024,F,"2024-02-13 00:00:00"
149,Daniel,Morgan,customer1025@example.com,+1-555-1025,M,"2026-05-10 00:00:00"
150,Daniel,Johnson,customer25@example.com,+1-555-0025,M,"2024-03-01 00:00:00"
151,Sophia,Morgan,customer1026@example.com,+1-555-1026,F,"2026-05-27 00:00:00"
152,Sophia,Johnson,customer26@example.com,+1-555-0026,F,"2024-03-18 00:00:00"
153,Alexander,Morgan,customer1027@example.com,+1-555-1027,M,"2026-06-13 00:00:00"
154,Alexander,Johnson,customer27@example.com,+1-555-0027,M,"2024-04-04 00:00:00"
155,Mia,Morgan,customer1028@example.com,+1-555-1028,F,"2026-06-30 00:00:00"
156,Mia,Johnson,customer28@example.com,+1-555-0028,F,"2024-04-21 00:00:00"
157,William,Morgan,customer1029@example.com,+1-555-1029,M,"2026-07-17 00:00:00"
158,William,Johnson,customer29@example.com,+1-555-0029,M,"2024-05-08 00:00:00"
159,Charlotte,Morgan,customer1030@example.com,+1-555-1030,Other,"2026-08-03 00:00:00"
160,Charlotte,Johnson,customer30@example.com,+1-555-0030,Other,"2024-05-25 00:00:00"
161,Thomas,Rogers,customer1011@example.com,+1-555-1011,M,"2025-09-14 00:00:00"
162,Thomas,Smith,customer11@example.com,+1-555-0011,M,"2023-07-07 00:00:00"
163,Amelia,Rogers,customer1012@example.com,+1-555-1012,F,"2025-10-01 00:00:00"
164,Amelia,Smith,customer12@example.com,+1-555-0012,F,"2023-07-24 00:00:00"
165,Benjamin,Rogers,customer1013@example.com,+1-555-1013,M,"2025-10-18 00:00:00"
166,Benjamin,Smith,customer13@example.com,+1-555-0013,M,"2023-08-10 00:00:00"
167,Isabella,Rogers,customer1014@example.com,+1-555-1014,F,"2025-11-04 00:00:00"
168,Isabella,Smith,customer14@example.com,+1-555-0014,F,"2023-08-27 00:00:00"
169,Henry,Rogers,customer1015@example.com,+1-555-1015,M,"2025-11-21 00:00:00"
170,Henry,Smith,customer15@example.com,+1-555-0015,M,"2023-09-13 00:00:00"
171,Emily,Rogers,customer1016@example.com,+1-555-1016,F,"2025-12-08 00:00:00"
172,Emily,Smith,customer16@example.com,+1-555-0016,F,"2023-09-30 00:00:00"
173,Lucas,Rogers,customer1017@example.com,+1-555-1017,M,"2025-12-25 00:00:00"
174,Lucas,Smith,customer17@example.com,+1-555-0017,M,"2023-10-17 00:00:00"
175,Ella,Rogers,customer1018@example.com,+1-555-1018,F,"2026-01-11 00:00:00"
176,Ella,Smith,customer18@example.com,+1-555-0018,F,"2023-11-03 00:00:00"
177,Jack,Rogers,customer1019@example.com,+1-555-1019,M,"2026-01-28 00:00:00"
178,Jack,Smith,customer19@example.com,+1-555-0019,M,"2023-11-20 00:00:00"
179,Grace,Rogers,customer1020@example.com,+1-555-1020,Other,"2026-02-14 00:00:00"
180,Grace,Smith,customer20@example.com,+1-555-0020,Other,"2023-12-07 00:00:00"
181,James,Rogers,customer1001@example.com,+1-555-1001,M,"2025-03-28 00:00:00"
182,James,Smith,customer1@example.com,+1-555-0001,M,"2023-01-18 00:00:00"
183,Emma,Rogers,customer1002@example.com,+1-555-1002,F,"2025-04-14 00:00:00"
184,Emma,Smith,customer2@example.com,+1-555-0002,F,"2023-02-04 00:00:00"
185,Michael,Rogers,customer1003@example.com,+1-555-1003,M,"2025-05-01 00:00:00"
186,Michael,Smith,customer3@example.com,+1-555-0003,M,"2023-02-21 00:00:00"
187,Olivia,Rogers,customer1004@example.com,+1-555-1004,F,"2025-05-18 00:00:00"
188,Olivia,Smith,customer4@example.com,+1-555-0004,F,"2023-03-10 00:00:00"
189,Daniel,Rogers,customer1005@example.com,+1-555-1005,M,"2025-06-04 00:00:00"
190,Daniel,Smith,customer5@example.com,+1-555-0005,M,"2023-03-27 00:00:00"
191,Sophia,Rogers,customer1006@example.com,+1-555-1006,F,"2025-06-21 00:00:00"
192,Sophia,Smith,customer6@example.com,+1-555-0006,F,"2023-04-13 00:00:00"
193,Alexander,Rogers,customer1007@example.com,+1-555-1007,M,"2025-07-08 00:00:00"
194,Alexander,Smith,customer7@example.com,+1-555-0007,M,"2023-04-30 00:00:00"
195,Mia,Rogers,customer1008@example.com,+1-555-1008,F,"2025-07-25 00:00:00"
196,Mia,Smith,customer8@example.com,+1-555-0008,F,"2023-05-17 00:00:00"
197,William,Rogers,customer1009@example.com,+1-555-1009,M,"2025-08-11 00:00:00"
198,William,Smith,customer9@example.com,+1-555-0009,M,"2023-06-03 00:00:00"
199,Charlotte,Rogers,customer1010@example.com,+1-555-1010,Other,"2025-08-28 00:00:00"
200,Charlotte,Smith,customer10@example.com,+1-555-0010,Other,"2023-06-20 00:00:00"
201,Thomas,Howard,customer1191@example.com,+1-555-1191,M,"2026-09-09 00:00:00"
202,Thomas,Anderson,customer191@example.com,+1-555-0191,M,"2024-07-01 00:00:00"
203,Amelia,Howard,customer1192@example.com,+1-555-1192,F,"2023-01-15 00:00:00"
204,Amelia,Anderson,customer192@example.com,+1-555-0192,F,"2024-07-18 00:00:00"
205,Benjamin,Howard,customer1193@example.com,+1-555-1193,M,"2023-02-01 00:00:00"
206,Benjamin,Anderson,customer193@example.com,+1-555-0193,M,"2024-08-04 00:00:00"
207,Isabella,Howard,customer1194@example.com,+1-555-1194,F,"2023-02-18 00:00:00"
208,Isabella,Anderson,customer194@example.com,+1-555-0194,F,"2024-08-21 00:00:00"
209,Henry,Howard,customer1195@example.com,+1-555-1195,M,"2023-03-07 00:00:00"
210,Henry,Anderson,customer195@example.com,+1-555-0195,M,"2024-09-07 00:00:00"
211,Emily,Howard,customer1196@example.com,+1-555-1196,F,"2023-03-24 00:00:00"
212,Emily,Anderson,customer196@example.com,+1-555-0196,F,"2024-09-24 00:00:00"
213,Lucas,Howard,customer1197@example.com,+1-555-1197,M,"2023-04-10 00:00:00"
214,Lucas,Anderson,customer197@example.com,+1-555-0197,M,"2024-10-11 00:00:00"
215,Ella,Howard,customer1198@example.com,+1-555-1198,F,"2023-04-27 00:00:00"
216,Ella,Anderson,customer198@example.com,+1-555-0198,F,"2024-10-28 00:00:00"
217,Jack,Howard,customer1199@example.com,+1-555-1199,M,"2023-05-14 00:00:00"
218,Jack,Anderson,customer199@example.com,+1-555-0199,M,"2024-11-14 00:00:00"
219,Grace,Howard,customer1200@example.com,+1-555-1200,Other,"2023-05-31 00:00:00"
220,Grace,Anderson,customer200@example.com,+1-555-0200,Other,"2024-12-01 00:00:00"
221,James,Howard,customer1181@example.com,+1-555-1181,M,"2026-03-23 00:00:00"
222,James,Anderson,customer181@example.com,+1-555-0181,M,"2024-01-13 00:00:00"
223,Emma,Howard,customer1182@example.com,+1-555-1182,F,"2026-04-09 00:00:00"
224,Emma,Anderson,customer182@example.com,+1-555-0182,F,"2024-01-30 00:00:00"
225,Michael,Howard,customer1183@example.com,+1-555-1183,M,"2026-04-26 00:00:00"
226,Michael,Anderson,customer183@example.com,+1-555-0183,M,"2024-02-16 00:00:00"
227,Olivia,Howard,customer1184@example.com,+1-555-1184,F,"2026-05-13 00:00:00"
228,Olivia,Anderson,customer184@example.com,+1-555-0184,F,"2024-03-04 00:00:00"
229,Daniel,Howard,customer1185@example.com,+1-555-1185,M,"2026-05-30 00:00:00"
230,Daniel,Anderson,customer185@example.com,+1-555-0185,M,"2024-03-21 00:00:00"
231,Sophia,Howard,customer1186@example.com,+1-555-1186,F,"2026-06-16 00:00:00"
232,Sophia,Anderson,customer186@example.com,+1-555-0186,F,"2024-04-07 00:00:00"
233,Alexander,Howard,customer1187@example.com,+1-555-1187,M,"2026-07-03 00:00:00"
234,Alexander,Anderson,customer187@example.com,+1-555-0187,M,"2024-04-24 00:00:00"
235,Mia,Howard,customer1188@example.com,+1-555-1188,F,"2026-07-20 00:00:00"
236,Mia,Anderson,customer188@example.com,+1-555-0188,F,"2024-05-11 00:00:00"
237,William,Howard,customer1189@example.com,+1-555-1189,M,"2026-08-06 00:00:00"
238,William,Anderson,customer189@example.com,+1-555-0189,M,"2024-05-28 00:00:00"
239,Charlotte,Howard,customer1190@example.com,+1-555-1190,Other,"2026-08-23 00:00:00"
240,Charlotte,Anderson,customer190@example.com,+1-555-0190,Other,"2024-06-14 00:00:00"
241,Thomas,Kelly,customer1171@example.com,+1-555-1171,M,"2025-10-04 00:00:00"
242,Thomas,Wilson,customer171@example.com,+1-555-0171,M,"2023-07-27 00:00:00"
243,Amelia,Kelly,customer1172@example.com,+1-555-1172,F,"2025-10-21 00:00:00"
244,Amelia,Wilson,customer172@example.com,+1-555-0172,F,"2023-08-13 00:00:00"
245,Benjamin,Kelly,customer1173@example.com,+1-555-1173,M,"2025-11-07 00:00:00"
246,Benjamin,Wilson,customer173@example.com,+1-555-0173,M,"2023-08-30 00:00:00"
247,Isabella,Kelly,customer1174@example.com,+1-555-1174,F,"2025-11-24 00:00:00"
248,Isabella,Wilson,customer174@example.com,+1-555-0174,F,"2023-09-16 00:00:00"
249,Henry,Kelly,customer1175@example.com,+1-555-1175,M,"2025-12-11 00:00:00"
250,Henry,Wilson,customer175@example.com,+1-555-0175,M,"2023-10-03 00:00:00"
251,Emily,Kelly,customer1176@example.com,+1-555-1176,F,"2025-12-28 00:00:00"
252,Emily,Wilson,customer176@example.com,+1-555-0176,F,"2023-10-20 00:00:00"
253,Lucas,Kelly,customer1177@example.com,+1-555-1177,M,"2026-01-14 00:00:00"
254,Lucas,Wilson,customer177@example.com,+1-555-0177,M,"2023-11-06 00:00:00"
255,Ella,Kelly,customer1178@example.com,+1-555-1178,F,"2026-01-31 00:00:00"
256,Ella,Wilson,customer178@example.com,+1-555-0178,F,"2023-11-23 00:00:00"
257,Jack,Kelly,customer1179@example.com,+1-555-1179,M,"2026-02-17 00:00:00"
258,Jack,Wilson,customer179@example.com,+1-555-0179,M,"2023-12-10 00:00:00"
259,Grace,Kelly,customer1180@example.com,+1-555-1180,Other,"2026-03-06 00:00:00"
260,Grace,Wilson,customer180@example.com,+1-555-0180,Other,"2023-12-27 00:00:00"
261,James,Kelly,customer1161@example.com,+1-555-1161,M,"2025-04-17 00:00:00"
262,James,Wilson,customer161@example.com,+1-555-0161,M,"2023-02-07 00:00:00"
263,Emma,Kelly,customer1162@example.com,+1-555-1162,F,"2025-05-04 00:00:00"
264,Emma,Wilson,customer162@example.com,+1-555-0162,F,"2023-02-24 00:00:00"
265,Michael,Kelly,customer1163@example.com,+1-555-1163,M,"2025-05-21 00:00:00"
266,Michael,Wilson,customer163@example.com,+1-555-0163,M,"2023-03-13 00:00:00"
267,Olivia,Kelly,customer1164@example.com,+1-555-1164,F,"2025-06-07 00:00:00"
268,Olivia,Wilson,customer164@example.com,+1-555-0164,F,"2023-03-30 00:00:00"
269,Daniel,Kelly,customer1165@example.com,+1-555-1165,M,"2025-06-24 00:00:00"
270,Daniel,Wilson,customer165@example.com,+1-555-0165,M,"2023-04-16 00:00:00"
271,Sophia,Kelly,customer1166@example.com,+1-555-1166,F,"2025-07-11 00:00:00"
272,Sophia,Wilson,customer166@example.com,+1-555-0166,F,"2023-05-03 00:00:00"
273,Alexander,Kelly,customer1167@example.com,+1-555-1167,M,"2025-07-28 00:00:00"
274,Alexander,Wilson,customer167@example.com,+1-555-0167,M,"2023-05-20 00:00:00"
275,Mia,Kelly,customer1168@example.com,+1-555-1168,F,"2025-08-14 00:00:00"
276,Mia,Wilson,customer168@example.com,+1-555-0168,F,"2023-06-06 00:00:00"
277,William,Kelly,customer1169@example.com,+1-555-1169,M,"2025-08-31 00:00:00"
278,William,Wilson,customer169@example.com,+1-555-0169,M,"2023-06-23 00:00:00"
279,Charlotte,Kelly,customer1170@example.com,+1-555-1170,Other,"2025-09-17 00:00:00"
280,Charlotte,Wilson,customer170@example.com,+1-555-0170,Other,"2023-07-10 00:00:00"
281,Thomas,Gomez,customer1151@example.com,+1-555-1151,M,"2024-10-29 00:00:00"
282,Thomas,Davis,customer151@example.com,+1-555-0151,M,"2026-05-02 00:00:00"
283,Amelia,Gomez,customer1152@example.com,+1-555-1152,F,"2024-11-15 00:00:00"
284,Amelia,Davis,customer152@example.com,+1-555-0152,F,"2026-05-19 00:00:00"
285,Benjamin,Gomez,customer1153@example.com,+1-555-1153,M,"2024-12-02 00:00:00"
286,Benjamin,Davis,customer153@example.com,+1-555-0153,M,"2026-06-05 00:00:00"
287,Isabella,Gomez,customer1154@example.com,+1-555-1154,F,"2024-12-19 00:00:00"
288,Isabella,Davis,customer154@example.com,+1-555-0154,F,"2026-06-22 00:00:00"
289,Henry,Gomez,customer1155@example.com,+1-555-1155,M,"2025-01-05 00:00:00"
290,Henry,Davis,customer155@example.com,+1-555-0155,M,"2026-07-09 00:00:00"
291,Emily,Gomez,customer1156@example.com,+1-555-1156,F,"2025-01-22 00:00:00"
292,Emily,Davis,customer156@example.com,+1-555-0156,F,"2026-07-26 00:00:00"
293,Lucas,Gomez,customer1157@example.com,+1-555-1157,M,"2025-02-08 00:00:00"
294,Lucas,Davis,customer157@example.com,+1-555-0157,M,"2026-08-12 00:00:00"
295,Ella,Gomez,customer1158@example.com,+1-555-1158,F,"2025-02-25 00:00:00"
296,Ella,Davis,customer158@example.com,+1-555-0158,F,"2026-08-29 00:00:00"
297,Jack,Gomez,customer1159@example.com,+1-555-1159,M,"2025-03-14 00:00:00"
298,Jack,Davis,customer159@example.com,+1-555-0159,M,"2023-01-04 00:00:00"
299,Grace,Gomez,customer1160@example.com,+1-555-1160,Other,"2025-03-31 00:00:00"
300,Grace,Davis,customer160@example.com,+1-555-0160,Other,"2023-01-21 00:00:00"
301,James,Gomez,customer1141@example.com,+1-555-1141,M,"2024-05-12 00:00:00"
302,James,Davis,customer141@example.com,+1-555-0141,M,"2025-11-13 00:00:00"
303,Emma,Gomez,customer1142@example.com,+1-555-1142,F,"2024-05-29 00:00:00"
304,Emma,Davis,customer142@example.com,+1-555-0142,F,"2025-11-30 00:00:00"
305,Michael,Gomez,customer1143@example.com,+1-555-1143,M,"2024-06-15 00:00:00"
306,Michael,Davis,customer143@example.com,+1-555-0143,M,"2025-12-17 00:00:00"
307,Olivia,Gomez,customer1144@example.com,+1-555-1144,F,"2024-07-02 00:00:00"
308,Olivia,Davis,customer144@example.com,+1-555-0144,F,"2026-01-03 00:00:00"
309,Daniel,Gomez,customer1145@example.com,+1-555-1145,M,"2024-07-19 00:00:00"
310,Daniel,Davis,customer145@example.com,+1-555-0145,M,"2026-01-20 00:00:00"
311,Sophia,Gomez,customer1146@example.com,+1-555-1146,F,"2024-08-05 00:00:00"
312,Sophia,Davis,customer146@example.com,+1-555-0146,F,"2026-02-06 00:00:00"
313,Alexander,Gomez,customer1147@example.com,+1-555-1147,M,"2024-08-22 00:00:00"
314,Alexander,Davis,customer147@example.com,+1-555-0147,M,"2026-02-23 00:00:00"
315,Mia,Gomez,customer1148@example.com,+1-555-1148,F,"2024-09-08 00:00:00"
316,Mia,Davis,customer148@example.com,+1-555-0148,F,"2026-03-12 00:00:00"
317,William,Gomez,customer1149@example.com,+1-555-1149,M,"2024-09-25 00:00:00"
318,William,Davis,customer149@example.com,+1-555-0149,M,"2026-03-29 00:00:00"
319,Charlotte,Gomez,customer1150@example.com,+1-555-1150,Other,"2024-10-12 00:00:00"
320,Charlotte,Davis,customer150@example.com,+1-555-0150,Other,"2026-04-15 00:00:00"
321,Thomas,Bell,customer1131@example.com,+1-555-1131,M,"2023-11-24 00:00:00"
322,Thomas,Miller,customer131@example.com,+1-555-0131,M,"2025-05-27 00:00:00"
323,Amelia,Bell,customer1132@example.com,+1-555-1132,F,"2023-12-11 00:00:00"
324,Amelia,Miller,customer132@example.com,+1-555-0132,F,"2025-06-13 00:00:00"
325,Benjamin,Bell,customer1133@example.com,+1-555-1133,M,"2023-12-28 00:00:00"
326,Benjamin,Miller,customer133@example.com,+1-555-0133,M,"2025-06-30 00:00:00"
327,Isabella,Bell,customer1134@example.com,+1-555-1134,F,"2024-01-14 00:00:00"
328,Isabella,Miller,customer134@example.com,+1-555-0134,F,"2025-07-17 00:00:00"
329,Henry,Bell,customer1135@example.com,+1-555-1135,M,"2024-01-31 00:00:00"
330,Henry,Miller,customer135@example.com,+1-555-0135,M,"2025-08-03 00:00:00"
331,Emily,Bell,customer1136@example.com,+1-555-1136,F,"2024-02-17 00:00:00"
332,Emily,Miller,customer136@example.com,+1-555-0136,F,"2025-08-20 00:00:00"
333,Lucas,Bell,customer1137@example.com,+1-555-1137,M,"2024-03-05 00:00:00"
334,Lucas,Miller,customer137@example.com,+1-555-0137,M,"2025-09-06 00:00:00"
335,Ella,Bell,customer1138@example.com,+1-555-1138,F,"2024-03-22 00:00:00"
336,Ella,Miller,customer138@example.com,+1-555-0138,F,"2025-09-23 00:00:00"
337,Jack,Bell,customer1139@example.com,+1-555-1139,M,"2024-04-08 00:00:00"
338,Jack,Miller,customer139@example.com,+1-555-0139,M,"2025-10-10 00:00:00"
339,Grace,Bell,customer1140@example.com,+1-555-1140,Other,"2024-04-25 00:00:00"
340,Grace,Miller,customer140@example.com,+1-555-0140,Other,"2025-10-27 00:00:00"
341,James,Bell,customer1121@example.com,+1-555-1121,M,"2023-06-07 00:00:00"
342,James,Miller,customer121@example.com,+1-555-0121,M,"2024-12-08 00:00:00"
343,Emma,Bell,customer1122@example.com,+1-555-1122,F,"2023-06-24 00:00:00"
344,Emma,Miller,customer122@example.com,+1-555-0122,F,"2024-12-25 00:00:00"
345,Michael,Bell,customer1123@example.com,+1-555-1123,M,"2023-07-11 00:00:00"
346,Michael,Miller,customer123@example.com,+1-555-0123,M,"2025-01-11 00:00:00"
347,Olivia,Bell,customer1124@example.com,+1-555-1124,F,"2023-07-28 00:00:00"
348,Olivia,Miller,customer124@example.com,+1-555-0124,F,"2025-01-28 00:00:00"
349,Daniel,Bell,customer1125@example.com,+1-555-1125,M,"2023-08-14 00:00:00"
350,Daniel,Miller,customer125@example.com,+1-555-0125,M,"2025-02-14 00:00:00"
351,Sophia,Bell,customer1126@example.com,+1-555-1126,F,"2023-08-31 00:00:00"
352,Sophia,Miller,customer126@example.com,+1-555-0126,F,"2025-03-03 00:00:00"
353,Alexander,Bell,customer1127@example.com,+1-555-1127,M,"2023-09-17 00:00:00"
354,Alexander,Miller,customer127@example.com,+1-555-0127,M,"2025-03-20 00:00:00"
355,Mia,Bell,customer1128@example.com,+1-555-1128,F,"2023-10-04 00:00:00"
356,Mia,Miller,customer128@example.com,+1-555-0128,F,"2025-04-06 00:00:00"
357,William,Bell,customer1129@example.com,+1-555-1129,M,"2023-10-21 00:00:00"
358,William,Miller,customer129@example.com,+1-555-0129,M,"2025-04-23 00:00:00"
359,Charlotte,Bell,customer1130@example.com,+1-555-1130,Other,"2023-11-07 00:00:00"
360,Charlotte,Miller,customer130@example.com,+1-555-0130,Other,"2025-05-10 00:00:00"
361,Thomas,Bailey,customer1111@example.com,+1-555-1111,M,"2026-08-30 00:00:00"
362,Thomas,Garcia,customer111@example.com,+1-555-0111,M,"2024-06-21 00:00:00"
363,Amelia,Bailey,customer1112@example.com,+1-555-1112,F,"2023-01-05 00:00:00"
364,Amelia,Garcia,customer112@example.com,+1-555-0112,F,"2024-07-08 00:00:00"
365,Benjamin,Bailey,customer1113@example.com,+1-555-1113,M,"2023-01-22 00:00:00"
366,Benjamin,Garcia,customer113@example.com,+1-555-0113,M,"2024-07-25 00:00:00"
367,Isabella,Bailey,customer1114@example.com,+1-555-1114,F,"2023-02-08 00:00:00"
368,Isabella,Garcia,customer114@example.com,+1-555-0114,F,"2024-08-11 00:00:00"
369,Henry,Bailey,customer1115@example.com,+1-555-1115,M,"2023-02-25 00:00:00"
370,Henry,Garcia,customer115@example.com,+1-555-0115,M,"2024-08-28 00:00:00"
371,Emily,Bailey,customer1116@example.com,+1-555-1116,F,"2023-03-14 00:00:00"
372,Emily,Garcia,customer116@example.com,+1-555-0116,F,"2024-09-14 00:00:00"
373,Lucas,Bailey,customer1117@example.com,+1-555-1117,M,"2023-03-31 00:00:00"
374,Lucas,Garcia,customer117@example.com,+1-555-0117,M,"2024-10-01 00:00:00"
375,Ella,Bailey,customer1118@example.com,+1-555-1118,F,"2023-04-17 00:00:00"
376,Ella,Garcia,customer118@example.com,+1-555-0118,F,"2024-10-18 00:00:00"
377,Jack,Bailey,customer1119@example.com,+1-555-1119,M,"2023-05-04 00:00:00"
378,Jack,Garcia,customer119@example.com,+1-555-0119,M,"2024-11-04 00:00:00"
379,Grace,Bailey,customer1120@example.com,+1-555-1120,Other,"2023-05-21 00:00:00"
380,Grace,Garcia,customer120@example.com,+1-555-0120,Other,"2024-11-21 00:00:00"
381,James,Bailey,customer1101@example.com,+1-555-1101,M,"2026-03-13 00:00:00"
382,James,Garcia,customer101@example.com,+1-555-0101,M,"2024-01-03 00:00:00"
383,Emma,Bailey,customer1102@example.com,+1-555-1102,F,"2026-03-30 00:00:00"
384,Emma,Garcia,customer102@example.com,+1-555-0102,F,"2024-01-20 00:00:00"
385,Michael,Bailey,customer1103@example.com,+1-555-1103,M,"2026-04-16 00:00:00"
386,Michael,Garcia,customer103@example.com,+1-555-0103,M,"2024-02-06 00:00:00"
387,Olivia,Bailey,customer1104@example.com,+1-555-1104,F,"2026-05-03 00:00:00"
388,Olivia,Garcia,customer104@example.com,+1-555-0104,F,"2024-02-23 00:00:00"
389,Daniel,Bailey,customer1105@example.com,+1-555-1105,M,"2026-05-20 00:00:00"
390,Daniel,Garcia,customer105@example.com,+1-555-0105,M,"2024-03-11 00:00:00"
391,Sophia,Bailey,customer1106@example.com,+1-555-1106,F,"2026-06-06 00:00:00"
392,Sophia,Garcia,customer106@example.com,+1-555-0106,F,"2024-03-28 00:00:00"
393,Alexander,Bailey,customer1107@example.com,+1-555-1107,M,"2026-06-23 00:00:00"
394,Alexander,Garcia,customer107@example.com,+1-555-0107,M,"2024-04-14 00:00:00"
395,Mia,Bailey,customer1108@example.com,+1-555-1108,F,"2026-07-10 00:00:00"
396,Mia,Garcia,customer108@example.com,+1-555-0108,F,"2024-05-01 00:00:00"
397,William,Bailey,customer1109@example.com,+1-555-1109,M,"2026-07-27 00:00:00"
398,William,Garcia,customer109@example.com,+1-555-0109,M,"2024-05-18 00:00:00"
399,Charlotte,Bailey,customer1110@example.com,+1-555-1110,Other,"2026-08-13 00:00:00"
400,Charlotte,Garcia,customer110@example.com,+1-555-0110,Other,"2024-06-04 00:00:00"
401,Thomas,Wood,customer1291@example.com,+1-555-1291,M,"2023-12-14 00:00:00"
402,Thomas,Jackson,customer291@example.com,+1-555-0291,M,"2025-06-16 00:00:00"
403,Amelia,Wood,customer1292@example.com,+1-555-1292,F,"2023-12-31 00:00:00"
404,Amelia,Jackson,customer292@example.com,+1-555-0292,F,"2025-07-03 00:00:00"
405,Benjamin,Wood,customer1293@example.com,+1-555-1293,M,"2024-01-17 00:00:00"
406,Benjamin,Jackson,customer293@example.com,+1-555-0293,M,"2025-07-20 00:00:00"
407,Isabella,Wood,customer1294@example.com,+1-555-1294,F,"2024-02-03 00:00:00"
408,Isabella,Jackson,customer294@example.com,+1-555-0294,F,"2025-08-06 00:00:00"
409,Henry,Wood,customer1295@example.com,+1-555-1295,M,"2024-02-20 00:00:00"
410,Henry,Jackson,customer295@example.com,+1-555-0295,M,"2025-08-23 00:00:00"
411,Emily,Wood,customer1296@example.com,+1-555-1296,F,"2024-03-08 00:00:00"
412,Emily,Jackson,customer296@example.com,+1-555-0296,F,"2025-09-09 00:00:00"
413,Lucas,Wood,customer1297@example.com,+1-555-1297,M,"2024-03-25 00:00:00"
414,Lucas,Jackson,customer297@example.com,+1-555-0297,M,"2025-09-26 00:00:00"
415,Ella,Wood,customer1298@example.com,+1-555-1298,F,"2024-04-11 00:00:00"
416,Ella,Jackson,customer298@example.com,+1-555-0298,F,"2025-10-13 00:00:00"
417,Jack,Wood,customer1299@example.com,+1-555-1299,M,"2024-04-28 00:00:00"
418,Jack,Jackson,customer299@example.com,+1-555-0299,M,"2025-10-30 00:00:00"
419,Grace,Wood,customer1300@example.com,+1-555-1300,Other,"2024-05-15 00:00:00"
420,Grace,Jackson,customer300@example.com,+1-555-0300,Other,"2025-11-16 00:00:00"
421,James,Wood,customer1281@example.com,+1-555-1281,M,"2023-06-27 00:00:00"
422,James,Jackson,customer281@example.com,+1-555-0281,M,"2024-12-28 00:00:00"
423,Emma,Wood,customer1282@example.com,+1-555-1282,F,"2023-07-14 00:00:00"
424,Emma,Jackson,customer282@example.com,+1-555-0282,F,"2025-01-14 00:00:00"
425,Michael,Wood,customer1283@example.com,+1-555-1283,M,"2023-07-31 00:00:00"
426,Michael,Jackson,customer283@example.com,+1-555-0283,M,"2025-01-31 00:00:00"
427,Olivia,Wood,customer1284@example.com,+1-555-1284,F,"2023-08-17 00:00:00"
428,Olivia,Jackson,customer284@example.com,+1-555-0284,F,"2025-02-17 00:00:00"
429,Daniel,Wood,customer1285@example.com,+1-555-1285,M,"2023-09-03 00:00:00"
430,Daniel,Jackson,customer285@example.com,+1-555-0285,M,"2025-03-06 00:00:00"
431,Sophia,Wood,customer1286@example.com,+1-555-1286,F,"2023-09-20 00:00:00"
432,Sophia,Jackson,customer286@example.com,+1-555-0286,F,"2025-03-23 00:00:00"
433,Alexander,Wood,customer1287@example.com,+1-555-1287,M,"2023-10-07 00:00:00"
434,Alexander,Jackson,customer287@example.com,+1-555-0287,M,"2025-04-09 00:00:00"
435,Mia,Wood,customer1288@example.com,+1-555-1288,F,"2023-10-24 00:00:00"
436,Mia,Jackson,customer288@example.com,+1-555-0288,F,"2025-04-26 00:00:00"
437,William,Wood,customer1289@example.com,+1-555-1289,M,"2023-11-10 00:00:00"
438,William,Jackson,customer289@example.com,+1-555-0289,M,"2025-05-13 00:00:00"
439,Charlotte,Wood,customer1290@example.com,+1-555-1290,Other,"2023-11-27 00:00:00"
440,Charlotte,Jackson,customer290@example.com,+1-555-0290,Other,"2025-05-30 00:00:00"
441,Thomas,Richardson,customer1271@example.com,+1-555-1271,M,"2023-01-08 00:00:00"
442,Thomas,Martin,customer271@example.com,+1-555-0271,M,"2024-07-11 00:00:00"
443,Amelia,Richardson,customer1272@example.com,+1-555-1272,F,"2023-01-25 00:00:00"
444,Amelia,Martin,customer272@example.com,+1-555-0272,F,"2024-07-28 00:00:00"
445,Benjamin,Richardson,customer1273@example.com,+1-555-1273,M,"2023-02-11 00:00:00"
446,Benjamin,Martin,customer273@example.com,+1-555-0273,M,"2024-08-14 00:00:00"
447,Isabella,Richardson,customer1274@example.com,+1-555-1274,F,"2023-02-28 00:00:00"
448,Isabella,Martin,customer274@example.com,+1-555-0274,F,"2024-08-31 00:00:00"
449,Henry,Richardson,customer1275@example.com,+1-555-1275,M,"2023-03-17 00:00:00"
450,Henry,Martin,customer275@example.com,+1-555-0275,M,"2024-09-17 00:00:00"
451,Emily,Richardson,customer1276@example.com,+1-555-1276,F,"2023-04-03 00:00:00"
452,Emily,Martin,customer276@example.com,+1-555-0276,F,"2024-10-04 00:00:00"
453,Lucas,Richardson,customer1277@example.com,+1-555-1277,M,"2023-04-20 00:00:00"
454,Lucas,Martin,customer277@example.com,+1-555-0277,M,"2024-10-21 00:00:00"
455,Ella,Richardson,customer1278@example.com,+1-555-1278,F,"2023-05-07 00:00:00"
456,Ella,Martin,customer278@example.com,+1-555-0278,F,"2024-11-07 00:00:00"
457,Jack,Richardson,customer1279@example.com,+1-555-1279,M,"2023-05-24 00:00:00"
458,Jack,Martin,customer279@example.com,+1-555-0279,M,"2024-11-24 00:00:00"
459,Grace,Richardson,customer1280@example.com,+1-555-1280,Other,"2023-06-10 00:00:00"
460,Grace,Martin,customer280@example.com,+1-555-0280,Other,"2024-12-11 00:00:00"
461,James,Richardson,customer1261@example.com,+1-555-1261,M,"2026-04-02 00:00:00"
462,James,Martin,customer261@example.com,+1-555-0261,M,"2024-01-23 00:00:00"
463,Emma,Richardson,customer1262@example.com,+1-555-1262,F,"2026-04-19 00:00:00"
464,Emma,Martin,customer262@example.com,+1-555-0262,F,"2024-02-09 00:00:00"
465,Michael,Richardson,customer1263@example.com,+1-555-1263,M,"2026-05-06 00:00:00"
466,Michael,Martin,customer263@example.com,+1-555-0263,M,"2024-02-26 00:00:00"
467,Olivia,Richardson,customer1264@example.com,+1-555-1264,F,"2026-05-23 00:00:00"
468,Olivia,Martin,customer264@example.com,+1-555-0264,F,"2024-03-14 00:00:00"
469,Daniel,Richardson,customer1265@example.com,+1-555-1265,M,"2026-06-09 00:00:00"
470,Daniel,Martin,customer265@example.com,+1-555-0265,M,"2024-03-31 00:00:00"
471,Sophia,Richardson,customer1266@example.com,+1-555-1266,F,"2026-06-26 00:00:00"
472,Sophia,Martin,customer266@example.com,+1-555-0266,F,"2024-04-17 00:00:00"
473,Alexander,Richardson,customer1267@example.com,+1-555-1267,M,"2026-07-13 00:00:00"
474,Alexander,Martin,customer267@example.com,+1-555-0267,M,"2024-05-04 00:00:00"
475,Mia,Richardson,customer1268@example.com,+1-555-1268,F,"2026-07-30 00:00:00"
476,Mia,Martin,customer268@example.com,+1-555-0268,F,"2024-05-21 00:00:00"
477,William,Richardson,customer1269@example.com,+1-555-1269,M,"2026-08-16 00:00:00"
478,William,Martin,customer269@example.com,+1-555-0269,M,"2024-06-07 00:00:00"
479,Charlotte,Richardson,customer1270@example.com,+1-555-1270,Other,"2026-09-02 00:00:00"
480,Charlotte,Martin,customer270@example.com,+1-555-0270,Other,"2024-06-24 00:00:00"
481,Thomas,Diaz,customer1251@example.com,+1-555-1251,M,"2025-10-14 00:00:00"
482,Thomas,Moore,customer251@example.com,+1-555-0251,M,"2023-08-06 00:00:00"
483,Amelia,Diaz,customer1252@example.com,+1-555-1252,F,"2025-10-31 00:00:00"
484,Amelia,Moore,customer252@example.com,+1-555-0252,F,"2023-08-23 00:00:00"
485,Benjamin,Diaz,customer1253@example.com,+1-555-1253,M,"2025-11-17 00:00:00"
486,Benjamin,Moore,customer253@example.com,+1-555-0253,M,"2023-09-09 00:00:00"
487,Isabella,Diaz,customer1254@example.com,+1-555-1254,F,"2025-12-04 00:00:00"
488,Isabella,Moore,customer254@example.com,+1-555-0254,F,"2023-09-26 00:00:00"
489,Henry,Diaz,customer1255@example.com,+1-555-1255,M,"2025-12-21 00:00:00"
490,Henry,Moore,customer255@example.com,+1-555-0255,M,"2023-10-13 00:00:00"
491,Emily,Diaz,customer1256@example.com,+1-555-1256,F,"2026-01-07 00:00:00"
492,Emily,Moore,customer256@example.com,+1-555-0256,F,"2023-10-30 00:00:00"
493,Lucas,Diaz,customer1257@example.com,+1-555-1257,M,"2026-01-24 00:00:00"
494,Lucas,Moore,customer257@example.com,+1-555-0257,M,"2023-11-16 00:00:00"
495,Ella,Diaz,customer1258@example.com,+1-555-1258,F,"2026-02-10 00:00:00"
496,Ella,Moore,customer258@example.com,+1-555-0258,F,"2023-12-03 00:00:00"
497,Jack,Diaz,customer1259@example.com,+1-555-1259,M,"2026-02-27 00:00:00"
498,Jack,Moore,customer259@example.com,+1-555-0259,M,"2023-12-20 00:00:00"
499,Grace,Diaz,customer1260@example.com,+1-555-1260,Other,"2026-03-16 00:00:00"
500,Grace,Moore,customer260@example.com,+1-555-0260,Other,"2024-01-06 00:00:00"
501,James,Diaz,customer1241@example.com,+1-555-1241,M,"2025-04-27 00:00:00"
502,James,Moore,customer241@example.com,+1-555-0241,M,"2023-02-17 00:00:00"
503,Emma,Diaz,customer1242@example.com,+1-555-1242,F,"2025-05-14 00:00:00"
504,Emma,Moore,customer242@example.com,+1-555-0242,F,"2023-03-06 00:00:00"
505,Michael,Diaz,customer1243@example.com,+1-555-1243,M,"2025-05-31 00:00:00"
506,Michael,Moore,customer243@example.com,+1-555-0243,M,"2023-03-23 00:00:00"
507,Olivia,Diaz,customer1244@example.com,+1-555-1244,F,"2025-06-17 00:00:00"
508,Olivia,Moore,customer244@example.com,+1-555-0244,F,"2023-04-09 00:00:00"
509,Daniel,Diaz,customer1245@example.com,+1-555-1245,M,"2025-07-04 00:00:00"
510,Daniel,Moore,customer245@example.com,+1-555-0245,M,"2023-04-26 00:00:00"
511,Sophia,Diaz,customer1246@example.com,+1-555-1246,F,"2025-07-21 00:00:00"
512,Sophia,Moore,customer246@example.com,+1-555-0246,F,"2023-05-13 00:00:00"
513,Alexander,Diaz,customer1247@example.com,+1-555-1247,M,"2025-08-07 00:00:00"
514,Alexander,Moore,customer247@example.com,+1-555-0247,M,"2023-05-30 00:00:00"
515,Mia,Diaz,customer1248@example.com,+1-555-1248,F,"2025-08-24 00:00:00"
516,Mia,Moore,customer248@example.com,+1-555-0248,F,"2023-06-16 00:00:00"
517,William,Diaz,customer1249@example.com,+1-555-1249,M,"2025-09-10 00:00:00"
518,William,Moore,customer249@example.com,+1-555-0249,M,"2023-07-03 00:00:00"
519,Charlotte,Diaz,customer1250@example.com,+1-555-1250,Other,"2025-09-27 00:00:00"
520,Charlotte,Moore,customer250@example.com,+1-555-0250,Other,"2023-07-20 00:00:00"
521,Thomas,Cox,customer1231@example.com,+1-555-1231,M,"2024-11-08 00:00:00"
522,Thomas,Thomas,customer231@example.com,+1-555-0231,M,"2026-05-12 00:00:00"
523,Amelia,Cox,customer1232@example.com,+1-555-1232,F,"2024-11-25 00:00:00"
524,Amelia,Thomas,customer232@example.com,+1-555-0232,F,"2026-05-29 00:00:00"
525,Benjamin,Cox,customer1233@example.com,+1-555-1233,M,"2024-12-12 00:00:00"
526,Benjamin,Thomas,customer233@example.com,+1-555-0233,M,"2026-06-15 00:00:00"
527,Isabella,Cox,customer1234@example.com,+1-555-1234,F,"2024-12-29 00:00:00"
528,Isabella,Thomas,customer234@example.com,+1-555-0234,F,"2026-07-02 00:00:00"
529,Henry,Cox,customer1235@example.com,+1-555-1235,M,"2025-01-15 00:00:00"
530,Henry,Thomas,customer235@example.com,+1-555-0235,M,"2026-07-19 00:00:00"
531,Emily,Cox,customer1236@example.com,+1-555-1236,F,"2025-02-01 00:00:00"
532,Emily,Thomas,customer236@example.com,+1-555-0236,F,"2026-08-05 00:00:00"
533,Lucas,Cox,customer1237@example.com,+1-555-1237,M,"2025-02-18 00:00:00"
534,Lucas,Thomas,customer237@example.com,+1-555-0237,M,"2026-08-22 00:00:00"
535,Ella,Cox,customer1238@example.com,+1-555-1238,F,"2025-03-07 00:00:00"
536,Ella,Thomas,customer238@example.com,+1-555-0238,F,"2026-09-08 00:00:00"
537,Jack,Cox,customer1239@example.com,+1-555-1239,M,"2025-03-24 00:00:00"
538,Jack,Thomas,customer239@example.com,+1-555-0239,M,"2023-01-14 00:00:00"
539,Grace,Cox,customer1240@example.com,+1-555-1240,Other,"2025-04-10 00:00:00"
540,Grace,Thomas,customer240@example.com,+1-555-0240,Other,"2023-01-31 00:00:00"
541,James,Cox,customer1221@example.com,+1-555-1221,M,"2024-05-22 00:00:00"
542,James,Thomas,customer221@example.com,+1-555-0221,M,"2025-11-23 00:00:00"
543,Emma,Cox,customer1222@example.com,+1-555-1222,F,"2024-06-08 00:00:00"
544,Emma,Thomas,customer222@example.com,+1-555-0222,F,"2025-12-10 00:00:00"
545,Michael,Cox,customer1223@example.com,+1-555-1223,M,"2024-06-25 00:00:00"
546,Michael,Thomas,customer223@example.com,+1-555-0223,M,"2025-12-27 00:00:00"
547,Olivia,Cox,customer1224@example.com,+1-555-1224,F,"2024-07-12 00:00:00"
548,Olivia,Thomas,customer224@example.com,+1-555-0224,F,"2026-01-13 00:00:00"
549,Daniel,Cox,customer1225@example.com,+1-555-1225,M,"2024-07-29 00:00:00"
550,Daniel,Thomas,customer225@example.com,+1-555-0225,M,"2026-01-30 00:00:00"
551,Sophia,Cox,customer1226@example.com,+1-555-1226,F,"2024-08-15 00:00:00"
552,Sophia,Thomas,customer226@example.com,+1-555-0226,F,"2026-02-16 00:00:00"
553,Alexander,Cox,customer1227@example.com,+1-555-1227,M,"2024-09-01 00:00:00"
554,Alexander,Thomas,customer227@example.com,+1-555-0227,M,"2026-03-05 00:00:00"
555,Mia,Cox,customer1228@example.com,+1-555-1228,F,"2024-09-18 00:00:00"
556,Mia,Thomas,customer228@example.com,+1-555-0228,F,"2026-03-22 00:00:00"
557,William,Cox,customer1229@example.com,+1-555-1229,M,"2024-10-05 00:00:00"
558,William,Thomas,customer229@example.com,+1-555-0229,M,"2026-04-08 00:00:00"
559,Charlotte,Cox,customer1230@example.com,+1-555-1230,Other,"2024-10-22 00:00:00"
560,Charlotte,Thomas,customer230@example.com,+1-555-0230,Other,"2026-04-25 00:00:00"
561,Thomas,Ward,customer1211@example.com,+1-555-1211,M,"2023-12-04 00:00:00"
562,Thomas,Taylor,customer211@example.com,+1-555-0211,M,"2025-06-06 00:00:00"
563,Amelia,Ward,customer1212@example.com,+1-555-1212,F,"2023-12-21 00:00:00"
564,Amelia,Taylor,customer212@example.com,+1-555-0212,F,"2025-06-23 00:00:00"
565,Benjamin,Ward,customer1213@example.com,+1-555-1213,M,"2024-01-07 00:00:00"
566,Benjamin,Taylor,customer213@example.com,+1-555-0213,M,"2025-07-10 00:00:00"
567,Isabella,Ward,customer1214@example.com,+1-555-1214,F,"2024-01-24 00:00:00"
568,Isabella,Taylor,customer214@example.com,+1-555-0214,F,"2025-07-27 00:00:00"
569,Henry,Ward,customer1215@example.com,+1-555-1215,M,"2024-02-10 00:00:00"
570,Henry,Taylor,customer215@example.com,+1-555-0215,M,"2025-08-13 00:00:00"
571,Emily,Ward,customer1216@example.com,+1-555-1216,F,"2024-02-27 00:00:00"
572,Emily,Taylor,customer216@example.com,+1-555-0216,F,"2025-08-30 00:00:00"
573,Lucas,Ward,customer1217@example.com,+1-555-1217,M,"2024-03-15 00:00:00"
574,Lucas,Taylor,customer217@example.com,+1-555-0217,M,"2025-09-16 00:00:00"
575,Ella,Ward,customer1218@example.com,+1-555-1218,F,"2024-04-01 00:00:00"
576,Ella,Taylor,customer218@example.com,+1-555-0218,F,"2025-10-03 00:00:00"
577,Jack,Ward,customer1219@example.com,+1-555-1219,M,"2024-04-18 00:00:00"
578,Jack,Taylor,customer219@example.com,+1-555-0219,M,"2025-10-20 00:00:00"
579,Grace,Ward,customer1220@example.com,+1-555-1220,Other,"2024-05-05 00:00:00"
580,Grace,Taylor,customer220@example.com,+1-555-0220,Other,"2025-11-06 00:00:00"
581,James,Ward,customer1201@example.com,+1-555-1201,M,"2023-06-17 00:00:00"
582,James,Taylor,customer201@example.com,+1-555-0201,M,"2024-12-18 00:00:00"
583,Emma,Ward,customer1202@example.com,+1-555-1202,F,"2023-07-04 00:00:00"
584,Emma,Taylor,customer202@example.com,+1-555-0202,F,"2025-01-04 00:00:00"
585,Michael,Ward,customer1203@example.com,+1-555-1203,M,"2023-07-21 00:00:00"
586,Michael,Taylor,customer203@example.com,+1-555-0203,M,"2025-01-21 00:00:00"
587,Olivia,Ward,customer1204@example.com,+1-555-1204,F,"2023-08-07 00:00:00"
588,Olivia,Taylor,customer204@example.com,+1-555-0204,F,"2025-02-07 00:00:00"
589,Daniel,Ward,customer1205@example.com,+1-555-1205,M,"2023-08-24 00:00:00"
590,Daniel,Taylor,customer205@example.com,+1-555-0205,M,"2025-02-24 00:00:00"
591,Sophia,Ward,customer1206@example.com,+1-555-1206,F,"2023-09-10 00:00:00"
592,Sophia,Taylor,customer206@example.com,+1-555-0206,F,"2025-03-13 00:00:00"
593,Alexander,Ward,customer1207@example.com,+1-555-1207,M,"2023-09-27 00:00:00"
594,Alexander,Taylor,customer207@example.com,+1-555-0207,M,"2025-03-30 00:00:00"
595,Mia,Ward,customer1208@example.com,+1-555-1208,F,"2023-10-14 00:00:00"
596,Mia,Taylor,customer208@example.com,+1-555-0208,F,"2025-04-16 00:00:00"
597,William,Ward,customer1209@example.com,+1-555-1209,M,"2023-10-31 00:00:00"
598,William,Taylor,customer209@example.com,+1-555-0209,M,"2025-05-03 00:00:00"
599,Charlotte,Ward,customer1210@example.com,+1-555-1210,Other,"2023-11-17 00:00:00"
600,Charlotte,Taylor,customer210@example.com,+1-555-0210,Other,"2025-05-20 00:00:00"
601,Thomas,James,customer1391@example.com,+1-555-1391,M,"2024-11-28 00:00:00"
602,Thomas,Walker,customer391@example.com,+1-555-0391,M,"2026-06-01 00:00:00"
603,Amelia,James,customer1392@example.com,+1-555-1392,F,"2024-12-15 00:00:00"
604,Amelia,Walker,customer392@example.com,+1-555-0392,F,"2026-06-18 00:00:00"
605,Benjamin,James,customer1393@example.com,+1-555-1393,M,"2025-01-01 00:00:00"
606,Benjamin,Walker,customer393@example.com,+1-555-0393,M,"2026-07-05 00:00:00"
607,Isabella,James,customer1394@example.com,+1-555-1394,F,"2025-01-18 00:00:00"
608,Isabella,Walker,customer394@example.com,+1-555-0394,F,"2026-07-22 00:00:00"
609,Henry,James,customer1395@example.com,+1-555-1395,M,"2025-02-04 00:00:00"
610,Henry,Walker,customer395@example.com,+1-555-0395,M,"2026-08-08 00:00:00"
611,Emily,James,customer1396@example.com,+1-555-1396,F,"2025-02-21 00:00:00"
612,Emily,Walker,customer396@example.com,+1-555-0396,F,"2026-08-25 00:00:00"
613,Lucas,James,customer1397@example.com,+1-555-1397,M,"2025-03-10 00:00:00"
614,Lucas,Walker,customer397@example.com,+1-555-0397,M,"2026-09-11 00:00:00"
615,Ella,James,customer1398@example.com,+1-555-1398,F,"2025-03-27 00:00:00"
616,Ella,Walker,customer398@example.com,+1-555-0398,F,"2023-01-17 00:00:00"
617,Jack,James,customer1399@example.com,+1-555-1399,M,"2025-04-13 00:00:00"
618,Jack,Walker,customer399@example.com,+1-555-0399,M,"2023-02-03 00:00:00"
619,Grace,James,customer1400@example.com,+1-555-1400,Other,"2025-04-30 00:00:00"
620,Grace,Walker,customer400@example.com,+1-555-0400,Other,"2023-02-20 00:00:00"
621,James,James,customer1381@example.com,+1-555-1381,M,"2024-06-11 00:00:00"
622,James,Walker,customer381@example.com,+1-555-0381,M,"2025-12-13 00:00:00"
623,Emma,James,customer1382@example.com,+1-555-1382,F,"2024-06-28 00:00:00"
624,Emma,Walker,customer382@example.com,+1-555-0382,F,"2025-12-30 00:00:00"
625,Michael,James,customer1383@example.com,+1-555-1383,M,"2024-07-15 00:00:00"
626,Michael,Walker,customer383@example.com,+1-555-0383,M,"2026-01-16 00:00:00"
627,Olivia,James,customer1384@example.com,+1-555-1384,F,"2024-08-01 00:00:00"
628,Olivia,Walker,customer384@example.com,+1-555-0384,F,"2026-02-02 00:00:00"
629,Daniel,James,customer1385@example.com,+1-555-1385,M,"2024-08-18 00:00:00"
630,Daniel,Walker,customer385@example.com,+1-555-0385,M,"2026-02-19 00:00:00"
631,Sophia,James,customer1386@example.com,+1-555-1386,F,"2024-09-04 00:00:00"
632,Sophia,Walker,customer386@example.com,+1-555-0386,F,"2026-03-08 00:00:00"
633,Alexander,James,customer1387@example.com,+1-555-1387,M,"2024-09-21 00:00:00"
634,Alexander,Walker,customer387@example.com,+1-555-0387,M,"2026-03-25 00:00:00"
635,Mia,James,customer1388@example.com,+1-555-1388,F,"2024-10-08 00:00:00"
636,Mia,Walker,customer388@example.com,+1-555-0388,F,"2026-04-11 00:00:00"
637,William,James,customer1389@example.com,+1-555-1389,M,"2024-10-25 00:00:00"
638,William,Walker,customer389@example.com,+1-555-0389,M,"2026-04-28 00:00:00"
639,Charlotte,James,customer1390@example.com,+1-555-1390,Other,"2024-11-11 00:00:00"
640,Charlotte,Walker,customer390@example.com,+1-555-0390,Other,"2026-05-15 00:00:00"
641,Thomas,Gray,customer1371@example.com,+1-555-1371,M,"2023-12-24 00:00:00"
642,Thomas,Lewis,customer371@example.com,+1-555-0371,M,"2025-06-26 00:00:00"
643,Amelia,Gray,customer1372@example.com,+1-555-1372,F,"2024-01-10 00:00:00"
644,Amelia,Lewis,customer372@example.com,+1-555-0372,F,"2025-07-13 00:00:00"
645,Benjamin,Gray,customer1373@example.com,+1-555-1373,M,"2024-01-27 00:00:00"
646,Benjamin,Lewis,customer373@example.com,+1-555-0373,M,"2025-07-30 00:00:00"
647,Isabella,Gray,customer1374@example.com,+1-555-1374,F,"2024-02-13 00:00:00"
648,Isabella,Lewis,customer374@example.com,+1-555-0374,F,"2025-08-16 00:00:00"
649,Henry,Gray,customer1375@example.com,+1-555-1375,M,"2024-03-01 00:00:00"
650,Henry,Lewis,customer375@example.com,+1-555-0375,M,"2025-09-02 00:00:00"
651,Emily,Gray,customer1376@example.com,+1-555-1376,F,"2024-03-18 00:00:00"
652,Emily,Lewis,customer376@example.com,+1-555-0376,F,"2025-09-19 00:00:00"
653,Lucas,Gray,customer1377@example.com,+1-555-1377,M,"2024-04-04 00:00:00"
654,Lucas,Lewis,customer377@example.com,+1-555-0377,M,"2025-10-06 00:00:00"
655,Ella,Gray,customer1378@example.com,+1-555-1378,F,"2024-04-21 00:00:00"
656,Ella,Lewis,customer378@example.com,+1-555-0378,F,"2025-10-23 00:00:00"
657,Jack,Gray,customer1379@example.com,+1-555-1379,M,"2024-05-08 00:00:00"
658,Jack,Lewis,customer379@example.com,+1-555-0379,M,"2025-11-09 00:00:00"
659,Grace,Gray,customer1380@example.com,+1-555-1380,Other,"2024-05-25 00:00:00"
660,Grace,Lewis,customer380@example.com,+1-555-0380,Other,"2025-11-26 00:00:00"
661,James,Gray,customer1361@example.com,+1-555-1361,M,"2023-07-07 00:00:00"
662,James,Lewis,customer361@example.com,+1-555-0361,M,"2025-01-07 00:00:00"
663,Emma,Gray,customer1362@example.com,+1-555-1362,F,"2023-07-24 00:00:00"
664,Emma,Lewis,customer362@example.com,+1-555-0362,F,"2025-01-24 00:00:00"
665,Michael,Gray,customer1363@example.com,+1-555-1363,M,"2023-08-10 00:00:00"
666,Michael,Lewis,customer363@example.com,+1-555-0363,M,"2025-02-10 00:00:00"
667,Olivia,Gray,customer1364@example.com,+1-555-1364,F,"2023-08-27 00:00:00"
668,Olivia,Lewis,customer364@example.com,+1-555-0364,F,"2025-02-27 00:00:00"
669,Daniel,Gray,customer1365@example.com,+1-555-1365,M,"2023-09-13 00:00:00"
670,Daniel,Lewis,customer365@example.com,+1-555-0365,M,"2025-03-16 00:00:00"
671,Sophia,Gray,customer1366@example.com,+1-555-1366,F,"2023-09-30 00:00:00"
672,Sophia,Lewis,customer366@example.com,+1-555-0366,F,"2025-04-02 00:00:00"
673,Alexander,Gray,customer1367@example.com,+1-555-1367,M,"2023-10-17 00:00:00"
674,Alexander,Lewis,customer367@example.com,+1-555-0367,M,"2025-04-19 00:00:00"
675,Mia,Gray,customer1368@example.com,+1-555-1368,F,"2023-11-03 00:00:00"
676,Mia,Lewis,customer368@example.com,+1-555-0368,F,"2025-05-06 00:00:00"
677,William,Gray,customer1369@example.com,+1-555-1369,M,"2023-11-20 00:00:00"
678,William,Lewis,customer369@example.com,+1-555-0369,M,"2025-05-23 00:00:00"
679,Charlotte,Gray,customer1370@example.com,+1-555-1370,Other,"2023-12-07 00:00:00"
680,Charlotte,Lewis,customer370@example.com,+1-555-0370,Other,"2025-06-09 00:00:00"
681,Thomas,Bennett,customer1351@example.com,+1-555-1351,M,"2023-01-18 00:00:00"
682,Thomas,Clark,customer351@example.com,+1-555-0351,M,"2024-07-21 00:00:00"
683,Amelia,Bennett,customer1352@example.com,+1-555-1352,F,"2023-02-04 00:00:00"
684,Amelia,Clark,customer352@example.com,+1-555-0352,F,"2024-08-07 00:00:00"
685,Benjamin,Bennett,customer1353@example.com,+1-555-1353,M,"2023-02-21 00:00:00"
686,Benjamin,Clark,customer353@example.com,+1-555-0353,M,"2024-08-24 00:00:00"
687,Isabella,Bennett,customer1354@example.com,+1-555-1354,F,"2023-03-10 00:00:00"
688,Isabella,Clark,customer354@example.com,+1-555-0354,F,"2024-09-10 00:00:00"
689,Henry,Bennett,customer1355@example.com,+1-555-1355,M,"2023-03-27 00:00:00"
690,Henry,Clark,customer355@example.com,+1-555-0355,M,"2024-09-27 00:00:00"
691,Emily,Bennett,customer1356@example.com,+1-555-1356,F,"2023-04-13 00:00:00"
692,Emily,Clark,customer356@example.com,+1-555-0356,F,"2024-10-14 00:00:00"
693,Lucas,Bennett,customer1357@example.com,+1-555-1357,M,"2023-04-30 00:00:00"
694,Lucas,Clark,customer357@example.com,+1-555-0357,M,"2024-10-31 00:00:00"
695,Ella,Bennett,customer1358@example.com,+1-555-1358,F,"2023-05-17 00:00:00"
696,Ella,Clark,customer358@example.com,+1-555-0358,F,"2024-11-17 00:00:00"
697,Jack,Bennett,customer1359@example.com,+1-555-1359,M,"2023-06-03 00:00:00"
698,Jack,Clark,customer359@example.com,+1-555-0359,M,"2024-12-04 00:00:00"
699,Grace,Bennett,customer1360@example.com,+1-555-1360,Other,"2023-06-20 00:00:00"
700,Grace,Clark,customer360@example.com,+1-555-0360,Other,"2024-12-21 00:00:00"
701,James,Bennett,customer1341@example.com,+1-555-1341,M,"2026-04-12 00:00:00"
702,James,Clark,customer341@example.com,+1-555-0341,M,"2024-02-02 00:00:00"
703,Emma,Bennett,customer1342@example.com,+1-555-1342,F,"2026-04-29 00:00:00"
704,Emma,Clark,customer342@example.com,+1-555-0342,F,"2024-02-19 00:00:00"
705,Michael,Bennett,customer1343@example.com,+1-555-1343,M,"2026-05-16 00:00:00"
706,Michael,Clark,customer343@example.com,+1-555-0343,M,"2024-03-07 00:00:00"
707,Olivia,Bennett,customer1344@example.com,+1-555-1344,F,"2026-06-02 00:00:00"
708,Olivia,Clark,customer344@example.com,+1-555-0344,F,"2024-03-24 00:00:00"
709,Daniel,Bennett,customer1345@example.com,+1-555-1345,M,"2026-06-19 00:00:00"
710,Daniel,Clark,customer345@example.com,+1-555-0345,M,"2024-04-10 00:00:00"
711,Sophia,Bennett,customer1346@example.com,+1-555-1346,F,"2026-07-06 00:00:00"
712,Sophia,Clark,customer346@example.com,+1-555-0346,F,"2024-04-27 00:00:00"
713,Alexander,Bennett,customer1347@example.com,+1-555-1347,M,"2026-07-23 00:00:00"
714,Alexander,Clark,customer347@example.com,+1-555-0347,M,"2024-05-14 00:00:00"
715,Mia,Bennett,customer1348@example.com,+1-555-1348,F,"2026-08-09 00:00:00"
716,Mia,Clark,customer348@example.com,+1-555-0348,F,"2024-05-31 00:00:00"
717,William,Bennett,customer1349@example.com,+1-555-1349,M,"2026-08-26 00:00:00"
718,William,Clark,customer349@example.com,+1-555-0349,M,"2024-06-17 00:00:00"
719,Charlotte,Bennett,customer1350@example.com,+1-555-1350,Other,"2023-01-01 00:00:00"
720,Charlotte,Clark,customer350@example.com,+1-555-0350,Other,"2024-07-04 00:00:00"
721,Thomas,Brooks,customer1331@example.com,+1-555-1331,M,"2025-10-24 00:00:00"
722,Thomas,Harris,customer331@example.com,+1-555-0331,M,"2023-08-16 00:00:00"
723,Amelia,Brooks,customer1332@example.com,+1-555-1332,F,"2025-11-10 00:00:00"
724,Amelia,Harris,customer332@example.com,+1-555-0332,F,"2023-09-02 00:00:00"
725,Benjamin,Brooks,customer1333@example.com,+1-555-1333,M,"2025-11-27 00:00:00"
726,Benjamin,Harris,customer333@example.com,+1-555-0333,M,"2023-09-19 00:00:00"
727,Isabella,Brooks,customer1334@example.com,+1-555-1334,F,"2025-12-14 00:00:00"
728,Isabella,Harris,customer334@example.com,+1-555-0334,F,"2023-10-06 00:00:00"
729,Henry,Brooks,customer1335@example.com,+1-555-1335,M,"2025-12-31 00:00:00"
730,Henry,Harris,customer335@example.com,+1-555-0335,M,"2023-10-23 00:00:00"
731,Emily,Brooks,customer1336@example.com,+1-555-1336,F,"2026-01-17 00:00:00"
732,Emily,Harris,customer336@example.com,+1-555-0336,F,"2023-11-09 00:00:00"
733,Lucas,Brooks,customer1337@example.com,+1-555-1337,M,"2026-02-03 00:00:00"
734,Lucas,Harris,customer337@example.com,+1-555-0337,M,"2023-11-26 00:00:00"
735,Ella,Brooks,customer1338@example.com,+1-555-1338,F,"2026-02-20 00:00:00"
736,Ella,Harris,customer338@example.com,+1-555-0338,F,"2023-12-13 00:00:00"
737,Jack,Brooks,customer1339@example.com,+1-555-1339,M,"2026-03-09 00:00:00"
738,Jack,Harris,customer339@example.com,+1-555-0339,M,"2023-12-30 00:00:00"
739,Grace,Brooks,customer1340@example.com,+1-555-1340,Other,"2026-03-26 00:00:00"
740,Grace,Harris,customer340@example.com,+1-555-0340,Other,"2024-01-16 00:00:00"
741,James,Brooks,customer1321@example.com,+1-555-1321,M,"2025-05-07 00:00:00"
742,James,Harris,customer321@example.com,+1-555-0321,M,"2023-02-27 00:00:00"
743,Emma,Brooks,customer1322@example.com,+1-555-1322,F,"2025-05-24 00:00:00"
744,Emma,Harris,customer322@example.com,+1-555-0322,F,"2023-03-16 00:00:00"
745,Michael,Brooks,customer1323@example.com,+1-555-1323,M,"2025-06-10 00:00:00"
746,Michael,Harris,customer323@example.com,+1-555-0323,M,"2023-04-02 00:00:00"
747,Olivia,Brooks,customer1324@example.com,+1-555-1324,F,"2025-06-27 00:00:00"
748,Olivia,Harris,customer324@example.com,+1-555-0324,F,"2023-04-19 00:00:00"
749,Daniel,Brooks,customer1325@example.com,+1-555-1325,M,"2025-07-14 00:00:00"
750,Daniel,Harris,customer325@example.com,+1-555-0325,M,"2023-05-06 00:00:00"
751,Sophia,Brooks,customer1326@example.com,+1-555-1326,F,"2025-07-31 00:00:00"
752,Sophia,Harris,customer326@example.com,+1-555-0326,F,"2023-05-23 00:00:00"
753,Alexander,Brooks,customer1327@example.com,+1-555-1327,M,"2025-08-17 00:00:00"
754,Alexander,Harris,customer327@example.com,+1-555-0327,M,"2023-06-09 00:00:00"
755,Mia,Brooks,customer1328@example.com,+1-555-1328,F,"2025-09-03 00:00:00"
756,Mia,Harris,customer328@example.com,+1-555-0328,F,"2023-06-26 00:00:00"
757,William,Brooks,customer1329@example.com,+1-555-1329,M,"2025-09-20 00:00:00"
758,William,Harris,customer329@example.com,+1-555-0329,M,"2023-07-13 00:00:00"
759,Charlotte,Brooks,customer1330@example.com,+1-555-1330,Other,"2025-10-07 00:00:00"
760,Charlotte,Harris,customer330@example.com,+1-555-0330,Other,"2023-07-30 00:00:00"
761,Thomas,Watson,customer1311@example.com,+1-555-1311,M,"2024-11-18 00:00:00"
762,Thomas,White,customer311@example.com,+1-555-0311,M,"2026-05-22 00:00:00"
763,Amelia,Watson,customer1312@example.com,+1-555-1312,F,"2024-12-05 00:00:00"
764,Amelia,White,customer312@example.com,+1-555-0312,F,"2026-06-08 00:00:00"
765,Benjamin,Watson,customer1313@example.com,+1-555-1313,M,"2024-12-22 00:00:00"
766,Benjamin,White,customer313@example.com,+1-555-0313,M,"2026-06-25 00:00:00"
767,Isabella,Watson,customer1314@example.com,+1-555-1314,F,"2025-01-08 00:00:00"
768,Isabella,White,customer314@example.com,+1-555-0314,F,"2026-07-12 00:00:00"
769,Henry,Watson,customer1315@example.com,+1-555-1315,M,"2025-01-25 00:00:00"
770,Henry,White,customer315@example.com,+1-555-0315,M,"2026-07-29 00:00:00"
771,Emily,Watson,customer1316@example.com,+1-555-1316,F,"2025-02-11 00:00:00"
772,Emily,White,customer316@example.com,+1-555-0316,F,"2026-08-15 00:00:00"
773,Lucas,Watson,customer1317@example.com,+1-555-1317,M,"2025-02-28 00:00:00"
774,Lucas,White,customer317@example.com,+1-555-0317,M,"2026-09-01 00:00:00"
775,Ella,Watson,customer1318@example.com,+1-555-1318,F,"2025-03-17 00:00:00"
776,Ella,White,customer318@example.com,+1-555-0318,F,"2023-01-07 00:00:00"
777,Jack,Watson,customer1319@example.com,+1-555-1319,M,"2025-04-03 00:00:00"
778,Jack,White,customer319@example.com,+1-555-0319,M,"2023-01-24 00:00:00"
779,Grace,Watson,customer1320@example.com,+1-555-1320,Other,"2025-04-20 00:00:00"
780,Grace,White,customer320@example.com,+1-555-0320,Other,"2023-02-10 00:00:00"
781,James,Watson,customer1301@example.com,+1-555-1301,M,"2024-06-01 00:00:00"
782,James,White,customer301@example.com,+1-555-0301,M,"2025-12-03 00:00:00"
783,Emma,Watson,customer1302@example.com,+1-555-1302,F,"2024-06-18 00:00:00"
784,Emma,White,customer302@example.com,+1-555-0302,F,"2025-12-20 00:00:00"
785,Michael,Watson,customer1303@example.com,+1-555-1303,M,"2024-07-05 00:00:00"
786,Michael,White,customer303@example.com,+1-555-0303,M,"2026-01-06 00:00:00"
787,Olivia,Watson,customer1304@example.com,+1-555-1304,F,"2024-07-22 00:00:00"
788,Olivia,White,customer304@example.com,+1-555-0304,F,"2026-01-23 00:00:00"
789,Daniel,Watson,customer1305@example.com,+1-555-1305,M,"2024-08-08 00:00:00"
790,Daniel,White,customer305@example.com,+1-555-0305,M,"2026-02-09 00:00:00"
791,Sophia,Watson,customer1306@example.com,+1-555-1306,F,"2024-08-25 00:00:00"
792,Sophia,White,customer306@example.com,+1-555-0306,F,"2026-02-26 00:00:00"
793,Alexander,Watson,customer1307@example.com,+1-555-1307,M,"2024-09-11 00:00:00"
794,Alexander,White,customer307@example.com,+1-555-0307,M,"2026-03-15 00:00:00"
795,Mia,Watson,customer1308@example.com,+1-555-1308,F,"2024-09-28 00:00:00"
796,Mia,White,customer308@example.com,+1-555-0308,F,"2026-04-01 00:00:00"
797,William,Watson,customer1309@example.com,+1-555-1309,M,"2024-10-15 00:00:00"
798,William,White,customer309@example.com,+1-555-0309,M,"2026-04-18 00:00:00"
799,Charlotte,Watson,customer1310@example.com,+1-555-1310,Other,"2024-11-01 00:00:00"
800,Charlotte,White,customer310@example.com,+1-555-0310,Other,"2026-05-05 00:00:00"
801,Thomas,Myers,customer1491@example.com,+1-555-1491,M,"2025-11-13 00:00:00"
802,Thomas,Wright,customer491@example.com,+1-555-0491,M,"2023-09-05 00:00:00"
803,Amelia,Myers,customer1492@example.com,+1-555-1492,F,"2025-11-30 00:00:00"
804,Amelia,Wright,customer492@example.com,+1-555-0492,F,"2023-09-22 00:00:00"
805,Benjamin,Myers,customer1493@example.com,+1-555-1493,M,"2025-12-17 00:00:00"
806,Benjamin,Wright,customer493@example.com,+1-555-0493,M,"2023-10-09 00:00:00"
807,Isabella,Myers,customer1494@example.com,+1-555-1494,F,"2026-01-03 00:00:00"
808,Isabella,Wright,customer494@example.com,+1-555-0494,F,"2023-10-26 00:00:00"
809,Henry,Myers,customer1495@example.com,+1-555-1495,M,"2026-01-20 00:00:00"
810,Henry,Wright,customer495@example.com,+1-555-0495,M,"2023-11-12 00:00:00"
811,Emily,Myers,customer1496@example.com,+1-555-1496,F,"2026-02-06 00:00:00"
812,Emily,Wright,customer496@example.com,+1-555-0496,F,"2023-11-29 00:00:00"
813,Lucas,Myers,customer1497@example.com,+1-555-1497,M,"2026-02-23 00:00:00"
814,Lucas,Wright,customer497@example.com,+1-555-0497,M,"2023-12-16 00:00:00"
815,Ella,Myers,customer1498@example.com,+1-555-1498,F,"2026-03-12 00:00:00"
816,Ella,Wright,customer498@example.com,+1-555-0498,F,"2024-01-02 00:00:00"
817,Jack,Myers,customer1499@example.com,+1-555-1499,M,"2026-03-29 00:00:00"
818,Jack,Wright,customer499@example.com,+1-555-0499,M,"2024-01-19 00:00:00"
819,Grace,Myers,customer1500@example.com,+1-555-1500,Other,"2026-04-15 00:00:00"
820,Grace,Wright,customer500@example.com,+1-555-0500,Other,"2024-02-05 00:00:00"
821,James,Myers,customer1481@example.com,+1-555-1481,M,"2025-05-27 00:00:00"
822,James,Wright,customer481@example.com,+1-555-0481,M,"2023-03-19 00:00:00"
823,Emma,Myers,customer1482@example.com,+1-555-1482,F,"2025-06-13 00:00:00"
824,Emma,Wright,customer482@example.com,+1-555-0482,F,"2023-04-05 00:00:00"
825,Michael,Myers,customer1483@example.com,+1-555-1483,M,"2025-06-30 00:00:00"
826,Michael,Wright,customer483@example.com,+1-555-0483,M,"2023-04-22 00:00:00"
827,Olivia,Myers,customer1484@example.com,+1-555-1484,F,"2025-07-17 00:00:00"
828,Olivia,Wright,customer484@example.com,+1-555-0484,F,"2023-05-09 00:00:00"
829,Daniel,Myers,customer1485@example.com,+1-555-1485,M,"2025-08-03 00:00:00"
830,Daniel,Wright,customer485@example.com,+1-555-0485,M,"2023-05-26 00:00:00"
831,Sophia,Myers,customer1486@example.com,+1-555-1486,F,"2025-08-20 00:00:00"
832,Sophia,Wright,customer486@example.com,+1-555-0486,F,"2023-06-12 00:00:00"
833,Alexander,Myers,customer1487@example.com,+1-555-1487,M,"2025-09-06 00:00:00"
834,Alexander,Wright,customer487@example.com,+1-555-0487,M,"2023-06-29 00:00:00"
835,Mia,Myers,customer1488@example.com,+1-555-1488,F,"2025-09-23 00:00:00"
836,Mia,Wright,customer488@example.com,+1-555-0488,F,"2023-07-16 00:00:00"
837,William,Myers,customer1489@example.com,+1-555-1489,M,"2025-10-10 00:00:00"
838,William,Wright,customer489@example.com,+1-555-0489,M,"2023-08-02 00:00:00"
839,Charlotte,Myers,customer1490@example.com,+1-555-1490,Other,"2025-10-27 00:00:00"
840,Charlotte,Wright,customer490@example.com,+1-555-0490,Other,"2023-08-19 00:00:00"
841,Thomas,Price,customer1471@example.com,+1-555-1471,M,"2024-12-08 00:00:00"
842,Thomas,King,customer471@example.com,+1-555-0471,M,"2026-06-11 00:00:00"
843,Amelia,Price,customer1472@example.com,+1-555-1472,F,"2024-12-25 00:00:00"
844,Amelia,King,customer472@example.com,+1-555-0472,F,"2026-06-28 00:00:00"
845,Benjamin,Price,customer1473@example.com,+1-555-1473,M,"2025-01-11 00:00:00"
846,Benjamin,King,customer473@example.com,+1-555-0473,M,"2026-07-15 00:00:00"
847,Isabella,Price,customer1474@example.com,+1-555-1474,F,"2025-01-28 00:00:00"
848,Isabella,King,customer474@example.com,+1-555-0474,F,"2026-08-01 00:00:00"
849,Henry,Price,customer1475@example.com,+1-555-1475,M,"2025-02-14 00:00:00"
850,Henry,King,customer475@example.com,+1-555-0475,M,"2026-08-18 00:00:00"
851,Emily,Price,customer1476@example.com,+1-555-1476,F,"2025-03-03 00:00:00"
852,Emily,King,customer476@example.com,+1-555-0476,F,"2026-09-04 00:00:00"
853,Lucas,Price,customer1477@example.com,+1-555-1477,M,"2025-03-20 00:00:00"
854,Lucas,King,customer477@example.com,+1-555-0477,M,"2023-01-10 00:00:00"
855,Ella,Price,customer1478@example.com,+1-555-1478,F,"2025-04-06 00:00:00"
856,Ella,King,customer478@example.com,+1-555-0478,F,"2023-01-27 00:00:00"
857,Jack,Price,customer1479@example.com,+1-555-1479,M,"2025-04-23 00:00:00"
858,Jack,King,customer479@example.com,+1-555-0479,M,"2023-02-13 00:00:00"
859,Grace,Price,customer1480@example.com,+1-555-1480,Other,"2025-05-10 00:00:00"
860,Grace,King,customer480@example.com,+1-555-0480,Other,"2023-03-02 00:00:00"
861,James,Price,customer1461@example.com,+1-555-1461,M,"2024-06-21 00:00:00"
862,James,King,customer461@example.com,+1-555-0461,M,"2025-12-23 00:00:00"
863,Emma,Price,customer1462@example.com,+1-555-1462,F,"2024-07-08 00:00:00"
864,Emma,King,customer462@example.com,+1-555-0462,F,"2026-01-09 00:00:00"
865,Michael,Price,customer1463@example.com,+1-555-1463,M,"2024-07-25 00:00:00"
866,Michael,King,customer463@example.com,+1-555-0463,M,"2026-01-26 00:00:00"
867,Olivia,Price,customer1464@example.com,+1-555-1464,F,"2024-08-11 00:00:00"
868,Olivia,King,customer464@example.com,+1-555-0464,F,"2026-02-12 00:00:00"
869,Daniel,Price,customer1465@example.com,+1-555-1465,M,"2024-08-28 00:00:00"
870,Daniel,King,customer465@example.com,+1-555-0465,M,"2026-03-01 00:00:00"
871,Sophia,Price,customer1466@example.com,+1-555-1466,F,"2024-09-14 00:00:00"
872,Sophia,King,customer466@example.com,+1-555-0466,F,"2026-03-18 00:00:00"
873,Alexander,Price,customer1467@example.com,+1-555-1467,M,"2024-10-01 00:00:00"
874,Alexander,King,customer467@example.com,+1-555-0467,M,"2026-04-04 00:00:00"
875,Mia,Price,customer1468@example.com,+1-555-1468,F,"2024-10-18 00:00:00"
876,Mia,King,customer468@example.com,+1-555-0468,F,"2026-04-21 00:00:00"
877,William,Price,customer1469@example.com,+1-555-1469,M,"2024-11-04 00:00:00"
878,William,King,customer469@example.com,+1-555-0469,M,"2026-05-08 00:00:00"
879,Charlotte,Price,customer1470@example.com,+1-555-1470,Other,"2024-11-21 00:00:00"
880,Charlotte,King,customer470@example.com,+1-555-0470,Other,"2026-05-25 00:00:00"
881,Thomas,Hughes,customer1451@example.com,+1-555-1451,M,"2024-01-03 00:00:00"
882,Thomas,Young,customer451@example.com,+1-555-0451,M,"2025-07-06 00:00:00"
883,Amelia,Hughes,customer1452@example.com,+1-555-1452,F,"2024-01-20 00:00:00"
884,Amelia,Young,customer452@example.com,+1-555-0452,F,"2025-07-23 00:00:00"
885,Benjamin,Hughes,customer1453@example.com,+1-555-1453,M,"2024-02-06 00:00:00"
886,Benjamin,Young,customer453@example.com,+1-555-0453,M,"2025-08-09 00:00:00"
887,Isabella,Hughes,customer1454@example.com,+1-555-1454,F,"2024-02-23 00:00:00"
888,Isabella,Young,customer454@example.com,+1-555-0454,F,"2025-08-26 00:00:00"
889,Henry,Hughes,customer1455@example.com,+1-555-1455,M,"2024-03-11 00:00:00"
890,Henry,Young,customer455@example.com,+1-555-0455,M,"2025-09-12 00:00:00"
891,Emily,Hughes,customer1456@example.com,+1-555-1456,F,"2024-03-28 00:00:00"
892,Emily,Young,customer456@example.com,+1-555-0456,F,"2025-09-29 00:00:00"
893,Lucas,Hughes,customer1457@example.com,+1-555-1457,M,"2024-04-14 00:00:00"
894,Lucas,Young,customer457@example.com,+1-555-0457,M,"2025-10-16 00:00:00"
895,Ella,Hughes,customer1458@example.com,+1-555-1458,F,"2024-05-01 00:00:00"
896,Ella,Young,customer458@example.com,+1-555-0458,F,"2025-11-02 00:00:00"
897,Jack,Hughes,customer1459@example.com,+1-555-1459,M,"2024-05-18 00:00:00"
898,Jack,Young,customer459@example.com,+1-555-0459,M,"2025-11-19 00:00:00"
899,Grace,Hughes,customer1460@example.com,+1-555-1460,Other,"2024-06-04 00:00:00"
900,Grace,Young,customer460@example.com,+1-555-0460,Other,"2025-12-06 00:00:00"
901,James,Hughes,customer1441@example.com,+1-555-1441,M,"2023-07-17 00:00:00"
902,James,Young,customer441@example.com,+1-555-0441,M,"2025-01-17 00:00:00"
903,Emma,Hughes,customer1442@example.com,+1-555-1442,F,"2023-08-03 00:00:00"
904,Emma,Young,customer442@example.com,+1-555-0442,F,"2025-02-03 00:00:00"
905,Michael,Hughes,customer1443@example.com,+1-555-1443,M,"2023-08-20 00:00:00"
906,Michael,Young,customer443@example.com,+1-555-0443,M,"2025-02-20 00:00:00"
907,Olivia,Hughes,customer1444@example.com,+1-555-1444,F,"2023-09-06 00:00:00"
908,Olivia,Young,customer444@example.com,+1-555-0444,F,"2025-03-09 00:00:00"
909,Daniel,Hughes,customer1445@example.com,+1-555-1445,M,"2023-09-23 00:00:00"
910,Daniel,Young,customer445@example.com,+1-555-0445,M,"2025-03-26 00:00:00"
911,Sophia,Hughes,customer1446@example.com,+1-555-1446,F,"2023-10-10 00:00:00"
912,Sophia,Young,customer446@example.com,+1-555-0446,F,"2025-04-12 00:00:00"
913,Alexander,Hughes,customer1447@example.com,+1-555-1447,M,"2023-10-27 00:00:00"
914,Alexander,Young,customer447@example.com,+1-555-0447,M,"2025-04-29 00:00:00"
915,Mia,Hughes,customer1448@example.com,+1-555-1448,F,"2023-11-13 00:00:00"
916,Mia,Young,customer448@example.com,+1-555-0448,F,"2025-05-16 00:00:00"
917,William,Hughes,customer1449@example.com,+1-555-1449,M,"2023-11-30 00:00:00"
918,William,Young,customer449@example.com,+1-555-0449,M,"2025-06-02 00:00:00"
919,Charlotte,Hughes,customer1450@example.com,+1-555-1450,Other,"2023-12-17 00:00:00"
920,Charlotte,Young,customer450@example.com,+1-555-0450,Other,"2025-06-19 00:00:00"
921,Thomas,Cruz,customer1431@example.com,+1-555-1431,M,"2023-01-28 00:00:00"
922,Thomas,Allen,customer431@example.com,+1-555-0431,M,"2024-07-31 00:00:00"
923,Amelia,Cruz,customer1432@example.com,+1-555-1432,F,"2023-02-14 00:00:00"
924,Amelia,Allen,customer432@example.com,+1-555-0432,F,"2024-08-17 00:00:00"
925,Benjamin,Cruz,customer1433@example.com,+1-555-1433,M,"2023-03-03 00:00:00"
926,Benjamin,Allen,customer433@example.com,+1-555-0433,M,"2024-09-03 00:00:00"
927,Isabella,Cruz,customer1434@example.com,+1-555-1434,F,"2023-03-20 00:00:00"
928,Isabella,Allen,customer434@example.com,+1-555-0434,F,"2024-09-20 00:00:00"
929,Henry,Cruz,customer1435@example.com,+1-555-1435,M,"2023-04-06 00:00:00"
930,Henry,Allen,customer435@example.com,+1-555-0435,M,"2024-10-07 00:00:00"
931,Emily,Cruz,customer1436@example.com,+1-555-1436,F,"2023-04-23 00:00:00"
932,Emily,Allen,customer436@example.com,+1-555-0436,F,"2024-10-24 00:00:00"
933,Lucas,Cruz,customer1437@example.com,+1-555-1437,M,"2023-05-10 00:00:00"
934,Lucas,Allen,customer437@example.com,+1-555-0437,M,"2024-11-10 00:00:00"
935,Ella,Cruz,customer1438@example.com,+1-555-1438,F,"2023-05-27 00:00:00"
936,Ella,Allen,customer438@example.com,+1-555-0438,F,"2024-11-27 00:00:00"
937,Jack,Cruz,customer1439@example.com,+1-555-1439,M,"2023-06-13 00:00:00"
938,Jack,Allen,customer439@example.com,+1-555-0439,M,"2024-12-14 00:00:00"
939,Grace,Cruz,customer1440@example.com,+1-555-1440,Other,"2023-06-30 00:00:00"
940,Grace,Allen,customer440@example.com,+1-555-0440,Other,"2024-12-31 00:00:00"
941,James,Cruz,customer1421@example.com,+1-555-1421,M,"2026-04-22 00:00:00"
942,James,Allen,customer421@example.com,+1-555-0421,M,"2024-02-12 00:00:00"
943,Emma,Cruz,customer1422@example.com,+1-555-1422,F,"2026-05-09 00:00:00"
944,Emma,Allen,customer422@example.com,+1-555-0422,F,"2024-02-29 00:00:00"
945,Michael,Cruz,customer1423@example.com,+1-555-1423,M,"2026-05-26 00:00:00"
946,Michael,Allen,customer423@example.com,+1-555-0423,M,"2024-03-17 00:00:00"
947,Olivia,Cruz,customer1424@example.com,+1-555-1424,F,"2026-06-12 00:00:00"
948,Olivia,Allen,customer424@example.com,+1-555-0424,F,"2024-04-03 00:00:00"
949,Daniel,Cruz,customer1425@example.com,+1-555-1425,M,"2026-06-29 00:00:00"
950,Daniel,Allen,customer425@example.com,+1-555-0425,M,"2024-04-20 00:00:00"
951,Sophia,Cruz,customer1426@example.com,+1-555-1426,F,"2026-07-16 00:00:00"
952,Sophia,Allen,customer426@example.com,+1-555-0426,F,"2024-05-07 00:00:00"
953,Alexander,Cruz,customer1427@example.com,+1-555-1427,M,"2026-08-02 00:00:00"
954,Alexander,Allen,customer427@example.com,+1-555-0427,M,"2024-05-24 00:00:00"
955,Mia,Cruz,customer1428@example.com,+1-555-1428,F,"2026-08-19 00:00:00"
956,Mia,Allen,customer428@example.com,+1-555-0428,F,"2024-06-10 00:00:00"
957,William,Cruz,customer1429@example.com,+1-555-1429,M,"2026-09-05 00:00:00"
958,William,Allen,customer429@example.com,+1-555-0429,M,"2024-06-27 00:00:00"
959,Charlotte,Cruz,customer1430@example.com,+1-555-1430,Other,"2023-01-11 00:00:00"
960,Charlotte,Allen,customer430@example.com,+1-555-0430,Other,"2024-07-14 00:00:00"
961,Thomas,Reyes,customer1411@example.com,+1-555-1411,M,"2025-11-03 00:00:00"
962,Thomas,Hall,customer411@example.com,+1-555-0411,M,"2023-08-26 00:00:00"
963,Amelia,Reyes,customer1412@example.com,+1-555-1412,F,"2025-11-20 00:00:00"
964,Amelia,Hall,customer412@example.com,+1-555-0412,F,"2023-09-12 00:00:00"
965,Benjamin,Reyes,customer1413@example.com,+1-555-1413,M,"2025-12-07 00:00:00"
966,Benjamin,Hall,customer413@example.com,+1-555-0413,M,"2023-09-29 00:00:00"
967,Isabella,Reyes,customer1414@example.com,+1-555-1414,F,"2025-12-24 00:00:00"
968,Isabella,Hall,customer414@example.com,+1-555-0414,F,"2023-10-16 00:00:00"
969,Henry,Reyes,customer1415@example.com,+1-555-1415,M,"2026-01-10 00:00:00"
970,Henry,Hall,customer415@example.com,+1-555-0415,M,"2023-11-02 00:00:00"
971,Emily,Reyes,customer1416@example.com,+1-555-1416,F,"2026-01-27 00:00:00"
972,Emily,Hall,customer416@example.com,+1-555-0416,F,"2023-11-19 00:00:00"
973,Lucas,Reyes,customer1417@example.com,+1-555-1417,M,"2026-02-13 00:00:00"
974,Lucas,Hall,customer417@example.com,+1-555-0417,M,"2023-12-06 00:00:00"
975,Ella,Reyes,customer1418@example.com,+1-555-1418,F,"2026-03-02 00:00:00"
976,Ella,Hall,customer418@example.com,+1-555-0418,F,"2023-12-23 00:00:00"
977,Jack,Reyes,customer1419@example.com,+1-555-1419,M,"2026-03-19 00:00:00"
978,Jack,Hall,customer419@example.com,+1-555-0419,M,"2024-01-09 00:00:00"
979,Grace,Reyes,customer1420@example.com,+1-555-1420,Other,"2026-04-05 00:00:00"
980,Grace,Hall,customer420@example.com,+1-555-0420,Other,"2024-01-26 00:00:00"
981,James,Reyes,customer1401@example.com,+1-555-1401,M,"2025-05-17 00:00:00"
982,James,Hall,customer401@example.com,+1-555-0401,M,"2023-03-09 00:00:00"
983,Emma,Reyes,customer1402@example.com,+1-555-1402,F,"2025-06-03 00:00:00"
984,Emma,Hall,customer402@example.com,+1-555-0402,F,"2023-03-26 00:00:00"
985,Michael,Reyes,customer1403@example.com,+1-555-1403,M,"2025-06-20 00:00:00"
986,Michael,Hall,customer403@example.com,+1-555-0403,M,"2023-04-12 00:00:00"
987,Olivia,Reyes,customer1404@example.com,+1-555-1404,F,"2025-07-07 00:00:00"
988,Olivia,Hall,customer404@example.com,+1-555-0404,F,"2023-04-29 00:00:00"
989,Daniel,Reyes,customer1405@example.com,+1-555-1405,M,"2025-07-24 00:00:00"
990,Daniel,Hall,customer405@example.com,+1-555-0405,M,"2023-05-16 00:00:00"
991,Sophia,Reyes,customer1406@example.com,+1-555-1406,F,"2025-08-10 00:00:00"
992,Sophia,Hall,customer406@example.com,+1-555-0406,F,"2023-06-02 00:00:00"
993,Alexander,Reyes,customer1407@example.com,+1-555-1407,M,"2025-08-27 00:00:00"
994,Alexander,Hall,customer407@example.com,+1-555-0407,M,"2023-06-19 00:00:00"
995,Mia,Reyes,customer1408@example.com,+1-555-1408,F,"2025-09-13 00:00:00"
996,Mia,Hall,customer408@example.com,+1-555-0408,F,"2023-07-06 00:00:00"
997,William,Reyes,customer1409@example.com,+1-555-1409,M,"2025-09-30 00:00:00"
998,William,Hall,customer409@example.com,+1-555-0409,M,"2023-07-23 00:00:00"
999,Charlotte,Reyes,customer1410@example.com,+1-555-1410,Other,"2025-10-17 00:00:00"
1000,Charlotte,Hall,customer410@example.com,+1-555-0410,Other,"2023-08-09 00:00:00"
1001,Thomas,Morales,customer1591@example.com,+1-555-1591,M,"2023-02-17 00:00:00"
1002,Thomas,Nelson,customer591@example.com,+1-555-0591,M,"2024-08-20 00:00:00"
1003,Amelia,Morales,customer1592@example.com,+1-555-1592,F,"2023-03-06 00:00:00"
1004,Amelia,Nelson,customer592@example.com,+1-555-0592,F,"2024-09-06 00:00:00"
1005,Benjamin,Morales,customer1593@example.com,+1-555-1593,M,"2023-03-23 00:00:00"
1006,Benjamin,Nelson,customer593@example.com,+1-555-0593,M,"2024-09-23 00:00:00"
1007,Isabella,Morales,customer1594@example.com,+1-555-1594,F,"2023-04-09 00:00:00"
1008,Isabella,Nelson,customer594@example.com,+1-555-0594,F,"2024-10-10 00:00:00"
1009,Henry,Morales,customer1595@example.com,+1-555-1595,M,"2023-04-26 00:00:00"
1010,Henry,Nelson,customer595@example.com,+1-555-0595,M,"2024-10-27 00:00:00"
1011,Emily,Morales,customer1596@example.com,+1-555-1596,F,"2023-05-13 00:00:00"
1012,Emily,Nelson,customer596@example.com,+1-555-0596,F,"2024-11-13 00:00:00"
1013,Lucas,Morales,customer1597@example.com,+1-555-1597,M,"2023-05-30 00:00:00"
1014,Lucas,Nelson,customer597@example.com,+1-555-0597,M,"2024-11-30 00:00:00"
1015,Ella,Morales,customer1598@example.com,+1-555-1598,F,"2023-06-16 00:00:00"
1016,Ella,Nelson,customer598@example.com,+1-555-0598,F,"2024-12-17 00:00:00"
1017,Jack,Morales,customer1599@example.com,+1-555-1599,M,"2023-07-03 00:00:00"
1018,Jack,Nelson,customer599@example.com,+1-555-0599,M,"2025-01-03 00:00:00"
1019,Grace,Morales,customer1600@example.com,+1-555-1600,Other,"2023-07-20 00:00:00"
1020,Grace,Nelson,customer600@example.com,+1-555-0600,Other,"2025-01-20 00:00:00"
1021,James,Morales,customer1581@example.com,+1-555-1581,M,"2026-05-12 00:00:00"
1022,James,Nelson,customer581@example.com,+1-555-0581,M,"2024-03-03 00:00:00"
1023,Emma,Morales,customer1582@example.com,+1-555-1582,F,"2026-05-29 00:00:00"
1024,Emma,Nelson,customer582@example.com,+1-555-0582,F,"2024-03-20 00:00:00"
1025,Michael,Morales,customer1583@example.com,+1-555-1583,M,"2026-06-15 00:00:00"
1026,Michael,Nelson,customer583@example.com,+1-555-0583,M,"2024-04-06 00:00:00"
1027,Olivia,Morales,customer1584@example.com,+1-555-1584,F,"2026-07-02 00:00:00"
1028,Olivia,Nelson,customer584@example.com,+1-555-0584,F,"2024-04-23 00:00:00"
1029,Daniel,Morales,customer1585@example.com,+1-555-1585,M,"2026-07-19 00:00:00"
1030,Daniel,Nelson,customer585@example.com,+1-555-0585,M,"2024-05-10 00:00:00"
1031,Sophia,Morales,customer1586@example.com,+1-555-1586,F,"2026-08-05 00:00:00"
1032,Sophia,Nelson,customer586@example.com,+1-555-0586,F,"2024-05-27 00:00:00"
1033,Alexander,Morales,customer1587@example.com,+1-555-1587,M,"2026-08-22 00:00:00"
1034,Alexander,Nelson,customer587@example.com,+1-555-0587,M,"2024-06-13 00:00:00"
1035,Mia,Morales,customer1588@example.com,+1-555-1588,F,"2026-09-08 00:00:00"
1036,Mia,Nelson,customer588@example.com,+1-555-0588,F,"2024-06-30 00:00:00"
1037,William,Morales,customer1589@example.com,+1-555-1589,M,"2023-01-14 00:00:00"
1038,William,Nelson,customer589@example.com,+1-555-0589,M,"2024-07-17 00:00:00"
1039,Charlotte,Morales,customer1590@example.com,+1-555-1590,Other,"2023-01-31 00:00:00"
1040,Charlotte,Nelson,customer590@example.com,+1-555-0590,Other,"2024-08-03 00:00:00"
1041,Thomas,Ross,customer1571@example.com,+1-555-1571,M,"2025-11-23 00:00:00"
1042,Thomas,Adams,customer571@example.com,+1-555-0571,M,"2023-09-15 00:00:00"
1043,Amelia,Ross,customer1572@example.com,+1-555-1572,F,"2025-12-10 00:00:00"
1044,Amelia,Adams,customer572@example.com,+1-555-0572,F,"2023-10-02 00:00:00"
1045,Benjamin,Ross,customer1573@example.com,+1-555-1573,M,"2025-12-27 00:00:00"
1046,Benjamin,Adams,customer573@example.com,+1-555-0573,M,"2023-10-19 00:00:00"
1047,Isabella,Ross,customer1574@example.com,+1-555-1574,F,"2026-01-13 00:00:00"
1048,Isabella,Adams,customer574@example.com,+1-555-0574,F,"2023-11-05 00:00:00"
1049,Henry,Ross,customer1575@example.com,+1-555-1575,M,"2026-01-30 00:00:00"
1050,Henry,Adams,customer575@example.com,+1-555-0575,M,"2023-11-22 00:00:00"
1051,Emily,Ross,customer1576@example.com,+1-555-1576,F,"2026-02-16 00:00:00"
1052,Emily,Adams,customer576@example.com,+1-555-0576,F,"2023-12-09 00:00:00"
1053,Lucas,Ross,customer1577@example.com,+1-555-1577,M,"2026-03-05 00:00:00"
1054,Lucas,Adams,customer577@example.com,+1-555-0577,M,"2023-12-26 00:00:00"
1055,Ella,Ross,customer1578@example.com,+1-555-1578,F,"2026-03-22 00:00:00"
1056,Ella,Adams,customer578@example.com,+1-555-0578,F,"2024-01-12 00:00:00"
1057,Jack,Ross,customer1579@example.com,+1-555-1579,M,"2026-04-08 00:00:00"
1058,Jack,Adams,customer579@example.com,+1-555-0579,M,"2024-01-29 00:00:00"
1059,Grace,Ross,customer1580@example.com,+1-555-1580,Other,"2026-04-25 00:00:00"
1060,Grace,Adams,customer580@example.com,+1-555-0580,Other,"2024-02-15 00:00:00"
1061,James,Ross,customer1561@example.com,+1-555-1561,M,"2025-06-06 00:00:00"
1062,James,Adams,customer561@example.com,+1-555-0561,M,"2023-03-29 00:00:00"
1063,Emma,Ross,customer1562@example.com,+1-555-1562,F,"2025-06-23 00:00:00"
1064,Emma,Adams,customer562@example.com,+1-555-0562,F,"2023-04-15 00:00:00"
1065,Michael,Ross,customer1563@example.com,+1-555-1563,M,"2025-07-10 00:00:00"
1066,Michael,Adams,customer563@example.com,+1-555-0563,M,"2023-05-02 00:00:00"
1067,Olivia,Ross,customer1564@example.com,+1-555-1564,F,"2025-07-27 00:00:00"
1068,Olivia,Adams,customer564@example.com,+1-555-0564,F,"2023-05-19 00:00:00"
1069,Daniel,Ross,customer1565@example.com,+1-555-1565,M,"2025-08-13 00:00:00"
1070,Daniel,Adams,customer565@example.com,+1-555-0565,M,"2023-06-05 00:00:00"
1071,Sophia,Ross,customer1566@example.com,+1-555-1566,F,"2025-08-30 00:00:00"
1072,Sophia,Adams,customer566@example.com,+1-555-0566,F,"2023-06-22 00:00:00"
1073,Alexander,Ross,customer1567@example.com,+1-555-1567,M,"2025-09-16 00:00:00"
1074,Alexander,Adams,customer567@example.com,+1-555-0567,M,"2023-07-09 00:00:00"
1075,Mia,Ross,customer1568@example.com,+1-555-1568,F,"2025-10-03 00:00:00"
1076,Mia,Adams,customer568@example.com,+1-555-0568,F,"2023-07-26 00:00:00"
1077,William,Ross,customer1569@example.com,+1-555-1569,M,"2025-10-20 00:00:00"
1078,William,Adams,customer569@example.com,+1-555-0569,M,"2023-08-12 00:00:00"
1079,Charlotte,Ross,customer1570@example.com,+1-555-1570,Other,"2025-11-06 00:00:00"
1080,Charlotte,Adams,customer570@example.com,+1-555-0570,Other,"2023-08-29 00:00:00"
1081,Thomas,Sanders,customer1551@example.com,+1-555-1551,M,"2024-12-18 00:00:00"
1082,Thomas,Baker,customer551@example.com,+1-555-0551,M,"2026-06-21 00:00:00"
1083,Amelia,Sanders,customer1552@example.com,+1-555-1552,F,"2025-01-04 00:00:00"
1084,Amelia,Baker,customer552@example.com,+1-555-0552,F,"2026-07-08 00:00:00"
1085,Benjamin,Sanders,customer1553@example.com,+1-555-1553,M,"2025-01-21 00:00:00"
1086,Benjamin,Baker,customer553@example.com,+1-555-0553,M,"2026-07-25 00:00:00"
1087,Isabella,Sanders,customer1554@example.com,+1-555-1554,F,"2025-02-07 00:00:00"
1088,Isabella,Baker,customer554@example.com,+1-555-0554,F,"2026-08-11 00:00:00"
1089,Henry,Sanders,customer1555@example.com,+1-555-1555,M,"2025-02-24 00:00:00"
1090,Henry,Baker,customer555@example.com,+1-555-0555,M,"2026-08-28 00:00:00"
1091,Emily,Sanders,customer1556@example.com,+1-555-1556,F,"2025-03-13 00:00:00"
1092,Emily,Baker,customer556@example.com,+1-555-0556,F,"2023-01-03 00:00:00"
1093,Lucas,Sanders,customer1557@example.com,+1-555-1557,M,"2025-03-30 00:00:00"
1094,Lucas,Baker,customer557@example.com,+1-555-0557,M,"2023-01-20 00:00:00"
1095,Ella,Sanders,customer1558@example.com,+1-555-1558,F,"2025-04-16 00:00:00"
1096,Ella,Baker,customer558@example.com,+1-555-0558,F,"2023-02-06 00:00:00"
1097,Jack,Sanders,customer1559@example.com,+1-555-1559,M,"2025-05-03 00:00:00"
1098,Jack,Baker,customer559@example.com,+1-555-0559,M,"2023-02-23 00:00:00"
1099,Grace,Sanders,customer1560@example.com,+1-555-1560,Other,"2025-05-20 00:00:00"
1100,Grace,Baker,customer560@example.com,+1-555-0560,Other,"2023-03-12 00:00:00"
1101,James,Sanders,customer1541@example.com,+1-555-1541,M,"2024-07-01 00:00:00"
1102,James,Baker,customer541@example.com,+1-555-0541,M,"2026-01-02 00:00:00"
1103,Emma,Sanders,customer1542@example.com,+1-555-1542,F,"2024-07-18 00:00:00"
1104,Emma,Baker,customer542@example.com,+1-555-0542,F,"2026-01-19 00:00:00"
1105,Michael,Sanders,customer1543@example.com,+1-555-1543,M,"2024-08-04 00:00:00"
1106,Michael,Baker,customer543@example.com,+1-555-0543,M,"2026-02-05 00:00:00"
1107,Olivia,Sanders,customer1544@example.com,+1-555-1544,F,"2024-08-21 00:00:00"
1108,Olivia,Baker,customer544@example.com,+1-555-0544,F,"2026-02-22 00:00:00"
1109,Daniel,Sanders,customer1545@example.com,+1-555-1545,M,"2024-09-07 00:00:00"
1110,Daniel,Baker,customer545@example.com,+1-555-0545,M,"2026-03-11 00:00:00"
1111,Sophia,Sanders,customer1546@example.com,+1-555-1546,F,"2024-09-24 00:00:00"
1112,Sophia,Baker,customer546@example.com,+1-555-0546,F,"2026-03-28 00:00:00"
1113,Alexander,Sanders,customer1547@example.com,+1-555-1547,M,"2024-10-11 00:00:00"
1114,Alexander,Baker,customer547@example.com,+1-555-0547,M,"2026-04-14 00:00:00"
1115,Mia,Sanders,customer1548@example.com,+1-555-1548,F,"2024-10-28 00:00:00"
1116,Mia,Baker,customer548@example.com,+1-555-0548,F,"2026-05-01 00:00:00"
1117,William,Sanders,customer1549@example.com,+1-555-1549,M,"2024-11-14 00:00:00"
1118,William,Baker,customer549@example.com,+1-555-0549,M,"2026-05-18 00:00:00"
1119,Charlotte,Sanders,customer1550@example.com,+1-555-1550,Other,"2024-12-01 00:00:00"
1120,Charlotte,Baker,customer550@example.com,+1-555-0550,Other,"2026-06-04 00:00:00"
1121,Thomas,Foster,customer1531@example.com,+1-555-1531,M,"2024-01-13 00:00:00"
1122,Thomas,Green,customer531@example.com,+1-555-0531,M,"2025-07-16 00:00:00"
1123,Amelia,Foster,customer1532@example.com,+1-555-1532,F,"2024-01-30 00:00:00"
1124,Amelia,Green,customer532@example.com,+1-555-0532,F,"2025-08-02 00:00:00"
1125,Benjamin,Foster,customer1533@example.com,+1-555-1533,M,"2024-02-16 00:00:00"
1126,Benjamin,Green,customer533@example.com,+1-555-0533,M,"2025-08-19 00:00:00"
1127,Isabella,Foster,customer1534@example.com,+1-555-1534,F,"2024-03-04 00:00:00"
1128,Isabella,Green,customer534@example.com,+1-555-0534,F,"2025-09-05 00:00:00"
1129,Henry,Foster,customer1535@example.com,+1-555-1535,M,"2024-03-21 00:00:00"
1130,Henry,Green,customer535@example.com,+1-555-0535,M,"2025-09-22 00:00:00"
1131,Emily,Foster,customer1536@example.com,+1-555-1536,F,"2024-04-07 00:00:00"
1132,Emily,Green,customer536@example.com,+1-555-0536,F,"2025-10-09 00:00:00"
1133,Lucas,Foster,customer1537@example.com,+1-555-1537,M,"2024-04-24 00:00:00"
1134,Lucas,Green,customer537@example.com,+1-555-0537,M,"2025-10-26 00:00:00"
1135,Ella,Foster,customer1538@example.com,+1-555-1538,F,"2024-05-11 00:00:00"
1136,Ella,Green,customer538@example.com,+1-555-0538,F,"2025-11-12 00:00:00"
1137,Jack,Foster,customer1539@example.com,+1-555-1539,M,"2024-05-28 00:00:00"
1138,Jack,Green,customer539@example.com,+1-555-0539,M,"2025-11-29 00:00:00"
1139,Grace,Foster,customer1540@example.com,+1-555-1540,Other,"2024-06-14 00:00:00"
1140,Grace,Green,customer540@example.com,+1-555-0540,Other,"2025-12-16 00:00:00"
1141,James,Foster,customer1521@example.com,+1-555-1521,M,"2023-07-27 00:00:00"
1142,James,Green,customer521@example.com,+1-555-0521,M,"2025-01-27 00:00:00"
1143,Emma,Foster,customer1522@example.com,+1-555-1522,F,"2023-08-13 00:00:00"
1144,Emma,Green,customer522@example.com,+1-555-0522,F,"2025-02-13 00:00:00"
1145,Michael,Foster,customer1523@example.com,+1-555-1523,M,"2023-08-30 00:00:00"
1146,Michael,Green,customer523@example.com,+1-555-0523,M,"2025-03-02 00:00:00"
1147,Olivia,Foster,customer1524@example.com,+1-555-1524,F,"2023-09-16 00:00:00"
1148,Olivia,Green,customer524@example.com,+1-555-0524,F,"2025-03-19 00:00:00"
1149,Daniel,Foster,customer1525@example.com,+1-555-1525,M,"2023-10-03 00:00:00"
1150,Daniel,Green,customer525@example.com,+1-555-0525,M,"2025-04-05 00:00:00"
1151,Sophia,Foster,customer1526@example.com,+1-555-1526,F,"2023-10-20 00:00:00"
1152,Sophia,Green,customer526@example.com,+1-555-0526,F,"2025-04-22 00:00:00"
1153,Alexander,Foster,customer1527@example.com,+1-555-1527,M,"2023-11-06 00:00:00"
1154,Alexander,Green,customer527@example.com,+1-555-0527,M,"2025-05-09 00:00:00"
1155,Mia,Foster,customer1528@example.com,+1-555-1528,F,"2023-11-23 00:00:00"
1156,Mia,Green,customer528@example.com,+1-555-0528,F,"2025-05-26 00:00:00"
1157,William,Foster,customer1529@example.com,+1-555-1529,M,"2023-12-10 00:00:00"
1158,William,Green,customer529@example.com,+1-555-0529,M,"2025-06-12 00:00:00"
1159,Charlotte,Foster,customer1530@example.com,+1-555-1530,Other,"2023-12-27 00:00:00"
1160,Charlotte,Green,customer530@example.com,+1-555-0530,Other,"2025-06-29 00:00:00"
1161,Thomas,Long,customer1511@example.com,+1-555-1511,M,"2023-02-07 00:00:00"
1162,Thomas,Scott,customer511@example.com,+1-555-0511,M,"2024-08-10 00:00:00"
1163,Amelia,Long,customer1512@example.com,+1-555-1512,F,"2023-02-24 00:00:00"
1164,Amelia,Scott,customer512@example.com,+1-555-0512,F,"2024-08-27 00:00:00"
1165,Benjamin,Long,customer1513@example.com,+1-555-1513,M,"2023-03-13 00:00:00"
1166,Benjamin,Scott,customer513@example.com,+1-555-0513,M,"2024-09-13 00:00:00"
1167,Isabella,Long,customer1514@example.com,+1-555-1514,F,"2023-03-30 00:00:00"
1168,Isabella,Scott,customer514@example.com,+1-555-0514,F,"2024-09-30 00:00:00"
1169,Henry,Long,customer1515@example.com,+1-555-1515,M,"2023-04-16 00:00:00"
1170,Henry,Scott,customer515@example.com,+1-555-0515,M,"2024-10-17 00:00:00"
1171,Emily,Long,customer1516@example.com,+1-555-1516,F,"2023-05-03 00:00:00"
1172,Emily,Scott,customer516@example.com,+1-555-0516,F,"2024-11-03 00:00:00"
1173,Lucas,Long,customer1517@example.com,+1-555-1517,M,"2023-05-20 00:00:00"
1174,Lucas,Scott,customer517@example.com,+1-555-0517,M,"2024-11-20 00:00:00"
1175,Ella,Long,customer1518@example.com,+1-555-1518,F,"2023-06-06 00:00:00"
1176,Ella,Scott,customer518@example.com,+1-555-0518,F,"2024-12-07 00:00:00"
1177,Jack,Long,customer1519@example.com,+1-555-1519,M,"2023-06-23 00:00:00"
1178,Jack,Scott,customer519@example.com,+1-555-0519,M,"2024-12-24 00:00:00"
1179,Grace,Long,customer1520@example.com,+1-555-1520,Other,"2023-07-10 00:00:00"
1180,Grace,Scott,customer520@example.com,+1-555-0520,Other,"2025-01-10 00:00:00"
1181,James,Long,customer1501@example.com,+1-555-1501,M,"2026-05-02 00:00:00"
1182,James,Scott,customer501@example.com,+1-555-0501,M,"2024-02-22 00:00:00"
1183,Emma,Long,customer1502@example.com,+1-555-1502,F,"2026-05-19 00:00:00"
1184,Emma,Scott,customer502@example.com,+1-555-0502,F,"2024-03-10 00:00:00"
1185,Michael,Long,customer1503@example.com,+1-555-1503,M,"2026-06-05 00:00:00"
1186,Michael,Scott,customer503@example.com,+1-555-0503,M,"2024-03-27 00:00:00"
1187,Olivia,Long,customer1504@example.com,+1-555-1504,F,"2026-06-22 00:00:00"
1188,Olivia,Scott,customer504@example.com,+1-555-0504,F,"2024-04-13 00:00:00"
1189,Daniel,Long,customer1505@example.com,+1-555-1505,M,"2026-07-09 00:00:00"
1190,Daniel,Scott,customer505@example.com,+1-555-0505,M,"2024-04-30 00:00:00"
1191,Sophia,Long,customer1506@example.com,+1-555-1506,F,"2026-07-26 00:00:00"
1192,Sophia,Scott,customer506@example.com,+1-555-0506,F,"2024-05-17 00:00:00"
1193,Alexander,Long,customer1507@example.com,+1-555-1507,M,"2026-08-12 00:00:00"
1194,Alexander,Scott,customer507@example.com,+1-555-0507,M,"2024-06-03 00:00:00"
1195,Mia,Long,customer1508@example.com,+1-555-1508,F,"2026-08-29 00:00:00"
1196,Mia,Scott,customer508@example.com,+1-555-0508,F,"2024-06-20 00:00:00"
1197,William,Long,customer1509@example.com,+1-555-1509,M,"2023-01-04 00:00:00"
1198,William,Scott,customer509@example.com,+1-555-0509,M,"2024-07-07 00:00:00"
1199,Charlotte,Long,customer1510@example.com,+1-555-1510,Other,"2023-01-21 00:00:00"
1200,Charlotte,Scott,customer510@example.com,+1-555-0510,Other,"2024-07-24 00:00:00"
1201,Thomas,Jenkins,customer1691@example.com,+1-555-1691,M,"2024-02-02 00:00:00"
1202,Thomas,Roberts,customer691@example.com,+1-555-0691,M,"2025-08-05 00:00:00"
1203,Amelia,Jenkins,customer1692@example.com,+1-555-1692,F,"2024-02-19 00:00:00"
1204,Amelia,Roberts,customer692@example.com,+1-555-0692,F,"2025-08-22 00:00:00"
1205,Benjamin,Jenkins,customer1693@example.com,+1-555-1693,M,"2024-03-07 00:00:00"
1206,Benjamin,Roberts,customer693@example.com,+1-555-0693,M,"2025-09-08 00:00:00"
1207,Isabella,Jenkins,customer1694@example.com,+1-555-1694,F,"2024-03-24 00:00:00"
1208,Isabella,Roberts,customer694@example.com,+1-555-0694,F,"2025-09-25 00:00:00"
1209,Henry,Jenkins,customer1695@example.com,+1-555-1695,M,"2024-04-10 00:00:00"
1210,Henry,Roberts,customer695@example.com,+1-555-0695,M,"2025-10-12 00:00:00"
1211,Emily,Jenkins,customer1696@example.com,+1-555-1696,F,"2024-04-27 00:00:00"
1212,Emily,Roberts,customer696@example.com,+1-555-0696,F,"2025-10-29 00:00:00"
1213,Lucas,Jenkins,customer1697@example.com,+1-555-1697,M,"2024-05-14 00:00:00"
1214,Lucas,Roberts,customer697@example.com,+1-555-0697,M,"2025-11-15 00:00:00"
1215,Ella,Jenkins,customer1698@example.com,+1-555-1698,F,"2024-05-31 00:00:00"
1216,Ella,Roberts,customer698@example.com,+1-555-0698,F,"2025-12-02 00:00:00"
1217,Jack,Jenkins,customer1699@example.com,+1-555-1699,M,"2024-06-17 00:00:00"
1218,Jack,Roberts,customer699@example.com,+1-555-0699,M,"2025-12-19 00:00:00"
1219,Grace,Jenkins,customer1700@example.com,+1-555-1700,Other,"2024-07-04 00:00:00"
1220,Grace,Roberts,customer700@example.com,+1-555-0700,Other,"2026-01-05 00:00:00"
1221,James,Jenkins,customer1681@example.com,+1-555-1681,M,"2023-08-16 00:00:00"
1222,James,Roberts,customer681@example.com,+1-555-0681,M,"2025-02-16 00:00:00"
1223,Emma,Jenkins,customer1682@example.com,+1-555-1682,F,"2023-09-02 00:00:00"
1224,Emma,Roberts,customer682@example.com,+1-555-0682,F,"2025-03-05 00:00:00"
1225,Michael,Jenkins,customer1683@example.com,+1-555-1683,M,"2023-09-19 00:00:00"
1226,Michael,Roberts,customer683@example.com,+1-555-0683,M,"2025-03-22 00:00:00"
1227,Olivia,Jenkins,customer1684@example.com,+1-555-1684,F,"2023-10-06 00:00:00"
1228,Olivia,Roberts,customer684@example.com,+1-555-0684,F,"2025-04-08 00:00:00"
1229,Daniel,Jenkins,customer1685@example.com,+1-555-1685,M,"2023-10-23 00:00:00"
1230,Daniel,Roberts,customer685@example.com,+1-555-0685,M,"2025-04-25 00:00:00"
1231,Sophia,Jenkins,customer1686@example.com,+1-555-1686,F,"2023-11-09 00:00:00"
1232,Sophia,Roberts,customer686@example.com,+1-555-0686,F,"2025-05-12 00:00:00"
1233,Alexander,Jenkins,customer1687@example.com,+1-555-1687,M,"2023-11-26 00:00:00"
1234,Alexander,Roberts,customer687@example.com,+1-555-0687,M,"2025-05-29 00:00:00"
1235,Mia,Jenkins,customer1688@example.com,+1-555-1688,F,"2023-12-13 00:00:00"
1236,Mia,Roberts,customer688@example.com,+1-555-0688,F,"2025-06-15 00:00:00"
1237,William,Jenkins,customer1689@example.com,+1-555-1689,M,"2023-12-30 00:00:00"
1238,William,Roberts,customer689@example.com,+1-555-0689,M,"2025-07-02 00:00:00"
1239,Charlotte,Jenkins,customer1690@example.com,+1-555-1690,Other,"2024-01-16 00:00:00"
1240,Charlotte,Roberts,customer690@example.com,+1-555-0690,Other,"2025-07-19 00:00:00"
1241,Thomas,Ortiz,customer1671@example.com,+1-555-1671,M,"2023-02-27 00:00:00"
1242,Thomas,Mitchell,customer671@example.com,+1-555-0671,M,"2024-08-30 00:00:00"
1243,Amelia,Ortiz,customer1672@example.com,+1-555-1672,F,"2023-03-16 00:00:00"
1244,Amelia,Mitchell,customer672@example.com,+1-555-0672,F,"2024-09-16 00:00:00"
1245,Benjamin,Ortiz,customer1673@example.com,+1-555-1673,M,"2023-04-02 00:00:00"
1246,Benjamin,Mitchell,customer673@example.com,+1-555-0673,M,"2024-10-03 00:00:00"
1247,Isabella,Ortiz,customer1674@example.com,+1-555-1674,F,"2023-04-19 00:00:00"
1248,Isabella,Mitchell,customer674@example.com,+1-555-0674,F,"2024-10-20 00:00:00"
1249,Henry,Ortiz,customer1675@example.com,+1-555-1675,M,"2023-05-06 00:00:00"
1250,Henry,Mitchell,customer675@example.com,+1-555-0675,M,"2024-11-06 00:00:00"
1251,Emily,Ortiz,customer1676@example.com,+1-555-1676,F,"2023-05-23 00:00:00"
1252,Emily,Mitchell,customer676@example.com,+1-555-0676,F,"2024-11-23 00:00:00"
1253,Lucas,Ortiz,customer1677@example.com,+1-555-1677,M,"2023-06-09 00:00:00"
1254,Lucas,Mitchell,customer677@example.com,+1-555-0677,M,"2024-12-10 00:00:00"
1255,Ella,Ortiz,customer1678@example.com,+1-555-1678,F,"2023-06-26 00:00:00"
1256,Ella,Mitchell,customer678@example.com,+1-555-0678,F,"2024-12-27 00:00:00"
1257,Jack,Ortiz,customer1679@example.com,+1-555-1679,M,"2023-07-13 00:00:00"
1258,Jack,Mitchell,customer679@example.com,+1-555-0679,M,"2025-01-13 00:00:00"
1259,Grace,Ortiz,customer1680@example.com,+1-555-1680,Other,"2023-07-30 00:00:00"
1260,Grace,Mitchell,customer680@example.com,+1-555-0680,Other,"2025-01-30 00:00:00"
1261,James,Ortiz,customer1661@example.com,+1-555-1661,M,"2026-05-22 00:00:00"
1262,James,Mitchell,customer661@example.com,+1-555-0661,M,"2024-03-13 00:00:00"
1263,Emma,Ortiz,customer1662@example.com,+1-555-1662,F,"2026-06-08 00:00:00"
1264,Emma,Mitchell,customer662@example.com,+1-555-0662,F,"2024-03-30 00:00:00"
1265,Michael,Ortiz,customer1663@example.com,+1-555-1663,M,"2026-06-25 00:00:00"
1266,Michael,Mitchell,customer663@example.com,+1-555-0663,M,"2024-04-16 00:00:00"
1267,Olivia,Ortiz,customer1664@example.com,+1-555-1664,F,"2026-07-12 00:00:00"
1268,Olivia,Mitchell,customer664@example.com,+1-555-0664,F,"2024-05-03 00:00:00"
1269,Daniel,Ortiz,customer1665@example.com,+1-555-1665,M,"2026-07-29 00:00:00"
1270,Daniel,Mitchell,customer665@example.com,+1-555-0665,M,"2024-05-20 00:00:00"
1271,Sophia,Ortiz,customer1666@example.com,+1-555-1666,F,"2026-08-15 00:00:00"
1272,Sophia,Mitchell,customer666@example.com,+1-555-0666,F,"2024-06-06 00:00:00"
1273,Alexander,Ortiz,customer1667@example.com,+1-555-1667,M,"2026-09-01 00:00:00"
1274,Alexander,Mitchell,customer667@example.com,+1-555-0667,M,"2024-06-23 00:00:00"
1275,Mia,Ortiz,customer1668@example.com,+1-555-1668,F,"2023-01-07 00:00:00"
1276,Mia,Mitchell,customer668@example.com,+1-555-0668,F,"2024-07-10 00:00:00"
1277,William,Ortiz,customer1669@example.com,+1-555-1669,M,"2023-01-24 00:00:00"
1278,William,Mitchell,customer669@example.com,+1-555-0669,M,"2024-07-27 00:00:00"
1279,Charlotte,Ortiz,customer1670@example.com,+1-555-1670,Other,"2023-02-10 00:00:00"
1280,Charlotte,Mitchell,customer670@example.com,+1-555-0670,Other,"2024-08-13 00:00:00"
1281,Thomas,Russell,customer1651@example.com,+1-555-1651,M,"2025-12-03 00:00:00"
1282,Thomas,Campbell,customer651@example.com,+1-555-0651,M,"2023-09-25 00:00:00"
1283,Amelia,Russell,customer1652@example.com,+1-555-1652,F,"2025-12-20 00:00:00"
1284,Amelia,Campbell,customer652@example.com,+1-555-0652,F,"2023-10-12 00:00:00"
1285,Benjamin,Russell,customer1653@example.com,+1-555-1653,M,"2026-01-06 00:00:00"
1286,Benjamin,Campbell,customer653@example.com,+1-555-0653,M,"2023-10-29 00:00:00"
1287,Isabella,Russell,customer1654@example.com,+1-555-1654,F,"2026-01-23 00:00:00"
1288,Isabella,Campbell,customer654@example.com,+1-555-0654,F,"2023-11-15 00:00:00"
1289,Henry,Russell,customer1655@example.com,+1-555-1655,M,"2026-02-09 00:00:00"
1290,Henry,Campbell,customer655@example.com,+1-555-0655,M,"2023-12-02 00:00:00"
1291,Emily,Russell,customer1656@example.com,+1-555-1656,F,"2026-02-26 00:00:00"
1292,Emily,Campbell,customer656@example.com,+1-555-0656,F,"2023-12-19 00:00:00"
1293,Lucas,Russell,customer1657@example.com,+1-555-1657,M,"2026-03-15 00:00:00"
1294,Lucas,Campbell,customer657@example.com,+1-555-0657,M,"2024-01-05 00:00:00"
1295,Ella,Russell,customer1658@example.com,+1-555-1658,F,"2026-04-01 00:00:00"
1296,Ella,Campbell,customer658@example.com,+1-555-0658,F,"2024-01-22 00:00:00"
1297,Jack,Russell,customer1659@example.com,+1-555-1659,M,"2026-04-18 00:00:00"
1298,Jack,Campbell,customer659@example.com,+1-555-0659,M,"2024-02-08 00:00:00"
1299,Grace,Russell,customer1660@example.com,+1-555-1660,Other,"2026-05-05 00:00:00"
1300,Grace,Campbell,customer660@example.com,+1-555-0660,Other,"2024-02-25 00:00:00"
1301,James,Russell,customer1641@example.com,+1-555-1641,M,"2025-06-16 00:00:00"
1302,James,Campbell,customer641@example.com,+1-555-0641,M,"2023-04-08 00:00:00"
1303,Emma,Russell,customer1642@example.com,+1-555-1642,F,"2025-07-03 00:00:00"
1304,Emma,Campbell,customer642@example.com,+1-555-0642,F,"2023-04-25 00:00:00"
1305,Michael,Russell,customer1643@example.com,+1-555-1643,M,"2025-07-20 00:00:00"
1306,Michael,Campbell,customer643@example.com,+1-555-0643,M,"2023-05-12 00:00:00"
1307,Olivia,Russell,customer1644@example.com,+1-555-1644,F,"2025-08-06 00:00:00"
1308,Olivia,Campbell,customer644@example.com,+1-555-0644,F,"2023-05-29 00:00:00"
1309,Daniel,Russell,customer1645@example.com,+1-555-1645,M,"2025-08-23 00:00:00"
1310,Daniel,Campbell,customer645@example.com,+1-555-0645,M,"2023-06-15 00:00:00"
1311,Sophia,Russell,customer1646@example.com,+1-555-1646,F,"2025-09-09 00:00:00"
1312,Sophia,Campbell,customer646@example.com,+1-555-0646,F,"2023-07-02 00:00:00"
1313,Alexander,Russell,customer1647@example.com,+1-555-1647,M,"2025-09-26 00:00:00"
1314,Alexander,Campbell,customer647@example.com,+1-555-0647,M,"2023-07-19 00:00:00"
1315,Mia,Russell,customer1648@example.com,+1-555-1648,F,"2025-10-13 00:00:00"
1316,Mia,Campbell,customer648@example.com,+1-555-0648,F,"2023-08-05 00:00:00"
1317,William,Russell,customer1649@example.com,+1-555-1649,M,"2025-10-30 00:00:00"
1318,William,Campbell,customer649@example.com,+1-555-0649,M,"2023-08-22 00:00:00"
1319,Charlotte,Russell,customer1650@example.com,+1-555-1650,Other,"2025-11-16 00:00:00"
1320,Charlotte,Campbell,customer650@example.com,+1-555-0650,Other,"2023-09-08 00:00:00"
1321,Thomas,Sullivan,customer1631@example.com,+1-555-1631,M,"2024-12-28 00:00:00"
1322,Thomas,Ramirez,customer631@example.com,+1-555-0631,M,"2026-07-01 00:00:00"
1323,Amelia,Sullivan,customer1632@example.com,+1-555-1632,F,"2025-01-14 00:00:00"
1324,Amelia,Ramirez,customer632@example.com,+1-555-0632,F,"2026-07-18 00:00:00"
1325,Benjamin,Sullivan,customer1633@example.com,+1-555-1633,M,"2025-01-31 00:00:00"
1326,Benjamin,Ramirez,customer633@example.com,+1-555-0633,M,"2026-08-04 00:00:00"
1327,Isabella,Sullivan,customer1634@example.com,+1-555-1634,F,"2025-02-17 00:00:00"
1328,Isabella,Ramirez,customer634@example.com,+1-555-0634,F,"2026-08-21 00:00:00"
1329,Henry,Sullivan,customer1635@example.com,+1-555-1635,M,"2025-03-06 00:00:00"
1330,Henry,Ramirez,customer635@example.com,+1-555-0635,M,"2026-09-07 00:00:00"
1331,Emily,Sullivan,customer1636@example.com,+1-555-1636,F,"2025-03-23 00:00:00"
1332,Emily,Ramirez,customer636@example.com,+1-555-0636,F,"2023-01-13 00:00:00"
1333,Lucas,Sullivan,customer1637@example.com,+1-555-1637,M,"2025-04-09 00:00:00"
1334,Lucas,Ramirez,customer637@example.com,+1-555-0637,M,"2023-01-30 00:00:00"
1335,Ella,Sullivan,customer1638@example.com,+1-555-1638,F,"2025-04-26 00:00:00"
1336,Ella,Ramirez,customer638@example.com,+1-555-0638,F,"2023-02-16 00:00:00"
1337,Jack,Sullivan,customer1639@example.com,+1-555-1639,M,"2025-05-13 00:00:00"
1338,Jack,Ramirez,customer639@example.com,+1-555-0639,M,"2023-03-05 00:00:00"
1339,Grace,Sullivan,customer1640@example.com,+1-555-1640,Other,"2025-05-30 00:00:00"
1340,Grace,Ramirez,customer640@example.com,+1-555-0640,Other,"2023-03-22 00:00:00"
1341,James,Sullivan,customer1621@example.com,+1-555-1621,M,"2024-07-11 00:00:00"
1342,James,Ramirez,customer621@example.com,+1-555-0621,M,"2026-01-12 00:00:00"
1343,Emma,Sullivan,customer1622@example.com,+1-555-1622,F,"2024-07-28 00:00:00"
1344,Emma,Ramirez,customer622@example.com,+1-555-0622,F,"2026-01-29 00:00:00"
1345,Michael,Sullivan,customer1623@example.com,+1-555-1623,M,"2024-08-14 00:00:00"
1346,Michael,Ramirez,customer623@example.com,+1-555-0623,M,"2026-02-15 00:00:00"
1347,Olivia,Sullivan,customer1624@example.com,+1-555-1624,F,"2024-08-31 00:00:00"
1348,Olivia,Ramirez,customer624@example.com,+1-555-0624,F,"2026-03-04 00:00:00"
1349,Daniel,Sullivan,customer1625@example.com,+1-555-1625,M,"2024-09-17 00:00:00"
1350,Daniel,Ramirez,customer625@example.com,+1-555-0625,M,"2026-03-21 00:00:00"
1351,Sophia,Sullivan,customer1626@example.com,+1-555-1626,F,"2024-10-04 00:00:00"
1352,Sophia,Ramirez,customer626@example.com,+1-555-0626,F,"2026-04-07 00:00:00"
1353,Alexander,Sullivan,customer1627@example.com,+1-555-1627,M,"2024-10-21 00:00:00"
1354,Alexander,Ramirez,customer627@example.com,+1-555-0627,M,"2026-04-24 00:00:00"
1355,Mia,Sullivan,customer1628@example.com,+1-555-1628,F,"2024-11-07 00:00:00"
1356,Mia,Ramirez,customer628@example.com,+1-555-0628,F,"2026-05-11 00:00:00"
1357,William,Sullivan,customer1629@example.com,+1-555-1629,M,"2024-11-24 00:00:00"
1358,William,Ramirez,customer629@example.com,+1-555-0629,M,"2026-05-28 00:00:00"
1359,Charlotte,Sullivan,customer1630@example.com,+1-555-1630,Other,"2024-12-11 00:00:00"
1360,Charlotte,Ramirez,customer630@example.com,+1-555-0630,Other,"2026-06-14 00:00:00"
1361,Thomas,Powell,customer1611@example.com,+1-555-1611,M,"2024-01-23 00:00:00"
1362,Thomas,Hill,customer611@example.com,+1-555-0611,M,"2025-07-26 00:00:00"
1363,Amelia,Powell,customer1612@example.com,+1-555-1612,F,"2024-02-09 00:00:00"
1364,Amelia,Hill,customer612@example.com,+1-555-0612,F,"2025-08-12 00:00:00"
1365,Benjamin,Powell,customer1613@example.com,+1-555-1613,M,"2024-02-26 00:00:00"
1366,Benjamin,Hill,customer613@example.com,+1-555-0613,M,"2025-08-29 00:00:00"
1367,Isabella,Powell,customer1614@example.com,+1-555-1614,F,"2024-03-14 00:00:00"
1368,Isabella,Hill,customer614@example.com,+1-555-0614,F,"2025-09-15 00:00:00"
1369,Henry,Powell,customer1615@example.com,+1-555-1615,M,"2024-03-31 00:00:00"
1370,Henry,Hill,customer615@example.com,+1-555-0615,M,"2025-10-02 00:00:00"
1371,Emily,Powell,customer1616@example.com,+1-555-1616,F,"2024-04-17 00:00:00"
1372,Emily,Hill,customer616@example.com,+1-555-0616,F,"2025-10-19 00:00:00"
1373,Lucas,Powell,customer1617@example.com,+1-555-1617,M,"2024-05-04 00:00:00"
1374,Lucas,Hill,customer617@example.com,+1-555-0617,M,"2025-11-05 00:00:00"
1375,Ella,Powell,customer1618@example.com,+1-555-1618,F,"2024-05-21 00:00:00"
1376,Ella,Hill,customer618@example.com,+1-555-0618,F,"2025-11-22 00:00:00"
1377,Jack,Powell,customer1619@example.com,+1-555-1619,M,"2024-06-07 00:00:00"
1378,Jack,Hill,customer619@example.com,+1-555-0619,M,"2025-12-09 00:00:00"
1379,Grace,Powell,customer1620@example.com,+1-555-1620,Other,"2024-06-24 00:00:00"
1380,Grace,Hill,customer620@example.com,+1-555-0620,Other,"2025-12-26 00:00:00"
1381,James,Powell,customer1601@example.com,+1-555-1601,M,"2023-08-06 00:00:00"
1382,James,Hill,customer601@example.com,+1-555-0601,M,"2025-02-06 00:00:00"
1383,Emma,Powell,customer1602@example.com,+1-555-1602,F,"2023-08-23 00:00:00"
1384,Emma,Hill,customer602@example.com,+1-555-0602,F,"2025-02-23 00:00:00"
1385,Michael,Powell,customer1603@example.com,+1-555-1603,M,"2023-09-09 00:00:00"
1386,Michael,Hill,customer603@example.com,+1-555-0603,M,"2025-03-12 00:00:00"
1387,Olivia,Powell,customer1604@example.com,+1-555-1604,F,"2023-09-26 00:00:00"
1388,Olivia,Hill,customer604@example.com,+1-555-0604,F,"2025-03-29 00:00:00"
1389,Daniel,Powell,customer1605@example.com,+1-555-1605,M,"2023-10-13 00:00:00"
1390,Daniel,Hill,customer605@example.com,+1-555-0605,M,"2025-04-15 00:00:00"
1391,Sophia,Powell,customer1606@example.com,+1-555-1606,F,"2023-10-30 00:00:00"
1392,Sophia,Hill,customer606@example.com,+1-555-0606,F,"2025-05-02 00:00:00"
1393,Alexander,Powell,customer1607@example.com,+1-555-1607,M,"2023-11-16 00:00:00"
1394,Alexander,Hill,customer607@example.com,+1-555-0607,M,"2025-05-19 00:00:00"
1395,Mia,Powell,customer1608@example.com,+1-555-1608,F,"2023-12-03 00:00:00"
1396,Mia,Hill,customer608@example.com,+1-555-0608,F,"2025-06-05 00:00:00"
1397,William,Powell,customer1609@example.com,+1-555-1609,M,"2023-12-20 00:00:00"
1398,William,Hill,customer609@example.com,+1-555-0609,M,"2025-06-22 00:00:00"
1399,Charlotte,Powell,customer1610@example.com,+1-555-1610,Other,"2024-01-06 00:00:00"
1400,Charlotte,Hill,customer610@example.com,+1-555-0610,Other,"2025-07-09 00:00:00"
1401,Thomas,Fisher,customer1791@example.com,+1-555-1791,M,"2025-01-17 00:00:00"
1402,Thomas,Torres,customer791@example.com,+1-555-0791,M,"2026-07-21 00:00:00"
1403,Amelia,Fisher,customer1792@example.com,+1-555-1792,F,"2025-02-03 00:00:00"
1404,Amelia,Torres,customer792@example.com,+1-555-0792,F,"2026-08-07 00:00:00"
1405,Benjamin,Fisher,customer1793@example.com,+1-555-1793,M,"2025-02-20 00:00:00"
1406,Benjamin,Torres,customer793@example.com,+1-555-0793,M,"2026-08-24 00:00:00"
1407,Isabella,Fisher,customer1794@example.com,+1-555-1794,F,"2025-03-09 00:00:00"
1408,Isabella,Torres,customer794@example.com,+1-555-0794,F,"2026-09-10 00:00:00"
1409,Henry,Fisher,customer1795@example.com,+1-555-1795,M,"2025-03-26 00:00:00"
1410,Henry,Torres,customer795@example.com,+1-555-0795,M,"2023-01-16 00:00:00"
1411,Emily,Fisher,customer1796@example.com,+1-555-1796,F,"2025-04-12 00:00:00"
1412,Emily,Torres,customer796@example.com,+1-555-0796,F,"2023-02-02 00:00:00"
1413,Lucas,Fisher,customer1797@example.com,+1-555-1797,M,"2025-04-29 00:00:00"
1414,Lucas,Torres,customer797@example.com,+1-555-0797,M,"2023-02-19 00:00:00"
1415,Ella,Fisher,customer1798@example.com,+1-555-1798,F,"2025-05-16 00:00:00"
1416,Ella,Torres,customer798@example.com,+1-555-0798,F,"2023-03-08 00:00:00"
1417,Jack,Fisher,customer1799@example.com,+1-555-1799,M,"2025-06-02 00:00:00"
1418,Jack,Torres,customer799@example.com,+1-555-0799,M,"2023-03-25 00:00:00"
1419,Grace,Fisher,customer1800@example.com,+1-555-1800,Other,"2025-06-19 00:00:00"
1420,Grace,Torres,customer800@example.com,+1-555-0800,Other,"2023-04-11 00:00:00"
1421,James,Fisher,customer1781@example.com,+1-555-1781,M,"2024-07-31 00:00:00"
1422,James,Torres,customer781@example.com,+1-555-0781,M,"2026-02-01 00:00:00"
1423,Emma,Fisher,customer1782@example.com,+1-555-1782,F,"2024-08-17 00:00:00"
1424,Emma,Torres,customer782@example.com,+1-555-0782,F,"2026-02-18 00:00:00"
1425,Michael,Fisher,customer1783@example.com,+1-555-1783,M,"2024-09-03 00:00:00"
1426,Michael,Torres,customer783@example.com,+1-555-0783,M,"2026-03-07 00:00:00"
1427,Olivia,Fisher,customer1784@example.com,+1-555-1784,F,"2024-09-20 00:00:00"
1428,Olivia,Torres,customer784@example.com,+1-555-0784,F,"2026-03-24 00:00:00"
1429,Daniel,Fisher,customer1785@example.com,+1-555-1785,M,"2024-10-07 00:00:00"
1430,Daniel,Torres,customer785@example.com,+1-555-0785,M,"2026-04-10 00:00:00"
1431,Sophia,Fisher,customer1786@example.com,+1-555-1786,F,"2024-10-24 00:00:00"
1432,Sophia,Torres,customer786@example.com,+1-555-0786,F,"2026-04-27 00:00:00"
1433,Alexander,Fisher,customer1787@example.com,+1-555-1787,M,"2024-11-10 00:00:00"
1434,Alexander,Torres,customer787@example.com,+1-555-0787,M,"2026-05-14 00:00:00"
1435,Mia,Fisher,customer1788@example.com,+1-555-1788,F,"2024-11-27 00:00:00"
1436,Mia,Torres,customer788@example.com,+1-555-0788,F,"2026-05-31 00:00:00"
1437,William,Fisher,customer1789@example.com,+1-555-1789,M,"2024-12-14 00:00:00"
1438,William,Torres,customer789@example.com,+1-555-0789,M,"2026-06-17 00:00:00"
1439,Charlotte,Fisher,customer1790@example.com,+1-555-1790,Other,"2024-12-31 00:00:00"
1440,Charlotte,Torres,customer790@example.com,+1-555-0790,Other,"2026-07-04 00:00:00"
1441,Thomas,Barnes,customer1771@example.com,+1-555-1771,M,"2024-02-12 00:00:00"
1442,Thomas,Turner,customer771@example.com,+1-555-0771,M,"2025-08-15 00:00:00"
1443,Amelia,Barnes,customer1772@example.com,+1-555-1772,F,"2024-02-29 00:00:00"
1444,Amelia,Turner,customer772@example.com,+1-555-0772,F,"2025-09-01 00:00:00"
1445,Benjamin,Barnes,customer1773@example.com,+1-555-1773,M,"2024-03-17 00:00:00"
1446,Benjamin,Turner,customer773@example.com,+1-555-0773,M,"2025-09-18 00:00:00"
1447,Isabella,Barnes,customer1774@example.com,+1-555-1774,F,"2024-04-03 00:00:00"
1448,Isabella,Turner,customer774@example.com,+1-555-0774,F,"2025-10-05 00:00:00"
1449,Henry,Barnes,customer1775@example.com,+1-555-1775,M,"2024-04-20 00:00:00"
1450,Henry,Turner,customer775@example.com,+1-555-0775,M,"2025-10-22 00:00:00"
1451,Emily,Barnes,customer1776@example.com,+1-555-1776,F,"2024-05-07 00:00:00"
1452,Emily,Turner,customer776@example.com,+1-555-0776,F,"2025-11-08 00:00:00"
1453,Lucas,Barnes,customer1777@example.com,+1-555-1777,M,"2024-05-24 00:00:00"
1454,Lucas,Turner,customer777@example.com,+1-555-0777,M,"2025-11-25 00:00:00"
1455,Ella,Barnes,customer1778@example.com,+1-555-1778,F,"2024-06-10 00:00:00"
1456,Ella,Turner,customer778@example.com,+1-555-0778,F,"2025-12-12 00:00:00"
1457,Jack,Barnes,customer1779@example.com,+1-555-1779,M,"2024-06-27 00:00:00"
1458,Jack,Turner,customer779@example.com,+1-555-0779,M,"2025-12-29 00:00:00"
1459,Grace,Barnes,customer1780@example.com,+1-555-1780,Other,"2024-07-14 00:00:00"
1460,Grace,Turner,customer780@example.com,+1-555-0780,Other,"2026-01-15 00:00:00"
1461,James,Barnes,customer1761@example.com,+1-555-1761,M,"2023-08-26 00:00:00"
1462,James,Turner,customer761@example.com,+1-555-0761,M,"2025-02-26 00:00:00"
1463,Emma,Barnes,customer1762@example.com,+1-555-1762,F,"2023-09-12 00:00:00"
1464,Emma,Turner,customer762@example.com,+1-555-0762,F,"2025-03-15 00:00:00"
1465,Michael,Barnes,customer1763@example.com,+1-555-1763,M,"2023-09-29 00:00:00"
1466,Michael,Turner,customer763@example.com,+1-555-0763,M,"2025-04-01 00:00:00"
1467,Olivia,Barnes,customer1764@example.com,+1-555-1764,F,"2023-10-16 00:00:00"
1468,Olivia,Turner,customer764@example.com,+1-555-0764,F,"2025-04-18 00:00:00"
1469,Daniel,Barnes,customer1765@example.com,+1-555-1765,M,"2023-11-02 00:00:00"
1470,Daniel,Turner,customer765@example.com,+1-555-0765,M,"2025-05-05 00:00:00"
1471,Sophia,Barnes,customer1766@example.com,+1-555-1766,F,"2023-11-19 00:00:00"
1472,Sophia,Turner,customer766@example.com,+1-555-0766,F,"2025-05-22 00:00:00"
1473,Alexander,Barnes,customer1767@example.com,+1-555-1767,M,"2023-12-06 00:00:00"
1474,Alexander,Turner,customer767@example.com,+1-555-0767,M,"2025-06-08 00:00:00"
1475,Mia,Barnes,customer1768@example.com,+1-555-1768,F,"2023-12-23 00:00:00"
1476,Mia,Turner,customer768@example.com,+1-555-0768,F,"2025-06-25 00:00:00"
1477,William,Barnes,customer1769@example.com,+1-555-1769,M,"2024-01-09 00:00:00"
1478,William,Turner,customer769@example.com,+1-555-0769,M,"2025-07-12 00:00:00"
1479,Charlotte,Barnes,customer1770@example.com,+1-555-1770,Other,"2024-01-26 00:00:00"
1480,Charlotte,Turner,customer770@example.com,+1-555-0770,Other,"2025-07-29 00:00:00"
1481,Thomas,Butler,customer1751@example.com,+1-555-1751,M,"2023-03-09 00:00:00"
1482,Thomas,Evans,customer751@example.com,+1-555-0751,M,"2024-09-09 00:00:00"
1483,Amelia,Butler,customer1752@example.com,+1-555-1752,F,"2023-03-26 00:00:00"
1484,Amelia,Evans,customer752@example.com,+1-555-0752,F,"2024-09-26 00:00:00"
1485,Benjamin,Butler,customer1753@example.com,+1-555-1753,M,"2023-04-12 00:00:00"
1486,Benjamin,Evans,customer753@example.com,+1-555-0753,M,"2024-10-13 00:00:00"
1487,Isabella,Butler,customer1754@example.com,+1-555-1754,F,"2023-04-29 00:00:00"
1488,Isabella,Evans,customer754@example.com,+1-555-0754,F,"2024-10-30 00:00:00"
1489,Henry,Butler,customer1755@example.com,+1-555-1755,M,"2023-05-16 00:00:00"
1490,Henry,Evans,customer755@example.com,+1-555-0755,M,"2024-11-16 00:00:00"
1491,Emily,Butler,customer1756@example.com,+1-555-1756,F,"2023-06-02 00:00:00"
1492,Emily,Evans,customer756@example.com,+1-555-0756,F,"2024-12-03 00:00:00"
1493,Lucas,Butler,customer1757@example.com,+1-555-1757,M,"2023-06-19 00:00:00"
1494,Lucas,Evans,customer757@example.com,+1-555-0757,M,"2024-12-20 00:00:00"
1495,Ella,Butler,customer1758@example.com,+1-555-1758,F,"2023-07-06 00:00:00"
1496,Ella,Evans,customer758@example.com,+1-555-0758,F,"2025-01-06 00:00:00"
1497,Jack,Butler,customer1759@example.com,+1-555-1759,M,"2023-07-23 00:00:00"
1498,Jack,Evans,customer759@example.com,+1-555-0759,M,"2025-01-23 00:00:00"
1499,Grace,Butler,customer1760@example.com,+1-555-1760,Other,"2023-08-09 00:00:00"
1500,Grace,Evans,customer760@example.com,+1-555-0760,Other,"2025-02-09 00:00:00"
1501,James,Butler,customer1741@example.com,+1-555-1741,M,"2026-06-01 00:00:00"
1502,James,Evans,customer741@example.com,+1-555-0741,M,"2024-03-23 00:00:00"
1503,Emma,Butler,customer1742@example.com,+1-555-1742,F,"2026-06-18 00:00:00"
1504,Emma,Evans,customer742@example.com,+1-555-0742,F,"2024-04-09 00:00:00"
1505,Michael,Butler,customer1743@example.com,+1-555-1743,M,"2026-07-05 00:00:00"
1506,Michael,Evans,customer743@example.com,+1-555-0743,M,"2024-04-26 00:00:00"
1507,Olivia,Butler,customer1744@example.com,+1-555-1744,F,"2026-07-22 00:00:00"
1508,Olivia,Evans,customer744@example.com,+1-555-0744,F,"2024-05-13 00:00:00"
1509,Daniel,Butler,customer1745@example.com,+1-555-1745,M,"2026-08-08 00:00:00"
1510,Daniel,Evans,customer745@example.com,+1-555-0745,M,"2024-05-30 00:00:00"
1511,Sophia,Butler,customer1746@example.com,+1-555-1746,F,"2026-08-25 00:00:00"
1512,Sophia,Evans,customer746@example.com,+1-555-0746,F,"2024-06-16 00:00:00"
1513,Alexander,Butler,customer1747@example.com,+1-555-1747,M,"2026-09-11 00:00:00"
1514,Alexander,Evans,customer747@example.com,+1-555-0747,M,"2024-07-03 00:00:00"
1515,Mia,Butler,customer1748@example.com,+1-555-1748,F,"2023-01-17 00:00:00"
1516,Mia,Evans,customer748@example.com,+1-555-0748,F,"2024-07-20 00:00:00"
1517,William,Butler,customer1749@example.com,+1-555-1749,M,"2023-02-03 00:00:00"
1518,William,Evans,customer749@example.com,+1-555-0749,M,"2024-08-06 00:00:00"
1519,Charlotte,Butler,customer1750@example.com,+1-555-1750,Other,"2023-02-20 00:00:00"
1520,Charlotte,Evans,customer750@example.com,+1-555-0750,Other,"2024-08-23 00:00:00"
1521,Thomas,Perry,customer1731@example.com,+1-555-1731,M,"2025-12-13 00:00:00"
1522,Thomas,Phillips,customer731@example.com,+1-555-0731,M,"2023-10-05 00:00:00"
1523,Amelia,Perry,customer1732@example.com,+1-555-1732,F,"2025-12-30 00:00:00"
1524,Amelia,Phillips,customer732@example.com,+1-555-0732,F,"2023-10-22 00:00:00"
1525,Benjamin,Perry,customer1733@example.com,+1-555-1733,M,"2026-01-16 00:00:00"
1526,Benjamin,Phillips,customer733@example.com,+1-555-0733,M,"2023-11-08 00:00:00"
1527,Isabella,Perry,customer1734@example.com,+1-555-1734,F,"2026-02-02 00:00:00"
1528,Isabella,Phillips,customer734@example.com,+1-555-0734,F,"2023-11-25 00:00:00"
1529,Henry,Perry,customer1735@example.com,+1-555-1735,M,"2026-02-19 00:00:00"
1530,Henry,Phillips,customer735@example.com,+1-555-0735,M,"2023-12-12 00:00:00"
1531,Emily,Perry,customer1736@example.com,+1-555-1736,F,"2026-03-08 00:00:00"
1532,Emily,Phillips,customer736@example.com,+1-555-0736,F,"2023-12-29 00:00:00"
1533,Lucas,Perry,customer1737@example.com,+1-555-1737,M,"2026-03-25 00:00:00"
1534,Lucas,Phillips,customer737@example.com,+1-555-0737,M,"2024-01-15 00:00:00"
1535,Ella,Perry,customer1738@example.com,+1-555-1738,F,"2026-04-11 00:00:00"
1536,Ella,Phillips,customer738@example.com,+1-555-0738,F,"2024-02-01 00:00:00"
1537,Jack,Perry,customer1739@example.com,+1-555-1739,M,"2026-04-28 00:00:00"
1538,Jack,Phillips,customer739@example.com,+1-555-0739,M,"2024-02-18 00:00:00"
1539,Grace,Perry,customer1740@example.com,+1-555-1740,Other,"2026-05-15 00:00:00"
1540,Grace,Phillips,customer740@example.com,+1-555-0740,Other,"2024-03-06 00:00:00"
1541,James,Perry,customer1721@example.com,+1-555-1721,M,"2025-06-26 00:00:00"
1542,James,Phillips,customer721@example.com,+1-555-0721,M,"2023-04-18 00:00:00"
1543,Emma,Perry,customer1722@example.com,+1-555-1722,F,"2025-07-13 00:00:00"
1544,Emma,Phillips,customer722@example.com,+1-555-0722,F,"2023-05-05 00:00:00"
1545,Michael,Perry,customer1723@example.com,+1-555-1723,M,"2025-07-30 00:00:00"
1546,Michael,Phillips,customer723@example.com,+1-555-0723,M,"2023-05-22 00:00:00"
1547,Olivia,Perry,customer1724@example.com,+1-555-1724,F,"2025-08-16 00:00:00"
1548,Olivia,Phillips,customer724@example.com,+1-555-0724,F,"2023-06-08 00:00:00"
1549,Daniel,Perry,customer1725@example.com,+1-555-1725,M,"2025-09-02 00:00:00"
1550,Daniel,Phillips,customer725@example.com,+1-555-0725,M,"2023-06-25 00:00:00"
1551,Sophia,Perry,customer1726@example.com,+1-555-1726,F,"2025-09-19 00:00:00"
1552,Sophia,Phillips,customer726@example.com,+1-555-0726,F,"2023-07-12 00:00:00"
1553,Alexander,Perry,customer1727@example.com,+1-555-1727,M,"2025-10-06 00:00:00"
1554,Alexander,Phillips,customer727@example.com,+1-555-0727,M,"2023-07-29 00:00:00"
1555,Mia,Perry,customer1728@example.com,+1-555-1728,F,"2025-10-23 00:00:00"
1556,Mia,Phillips,customer728@example.com,+1-555-0728,F,"2023-08-15 00:00:00"
1557,William,Perry,customer1729@example.com,+1-555-1729,M,"2025-11-09 00:00:00"
1558,William,Phillips,customer729@example.com,+1-555-0729,M,"2023-09-01 00:00:00"
1559,Charlotte,Perry,customer1730@example.com,+1-555-1730,Other,"2025-11-26 00:00:00"
1560,Charlotte,Phillips,customer730@example.com,+1-555-0730,Other,"2023-09-18 00:00:00"
1561,Thomas,Gutierrez,customer1711@example.com,+1-555-1711,M,"2025-01-07 00:00:00"
1562,Thomas,Carter,customer711@example.com,+1-555-0711,M,"2026-07-11 00:00:00"
1563,Amelia,Gutierrez,customer1712@example.com,+1-555-1712,F,"2025-01-24 00:00:00"
1564,Amelia,Carter,customer712@example.com,+1-555-0712,F,"2026-07-28 00:00:00"
1565,Benjamin,Gutierrez,customer1713@example.com,+1-555-1713,M,"2025-02-10 00:00:00"
1566,Benjamin,Carter,customer713@example.com,+1-555-0713,M,"2026-08-14 00:00:00"
1567,Isabella,Gutierrez,customer1714@example.com,+1-555-1714,F,"2025-02-27 00:00:00"
1568,Isabella,Carter,customer714@example.com,+1-555-0714,F,"2026-08-31 00:00:00"
1569,Henry,Gutierrez,customer1715@example.com,+1-555-1715,M,"2025-03-16 00:00:00"
1570,Henry,Carter,customer715@example.com,+1-555-0715,M,"2023-01-06 00:00:00"
1571,Emily,Gutierrez,customer1716@example.com,+1-555-1716,F,"2025-04-02 00:00:00"
1572,Emily,Carter,customer716@example.com,+1-555-0716,F,"2023-01-23 00:00:00"
1573,Lucas,Gutierrez,customer1717@example.com,+1-555-1717,M,"2025-04-19 00:00:00"
1574,Lucas,Carter,customer717@example.com,+1-555-0717,M,"2023-02-09 00:00:00"
1575,Ella,Gutierrez,customer1718@example.com,+1-555-1718,F,"2025-05-06 00:00:00"
1576,Ella,Carter,customer718@example.com,+1-555-0718,F,"2023-02-26 00:00:00"
1577,Jack,Gutierrez,customer1719@example.com,+1-555-1719,M,"2025-05-23 00:00:00"
1578,Jack,Carter,customer719@example.com,+1-555-0719,M,"2023-03-15 00:00:00"
1579,Grace,Gutierrez,customer1720@example.com,+1-555-1720,Other,"2025-06-09 00:00:00"
1580,Grace,Carter,customer720@example.com,+1-555-0720,Other,"2023-04-01 00:00:00"
1581,James,Gutierrez,customer1701@example.com,+1-555-1701,M,"2024-07-21 00:00:00"
1582,James,Carter,customer701@example.com,+1-555-0701,M,"2026-01-22 00:00:00"
1583,Emma,Gutierrez,customer1702@example.com,+1-555-1702,F,"2024-08-07 00:00:00"
1584,Emma,Carter,customer702@example.com,+1-555-0702,F,"2026-02-08 00:00:00"
1585,Michael,Gutierrez,customer1703@example.com,+1-555-1703,M,"2024-08-24 00:00:00"
1586,Michael,Carter,customer703@example.com,+1-555-0703,M,"2026-02-25 00:00:00"
1587,Olivia,Gutierrez,customer1704@example.com,+1-555-1704,F,"2024-09-10 00:00:00"
1588,Olivia,Carter,customer704@example.com,+1-555-0704,F,"2026-03-14 00:00:00"
1589,Daniel,Gutierrez,customer1705@example.com,+1-555-1705,M,"2024-09-27 00:00:00"
1590,Daniel,Carter,customer705@example.com,+1-555-0705,M,"2026-03-31 00:00:00"
1591,Sophia,Gutierrez,customer1706@example.com,+1-555-1706,F,"2024-10-14 00:00:00"
1592,Sophia,Carter,customer706@example.com,+1-555-0706,F,"2026-04-17 00:00:00"
1593,Alexander,Gutierrez,customer1707@example.com,+1-555-1707,M,"2024-10-31 00:00:00"
1594,Alexander,Carter,customer707@example.com,+1-555-0707,M,"2026-05-04 00:00:00"
1595,Mia,Gutierrez,customer1708@example.com,+1-555-1708,F,"2024-11-17 00:00:00"
1596,Mia,Carter,customer708@example.com,+1-555-0708,F,"2026-05-21 00:00:00"
1597,William,Gutierrez,customer1709@example.com,+1-555-1709,M,"2024-12-04 00:00:00"
1598,William,Carter,customer709@example.com,+1-555-0709,M,"2026-06-07 00:00:00"
1599,Charlotte,Gutierrez,customer1710@example.com,+1-555-1710,Other,"2024-12-21 00:00:00"
1600,Charlotte,Carter,customer710@example.com,+1-555-0710,Other,"2026-06-24 00:00:00"
1601,Thomas,Jordan,customer1891@example.com,+1-555-1891,M,"2026-01-02 00:00:00"
1602,Thomas,Flores,customer891@example.com,+1-555-0891,M,"2023-10-25 00:00:00"
1603,Amelia,Jordan,customer1892@example.com,+1-555-1892,F,"2026-01-19 00:00:00"
1604,Amelia,Flores,customer892@example.com,+1-555-0892,F,"2023-11-11 00:00:00"
1605,Benjamin,Jordan,customer1893@example.com,+1-555-1893,M,"2026-02-05 00:00:00"
1606,Benjamin,Flores,customer893@example.com,+1-555-0893,M,"2023-11-28 00:00:00"
1607,Isabella,Jordan,customer1894@example.com,+1-555-1894,F,"2026-02-22 00:00:00"
1608,Isabella,Flores,customer894@example.com,+1-555-0894,F,"2023-12-15 00:00:00"
1609,Henry,Jordan,customer1895@example.com,+1-555-1895,M,"2026-03-11 00:00:00"
1610,Henry,Flores,customer895@example.com,+1-555-0895,M,"2024-01-01 00:00:00"
1611,Emily,Jordan,customer1896@example.com,+1-555-1896,F,"2026-03-28 00:00:00"
1612,Emily,Flores,customer896@example.com,+1-555-0896,F,"2024-01-18 00:00:00"
1613,Lucas,Jordan,customer1897@example.com,+1-555-1897,M,"2026-04-14 00:00:00"
1614,Lucas,Flores,customer897@example.com,+1-555-0897,M,"2024-02-04 00:00:00"
1615,Ella,Jordan,customer1898@example.com,+1-555-1898,F,"2026-05-01 00:00:00"
1616,Ella,Flores,customer898@example.com,+1-555-0898,F,"2024-02-21 00:00:00"
1617,Jack,Jordan,customer1899@example.com,+1-555-1899,M,"2026-05-18 00:00:00"
1618,Jack,Flores,customer899@example.com,+1-555-0899,M,"2024-03-09 00:00:00"
1619,Grace,Jordan,customer1900@example.com,+1-555-1900,Other,"2026-06-04 00:00:00"
1620,Grace,Flores,customer900@example.com,+1-555-0900,Other,"2024-03-26 00:00:00"
1621,James,Jordan,customer1881@example.com,+1-555-1881,M,"2025-07-16 00:00:00"
1622,James,Flores,customer881@example.com,+1-555-0881,M,"2023-05-08 00:00:00"
1623,Emma,Jordan,customer1882@example.com,+1-555-1882,F,"2025-08-02 00:00:00"
1624,Emma,Flores,customer882@example.com,+1-555-0882,F,"2023-05-25 00:00:00"
1625,Michael,Jordan,customer1883@example.com,+1-555-1883,M,"2025-08-19 00:00:00"
1626,Michael,Flores,customer883@example.com,+1-555-0883,M,"2023-06-11 00:00:00"
1627,Olivia,Jordan,customer1884@example.com,+1-555-1884,F,"2025-09-05 00:00:00"
1628,Olivia,Flores,customer884@example.com,+1-555-0884,F,"2023-06-28 00:00:00"
1629,Daniel,Jordan,customer1885@example.com,+1-555-1885,M,"2025-09-22 00:00:00"
1630,Daniel,Flores,customer885@example.com,+1-555-0885,M,"2023-07-15 00:00:00"
1631,Sophia,Jordan,customer1886@example.com,+1-555-1886,F,"2025-10-09 00:00:00"
1632,Sophia,Flores,customer886@example.com,+1-555-0886,F,"2023-08-01 00:00:00"
1633,Alexander,Jordan,customer1887@example.com,+1-555-1887,M,"2025-10-26 00:00:00"
1634,Alexander,Flores,customer887@example.com,+1-555-0887,M,"2023-08-18 00:00:00"
1635,Mia,Jordan,customer1888@example.com,+1-555-1888,F,"2025-11-12 00:00:00"
1636,Mia,Flores,customer888@example.com,+1-555-0888,F,"2023-09-04 00:00:00"
1637,William,Jordan,customer1889@example.com,+1-555-1889,M,"2025-11-29 00:00:00"
1638,William,Flores,customer889@example.com,+1-555-0889,M,"2023-09-21 00:00:00"
1639,Charlotte,Jordan,customer1890@example.com,+1-555-1890,Other,"2025-12-16 00:00:00"
1640,Charlotte,Flores,customer890@example.com,+1-555-0890,Other,"2023-10-08 00:00:00"
1641,Thomas,Patterson,customer1871@example.com,+1-555-1871,M,"2025-01-27 00:00:00"
1642,Thomas,Stewart,customer871@example.com,+1-555-0871,M,"2026-07-31 00:00:00"
1643,Amelia,Patterson,customer1872@example.com,+1-555-1872,F,"2025-02-13 00:00:00"
1644,Amelia,Stewart,customer872@example.com,+1-555-0872,F,"2026-08-17 00:00:00"
1645,Benjamin,Patterson,customer1873@example.com,+1-555-1873,M,"2025-03-02 00:00:00"
1646,Benjamin,Stewart,customer873@example.com,+1-555-0873,M,"2026-09-03 00:00:00"
1647,Isabella,Patterson,customer1874@example.com,+1-555-1874,F,"2025-03-19 00:00:00"
1648,Isabella,Stewart,customer874@example.com,+1-555-0874,F,"2023-01-09 00:00:00"
1649,Henry,Patterson,customer1875@example.com,+1-555-1875,M,"2025-04-05 00:00:00"
1650,Henry,Stewart,customer875@example.com,+1-555-0875,M,"2023-01-26 00:00:00"
1651,Emily,Patterson,customer1876@example.com,+1-555-1876,F,"2025-04-22 00:00:00"
1652,Emily,Stewart,customer876@example.com,+1-555-0876,F,"2023-02-12 00:00:00"
1653,Lucas,Patterson,customer1877@example.com,+1-555-1877,M,"2025-05-09 00:00:00"
1654,Lucas,Stewart,customer877@example.com,+1-555-0877,M,"2023-03-01 00:00:00"
1655,Ella,Patterson,customer1878@example.com,+1-555-1878,F,"2025-05-26 00:00:00"
1656,Ella,Stewart,customer878@example.com,+1-555-0878,F,"2023-03-18 00:00:00"
1657,Jack,Patterson,customer1879@example.com,+1-555-1879,M,"2025-06-12 00:00:00"
1658,Jack,Stewart,customer879@example.com,+1-555-0879,M,"2023-04-04 00:00:00"
1659,Grace,Patterson,customer1880@example.com,+1-555-1880,Other,"2025-06-29 00:00:00"
1660,Grace,Stewart,customer880@example.com,+1-555-0880,Other,"2023-04-21 00:00:00"
1661,James,Patterson,customer1861@example.com,+1-555-1861,M,"2024-08-10 00:00:00"
1662,James,Stewart,customer861@example.com,+1-555-0861,M,"2026-02-11 00:00:00"
1663,Emma,Patterson,customer1862@example.com,+1-555-1862,F,"2024-08-27 00:00:00"
1664,Emma,Stewart,customer862@example.com,+1-555-0862,F,"2026-02-28 00:00:00"
1665,Michael,Patterson,customer1863@example.com,+1-555-1863,M,"2024-09-13 00:00:00"
1666,Michael,Stewart,customer863@example.com,+1-555-0863,M,"2026-03-17 00:00:00"
1667,Olivia,Patterson,customer1864@example.com,+1-555-1864,F,"2024-09-30 00:00:00"
1668,Olivia,Stewart,customer864@example.com,+1-555-0864,F,"2026-04-03 00:00:00"
1669,Daniel,Patterson,customer1865@example.com,+1-555-1865,M,"2024-10-17 00:00:00"
1670,Daniel,Stewart,customer865@example.com,+1-555-0865,M,"2026-04-20 00:00:00"
1671,Sophia,Patterson,customer1866@example.com,+1-555-1866,F,"2024-11-03 00:00:00"
1672,Sophia,Stewart,customer866@example.com,+1-555-0866,F,"2026-05-07 00:00:00"
1673,Alexander,Patterson,customer1867@example.com,+1-555-1867,M,"2024-11-20 00:00:00"
1674,Alexander,Stewart,customer867@example.com,+1-555-0867,M,"2026-05-24 00:00:00"
1675,Mia,Patterson,customer1868@example.com,+1-555-1868,F,"2024-12-07 00:00:00"
1676,Mia,Stewart,customer868@example.com,+1-555-0868,F,"2026-06-10 00:00:00"
1677,William,Patterson,customer1869@example.com,+1-555-1869,M,"2024-12-24 00:00:00"
1678,William,Stewart,customer869@example.com,+1-555-0869,M,"2026-06-27 00:00:00"
1679,Charlotte,Patterson,customer1870@example.com,+1-555-1870,Other,"2025-01-10 00:00:00"
1680,Charlotte,Stewart,customer870@example.com,+1-555-0870,Other,"2026-07-14 00:00:00"
1681,Thomas,Simmons,customer1851@example.com,+1-555-1851,M,"2024-02-22 00:00:00"
1682,Thomas,Edwards,customer851@example.com,+1-555-0851,M,"2025-08-25 00:00:00"
1683,Amelia,Simmons,customer1852@example.com,+1-555-1852,F,"2024-03-10 00:00:00"
1684,Amelia,Edwards,customer852@example.com,+1-555-0852,F,"2025-09-11 00:00:00"
1685,Benjamin,Simmons,customer1853@example.com,+1-555-1853,M,"2024-03-27 00:00:00"
1686,Benjamin,Edwards,customer853@example.com,+1-555-0853,M,"2025-09-28 00:00:00"
1687,Isabella,Simmons,customer1854@example.com,+1-555-1854,F,"2024-04-13 00:00:00"
1688,Isabella,Edwards,customer854@example.com,+1-555-0854,F,"2025-10-15 00:00:00"
1689,Henry,Simmons,customer1855@example.com,+1-555-1855,M,"2024-04-30 00:00:00"
1690,Henry,Edwards,customer855@example.com,+1-555-0855,M,"2025-11-01 00:00:00"
1691,Emily,Simmons,customer1856@example.com,+1-555-1856,F,"2024-05-17 00:00:00"
1692,Emily,Edwards,customer856@example.com,+1-555-0856,F,"2025-11-18 00:00:00"
1693,Lucas,Simmons,customer1857@example.com,+1-555-1857,M,"2024-06-03 00:00:00"
1694,Lucas,Edwards,customer857@example.com,+1-555-0857,M,"2025-12-05 00:00:00"
1695,Ella,Simmons,customer1858@example.com,+1-555-1858,F,"2024-06-20 00:00:00"
1696,Ella,Edwards,customer858@example.com,+1-555-0858,F,"2025-12-22 00:00:00"
1697,Jack,Simmons,customer1859@example.com,+1-555-1859,M,"2024-07-07 00:00:00"
1698,Jack,Edwards,customer859@example.com,+1-555-0859,M,"2026-01-08 00:00:00"
1699,Grace,Simmons,customer1860@example.com,+1-555-1860,Other,"2024-07-24 00:00:00"
1700,Grace,Edwards,customer860@example.com,+1-555-0860,Other,"2026-01-25 00:00:00"
1701,James,Simmons,customer1841@example.com,+1-555-1841,M,"2023-09-05 00:00:00"
1702,James,Edwards,customer841@example.com,+1-555-0841,M,"2025-03-08 00:00:00"
1703,Emma,Simmons,customer1842@example.com,+1-555-1842,F,"2023-09-22 00:00:00"
1704,Emma,Edwards,customer842@example.com,+1-555-0842,F,"2025-03-25 00:00:00"
1705,Michael,Simmons,customer1843@example.com,+1-555-1843,M,"2023-10-09 00:00:00"
1706,Michael,Edwards,customer843@example.com,+1-555-0843,M,"2025-04-11 00:00:00"
1707,Olivia,Simmons,customer1844@example.com,+1-555-1844,F,"2023-10-26 00:00:00"
1708,Olivia,Edwards,customer844@example.com,+1-555-0844,F,"2025-04-28 00:00:00"
1709,Daniel,Simmons,customer1845@example.com,+1-555-1845,M,"2023-11-12 00:00:00"
1710,Daniel,Edwards,customer845@example.com,+1-555-0845,M,"2025-05-15 00:00:00"
1711,Sophia,Simmons,customer1846@example.com,+1-555-1846,F,"2023-11-29 00:00:00"
1712,Sophia,Edwards,customer846@example.com,+1-555-0846,F,"2025-06-01 00:00:00"
1713,Alexander,Simmons,customer1847@example.com,+1-555-1847,M,"2023-12-16 00:00:00"
1714,Alexander,Edwards,customer847@example.com,+1-555-0847,M,"2025-06-18 00:00:00"
1715,Mia,Simmons,customer1848@example.com,+1-555-1848,F,"2024-01-02 00:00:00"
1716,Mia,Edwards,customer848@example.com,+1-555-0848,F,"2025-07-05 00:00:00"
1717,William,Simmons,customer1849@example.com,+1-555-1849,M,"2024-01-19 00:00:00"
1718,William,Edwards,customer849@example.com,+1-555-0849,M,"2025-07-22 00:00:00"
1719,Charlotte,Simmons,customer1850@example.com,+1-555-1850,Other,"2024-02-05 00:00:00"
1720,Charlotte,Edwards,customer850@example.com,+1-555-0850,Other,"2025-08-08 00:00:00"
1721,Thomas,Coleman,customer1831@example.com,+1-555-1831,M,"2023-03-19 00:00:00"
1722,Thomas,Collins,customer831@example.com,+1-555-0831,M,"2024-09-19 00:00:00"
1723,Amelia,Coleman,customer1832@example.com,+1-555-1832,F,"2023-04-05 00:00:00"
1724,Amelia,Collins,customer832@example.com,+1-555-0832,F,"2024-10-06 00:00:00"
1725,Benjamin,Coleman,customer1833@example.com,+1-555-1833,M,"2023-04-22 00:00:00"
1726,Benjamin,Collins,customer833@example.com,+1-555-0833,M,"2024-10-23 00:00:00"
1727,Isabella,Coleman,customer1834@example.com,+1-555-1834,F,"2023-05-09 00:00:00"
1728,Isabella,Collins,customer834@example.com,+1-555-0834,F,"2024-11-09 00:00:00"
1729,Henry,Coleman,customer1835@example.com,+1-555-1835,M,"2023-05-26 00:00:00"
1730,Henry,Collins,customer835@example.com,+1-555-0835,M,"2024-11-26 00:00:00"
1731,Emily,Coleman,customer1836@example.com,+1-555-1836,F,"2023-06-12 00:00:00"
1732,Emily,Collins,customer836@example.com,+1-555-0836,F,"2024-12-13 00:00:00"
1733,Lucas,Coleman,customer1837@example.com,+1-555-1837,M,"2023-06-29 00:00:00"
1734,Lucas,Collins,customer837@example.com,+1-555-0837,M,"2024-12-30 00:00:00"
1735,Ella,Coleman,customer1838@example.com,+1-555-1838,F,"2023-07-16 00:00:00"
1736,Ella,Collins,customer838@example.com,+1-555-0838,F,"2025-01-16 00:00:00"
1737,Jack,Coleman,customer1839@example.com,+1-555-1839,M,"2023-08-02 00:00:00"
1738,Jack,Collins,customer839@example.com,+1-555-0839,M,"2025-02-02 00:00:00"
1739,Grace,Coleman,customer1840@example.com,+1-555-1840,Other,"2023-08-19 00:00:00"
1740,Grace,Collins,customer840@example.com,+1-555-0840,Other,"2025-02-19 00:00:00"
1741,James,Coleman,customer1821@example.com,+1-555-1821,M,"2026-06-11 00:00:00"
1742,James,Collins,customer821@example.com,+1-555-0821,M,"2024-04-02 00:00:00"
1743,Emma,Coleman,customer1822@example.com,+1-555-1822,F,"2026-06-28 00:00:00"
1744,Emma,Collins,customer822@example.com,+1-555-0822,F,"2024-04-19 00:00:00"
1745,Michael,Coleman,customer1823@example.com,+1-555-1823,M,"2026-07-15 00:00:00"
1746,Michael,Collins,customer823@example.com,+1-555-0823,M,"2024-05-06 00:00:00"
1747,Olivia,Coleman,customer1824@example.com,+1-555-1824,F,"2026-08-01 00:00:00"
1748,Olivia,Collins,customer824@example.com,+1-555-0824,F,"2024-05-23 00:00:00"
1749,Daniel,Coleman,customer1825@example.com,+1-555-1825,M,"2026-08-18 00:00:00"
1750,Daniel,Collins,customer825@example.com,+1-555-0825,M,"2024-06-09 00:00:00"
1751,Sophia,Coleman,customer1826@example.com,+1-555-1826,F,"2026-09-04 00:00:00"
1752,Sophia,Collins,customer826@example.com,+1-555-0826,F,"2024-06-26 00:00:00"
1753,Alexander,Coleman,customer1827@example.com,+1-555-1827,M,"2023-01-10 00:00:00"
1754,Alexander,Collins,customer827@example.com,+1-555-0827,M,"2024-07-13 00:00:00"
1755,Mia,Coleman,customer1828@example.com,+1-555-1828,F,"2023-01-27 00:00:00"
1756,Mia,Collins,customer828@example.com,+1-555-0828,F,"2024-07-30 00:00:00"
1757,William,Coleman,customer1829@example.com,+1-555-1829,M,"2023-02-13 00:00:00"
1758,William,Collins,customer829@example.com,+1-555-0829,M,"2024-08-16 00:00:00"
1759,Charlotte,Coleman,customer1830@example.com,+1-555-1830,Other,"2023-03-02 00:00:00"
1760,Charlotte,Collins,customer830@example.com,+1-555-0830,Other,"2024-09-02 00:00:00"
1761,Thomas,Henderson,customer1811@example.com,+1-555-1811,M,"2025-12-23 00:00:00"
1762,Thomas,Parker,customer811@example.com,+1-555-0811,M,"2023-10-15 00:00:00"
1763,Amelia,Henderson,customer1812@example.com,+1-555-1812,F,"2026-01-09 00:00:00"
1764,Amelia,Parker,customer812@example.com,+1-555-0812,F,"2023-11-01 00:00:00"
1765,Benjamin,Henderson,customer1813@example.com,+1-555-1813,M,"2026-01-26 00:00:00"
1766,Benjamin,Parker,customer813@example.com,+1-555-0813,M,"2023-11-18 00:00:00"
1767,Isabella,Henderson,customer1814@example.com,+1-555-1814,F,"2026-02-12 00:00:00"
1768,Isabella,Parker,customer814@example.com,+1-555-0814,F,"2023-12-05 00:00:00"
1769,Henry,Henderson,customer1815@example.com,+1-555-1815,M,"2026-03-01 00:00:00"
1770,Henry,Parker,customer815@example.com,+1-555-0815,M,"2023-12-22 00:00:00"
1771,Emily,Henderson,customer1816@example.com,+1-555-1816,F,"2026-03-18 00:00:00"
1772,Emily,Parker,customer816@example.com,+1-555-0816,F,"2024-01-08 00:00:00"
1773,Lucas,Henderson,customer1817@example.com,+1-555-1817,M,"2026-04-04 00:00:00"
1774,Lucas,Parker,customer817@example.com,+1-555-0817,M,"2024-01-25 00:00:00"
1775,Ella,Henderson,customer1818@example.com,+1-555-1818,F,"2026-04-21 00:00:00"
1776,Ella,Parker,customer818@example.com,+1-555-0818,F,"2024-02-11 00:00:00"
1777,Jack,Henderson,customer1819@example.com,+1-555-1819,M,"2026-05-08 00:00:00"
1778,Jack,Parker,customer819@example.com,+1-555-0819,M,"2024-02-28 00:00:00"
1779,Grace,Henderson,customer1820@example.com,+1-555-1820,Other,"2026-05-25 00:00:00"
1780,Grace,Parker,customer820@example.com,+1-555-0820,Other,"2024-03-16 00:00:00"
1781,James,Henderson,customer1801@example.com,+1-555-1801,M,"2025-07-06 00:00:00"
1782,James,Parker,customer801@example.com,+1-555-0801,M,"2023-04-28 00:00:00"
1783,Emma,Henderson,customer1802@example.com,+1-555-1802,F,"2025-07-23 00:00:00"
1784,Emma,Parker,customer802@example.com,+1-555-0802,F,"2023-05-15 00:00:00"
1785,Michael,Henderson,customer1803@example.com,+1-555-1803,M,"2025-08-09 00:00:00"
1786,Michael,Parker,customer803@example.com,+1-555-0803,M,"2023-06-01 00:00:00"
1787,Olivia,Henderson,customer1804@example.com,+1-555-1804,F,"2025-08-26 00:00:00"
1788,Olivia,Parker,customer804@example.com,+1-555-0804,F,"2023-06-18 00:00:00"
1789,Daniel,Henderson,customer1805@example.com,+1-555-1805,M,"2025-09-12 00:00:00"
1790,Daniel,Parker,customer805@example.com,+1-555-0805,M,"2023-07-05 00:00:00"
1791,Sophia,Henderson,customer1806@example.com,+1-555-1806,F,"2025-09-29 00:00:00"
1792,Sophia,Parker,customer806@example.com,+1-555-0806,F,"2023-07-22 00:00:00"
1793,Alexander,Henderson,customer1807@example.com,+1-555-1807,M,"2025-10-16 00:00:00"
1794,Alexander,Parker,customer807@example.com,+1-555-0807,M,"2023-08-08 00:00:00"
1795,Mia,Henderson,customer1808@example.com,+1-555-1808,F,"2025-11-02 00:00:00"
1796,Mia,Parker,customer808@example.com,+1-555-0808,F,"2023-08-25 00:00:00"
1797,William,Henderson,customer1809@example.com,+1-555-1809,M,"2025-11-19 00:00:00"
1798,William,Parker,customer809@example.com,+1-555-0809,M,"2023-09-11 00:00:00"
1799,Charlotte,Henderson,customer1810@example.com,+1-555-1810,Other,"2025-12-06 00:00:00"
1800,Charlotte,Parker,customer810@example.com,+1-555-0810,Other,"2023-09-28 00:00:00"
1801,Thomas,Gonzalez,customer1991@example.com,+1-555-1991,M,"2023-04-08 00:00:00"
1802,Thomas,Cook,customer991@example.com,+1-555-0991,M,"2024-10-09 00:00:00"
1803,Amelia,Gonzalez,customer1992@example.com,+1-555-1992,F,"2023-04-25 00:00:00"
1804,Amelia,Cook,customer992@example.com,+1-555-0992,F,"2024-10-26 00:00:00"
1805,Benjamin,Gonzalez,customer1993@example.com,+1-555-1993,M,"2023-05-12 00:00:00"
1806,Benjamin,Cook,customer993@example.com,+1-555-0993,M,"2024-11-12 00:00:00"
1807,Isabella,Gonzalez,customer1994@example.com,+1-555-1994,F,"2023-05-29 00:00:00"
1808,Isabella,Cook,customer994@example.com,+1-555-0994,F,"2024-11-29 00:00:00"
1809,Henry,Gonzalez,customer1995@example.com,+1-555-1995,M,"2023-06-15 00:00:00"
1810,Henry,Cook,customer995@example.com,+1-555-0995,M,"2024-12-16 00:00:00"
1811,Emily,Gonzalez,customer1996@example.com,+1-555-1996,F,"2023-07-02 00:00:00"
1812,Emily,Cook,customer996@example.com,+1-555-0996,F,"2025-01-02 00:00:00"
1813,Lucas,Gonzalez,customer1997@example.com,+1-555-1997,M,"2023-07-19 00:00:00"
1814,Lucas,Cook,customer997@example.com,+1-555-0997,M,"2025-01-19 00:00:00"
1815,Ella,Gonzalez,customer1998@example.com,+1-555-1998,F,"2023-08-05 00:00:00"
1816,Ella,Cook,customer998@example.com,+1-555-0998,F,"2025-02-05 00:00:00"
1817,Jack,Gonzalez,customer1999@example.com,+1-555-1999,M,"2023-08-22 00:00:00"
1818,Jack,Cook,customer999@example.com,+1-555-0999,M,"2025-02-22 00:00:00"
1819,Grace,Gonzalez,customer2000@example.com,+1-555-2000,Other,"2023-09-08 00:00:00"
1820,Grace,Cook,customer1000@example.com,+1-555-1000,Other,"2025-03-11 00:00:00"
1821,James,Gonzalez,customer1981@example.com,+1-555-1981,M,"2026-07-01 00:00:00"
1822,James,Cook,customer981@example.com,+1-555-0981,M,"2024-04-22 00:00:00"
1823,Emma,Gonzalez,customer1982@example.com,+1-555-1982,F,"2026-07-18 00:00:00"
1824,Emma,Cook,customer982@example.com,+1-555-0982,F,"2024-05-09 00:00:00"
1825,Michael,Gonzalez,customer1983@example.com,+1-555-1983,M,"2026-08-04 00:00:00"
1826,Michael,Cook,customer983@example.com,+1-555-0983,M,"2024-05-26 00:00:00"
1827,Olivia,Gonzalez,customer1984@example.com,+1-555-1984,F,"2026-08-21 00:00:00"
1828,Olivia,Cook,customer984@example.com,+1-555-0984,F,"2024-06-12 00:00:00"
1829,Daniel,Gonzalez,customer1985@example.com,+1-555-1985,M,"2026-09-07 00:00:00"
1830,Daniel,Cook,customer985@example.com,+1-555-0985,M,"2024-06-29 00:00:00"
1831,Sophia,Gonzalez,customer1986@example.com,+1-555-1986,F,"2023-01-13 00:00:00"
1832,Sophia,Cook,customer986@example.com,+1-555-0986,F,"2024-07-16 00:00:00"
1833,Alexander,Gonzalez,customer1987@example.com,+1-555-1987,M,"2023-01-30 00:00:00"
1834,Alexander,Cook,customer987@example.com,+1-555-0987,M,"2024-08-02 00:00:00"
1835,Mia,Gonzalez,customer1988@example.com,+1-555-1988,F,"2023-02-16 00:00:00"
1836,Mia,Cook,customer988@example.com,+1-555-0988,F,"2024-08-19 00:00:00"
1837,William,Gonzalez,customer1989@example.com,+1-555-1989,M,"2023-03-05 00:00:00"
1838,William,Cook,customer989@example.com,+1-555-0989,M,"2024-09-05 00:00:00"
1839,Charlotte,Gonzalez,customer1990@example.com,+1-555-1990,Other,"2023-03-22 00:00:00"
1840,Charlotte,Cook,customer990@example.com,+1-555-0990,Other,"2024-09-22 00:00:00"
1841,Thomas,Kim,customer1971@example.com,+1-555-1971,M,"2026-01-12 00:00:00"
1842,Thomas,Rivera,customer971@example.com,+1-555-0971,M,"2023-11-04 00:00:00"
1843,Amelia,Kim,customer1972@example.com,+1-555-1972,F,"2026-01-29 00:00:00"
1844,Amelia,Rivera,customer972@example.com,+1-555-0972,F,"2023-11-21 00:00:00"
1845,Benjamin,Kim,customer1973@example.com,+1-555-1973,M,"2026-02-15 00:00:00"
1846,Benjamin,Rivera,customer973@example.com,+1-555-0973,M,"2023-12-08 00:00:00"
1847,Isabella,Kim,customer1974@example.com,+1-555-1974,F,"2026-03-04 00:00:00"
1848,Isabella,Rivera,customer974@example.com,+1-555-0974,F,"2023-12-25 00:00:00"
1849,Henry,Kim,customer1975@example.com,+1-555-1975,M,"2026-03-21 00:00:00"
1850,Henry,Rivera,customer975@example.com,+1-555-0975,M,"2024-01-11 00:00:00"
1851,Emily,Kim,customer1976@example.com,+1-555-1976,F,"2026-04-07 00:00:00"
1852,Emily,Rivera,customer976@example.com,+1-555-0976,F,"2024-01-28 00:00:00"
1853,Lucas,Kim,customer1977@example.com,+1-555-1977,M,"2026-04-24 00:00:00"
1854,Lucas,Rivera,customer977@example.com,+1-555-0977,M,"2024-02-14 00:00:00"
1855,Ella,Kim,customer1978@example.com,+1-555-1978,F,"2026-05-11 00:00:00"
1856,Ella,Rivera,customer978@example.com,+1-555-0978,F,"2024-03-02 00:00:00"
1857,Jack,Kim,customer1979@example.com,+1-555-1979,M,"2026-05-28 00:00:00"
1858,Jack,Rivera,customer979@example.com,+1-555-0979,M,"2024-03-19 00:00:00"
1859,Grace,Kim,customer1980@example.com,+1-555-1980,Other,"2026-06-14 00:00:00"
1860,Grace,Rivera,customer980@example.com,+1-555-0980,Other,"2024-04-05 00:00:00"
1861,James,Kim,customer1961@example.com,+1-555-1961,M,"2025-07-26 00:00:00"
1862,James,Rivera,customer961@example.com,+1-555-0961,M,"2023-05-18 00:00:00"
1863,Emma,Kim,customer1962@example.com,+1-555-1962,F,"2025-08-12 00:00:00"
1864,Emma,Rivera,customer962@example.com,+1-555-0962,F,"2023-06-04 00:00:00"
1865,Michael,Kim,customer1963@example.com,+1-555-1963,M,"2025-08-29 00:00:00"
1866,Michael,Rivera,customer963@example.com,+1-555-0963,M,"2023-06-21 00:00:00"
1867,Olivia,Kim,customer1964@example.com,+1-555-1964,F,"2025-09-15 00:00:00"
1868,Olivia,Rivera,customer964@example.com,+1-555-0964,F,"2023-07-08 00:00:00"
1869,Daniel,Kim,customer1965@example.com,+1-555-1965,M,"2025-10-02 00:00:00"
1870,Daniel,Rivera,customer965@example.com,+1-555-0965,M,"2023-07-25 00:00:00"
1871,Sophia,Kim,customer1966@example.com,+1-555-1966,F,"2025-10-19 00:00:00"
1872,Sophia,Rivera,customer966@example.com,+1-555-0966,F,"2023-08-11 00:00:00"
1873,Alexander,Kim,customer1967@example.com,+1-555-1967,M,"2025-11-05 00:00:00"
1874,Alexander,Rivera,customer967@example.com,+1-555-0967,M,"2023-08-28 00:00:00"
1875,Mia,Kim,customer1968@example.com,+1-555-1968,F,"2025-11-22 00:00:00"
1876,Mia,Rivera,customer968@example.com,+1-555-0968,F,"2023-09-14 00:00:00"
1877,William,Kim,customer1969@example.com,+1-555-1969,M,"2025-12-09 00:00:00"
1878,William,Rivera,customer969@example.com,+1-555-0969,M,"2023-10-01 00:00:00"
1879,Charlotte,Kim,customer1970@example.com,+1-555-1970,Other,"2025-12-26 00:00:00"
1880,Charlotte,Rivera,customer970@example.com,+1-555-0970,Other,"2023-10-18 00:00:00"
1881,Thomas,Graham,customer1951@example.com,+1-555-1951,M,"2025-02-06 00:00:00"
1882,Thomas,Murphy,customer951@example.com,+1-555-0951,M,"2026-08-10 00:00:00"
1883,Amelia,Graham,customer1952@example.com,+1-555-1952,F,"2025-02-23 00:00:00"
1884,Amelia,Murphy,customer952@example.com,+1-555-0952,F,"2026-08-27 00:00:00"
1885,Benjamin,Graham,customer1953@example.com,+1-555-1953,M,"2025-03-12 00:00:00"
1886,Benjamin,Murphy,customer953@example.com,+1-555-0953,M,"2023-01-02 00:00:00"
1887,Isabella,Graham,customer1954@example.com,+1-555-1954,F,"2025-03-29 00:00:00"
1888,Isabella,Murphy,customer954@example.com,+1-555-0954,F,"2023-01-19 00:00:00"
1889,Henry,Graham,customer1955@example.com,+1-555-1955,M,"2025-04-15 00:00:00"
1890,Henry,Murphy,customer955@example.com,+1-555-0955,M,"2023-02-05 00:00:00"
1891,Emily,Graham,customer1956@example.com,+1-555-1956,F,"2025-05-02 00:00:00"
1892,Emily,Murphy,customer956@example.com,+1-555-0956,F,"2023-02-22 00:00:00"
1893,Lucas,Graham,customer1957@example.com,+1-555-1957,M,"2025-05-19 00:00:00"
1894,Lucas,Murphy,customer957@example.com,+1-555-0957,M,"2023-03-11 00:00:00"
1895,Ella,Graham,customer1958@example.com,+1-555-1958,F,"2025-06-05 00:00:00"
1896,Ella,Murphy,customer958@example.com,+1-555-0958,F,"2023-03-28 00:00:00"
1897,Jack,Graham,customer1959@example.com,+1-555-1959,M,"2025-06-22 00:00:00"
1898,Jack,Murphy,customer959@example.com,+1-555-0959,M,"2023-04-14 00:00:00"
1899,Grace,Graham,customer1960@example.com,+1-555-1960,Other,"2025-07-09 00:00:00"
1900,Grace,Murphy,customer960@example.com,+1-555-0960,Other,"2023-05-01 00:00:00"
1901,James,Graham,customer1941@example.com,+1-555-1941,M,"2024-08-20 00:00:00"
1902,James,Murphy,customer941@example.com,+1-555-0941,M,"2026-02-21 00:00:00"
1903,Emma,Graham,customer1942@example.com,+1-555-1942,F,"2024-09-06 00:00:00"
1904,Emma,Murphy,customer942@example.com,+1-555-0942,F,"2026-03-10 00:00:00"
1905,Michael,Graham,customer1943@example.com,+1-555-1943,M,"2024-09-23 00:00:00"
1906,Michael,Murphy,customer943@example.com,+1-555-0943,M,"2026-03-27 00:00:00"
1907,Olivia,Graham,customer1944@example.com,+1-555-1944,F,"2024-10-10 00:00:00"
1908,Olivia,Murphy,customer944@example.com,+1-555-0944,F,"2026-04-13 00:00:00"
1909,Daniel,Graham,customer1945@example.com,+1-555-1945,M,"2024-10-27 00:00:00"
1910,Daniel,Murphy,customer945@example.com,+1-555-0945,M,"2026-04-30 00:00:00"
1911,Sophia,Graham,customer1946@example.com,+1-555-1946,F,"2024-11-13 00:00:00"
1912,Sophia,Murphy,customer946@example.com,+1-555-0946,F,"2026-05-17 00:00:00"
1913,Alexander,Graham,customer1947@example.com,+1-555-1947,M,"2024-11-30 00:00:00"
1914,Alexander,Murphy,customer947@example.com,+1-555-0947,M,"2026-06-03 00:00:00"
1915,Mia,Graham,customer1948@example.com,+1-555-1948,F,"2024-12-17 00:00:00"
1916,Mia,Murphy,customer948@example.com,+1-555-0948,F,"2026-06-20 00:00:00"
1917,William,Graham,customer1949@example.com,+1-555-1949,M,"2025-01-03 00:00:00"
1918,William,Murphy,customer949@example.com,+1-555-0949,M,"2026-07-07 00:00:00"
1919,Charlotte,Graham,customer1950@example.com,+1-555-1950,Other,"2025-01-20 00:00:00"
1920,Charlotte,Murphy,customer950@example.com,+1-555-0950,Other,"2026-07-24 00:00:00"
1921,Thomas,Hamilton,customer1931@example.com,+1-555-1931,M,"2024-03-03 00:00:00"
1922,Thomas,Nguyen,customer931@example.com,+1-555-0931,M,"2025-09-04 00:00:00"
1923,Amelia,Hamilton,customer1932@example.com,+1-555-1932,F,"2024-03-20 00:00:00"
1924,Amelia,Nguyen,customer932@example.com,+1-555-0932,F,"2025-09-21 00:00:00"
1925,Benjamin,Hamilton,customer1933@example.com,+1-555-1933,M,"2024-04-06 00:00:00"
1926,Benjamin,Nguyen,customer933@example.com,+1-555-0933,M,"2025-10-08 00:00:00"
1927,Isabella,Hamilton,customer1934@example.com,+1-555-1934,F,"2024-04-23 00:00:00"
1928,Isabella,Nguyen,customer934@example.com,+1-555-0934,F,"2025-10-25 00:00:00"
1929,Henry,Hamilton,customer1935@example.com,+1-555-1935,M,"2024-05-10 00:00:00"
1930,Henry,Nguyen,customer935@example.com,+1-555-0935,M,"2025-11-11 00:00:00"
1931,Emily,Hamilton,customer1936@example.com,+1-555-1936,F,"2024-05-27 00:00:00"
1932,Emily,Nguyen,customer936@example.com,+1-555-0936,F,"2025-11-28 00:00:00"
1933,Lucas,Hamilton,customer1937@example.com,+1-555-1937,M,"2024-06-13 00:00:00"
1934,Lucas,Nguyen,customer937@example.com,+1-555-0937,M,"2025-12-15 00:00:00"
1935,Ella,Hamilton,customer1938@example.com,+1-555-1938,F,"2024-06-30 00:00:00"
1936,Ella,Nguyen,customer938@example.com,+1-555-0938,F,"2026-01-01 00:00:00"
1937,Jack,Hamilton,customer1939@example.com,+1-555-1939,M,"2024-07-17 00:00:00"
1938,Jack,Nguyen,customer939@example.com,+1-555-0939,M,"2026-01-18 00:00:00"
1939,Grace,Hamilton,customer1940@example.com,+1-555-1940,Other,"2024-08-03 00:00:00"
1940,Grace,Nguyen,customer940@example.com,+1-555-0940,Other,"2026-02-04 00:00:00"
1941,James,Hamilton,customer1921@example.com,+1-555-1921,M,"2023-09-15 00:00:00"
1942,James,Nguyen,customer921@example.com,+1-555-0921,M,"2025-03-18 00:00:00"
1943,Emma,Hamilton,customer1922@example.com,+1-555-1922,F,"2023-10-02 00:00:00"
1944,Emma,Nguyen,customer922@example.com,+1-555-0922,F,"2025-04-04 00:00:00"
1945,Michael,Hamilton,customer1923@example.com,+1-555-1923,M,"2023-10-19 00:00:00"
1946,Michael,Nguyen,customer923@example.com,+1-555-0923,M,"2025-04-21 00:00:00"
1947,Olivia,Hamilton,customer1924@example.com,+1-555-1924,F,"2023-11-05 00:00:00"
1948,Olivia,Nguyen,customer924@example.com,+1-555-0924,F,"2025-05-08 00:00:00"
1949,Daniel,Hamilton,customer1925@example.com,+1-555-1925,M,"2023-11-22 00:00:00"
1950,Daniel,Nguyen,customer925@example.com,+1-555-0925,M,"2025-05-25 00:00:00"
1951,Sophia,Hamilton,customer1926@example.com,+1-555-1926,F,"2023-12-09 00:00:00"
1952,Sophia,Nguyen,customer926@example.com,+1-555-0926,F,"2025-06-11 00:00:00"
1953,Alexander,Hamilton,customer1927@example.com,+1-555-1927,M,"2023-12-26 00:00:00"
1954,Alexander,Nguyen,customer927@example.com,+1-555-0927,M,"2025-06-28 00:00:00"
1955,Mia,Hamilton,customer1928@example.com,+1-555-1928,F,"2024-01-12 00:00:00"
1956,Mia,Nguyen,customer928@example.com,+1-555-0928,F,"2025-07-15 00:00:00"
1957,William,Hamilton,customer1929@example.com,+1-555-1929,M,"2024-01-29 00:00:00"
1958,William,Nguyen,customer929@example.com,+1-555-0929,M,"2025-08-01 00:00:00"
1959,Charlotte,Hamilton,customer1930@example.com,+1-555-1930,Other,"2024-02-15 00:00:00"
1960,Charlotte,Nguyen,customer930@example.com,+1-555-0930,Other,"2025-08-18 00:00:00"
1961,Thomas,Reynolds,customer1911@example.com,+1-555-1911,M,"2023-03-29 00:00:00"
1962,Thomas,Morris,customer911@example.com,+1-555-0911,M,"2024-09-29 00:00:00"
1963,Amelia,Reynolds,customer1912@example.com,+1-555-1912,F,"2023-04-15 00:00:00"
1964,Amelia,Morris,customer912@example.com,+1-555-0912,F,"2024-10-16 00:00:00"
1965,Benjamin,Reynolds,customer1913@example.com,+1-555-1913,M,"2023-05-02 00:00:00"
1966,Benjamin,Morris,customer913@example.com,+1-555-0913,M,"2024-11-02 00:00:00"
1967,Isabella,Reynolds,customer1914@example.com,+1-555-1914,F,"2023-05-19 00:00:00"
1968,Isabella,Morris,customer914@example.com,+1-555-0914,F,"2024-11-19 00:00:00"
1969,Henry,Reynolds,customer1915@example.com,+1-555-1915,M,"2023-06-05 00:00:00"
1970,Henry,Morris,customer915@example.com,+1-555-0915,M,"2024-12-06 00:00:00"
1971,Emily,Reynolds,customer1916@example.com,+1-555-1916,F,"2023-06-22 00:00:00"
1972,Emily,Morris,customer916@example.com,+1-555-0916,F,"2024-12-23 00:00:00"
1973,Lucas,Reynolds,customer1917@example.com,+1-555-1917,M,"2023-07-09 00:00:00"
1974,Lucas,Morris,customer917@example.com,+1-555-0917,M,"2025-01-09 00:00:00"
1975,Ella,Reynolds,customer1918@example.com,+1-555-1918,F,"2023-07-26 00:00:00"
1976,Ella,Morris,customer918@example.com,+1-555-0918,F,"2025-01-26 00:00:00"
1977,Jack,Reynolds,customer1919@example.com,+1-555-1919,M,"2023-08-12 00:00:00"
1978,Jack,Morris,customer919@example.com,+1-555-0919,M,"2025-02-12 00:00:00"
1979,Grace,Reynolds,customer1920@example.com,+1-555-1920,Other,"2023-08-29 00:00:00"
1980,Grace,Morris,customer920@example.com,+1-555-0920,Other,"2025-03-01 00:00:00"
1981,James,Reynolds,customer1901@example.com,+1-555-1901,M,"2026-06-21 00:00:00"
1982,James,Morris,customer901@example.com,+1-555-0901,M,"2024-04-12 00:00:00"
1983,Emma,Reynolds,customer1902@example.com,+1-555-1902,F,"2026-07-08 00:00:00"
1984,Emma,Morris,customer902@example.com,+1-555-0902,F,"2024-04-29 00:00:00"
1985,Michael,Reynolds,customer1903@example.com,+1-555-1903,M,"2026-07-25 00:00:00"
1986,Michael,Morris,customer903@example.com,+1-555-0903,M,"2024-05-16 00:00:00"
1987,Olivia,Reynolds,customer1904@example.com,+1-555-1904,F,"2026-08-11 00:00:00"
1988,Olivia,Morris,customer904@example.com,+1-555-0904,F,"2024-06-02 00:00:00"
1989,Daniel,Reynolds,customer1905@example.com,+1-555-1905,M,"2026-08-28 00:00:00"
1990,Daniel,Morris,customer905@example.com,+1-555-0905,M,"2024-06-19 00:00:00"
1991,Sophia,Reynolds,customer1906@example.com,+1-555-1906,F,"2023-01-03 00:00:00"
1992,Sophia,Morris,customer906@example.com,+1-555-0906,F,"2024-07-06 00:00:00"
1993,Alexander,Reynolds,customer1907@example.com,+1-555-1907,M,"2023-01-20 00:00:00"
1994,Alexander,Morris,customer907@example.com,+1-555-0907,M,"2024-07-23 00:00:00"
1995,Mia,Reynolds,customer1908@example.com,+1-555-1908,F,"2023-02-06 00:00:00"
1996,Mia,Morris,customer908@example.com,+1-555-0908,F,"2024-08-09 00:00:00"
1997,William,Reynolds,customer1909@example.com,+1-555-1909,M,"2023-02-23 00:00:00"
1998,William,Morris,customer909@example.com,+1-555-0909,M,"2024-08-26 00:00:00"
1999,Charlotte,Reynolds,customer1910@example.com,+1-555-1910,Other,"2023-03-12 00:00:00"
2000,Charlotte,Morris,customer910@example.com,+1-555-0910,Other,"2024-09-12 00:00:00"
