"order_id","customer_id","order_date","status"
4096,1368,"2025-12-14 12:00:00",Delivered
4097,368,"2025-08-06 12:00:00",Delivered
4098,1368,"2025-03-29 12:00:00",Delivered
4099,368,"2024-11-19 12:00:00",Delivered
4100,1368,"2024-07-12 12:00:00",Delivered
4101,1405,"2025-12-27 12:00:00",Confirmed
4102,405,"2025-08-19 12:00:00",Delivered
4103,1405,"2025-04-11 12:00:00",Delivered
4104,405,"2024-12-02 12:00:00",Confirmed
4105,1405,"2024-07-25 12:00:00",Delivered
4106,1442,"2026-01-09 12:00:00",Delivered
4107,442,"2025-09-01 12:00:00",Delivered
4108,1442,"2025-04-24 12:00:00",Delivered
4109,442,"2024-12-15 12:00:00",Delivered
4110,1442,"2024-08-07 12:00:00",Delivered
4111,1479,"2026-01-22 12:00:00",Delivered
4112,479,"2025-09-14 12:00:00",Delivered
4113,1479,"2025-05-07 12:00:00",Delivered
4114,479,"2024-12-28 12:00:00",Delivered
4115,1479,"2024-08-20 12:00:00",Delivered
4116,1516,"2026-02-04 12:00:00",Shipped
4117,516,"2025-09-27 12:00:00",Shipped
4118,1516,"2025-05-20 12:00:00",Shipped
4119,516,"2025-01-10 12:00:00",Shipped
4120,1516,"2024-09-02 12:00:00",Shipped
4121,1553,"2026-02-17 12:00:00",Delivered
4122,553,"2025-10-10 12:00:00",Pending
4123,1553,"2025-06-02 12:00:00",Delivered
4124,553,"2025-01-23 12:00:00",Delivered
4125,1553,"2024-09-15 12:00:00",Confirmed
4126,1590,"2026-03-02 12:00:00",Delivered
4127,590,"2025-10-23 12:00:00",Delivered
4128,1590,"2025-06-15 12:00:00",Delivered
4129,590,"2025-02-05 12:00:00",Delivered
4130,1590,"2024-09-28 12:00:00",Delivered
4131,1627,"2026-03-15 12:00:00",Delivered
4132,627,"2025-11-05 12:00:00",Delivered
4133,1627,"2025-06-28 12:00:00",Delivered
4134,627,"2025-02-18 12:00:00",Pending
4135,1627,"2024-10-11 12:00:00",Delivered
4136,1664,"2026-03-28 12:00:00",Delivered
4137,664,"2025-11-18 12:00:00",Delivered
4138,1664,"2025-07-11 12:00:00",Delivered
4139,664,"2025-03-03 12:00:00",Delivered
4140,1664,"2024-10-24 12:00:00",Delivered
4141,1701,"2026-04-10 12:00:00",Cancelled
4142,701,"2025-12-01 12:00:00",Cancelled
4143,1701,"2025-07-24 12:00:00",Cancelled
4144,701,"2025-03-16 12:00:00",Cancelled
4145,1701,"2024-11-06 12:00:00",Cancelled
4146,998,"2025-08-06 12:00:00",Delivered
4147,1998,"2025-03-29 12:00:00",Delivered
4148,998,"2024-11-19 12:00:00",Delivered
4149,1998,"2024-07-12 12:00:00",Delivered
4150,998,"2024-03-04 12:00:00",Delivered
4151,1035,"2025-08-19 12:00:00",Delivered
4152,35,"2025-04-11 12:00:00",Delivered
4153,1035,"2024-12-02 12:00:00",Delivered
4154,35,"2024-07-25 12:00:00",Delivered
4155,1035,"2024-03-17 12:00:00",Delivered
4156,1072,"2025-09-01 12:00:00",Delivered
4157,72,"2025-04-24 12:00:00",Delivered
4158,1072,"2024-12-15 12:00:00",Delivered
4159,72,"2024-08-07 12:00:00",Delivered
4160,1072,"2024-03-30 12:00:00",Delivered
4161,1109,"2025-09-14 12:00:00",Delivered
4162,109,"2025-05-07 12:00:00",Confirmed
4163,1109,"2024-12-28 12:00:00",Delivered
4164,109,"2024-08-20 12:00:00",Delivered
4165,1109,"2024-04-12 12:00:00",Confirmed
4166,1146,"2025-09-27 12:00:00",Shipped
4167,146,"2025-05-20 12:00:00",Shipped
4168,1146,"2025-01-10 12:00:00",Shipped
4169,146,"2024-09-02 12:00:00",Shipped
4170,1146,"2024-04-25 12:00:00",Shipped
4171,1183,"2025-10-10 12:00:00",Pending
4172,183,"2025-06-02 12:00:00",Delivered
4173,1183,"2025-01-23 12:00:00",Delivered
4174,183,"2024-09-15 12:00:00",Delivered
4175,1183,"2024-05-08 12:00:00",Delivered
4176,1220,"2025-10-23 12:00:00",Delivered
4177,220,"2025-06-15 12:00:00",Delivered
4178,1220,"2025-02-05 12:00:00",Delivered
4179,220,"2024-09-28 12:00:00",Delivered
4180,1220,"2024-05-21 12:00:00",Delivered
4181,1257,"2025-11-05 12:00:00",Delivered
4182,257,"2025-06-28 12:00:00",Delivered
4183,1257,"2025-02-18 12:00:00",Pending
4184,257,"2024-10-11 12:00:00",Delivered
4185,1257,"2024-06-03 12:00:00",Delivered
4186,1294,"2025-11-18 12:00:00",Delivered
4187,294,"2025-07-11 12:00:00",Delivered
4188,1294,"2025-03-03 12:00:00",Delivered
4189,294,"2024-10-24 12:00:00",Delivered
4190,1294,"2024-06-16 12:00:00",Delivered
4191,1331,"2025-12-01 12:00:00",Shipped
4192,331,"2025-07-24 12:00:00",Shipped
4193,1331,"2025-03-16 12:00:00",Shipped
4194,331,"2024-11-06 12:00:00",Shipped
4195,1331,"2024-06-29 12:00:00",Pending
4196,628,"2025-03-29 12:00:00",Delivered
4197,1628,"2024-11-19 12:00:00",Delivered
4198,628,"2024-07-12 12:00:00",Delivered
4199,1628,"2024-03-04 12:00:00",Delivered
4200,628,"2026-07-12 12:00:00",Delivered
4201,665,"2025-04-11 12:00:00",Delivered
4202,1665,"2024-12-02 12:00:00",Confirmed
4203,665,"2024-07-25 12:00:00",Delivered
4204,1665,"2024-03-17 12:00:00",Delivered
4205,665,"2026-07-25 12:00:00",Pending
4206,702,"2025-04-24 12:00:00",Delivered
4207,1702,"2024-12-15 12:00:00",Delivered
4208,702,"2024-08-07 12:00:00",Delivered
4209,1702,"2024-03-30 12:00:00",Delivered
4210,702,"2026-08-07 12:00:00",Delivered
4211,739,"2025-05-07 12:00:00",Delivered
4212,1739,"2024-12-28 12:00:00",Delivered
4213,739,"2024-08-20 12:00:00",Delivered
4214,1739,"2024-04-12 12:00:00",Delivered
4215,739,"2026-08-20 12:00:00",Delivered
4216,776,"2025-05-20 12:00:00",Shipped
4217,1776,"2025-01-10 12:00:00",Shipped
4218,776,"2024-09-02 12:00:00",Shipped
4219,1776,"2024-04-25 12:00:00",Shipped
4220,776,"2026-09-02 12:00:00",Shipped
4221,813,"2025-06-02 12:00:00",Delivered
4222,1813,"2025-01-23 12:00:00",Delivered
4223,813,"2024-09-15 12:00:00",Confirmed
4224,1813,"2024-05-08 12:00:00",Delivered
4225,813,"2026-09-15 12:00:00",Delivered
4226,850,"2025-06-15 12:00:00",Delivered
4227,1850,"2025-02-05 12:00:00",Delivered
4228,850,"2024-09-28 12:00:00",Delivered
4229,1850,"2024-05-21 12:00:00",Delivered
4230,850,"2024-01-12 12:00:00",Delivered
4231,887,"2025-06-28 12:00:00",Delivered
4232,1887,"2025-02-18 12:00:00",Pending
4233,887,"2024-10-11 12:00:00",Delivered
4234,1887,"2024-06-03 12:00:00",Delivered
4235,887,"2024-01-25 12:00:00",Delivered
4236,924,"2025-07-11 12:00:00",Delivered
4237,1924,"2025-03-03 12:00:00",Delivered
4238,924,"2024-10-24 12:00:00",Delivered
4239,1924,"2024-06-16 12:00:00",Delivered
4240,924,"2024-02-07 12:00:00",Delivered
4241,961,"2025-07-24 12:00:00",Cancelled
4242,1961,"2025-03-16 12:00:00",Cancelled
4243,961,"2024-11-06 12:00:00",Cancelled
4244,1961,"2024-06-29 12:00:00",Cancelled
4245,961,"2024-02-20 12:00:00",Cancelled
4246,258,"2024-11-19 12:00:00",Delivered
4247,1258,"2024-07-12 12:00:00",Delivered
4248,258,"2024-03-04 12:00:00",Delivered
4249,1258,"2026-07-12 12:00:00",Delivered
4250,258,"2026-03-04 12:00:00",Delivered
4251,295,"2024-12-02 12:00:00",Delivered
4252,1295,"2024-07-25 12:00:00",Delivered
4253,295,"2024-03-17 12:00:00",Delivered
4254,1295,"2026-07-25 12:00:00",Pending
4255,295,"2026-03-17 12:00:00",Delivered
4256,332,"2024-12-15 12:00:00",Delivered
4257,1332,"2024-08-07 12:00:00",Delivered
4258,332,"2024-03-30 12:00:00",Delivered
4259,1332,"2026-08-07 12:00:00",Delivered
4260,332,"2026-03-30 12:00:00",Delivered
4261,369,"2024-12-28 12:00:00",Delivered
4262,1369,"2024-08-20 12:00:00",Delivered
4263,369,"2024-04-12 12:00:00",Confirmed
4264,1369,"2026-08-20 12:00:00",Delivered
4265,369,"2026-04-12 12:00:00",Delivered
4266,406,"2025-01-10 12:00:00",Shipped
4267,1406,"2024-09-02 12:00:00",Shipped
4268,406,"2024-04-25 12:00:00",Shipped
4269,1406,"2026-09-02 12:00:00",Shipped
4270,406,"2026-04-25 12:00:00",Shipped
4271,443,"2025-01-23 12:00:00",Delivered
4272,1443,"2024-09-15 12:00:00",Delivered
4273,443,"2024-05-08 12:00:00",Delivered
4274,1443,"2026-09-15 12:00:00",Delivered
4275,443,"2026-05-08 12:00:00",Delivered
4276,480,"2025-02-05 12:00:00",Delivered
4277,1480,"2024-09-28 12:00:00",Delivered
4278,480,"2024-05-21 12:00:00",Delivered
4279,1480,"2024-01-12 12:00:00",Delivered
4280,480,"2026-05-21 12:00:00",Delivered
4281,517,"2025-02-18 12:00:00",Pending
4282,1517,"2024-10-11 12:00:00",Delivered
4283,517,"2024-06-03 12:00:00",Delivered
4284,1517,"2024-01-25 12:00:00",Confirmed
4285,517,"2026-06-03 12:00:00",Delivered
4286,554,"2025-03-03 12:00:00",Delivered
4287,1554,"2024-10-24 12:00:00",Delivered
4288,554,"2024-06-16 12:00:00",Delivered
4289,1554,"2024-02-07 12:00:00",Delivered
4290,554,"2026-06-16 12:00:00",Delivered
4291,591,"2025-03-16 12:00:00",Shipped
4292,1591,"2024-11-06 12:00:00",Shipped
4293,591,"2024-06-29 12:00:00",Pending
4294,1591,"2024-02-20 12:00:00",Shipped
4295,591,"2026-06-29 12:00:00",Shipped
4296,1888,"2024-07-12 12:00:00",Delivered
4297,888,"2024-03-04 12:00:00",Delivered
4298,1888,"2026-07-12 12:00:00",Delivered
4299,888,"2026-03-04 12:00:00",Delivered
4300,1888,"2025-10-25 12:00:00",Delivered
4301,1925,"2024-07-25 12:00:00",Delivered
4302,925,"2024-03-17 12:00:00",Delivered
4303,1925,"2026-07-25 12:00:00",Pending
4304,925,"2026-03-17 12:00:00",Delivered
4305,1925,"2025-11-07 12:00:00",Delivered
4306,1962,"2024-08-07 12:00:00",Delivered
4307,962,"2024-03-30 12:00:00",Delivered
4308,1962,"2026-08-07 12:00:00",Delivered
4309,962,"2026-03-30 12:00:00",Delivered
4310,1962,"2025-11-20 12:00:00",Delivered
4311,1999,"2024-08-20 12:00:00",Delivered
4312,999,"2024-04-12 12:00:00",Delivered
4313,1999,"2026-08-20 12:00:00",Delivered
4314,999,"2026-04-12 12:00:00",Delivered
4315,1999,"2025-12-03 12:00:00",Pending
4316,36,"2024-09-02 12:00:00",Shipped
4317,1036,"2024-04-25 12:00:00",Shipped
4318,36,"2026-09-02 12:00:00",Shipped
4319,1036,"2026-04-25 12:00:00",Shipped
4320,36,"2025-12-16 12:00:00",Shipped
4321,73,"2024-09-15 12:00:00",Confirmed
4322,1073,"2024-05-08 12:00:00",Delivered
4323,73,"2026-09-15 12:00:00",Delivered
4324,1073,"2026-05-08 12:00:00",Confirmed
4325,73,"2025-12-29 12:00:00",Delivered
4326,110,"2024-09-28 12:00:00",Delivered
4327,1110,"2024-05-21 12:00:00",Delivered
4328,110,"2024-01-12 12:00:00",Delivered
4329,1110,"2026-05-21 12:00:00",Delivered
4330,110,"2026-01-11 12:00:00",Delivered
4331,147,"2024-10-11 12:00:00",Delivered
4332,1147,"2024-06-03 12:00:00",Delivered
4333,147,"2024-01-25 12:00:00",Delivered
4334,1147,"2026-06-03 12:00:00",Delivered
4335,147,"2026-01-24 12:00:00",Delivered
4336,184,"2024-10-24 12:00:00",Delivered
4337,1184,"2024-06-16 12:00:00",Delivered
4338,184,"2024-02-07 12:00:00",Delivered
4339,1184,"2026-06-16 12:00:00",Delivered
4340,184,"2026-02-06 12:00:00",Delivered
4341,221,"2024-11-06 12:00:00",Cancelled
4342,1221,"2024-06-29 12:00:00",Cancelled
4343,221,"2024-02-20 12:00:00",Cancelled
4344,1221,"2026-06-29 12:00:00",Cancelled
4345,221,"2026-02-19 12:00:00",Cancelled
4346,1518,"2024-03-04 12:00:00",Delivered
4347,518,"2026-07-12 12:00:00",Delivered
4348,1518,"2026-03-04 12:00:00",Delivered
4349,518,"2025-10-25 12:00:00",Delivered
4350,1518,"2025-06-17 12:00:00",Delivered
4351,1555,"2024-03-17 12:00:00",Delivered
4352,555,"2026-07-25 12:00:00",Pending
4353,1555,"2026-03-17 12:00:00",Delivered
4354,555,"2025-11-07 12:00:00",Delivered
4355,1555,"2025-06-30 12:00:00",Delivered
4356,1592,"2024-03-30 12:00:00",Delivered
4357,592,"2026-08-07 12:00:00",Delivered
4358,1592,"2026-03-30 12:00:00",Delivered
4359,592,"2025-11-20 12:00:00",Delivered
4360,1592,"2025-07-13 12:00:00",Delivered
4361,1629,"2024-04-12 12:00:00",Confirmed
4362,629,"2026-08-20 12:00:00",Delivered
4363,1629,"2026-04-12 12:00:00",Delivered
4364,629,"2025-12-03 12:00:00",Pending
4365,1629,"2025-07-26 12:00:00",Delivered
4366,1666,"2024-04-25 12:00:00",Shipped
4367,666,"2026-09-02 12:00:00",Shipped
4368,1666,"2026-04-25 12:00:00",Shipped
4369,666,"2025-12-16 12:00:00",Shipped
4370,1666,"2025-08-08 12:00:00",Shipped
4371,1703,"2024-05-08 12:00:00",Delivered
4372,703,"2026-09-15 12:00:00",Delivered
4373,1703,"2026-05-08 12:00:00",Delivered
4374,703,"2025-12-29 12:00:00",Delivered
4375,1703,"2025-08-21 12:00:00",Delivered
4376,1740,"2024-05-21 12:00:00",Delivered
4377,740,"2024-01-12 12:00:00",Delivered
4378,1740,"2026-05-21 12:00:00",Delivered
4379,740,"2026-01-11 12:00:00",Delivered
4380,1740,"2025-09-03 12:00:00",Delivered
4381,1777,"2024-06-03 12:00:00",Delivered
4382,777,"2024-01-25 12:00:00",Confirmed
4383,1777,"2026-06-03 12:00:00",Delivered
4384,777,"2026-01-24 12:00:00",Delivered
4385,1777,"2025-09-16 12:00:00",Confirmed
4386,1814,"2024-06-16 12:00:00",Delivered
4387,814,"2024-02-07 12:00:00",Delivered
4388,1814,"2026-06-16 12:00:00",Delivered
4389,814,"2026-02-06 12:00:00",Delivered
4390,1814,"2025-09-29 12:00:00",Delivered
4391,1851,"2024-06-29 12:00:00",Pending
4392,851,"2024-02-20 12:00:00",Shipped
4393,1851,"2026-06-29 12:00:00",Shipped
4394,851,"2026-02-19 12:00:00",Shipped
4395,1851,"2025-10-12 12:00:00",Shipped
4396,1148,"2026-07-12 12:00:00",Delivered
4397,148,"2026-03-04 12:00:00",Delivered
4398,1148,"2025-10-25 12:00:00",Delivered
4399,148,"2025-06-17 12:00:00",Delivered
4400,1148,"2025-02-07 12:00:00",Delivered
4401,1185,"2026-07-25 12:00:00",Pending
4402,185,"2026-03-17 12:00:00",Delivered
4403,1185,"2025-11-07 12:00:00",Delivered
4404,185,"2025-06-30 12:00:00",Confirmed
4405,1185,"2025-02-20 12:00:00",Delivered
4406,1222,"2026-08-07 12:00:00",Delivered
4407,222,"2026-03-30 12:00:00",Delivered
4408,1222,"2025-11-20 12:00:00",Delivered
4409,222,"2025-07-13 12:00:00",Delivered
4410,1222,"2025-03-05 12:00:00",Delivered
4411,1259,"2026-08-20 12:00:00",Delivered
4412,259,"2026-04-12 12:00:00",Delivered
4413,1259,"2025-12-03 12:00:00",Pending
4414,259,"2025-07-26 12:00:00",Delivered
4415,1259,"2025-03-18 12:00:00",Delivered
4416,1296,"2026-09-02 12:00:00",Shipped
4417,296,"2026-04-25 12:00:00",Shipped
4418,1296,"2025-12-16 12:00:00",Shipped
4419,296,"2025-08-08 12:00:00",Shipped
4420,1296,"2025-03-31 12:00:00",Shipped
4421,1333,"2026-09-15 12:00:00",Delivered
4422,333,"2026-05-08 12:00:00",Confirmed
4423,1333,"2025-12-29 12:00:00",Delivered
4424,333,"2025-08-21 12:00:00",Delivered
4425,1333,"2025-04-13 12:00:00",Pending
4426,1370,"2024-01-12 12:00:00",Delivered
4427,370,"2026-05-21 12:00:00",Delivered
4428,1370,"2026-01-11 12:00:00",Delivered
4429,370,"2025-09-03 12:00:00",Delivered
4430,1370,"2025-04-26 12:00:00",Delivered
4431,1407,"2024-01-25 12:00:00",Delivered
4432,407,"2026-06-03 12:00:00",Delivered
4433,1407,"2026-01-24 12:00:00",Delivered
4434,407,"2025-09-16 12:00:00",Delivered
4435,1407,"2025-05-09 12:00:00",Delivered
4436,1444,"2024-02-07 12:00:00",Delivered
4437,444,"2026-06-16 12:00:00",Delivered
4438,1444,"2026-02-06 12:00:00",Delivered
4439,444,"2025-09-29 12:00:00",Delivered
4440,1444,"2025-05-22 12:00:00",Delivered
4441,1481,"2024-02-20 12:00:00",Cancelled
4442,481,"2026-06-29 12:00:00",Cancelled
4443,1481,"2026-02-19 12:00:00",Cancelled
4444,481,"2025-10-12 12:00:00",Cancelled
4445,1481,"2025-06-04 12:00:00",Cancelled
4446,778,"2026-03-04 12:00:00",Delivered
4447,1778,"2025-10-25 12:00:00",Delivered
4448,778,"2025-06-17 12:00:00",Delivered
4449,1778,"2025-02-07 12:00:00",Delivered
4450,778,"2024-09-30 12:00:00",Delivered
4451,815,"2026-03-17 12:00:00",Delivered
4452,1815,"2025-11-07 12:00:00",Delivered
4453,815,"2025-06-30 12:00:00",Delivered
4454,1815,"2025-02-20 12:00:00",Delivered
4455,815,"2024-10-13 12:00:00",Delivered
4456,852,"2026-03-30 12:00:00",Delivered
4457,1852,"2025-11-20 12:00:00",Delivered
4458,852,"2025-07-13 12:00:00",Delivered
4459,1852,"2025-03-05 12:00:00",Delivered
4460,852,"2024-10-26 12:00:00",Delivered
4461,889,"2026-04-12 12:00:00",Delivered
4462,1889,"2025-12-03 12:00:00",Pending
4463,889,"2025-07-26 12:00:00",Delivered
4464,1889,"2025-03-18 12:00:00",Delivered
4465,889,"2024-11-08 12:00:00",Confirmed
4466,926,"2026-04-25 12:00:00",Shipped
4467,1926,"2025-12-16 12:00:00",Shipped
4468,926,"2025-08-08 12:00:00",Shipped
4469,1926,"2025-03-31 12:00:00",Shipped
4470,926,"2024-11-21 12:00:00",Shipped
4471,963,"2026-05-08 12:00:00",Delivered
4472,1963,"2025-12-29 12:00:00",Delivered
4473,963,"2025-08-21 12:00:00",Delivered
4474,1963,"2025-04-13 12:00:00",Pending
4475,963,"2024-12-04 12:00:00",Delivered
4476,1000,"2026-05-21 12:00:00",Delivered
4477,2000,"2026-01-11 12:00:00",Delivered
4478,1000,"2025-09-03 12:00:00",Delivered
4479,2000,"2025-04-26 12:00:00",Delivered
4480,1000,"2024-12-17 12:00:00",Delivered
4481,1037,"2026-06-03 12:00:00",Delivered
4482,37,"2026-01-24 12:00:00",Delivered
4483,1037,"2025-09-16 12:00:00",Confirmed
4484,37,"2025-05-09 12:00:00",Delivered
4485,1037,"2024-12-30 12:00:00",Delivered
4486,1074,"2026-06-16 12:00:00",Delivered
4487,74,"2026-02-06 12:00:00",Delivered
4488,1074,"2025-09-29 12:00:00",Delivered
4489,74,"2025-05-22 12:00:00",Delivered
4490,1074,"2025-01-12 12:00:00",Delivered
4491,1111,"2026-06-29 12:00:00",Shipped
4492,111,"2026-02-19 12:00:00",Shipped
4493,1111,"2025-10-12 12:00:00",Shipped
4494,111,"2025-06-04 12:00:00",Shipped
4495,1111,"2025-01-25 12:00:00",Shipped
4496,408,"2025-10-25 12:00:00",Delivered
4497,1408,"2025-06-17 12:00:00",Delivered
4498,408,"2025-02-07 12:00:00",Delivered
4499,1408,"2024-09-30 12:00:00",Delivered
4500,408,"2024-05-23 12:00:00",Delivered
4501,445,"2025-11-07 12:00:00",Delivered
4502,1445,"2025-06-30 12:00:00",Confirmed
4503,445,"2025-02-20 12:00:00",Delivered
4504,1445,"2024-10-13 12:00:00",Delivered
4505,445,"2024-06-05 12:00:00",Confirmed
4506,482,"2025-11-20 12:00:00",Delivered
4507,1482,"2025-07-13 12:00:00",Delivered
4508,482,"2025-03-05 12:00:00",Delivered
4509,1482,"2024-10-26 12:00:00",Delivered
4510,482,"2024-06-18 12:00:00",Delivered
4511,519,"2025-12-03 12:00:00",Pending
4512,1519,"2025-07-26 12:00:00",Delivered
4513,519,"2025-03-18 12:00:00",Delivered
4514,1519,"2024-11-08 12:00:00",Delivered
4515,519,"2024-07-01 12:00:00",Delivered
4516,556,"2025-12-16 12:00:00",Shipped
4517,1556,"2025-08-08 12:00:00",Shipped
4518,556,"2025-03-31 12:00:00",Shipped
4519,1556,"2024-11-21 12:00:00",Shipped
4520,556,"2024-07-14 12:00:00",Shipped
4521,593,"2025-12-29 12:00:00",Delivered
4522,1593,"2025-08-21 12:00:00",Delivered
4523,593,"2025-04-13 12:00:00",Pending
4524,1593,"2024-12-04 12:00:00",Delivered
4525,593,"2024-07-27 12:00:00",Delivered
4526,630,"2026-01-11 12:00:00",Delivered
4527,1630,"2025-09-03 12:00:00",Delivered
4528,630,"2025-04-26 12:00:00",Delivered
4529,1630,"2024-12-17 12:00:00",Delivered
4530,630,"2024-08-09 12:00:00",Delivered
4531,667,"2026-01-24 12:00:00",Delivered
4532,1667,"2025-09-16 12:00:00",Delivered
4533,667,"2025-05-09 12:00:00",Delivered
4534,1667,"2024-12-30 12:00:00",Delivered
4535,667,"2024-08-22 12:00:00",Pending
4536,704,"2026-02-06 12:00:00",Delivered
4537,1704,"2025-09-29 12:00:00",Delivered
4538,704,"2025-05-22 12:00:00",Delivered
4539,1704,"2025-01-12 12:00:00",Delivered
4540,704,"2024-09-04 12:00:00",Delivered
4541,741,"2026-02-19 12:00:00",Cancelled
4542,1741,"2025-10-12 12:00:00",Cancelled
4543,741,"2025-06-04 12:00:00",Cancelled
4544,1741,"2025-01-25 12:00:00",Cancelled
4545,741,"2024-09-17 12:00:00",Cancelled
4546,38,"2025-06-17 12:00:00",Delivered
4547,1038,"2025-02-07 12:00:00",Delivered
4548,38,"2024-09-30 12:00:00",Delivered
4549,1038,"2024-05-23 12:00:00",Delivered
4550,38,"2024-01-14 12:00:00",Delivered
4551,75,"2025-06-30 12:00:00",Delivered
4552,1075,"2025-02-20 12:00:00",Delivered
4553,75,"2024-10-13 12:00:00",Delivered
4554,1075,"2024-06-05 12:00:00",Delivered
4555,75,"2024-01-27 12:00:00",Delivered
4556,112,"2025-07-13 12:00:00",Delivered
4557,1112,"2025-03-05 12:00:00",Delivered
4558,112,"2024-10-26 12:00:00",Delivered
4559,1112,"2024-06-18 12:00:00",Delivered
4560,112,"2024-02-09 12:00:00",Delivered
4561,149,"2025-07-26 12:00:00",Delivered
4562,1149,"2025-03-18 12:00:00",Delivered
4563,149,"2024-11-08 12:00:00",Confirmed
4564,1149,"2024-07-01 12:00:00",Delivered
4565,149,"2024-02-22 12:00:00",Delivered
4566,186,"2025-08-08 12:00:00",Shipped
4567,1186,"2025-03-31 12:00:00",Shipped
4568,186,"2024-11-21 12:00:00",Shipped
4569,1186,"2024-07-14 12:00:00",Shipped
4570,186,"2024-03-06 12:00:00",Shipped
4571,223,"2025-08-21 12:00:00",Delivered
4572,1223,"2025-04-13 12:00:00",Pending
4573,223,"2024-12-04 12:00:00",Delivered
4574,1223,"2024-07-27 12:00:00",Delivered
4575,223,"2024-03-19 12:00:00",Delivered
4576,260,"2025-09-03 12:00:00",Delivered
4577,1260,"2025-04-26 12:00:00",Delivered
4578,260,"2024-12-17 12:00:00",Delivered
4579,1260,"2024-08-09 12:00:00",Delivered
4580,260,"2024-04-01 12:00:00",Delivered
4581,297,"2025-09-16 12:00:00",Confirmed
4582,1297,"2025-05-09 12:00:00",Delivered
4583,297,"2024-12-30 12:00:00",Delivered
4584,1297,"2024-08-22 12:00:00",Pending
4585,297,"2024-04-14 12:00:00",Delivered
4586,334,"2025-09-29 12:00:00",Delivered
4587,1334,"2025-05-22 12:00:00",Delivered
4588,334,"2025-01-12 12:00:00",Delivered
4589,1334,"2024-09-04 12:00:00",Delivered
4590,334,"2024-04-27 12:00:00",Delivered
4591,371,"2025-10-12 12:00:00",Shipped
4592,1371,"2025-06-04 12:00:00",Shipped
4593,371,"2025-01-25 12:00:00",Shipped
4594,1371,"2024-09-17 12:00:00",Shipped
4595,371,"2024-05-10 12:00:00",Shipped
4596,1068,"2024-02-03 12:00:00",Delivered
4597,68,"2026-06-12 12:00:00",Delivered
4598,1068,"2026-02-02 12:00:00",Delivered
4599,68,"2025-09-25 12:00:00",Delivered
4600,1068,"2025-05-18 12:00:00",Delivered
4601,1105,"2024-02-16 12:00:00",Delivered
4602,105,"2026-06-25 12:00:00",Confirmed
4603,1105,"2026-02-15 12:00:00",Delivered
4604,105,"2025-10-08 12:00:00",Delivered
4605,1105,"2025-05-31 12:00:00",Confirmed
4606,1142,"2024-02-29 12:00:00",Delivered
4607,142,"2026-07-08 12:00:00",Delivered
4608,1142,"2026-02-28 12:00:00",Delivered
4609,142,"2025-10-21 12:00:00",Delivered
4610,1142,"2025-06-13 12:00:00",Delivered
4611,1179,"2024-03-13 12:00:00",Pending
4612,179,"2026-07-21 12:00:00",Delivered
4613,1179,"2026-03-13 12:00:00",Delivered
4614,179,"2025-11-03 12:00:00",Delivered
4615,1179,"2025-06-26 12:00:00",Delivered
4616,1216,"2024-03-26 12:00:00",Shipped
4617,216,"2026-08-03 12:00:00",Shipped
4618,1216,"2026-03-26 12:00:00",Shipped
4619,216,"2025-11-16 12:00:00",Shipped
4620,1216,"2025-07-09 12:00:00",Shipped
4621,1253,"2024-04-08 12:00:00",Delivered
4622,253,"2026-08-16 12:00:00",Delivered
4623,1253,"2026-04-08 12:00:00",Pending
4624,253,"2025-11-29 12:00:00",Delivered
4625,1253,"2025-07-22 12:00:00",Delivered
4626,1290,"2024-04-21 12:00:00",Delivered
4627,290,"2026-08-29 12:00:00",Delivered
4628,1290,"2026-04-21 12:00:00",Delivered
4629,290,"2025-12-12 12:00:00",Delivered
4630,1290,"2025-08-04 12:00:00",Delivered
4631,1327,"2024-05-04 12:00:00",Delivered
4632,327,"2026-09-11 12:00:00",Delivered
4633,1327,"2026-05-04 12:00:00",Delivered
4634,327,"2025-12-25 12:00:00",Delivered
4635,1327,"2025-08-17 12:00:00",Pending
4636,1364,"2024-05-17 12:00:00",Delivered
4637,364,"2024-01-08 12:00:00",Delivered
4638,1364,"2026-05-17 12:00:00",Delivered
4639,364,"2026-01-07 12:00:00",Delivered
4640,1364,"2025-08-30 12:00:00",Delivered
4641,1401,"2024-05-30 12:00:00",Cancelled
4642,401,"2024-01-21 12:00:00",Cancelled
4643,1401,"2026-05-30 12:00:00",Cancelled
4644,401,"2026-01-20 12:00:00",Cancelled
4645,1401,"2025-09-12 12:00:00",Cancelled
4646,698,"2026-06-12 12:00:00",Delivered
4647,1698,"2026-02-02 12:00:00",Delivered
4648,698,"2025-09-25 12:00:00",Delivered
4649,1698,"2025-05-18 12:00:00",Delivered
4650,698,"2025-01-08 12:00:00",Delivered
4651,735,"2026-06-25 12:00:00",Delivered
4652,1735,"2026-02-15 12:00:00",Delivered
4653,735,"2025-10-08 12:00:00",Delivered
4654,1735,"2025-05-31 12:00:00",Delivered
4655,735,"2025-01-21 12:00:00",Delivered
4656,772,"2026-07-08 12:00:00",Delivered
4657,1772,"2026-02-28 12:00:00",Delivered
4658,772,"2025-10-21 12:00:00",Delivered
4659,1772,"2025-06-13 12:00:00",Delivered
4660,772,"2025-02-03 12:00:00",Delivered
4661,809,"2026-07-21 12:00:00",Delivered
4662,1809,"2026-03-13 12:00:00",Delivered
4663,809,"2025-11-03 12:00:00",Confirmed
4664,1809,"2025-06-26 12:00:00",Delivered
4665,809,"2025-02-16 12:00:00",Delivered
4666,846,"2026-08-03 12:00:00",Shipped
4667,1846,"2026-03-26 12:00:00",Shipped
4668,846,"2025-11-16 12:00:00",Shipped
4669,1846,"2025-07-09 12:00:00",Shipped
4670,846,"2025-03-01 12:00:00",Shipped
4671,883,"2026-08-16 12:00:00",Delivered
4672,1883,"2026-04-08 12:00:00",Pending
4673,883,"2025-11-29 12:00:00",Delivered
4674,1883,"2025-07-22 12:00:00",Delivered
4675,883,"2025-03-14 12:00:00",Delivered
4676,920,"2026-08-29 12:00:00",Delivered
4677,1920,"2026-04-21 12:00:00",Delivered
4678,920,"2025-12-12 12:00:00",Delivered
4679,1920,"2025-08-04 12:00:00",Delivered
4680,920,"2025-03-27 12:00:00",Delivered
4681,957,"2026-09-11 12:00:00",Confirmed
4682,1957,"2026-05-04 12:00:00",Delivered
4683,957,"2025-12-25 12:00:00",Delivered
4684,1957,"2025-08-17 12:00:00",Pending
4685,957,"2025-04-09 12:00:00",Delivered
4686,994,"2024-01-08 12:00:00",Delivered
4687,1994,"2026-05-17 12:00:00",Delivered
4688,994,"2026-01-07 12:00:00",Delivered
4689,1994,"2025-08-30 12:00:00",Delivered
4690,994,"2025-04-22 12:00:00",Delivered
4691,1031,"2024-01-21 12:00:00",Shipped
4692,31,"2026-05-30 12:00:00",Shipped
4693,1031,"2026-01-20 12:00:00",Shipped
4694,31,"2025-09-12 12:00:00",Shipped
4695,1031,"2025-05-05 12:00:00",Shipped
4696,328,"2026-02-02 12:00:00",Delivered
4697,1328,"2025-09-25 12:00:00",Delivered
4698,328,"2025-05-18 12:00:00",Delivered
4699,1328,"2025-01-08 12:00:00",Delivered
4700,328,"2024-08-31 12:00:00",Delivered
4701,365,"2026-02-15 12:00:00",Delivered
4702,1365,"2025-10-08 12:00:00",Delivered
4703,365,"2025-05-31 12:00:00",Confirmed
4704,1365,"2025-01-21 12:00:00",Delivered
4705,365,"2024-09-13 12:00:00",Delivered
4706,402,"2026-02-28 12:00:00",Delivered
4707,1402,"2025-10-21 12:00:00",Delivered
4708,402,"2025-06-13 12:00:00",Delivered
4709,1402,"2025-02-03 12:00:00",Delivered
4710,402,"2024-09-26 12:00:00",Delivered
4711,439,"2026-03-13 12:00:00",Delivered
4712,1439,"2025-11-03 12:00:00",Delivered
4713,439,"2025-06-26 12:00:00",Delivered
4714,1439,"2025-02-16 12:00:00",Delivered
4715,439,"2024-10-09 12:00:00",Delivered
4716,476,"2026-03-26 12:00:00",Shipped
4717,1476,"2025-11-16 12:00:00",Shipped
4718,476,"2025-07-09 12:00:00",Shipped
4719,1476,"2025-03-01 12:00:00",Shipped
4720,476,"2024-10-22 12:00:00",Shipped
4721,513,"2026-04-08 12:00:00",Pending
4722,1513,"2025-11-29 12:00:00",Delivered
4723,513,"2025-07-22 12:00:00",Delivered
4724,1513,"2025-03-14 12:00:00",Confirmed
4725,513,"2024-11-04 12:00:00",Delivered
4726,550,"2026-04-21 12:00:00",Delivered
4727,1550,"2025-12-12 12:00:00",Delivered
4728,550,"2025-08-04 12:00:00",Delivered
4729,1550,"2025-03-27 12:00:00",Delivered
4730,550,"2024-11-17 12:00:00",Delivered
4731,587,"2026-05-04 12:00:00",Delivered
4732,1587,"2025-12-25 12:00:00",Delivered
4733,587,"2025-08-17 12:00:00",Pending
4734,1587,"2025-04-09 12:00:00",Delivered
4735,587,"2024-11-30 12:00:00",Delivered
4736,624,"2026-05-17 12:00:00",Delivered
4737,1624,"2026-01-07 12:00:00",Delivered
4738,624,"2025-08-30 12:00:00",Delivered
4739,1624,"2025-04-22 12:00:00",Delivered
4740,624,"2024-12-13 12:00:00",Delivered
4741,661,"2026-05-30 12:00:00",Cancelled
4742,1661,"2026-01-20 12:00:00",Cancelled
4743,661,"2025-09-12 12:00:00",Cancelled
4744,1661,"2025-05-05 12:00:00",Cancelled
4745,661,"2024-12-26 12:00:00",Cancelled
4746,1958,"2025-09-25 12:00:00",Delivered
4747,958,"2025-05-18 12:00:00",Delivered
4748,1958,"2025-01-08 12:00:00",Delivered
4749,958,"2024-08-31 12:00:00",Delivered
4750,1958,"2024-04-23 12:00:00",Delivered
4751,1995,"2025-10-08 12:00:00",Delivered
4752,995,"2025-05-31 12:00:00",Delivered
4753,1995,"2025-01-21 12:00:00",Delivered
4754,995,"2024-09-13 12:00:00",Delivered
4755,1995,"2024-05-06 12:00:00",Pending
4756,32,"2025-10-21 12:00:00",Delivered
4757,1032,"2025-06-13 12:00:00",Delivered
4758,32,"2025-02-03 12:00:00",Delivered
4759,1032,"2024-09-26 12:00:00",Delivered
4760,32,"2024-05-19 12:00:00",Delivered
4761,69,"2025-11-03 12:00:00",Confirmed
4762,1069,"2025-06-26 12:00:00",Delivered
4763,69,"2025-02-16 12:00:00",Delivered
4764,1069,"2024-10-09 12:00:00",Confirmed
4765,69,"2024-06-01 12:00:00",Delivered
4766,106,"2025-11-16 12:00:00",Shipped
4767,1106,"2025-07-09 12:00:00",Shipped
4768,106,"2025-03-01 12:00:00",Shipped
4769,1106,"2024-10-22 12:00:00",Shipped
4770,106,"2024-06-14 12:00:00",Shipped
4771,143,"2025-11-29 12:00:00",Delivered
4772,1143,"2025-07-22 12:00:00",Delivered
4773,143,"2025-03-14 12:00:00",Delivered
4774,1143,"2024-11-04 12:00:00",Delivered
4775,143,"2024-06-27 12:00:00",Delivered
4776,180,"2025-12-12 12:00:00",Delivered
4777,1180,"2025-08-04 12:00:00",Delivered
4778,180,"2025-03-27 12:00:00",Delivered
4779,1180,"2024-11-17 12:00:00",Delivered
4780,180,"2024-07-10 12:00:00",Delivered
4781,217,"2025-12-25 12:00:00",Delivered
4782,1217,"2025-08-17 12:00:00",Pending
4783,217,"2025-04-09 12:00:00",Delivered
4784,1217,"2024-11-30 12:00:00",Delivered
4785,217,"2024-07-23 12:00:00",Confirmed
4786,254,"2026-01-07 12:00:00",Delivered
4787,1254,"2025-08-30 12:00:00",Delivered
4788,254,"2025-04-22 12:00:00",Delivered
4789,1254,"2024-12-13 12:00:00",Delivered
4790,254,"2024-08-05 12:00:00",Delivered
4791,291,"2026-01-20 12:00:00",Shipped
4792,1291,"2025-09-12 12:00:00",Shipped
4793,291,"2025-05-05 12:00:00",Shipped
4794,1291,"2024-12-26 12:00:00",Pending
4795,291,"2024-08-18 12:00:00",Shipped
4796,1588,"2025-05-18 12:00:00",Delivered
4797,588,"2025-01-08 12:00:00",Delivered
4798,1588,"2024-08-31 12:00:00",Delivered
4799,588,"2024-04-23 12:00:00",Delivered
4800,1588,"2026-08-31 12:00:00",Delivered
4801,1625,"2025-05-31 12:00:00",Confirmed
4802,625,"2025-01-21 12:00:00",Delivered
4803,1625,"2024-09-13 12:00:00",Delivered
4804,625,"2024-05-06 12:00:00",Pending
4805,1625,"2026-09-13 12:00:00",Delivered
4806,1662,"2025-06-13 12:00:00",Delivered
4807,662,"2025-02-03 12:00:00",Delivered
4808,1662,"2024-09-26 12:00:00",Delivered
4809,662,"2024-05-19 12:00:00",Delivered
4810,1662,"2024-01-10 12:00:00",Delivered
4811,1699,"2025-06-26 12:00:00",Delivered
4812,699,"2025-02-16 12:00:00",Delivered
4813,1699,"2024-10-09 12:00:00",Delivered
4814,699,"2024-06-01 12:00:00",Delivered
4815,1699,"2024-01-23 12:00:00",Delivered
4816,1736,"2025-07-09 12:00:00",Shipped
4817,736,"2025-03-01 12:00:00",Shipped
4818,1736,"2024-10-22 12:00:00",Shipped
4819,736,"2024-06-14 12:00:00",Shipped
4820,1736,"2024-02-05 12:00:00",Shipped
4821,1773,"2025-07-22 12:00:00",Delivered
4822,773,"2025-03-14 12:00:00",Confirmed
4823,1773,"2024-11-04 12:00:00",Delivered
4824,773,"2024-06-27 12:00:00",Delivered
4825,1773,"2024-02-18 12:00:00",Confirmed
4826,1810,"2025-08-04 12:00:00",Delivered
4827,810,"2025-03-27 12:00:00",Delivered
4828,1810,"2024-11-17 12:00:00",Delivered
4829,810,"2024-07-10 12:00:00",Delivered
4830,1810,"2024-03-02 12:00:00",Delivered
4831,1847,"2025-08-17 12:00:00",Pending
4832,847,"2025-04-09 12:00:00",Delivered
4833,1847,"2024-11-30 12:00:00",Delivered
4834,847,"2024-07-23 12:00:00",Delivered
4835,1847,"2024-03-15 12:00:00",Delivered
4836,1884,"2025-08-30 12:00:00",Delivered
4837,884,"2025-04-22 12:00:00",Delivered
4838,1884,"2024-12-13 12:00:00",Delivered
4839,884,"2024-08-05 12:00:00",Delivered
4840,1884,"2024-03-28 12:00:00",Delivered
4841,1921,"2025-09-12 12:00:00",Cancelled
4842,921,"2025-05-05 12:00:00",Cancelled
4843,1921,"2024-12-26 12:00:00",Cancelled
4844,921,"2024-08-18 12:00:00",Cancelled
4845,1921,"2024-04-10 12:00:00",Cancelled
4846,1218,"2025-01-08 12:00:00",Delivered
4847,218,"2024-08-31 12:00:00",Delivered
4848,1218,"2024-04-23 12:00:00",Delivered
4849,218,"2026-08-31 12:00:00",Delivered
4850,1218,"2026-04-23 12:00:00",Delivered
4851,1255,"2025-01-21 12:00:00",Delivered
4852,255,"2024-09-13 12:00:00",Delivered
4853,1255,"2024-05-06 12:00:00",Pending
4854,255,"2026-09-13 12:00:00",Delivered
4855,1255,"2026-05-06 12:00:00",Delivered
4856,1292,"2025-02-03 12:00:00",Delivered
4857,292,"2024-09-26 12:00:00",Delivered
4858,1292,"2024-05-19 12:00:00",Delivered
4859,292,"2024-01-10 12:00:00",Delivered
4860,1292,"2026-05-19 12:00:00",Delivered
4861,1329,"2025-02-16 12:00:00",Delivered
4862,329,"2024-10-09 12:00:00",Confirmed
4863,1329,"2024-06-01 12:00:00",Delivered
4864,329,"2024-01-23 12:00:00",Delivered
4865,1329,"2026-06-01 12:00:00",Pending
4866,1366,"2025-03-01 12:00:00",Shipped
4867,366,"2024-10-22 12:00:00",Shipped
4868,1366,"2024-06-14 12:00:00",Shipped
4869,366,"2024-02-05 12:00:00",Shipped
4870,1366,"2026-06-14 12:00:00",Shipped
4871,1403,"2025-03-14 12:00:00",Delivered
4872,403,"2024-11-04 12:00:00",Delivered
4873,1403,"2024-06-27 12:00:00",Delivered
4874,403,"2024-02-18 12:00:00",Delivered
4875,1403,"2026-06-27 12:00:00",Delivered
4876,1440,"2025-03-27 12:00:00",Delivered
4877,440,"2024-11-17 12:00:00",Delivered
4878,1440,"2024-07-10 12:00:00",Delivered
4879,440,"2024-03-02 12:00:00",Delivered
4880,1440,"2026-07-10 12:00:00",Delivered
4881,1477,"2025-04-09 12:00:00",Delivered
4882,477,"2024-11-30 12:00:00",Delivered
4883,1477,"2024-07-23 12:00:00",Confirmed
4884,477,"2024-03-15 12:00:00",Delivered
4885,1477,"2026-07-23 12:00:00",Delivered
4886,1514,"2025-04-22 12:00:00",Delivered
4887,514,"2024-12-13 12:00:00",Delivered
4888,1514,"2024-08-05 12:00:00",Delivered
4889,514,"2024-03-28 12:00:00",Delivered
4890,1514,"2026-08-05 12:00:00",Delivered
4891,1551,"2025-05-05 12:00:00",Shipped
4892,551,"2024-12-26 12:00:00",Pending
4893,1551,"2024-08-18 12:00:00",Shipped
4894,551,"2024-04-10 12:00:00",Shipped
4895,1551,"2026-08-18 12:00:00",Shipped
4896,848,"2024-08-31 12:00:00",Delivered
4897,1848,"2024-04-23 12:00:00",Delivered
4898,848,"2026-08-31 12:00:00",Delivered
4899,1848,"2026-04-23 12:00:00",Delivered
4900,848,"2025-12-14 12:00:00",Delivered
4901,885,"2024-09-13 12:00:00",Delivered
4902,1885,"2024-05-06 12:00:00",Pending
4903,885,"2026-09-13 12:00:00",Delivered
4904,1885,"2026-05-06 12:00:00",Delivered
4905,885,"2025-12-27 12:00:00",Confirmed
4906,922,"2024-09-26 12:00:00",Delivered
4907,1922,"2024-05-19 12:00:00",Delivered
4908,922,"2024-01-10 12:00:00",Delivered
4909,1922,"2026-05-19 12:00:00",Delivered
4910,922,"2026-01-09 12:00:00",Delivered
4911,959,"2024-10-09 12:00:00",Delivered
4912,1959,"2024-06-01 12:00:00",Delivered
4913,959,"2024-01-23 12:00:00",Delivered
4914,1959,"2026-06-01 12:00:00",Pending
4915,959,"2026-01-22 12:00:00",Delivered
4916,996,"2024-10-22 12:00:00",Shipped
4917,1996,"2024-06-14 12:00:00",Shipped
4918,996,"2024-02-05 12:00:00",Shipped
4919,1996,"2026-06-14 12:00:00",Shipped
4920,996,"2026-02-04 12:00:00",Shipped
4921,1033,"2024-11-04 12:00:00",Delivered
4922,33,"2024-06-27 12:00:00",Delivered
4923,1033,"2024-02-18 12:00:00",Confirmed
4924,33,"2026-06-27 12:00:00",Delivered
4925,1033,"2026-02-17 12:00:00",Delivered
4926,1070,"2024-11-17 12:00:00",Delivered
4927,70,"2024-07-10 12:00:00",Delivered
4928,1070,"2024-03-02 12:00:00",Delivered
4929,70,"2026-07-10 12:00:00",Delivered
4930,1070,"2026-03-02 12:00:00",Delivered
4931,1107,"2024-11-30 12:00:00",Delivered
4932,107,"2024-07-23 12:00:00",Delivered
4933,1107,"2024-03-15 12:00:00",Delivered
4934,107,"2026-07-23 12:00:00",Delivered
4935,1107,"2026-03-15 12:00:00",Delivered
4936,1144,"2024-12-13 12:00:00",Delivered
4937,144,"2024-08-05 12:00:00",Delivered
4938,1144,"2024-03-28 12:00:00",Delivered
4939,144,"2026-08-05 12:00:00",Delivered
4940,1144,"2026-03-28 12:00:00",Delivered
4941,1181,"2024-12-26 12:00:00",Cancelled
4942,181,"2024-08-18 12:00:00",Cancelled
4943,1181,"2024-04-10 12:00:00",Cancelled
4944,181,"2026-08-18 12:00:00",Cancelled
4945,1181,"2026-04-10 12:00:00",Cancelled
4946,478,"2024-04-23 12:00:00",Delivered
4947,1478,"2026-08-31 12:00:00",Delivered
4948,478,"2026-04-23 12:00:00",Delivered
4949,1478,"2025-12-14 12:00:00",Delivered
4950,478,"2025-08-06 12:00:00",Delivered
4951,515,"2024-05-06 12:00:00",Pending
4952,1515,"2026-09-13 12:00:00",Delivered
4953,515,"2026-05-06 12:00:00",Delivered
4954,1515,"2025-12-27 12:00:00",Delivered
4955,515,"2025-08-19 12:00:00",Delivered
4956,552,"2024-05-19 12:00:00",Delivered
4957,1552,"2024-01-10 12:00:00",Delivered
4958,552,"2026-05-19 12:00:00",Delivered
4959,1552,"2026-01-09 12:00:00",Delivered
4960,552,"2025-09-01 12:00:00",Delivered
4961,589,"2024-06-01 12:00:00",Delivered
4962,1589,"2024-01-23 12:00:00",Delivered
4963,589,"2026-06-01 12:00:00",Pending
4964,1589,"2026-01-22 12:00:00",Delivered
4965,589,"2025-09-14 12:00:00",Delivered
4966,626,"2024-06-14 12:00:00",Shipped
4967,1626,"2024-02-05 12:00:00",Shipped
4968,626,"2026-06-14 12:00:00",Shipped
4969,1626,"2026-02-04 12:00:00",Shipped
4970,626,"2025-09-27 12:00:00",Shipped
4971,663,"2024-06-27 12:00:00",Delivered
4972,1663,"2024-02-18 12:00:00",Delivered
4973,663,"2026-06-27 12:00:00",Delivered
4974,1663,"2026-02-17 12:00:00",Delivered
4975,663,"2025-10-10 12:00:00",Pending
4976,700,"2024-07-10 12:00:00",Delivered
4977,1700,"2024-03-02 12:00:00",Delivered
4978,700,"2026-07-10 12:00:00",Delivered
4979,1700,"2026-03-02 12:00:00",Delivered
4980,700,"2025-10-23 12:00:00",Delivered
4981,737,"2024-07-23 12:00:00",Confirmed
4982,1737,"2024-03-15 12:00:00",Delivered
4983,737,"2026-07-23 12:00:00",Delivered
4984,1737,"2026-03-15 12:00:00",Confirmed
4985,737,"2025-11-05 12:00:00",Delivered
4986,774,"2024-08-05 12:00:00",Delivered
4987,1774,"2024-03-28 12:00:00",Delivered
4988,774,"2026-08-05 12:00:00",Delivered
4989,1774,"2026-03-28 12:00:00",Delivered
4990,774,"2025-11-18 12:00:00",Delivered
4991,811,"2024-08-18 12:00:00",Shipped
4992,1811,"2024-04-10 12:00:00",Shipped
4993,811,"2026-08-18 12:00:00",Shipped
4994,1811,"2026-04-10 12:00:00",Shipped
4995,811,"2025-12-01 12:00:00",Shipped
4996,108,"2026-08-31 12:00:00",Delivered
4997,1108,"2026-04-23 12:00:00",Delivered
4998,108,"2025-12-14 12:00:00",Delivered
4999,1108,"2025-08-06 12:00:00",Delivered
5000,108,"2025-03-29 12:00:00",Delivered
5001,145,"2026-09-13 12:00:00",Delivered
5002,1145,"2026-05-06 12:00:00",Delivered
5003,145,"2025-12-27 12:00:00",Confirmed
5004,1145,"2025-08-19 12:00:00",Delivered
5005,145,"2025-04-11 12:00:00",Delivered
5006,182,"2024-01-10 12:00:00",Delivered
5007,1182,"2026-05-19 12:00:00",Delivered
5008,182,"2026-01-09 12:00:00",Delivered
5009,1182,"2025-09-01 12:00:00",Delivered
5010,182,"2025-04-24 12:00:00",Delivered
5011,219,"2024-01-23 12:00:00",Delivered
5012,1219,"2026-06-01 12:00:00",Pending
5013,219,"2026-01-22 12:00:00",Delivered
5014,1219,"2025-09-14 12:00:00",Delivered
5015,219,"2025-05-07 12:00:00",Delivered
5016,256,"2024-02-05 12:00:00",Shipped
5017,1256,"2026-06-14 12:00:00",Shipped
5018,256,"2026-02-04 12:00:00",Shipped
5019,1256,"2025-09-27 12:00:00",Shipped
5020,256,"2025-05-20 12:00:00",Shipped
5021,293,"2024-02-18 12:00:00",Confirmed
5022,1293,"2026-06-27 12:00:00",Delivered
5023,293,"2026-02-17 12:00:00",Delivered
5024,1293,"2025-10-10 12:00:00",Pending
5025,293,"2025-06-02 12:00:00",Delivered
5026,330,"2024-03-02 12:00:00",Delivered
5027,1330,"2026-07-10 12:00:00",Delivered
5028,330,"2026-03-02 12:00:00",Delivered
5029,1330,"2025-10-23 12:00:00",Delivered
5030,330,"2025-06-15 12:00:00",Delivered
5031,367,"2024-03-15 12:00:00",Delivered
5032,1367,"2026-07-23 12:00:00",Delivered
5033,367,"2026-03-15 12:00:00",Delivered
5034,1367,"2025-11-05 12:00:00",Delivered
5035,367,"2025-06-28 12:00:00",Delivered
5036,404,"2024-03-28 12:00:00",Delivered
5037,1404,"2026-08-05 12:00:00",Delivered
5038,404,"2026-03-28 12:00:00",Delivered
5039,1404,"2025-11-18 12:00:00",Delivered
5040,404,"2025-07-11 12:00:00",Delivered
5041,441,"2024-04-10 12:00:00",Cancelled
5042,1441,"2026-08-18 12:00:00",Cancelled
5043,441,"2026-04-10 12:00:00",Cancelled
5044,1441,"2025-12-01 12:00:00",Cancelled
5045,441,"2025-07-24 12:00:00",Cancelled
5046,1738,"2026-04-23 12:00:00",Delivered
5047,738,"2025-12-14 12:00:00",Delivered
5048,1738,"2025-08-06 12:00:00",Delivered
5049,738,"2025-03-29 12:00:00",Delivered
5050,1738,"2024-11-19 12:00:00",Delivered
5051,1775,"2026-05-06 12:00:00",Delivered
5052,775,"2025-12-27 12:00:00",Delivered
5053,1775,"2025-08-19 12:00:00",Delivered
5054,775,"2025-04-11 12:00:00",Delivered
5055,1775,"2024-12-02 12:00:00",Delivered
5056,1812,"2026-05-19 12:00:00",Delivered
5057,812,"2026-01-09 12:00:00",Delivered
5058,1812,"2025-09-01 12:00:00",Delivered
5059,812,"2025-04-24 12:00:00",Delivered
5060,1812,"2024-12-15 12:00:00",Delivered
5061,1849,"2026-06-01 12:00:00",Pending
5062,849,"2026-01-22 12:00:00",Delivered
5063,1849,"2025-09-14 12:00:00",Delivered
5064,849,"2025-05-07 12:00:00",Confirmed
5065,1849,"2024-12-28 12:00:00",Delivered
5066,1886,"2026-06-14 12:00:00",Shipped
5067,886,"2026-02-04 12:00:00",Shipped
5068,1886,"2025-09-27 12:00:00",Shipped
5069,886,"2025-05-20 12:00:00",Shipped
5070,1886,"2025-01-10 12:00:00",Shipped
5071,1923,"2026-06-27 12:00:00",Delivered
5072,923,"2026-02-17 12:00:00",Delivered
5073,1923,"2025-10-10 12:00:00",Pending
5074,923,"2025-06-02 12:00:00",Delivered
5075,1923,"2025-01-23 12:00:00",Delivered
5076,1960,"2026-07-10 12:00:00",Delivered
5077,960,"2026-03-02 12:00:00",Delivered
5078,1960,"2025-10-23 12:00:00",Delivered
5079,960,"2025-06-15 12:00:00",Delivered
5080,1960,"2025-02-05 12:00:00",Delivered
5081,1997,"2026-07-23 12:00:00",Delivered
5082,997,"2026-03-15 12:00:00",Confirmed
5083,1997,"2025-11-05 12:00:00",Delivered
5084,997,"2025-06-28 12:00:00",Delivered
5085,1997,"2025-02-18 12:00:00",Pending
5086,34,"2026-08-05 12:00:00",Delivered
5087,1034,"2026-03-28 12:00:00",Delivered
5088,34,"2025-11-18 12:00:00",Delivered
5089,1034,"2025-07-11 12:00:00",Delivered
5090,34,"2025-03-03 12:00:00",Delivered
5091,71,"2026-08-18 12:00:00",Shipped
5092,1071,"2026-04-10 12:00:00",Shipped
5093,71,"2025-12-01 12:00:00",Shipped
5094,1071,"2025-07-24 12:00:00",Shipped
5095,71,"2025-03-16 12:00:00",Shipped
5096,768,"2024-12-09 12:00:00",Delivered
5097,1768,"2024-08-01 12:00:00",Delivered
5098,768,"2024-03-24 12:00:00",Delivered
5099,1768,"2026-08-01 12:00:00",Delivered
5100,768,"2026-03-24 12:00:00",Delivered
5101,805,"2024-12-22 12:00:00",Delivered
5102,1805,"2024-08-14 12:00:00",Delivered
5103,805,"2024-04-06 12:00:00",Confirmed
5104,1805,"2026-08-14 12:00:00",Delivered
5105,805,"2026-04-06 12:00:00",Delivered
5106,842,"2025-01-04 12:00:00",Delivered
5107,1842,"2024-08-27 12:00:00",Delivered
5108,842,"2024-04-19 12:00:00",Delivered
5109,1842,"2026-08-27 12:00:00",Delivered
5110,842,"2026-04-19 12:00:00",Delivered
5111,879,"2025-01-17 12:00:00",Delivered
5112,1879,"2024-09-09 12:00:00",Pending
5113,879,"2024-05-02 12:00:00",Delivered
5114,1879,"2026-09-09 12:00:00",Delivered
5115,879,"2026-05-02 12:00:00",Delivered
5116,916,"2025-01-30 12:00:00",Shipped
5117,1916,"2024-09-22 12:00:00",Shipped
5118,916,"2024-05-15 12:00:00",Shipped
5119,1916,"2024-01-06 12:00:00",Shipped
5120,916,"2026-05-15 12:00:00",Shipped
5121,953,"2025-02-12 12:00:00",Confirmed
5122,1953,"2024-10-05 12:00:00",Delivered
5123,953,"2024-05-28 12:00:00",Delivered
5124,1953,"2024-01-19 12:00:00",Pending
5125,953,"2026-05-28 12:00:00",Delivered
5126,990,"2025-02-25 12:00:00",Delivered
5127,1990,"2024-10-18 12:00:00",Delivered
5128,990,"2024-06-10 12:00:00",Delivered
5129,1990,"2024-02-01 12:00:00",Delivered
5130,990,"2026-06-10 12:00:00",Delivered
5131,1027,"2025-03-10 12:00:00",Delivered
5132,27,"2024-10-31 12:00:00",Delivered
5133,1027,"2024-06-23 12:00:00",Delivered
5134,27,"2024-02-14 12:00:00",Delivered
5135,1027,"2026-06-23 12:00:00",Delivered
5136,1064,"2025-03-23 12:00:00",Delivered
5137,64,"2024-11-13 12:00:00",Delivered
5138,1064,"2024-07-06 12:00:00",Delivered
5139,64,"2024-02-27 12:00:00",Delivered
5140,1064,"2026-07-06 12:00:00",Delivered
5141,1101,"2025-04-05 12:00:00",Cancelled
5142,101,"2024-11-26 12:00:00",Cancelled
5143,1101,"2024-07-19 12:00:00",Cancelled
5144,101,"2024-03-11 12:00:00",Cancelled
5145,1101,"2026-07-19 12:00:00",Cancelled
5146,398,"2024-08-01 12:00:00",Delivered
5147,1398,"2024-03-24 12:00:00",Delivered
5148,398,"2026-08-01 12:00:00",Delivered
5149,1398,"2026-03-24 12:00:00",Delivered
5150,398,"2025-11-14 12:00:00",Delivered
5151,435,"2024-08-14 12:00:00",Delivered
5152,1435,"2024-04-06 12:00:00",Delivered
5153,435,"2026-08-14 12:00:00",Delivered
5154,1435,"2026-04-06 12:00:00",Delivered
5155,435,"2025-11-27 12:00:00",Delivered
5156,472,"2024-08-27 12:00:00",Delivered
5157,1472,"2024-04-19 12:00:00",Delivered
5158,472,"2026-08-27 12:00:00",Delivered
5159,1472,"2026-04-19 12:00:00",Delivered
5160,472,"2025-12-10 12:00:00",Delivered
5161,509,"2024-09-09 12:00:00",Pending
5162,1509,"2024-05-02 12:00:00",Delivered
5163,509,"2026-09-09 12:00:00",Delivered
5164,1509,"2026-05-02 12:00:00",Confirmed
5165,509,"2025-12-23 12:00:00",Delivered
5166,546,"2024-09-22 12:00:00",Shipped
5167,1546,"2024-05-15 12:00:00",Shipped
5168,546,"2024-01-06 12:00:00",Shipped
5169,1546,"2026-05-15 12:00:00",Shipped
5170,546,"2026-01-05 12:00:00",Shipped
5171,583,"2024-10-05 12:00:00",Delivered
5172,1583,"2024-05-28 12:00:00",Delivered
5173,583,"2024-01-19 12:00:00",Pending
5174,1583,"2026-05-28 12:00:00",Delivered
5175,583,"2026-01-18 12:00:00",Delivered
5176,620,"2024-10-18 12:00:00",Delivered
5177,1620,"2024-06-10 12:00:00",Delivered
5178,620,"2024-02-01 12:00:00",Delivered
5179,1620,"2026-06-10 12:00:00",Delivered
5180,620,"2026-01-31 12:00:00",Delivered
5181,657,"2024-10-31 12:00:00",Delivered
5182,1657,"2024-06-23 12:00:00",Confirmed
5183,657,"2024-02-14 12:00:00",Delivered
5184,1657,"2026-06-23 12:00:00",Delivered
5185,657,"2026-02-13 12:00:00",Pending
5186,694,"2024-11-13 12:00:00",Delivered
5187,1694,"2024-07-06 12:00:00",Delivered
5188,694,"2024-02-27 12:00:00",Delivered
5189,1694,"2026-07-06 12:00:00",Delivered
5190,694,"2026-02-26 12:00:00",Delivered
5191,731,"2024-11-26 12:00:00",Shipped
5192,1731,"2024-07-19 12:00:00",Shipped
5193,731,"2024-03-11 12:00:00",Shipped
5194,1731,"2026-07-19 12:00:00",Shipped
5195,731,"2026-03-11 12:00:00",Shipped
5196,28,"2024-03-24 12:00:00",Delivered
5197,1028,"2026-08-01 12:00:00",Delivered
5198,28,"2026-03-24 12:00:00",Delivered
5199,1028,"2025-11-14 12:00:00",Delivered
5200,28,"2025-07-07 12:00:00",Delivered
5201,65,"2024-04-06 12:00:00",Confirmed
5202,1065,"2026-08-14 12:00:00",Delivered
5203,65,"2026-04-06 12:00:00",Delivered
5204,1065,"2025-11-27 12:00:00",Confirmed
5205,65,"2025-07-20 12:00:00",Delivered
5206,102,"2024-04-19 12:00:00",Delivered
5207,1102,"2026-08-27 12:00:00",Delivered
5208,102,"2026-04-19 12:00:00",Delivered
5209,1102,"2025-12-10 12:00:00",Delivered
5210,102,"2025-08-02 12:00:00",Delivered
5211,139,"2024-05-02 12:00:00",Delivered
5212,1139,"2026-09-09 12:00:00",Delivered
5213,139,"2026-05-02 12:00:00",Delivered
5214,1139,"2025-12-23 12:00:00",Delivered
5215,139,"2025-08-15 12:00:00",Delivered
5216,176,"2024-05-15 12:00:00",Shipped
5217,1176,"2024-01-06 12:00:00",Shipped
5218,176,"2026-05-15 12:00:00",Shipped
5219,1176,"2026-01-05 12:00:00",Shipped
5220,176,"2025-08-28 12:00:00",Shipped
5221,213,"2024-05-28 12:00:00",Delivered
5222,1213,"2024-01-19 12:00:00",Pending
5223,213,"2026-05-28 12:00:00",Delivered
5224,1213,"2026-01-18 12:00:00",Delivered
5225,213,"2025-09-10 12:00:00",Confirmed
5226,250,"2024-06-10 12:00:00",Delivered
5227,1250,"2024-02-01 12:00:00",Delivered
5228,250,"2026-06-10 12:00:00",Delivered
5229,1250,"2026-01-31 12:00:00",Delivered
5230,250,"2025-09-23 12:00:00",Delivered
5231,287,"2024-06-23 12:00:00",Delivered
5232,1287,"2024-02-14 12:00:00",Delivered
5233,287,"2026-06-23 12:00:00",Delivered
5234,1287,"2026-02-13 12:00:00",Pending
5235,287,"2025-10-06 12:00:00",Delivered
5236,324,"2024-07-06 12:00:00",Delivered
5237,1324,"2024-02-27 12:00:00",Delivered
5238,324,"2026-07-06 12:00:00",Delivered
5239,1324,"2026-02-26 12:00:00",Delivered
5240,324,"2025-10-19 12:00:00",Delivered
5241,361,"2024-07-19 12:00:00",Cancelled
5242,1361,"2024-03-11 12:00:00",Cancelled
5243,361,"2026-07-19 12:00:00",Cancelled
5244,1361,"2026-03-11 12:00:00",Cancelled
5245,361,"2025-11-01 12:00:00",Cancelled
5246,1658,"2026-08-01 12:00:00",Delivered
5247,658,"2026-03-24 12:00:00",Delivered
5248,1658,"2025-11-14 12:00:00",Delivered
5249,658,"2025-07-07 12:00:00",Delivered
5250,1658,"2025-02-27 12:00:00",Delivered
5251,1695,"2026-08-14 12:00:00",Delivered
5252,695,"2026-04-06 12:00:00",Delivered
5253,1695,"2025-11-27 12:00:00",Delivered
5254,695,"2025-07-20 12:00:00",Delivered
5255,1695,"2025-03-12 12:00:00",Delivered
5256,1732,"2026-08-27 12:00:00",Delivered
5257,732,"2026-04-19 12:00:00",Delivered
5258,1732,"2025-12-10 12:00:00",Delivered
5259,732,"2025-08-02 12:00:00",Delivered
5260,1732,"2025-03-25 12:00:00",Delivered
5261,1769,"2026-09-09 12:00:00",Delivered
5262,769,"2026-05-02 12:00:00",Confirmed
5263,1769,"2025-12-23 12:00:00",Delivered
5264,769,"2025-08-15 12:00:00",Delivered
5265,1769,"2025-04-07 12:00:00",Confirmed
5266,1806,"2024-01-06 12:00:00",Shipped
5267,806,"2026-05-15 12:00:00",Shipped
5268,1806,"2026-01-05 12:00:00",Shipped
5269,806,"2025-08-28 12:00:00",Shipped
5270,1806,"2025-04-20 12:00:00",Shipped
5271,1843,"2024-01-19 12:00:00",Pending
5272,843,"2026-05-28 12:00:00",Delivered
5273,1843,"2026-01-18 12:00:00",Delivered
5274,843,"2025-09-10 12:00:00",Delivered
5275,1843,"2025-05-03 12:00:00",Delivered
5276,1880,"2024-02-01 12:00:00",Delivered
5277,880,"2026-06-10 12:00:00",Delivered
5278,1880,"2026-01-31 12:00:00",Delivered
5279,880,"2025-09-23 12:00:00",Delivered
5280,1880,"2025-05-16 12:00:00",Delivered
5281,1917,"2024-02-14 12:00:00",Delivered
5282,917,"2026-06-23 12:00:00",Delivered
5283,1917,"2026-02-13 12:00:00",Pending
5284,917,"2025-10-06 12:00:00",Delivered
5285,1917,"2025-05-29 12:00:00",Delivered
5286,1954,"2024-02-27 12:00:00",Delivered
5287,954,"2026-07-06 12:00:00",Delivered
5288,1954,"2026-02-26 12:00:00",Delivered
5289,954,"2025-10-19 12:00:00",Delivered
5290,1954,"2025-06-11 12:00:00",Delivered
5291,1991,"2024-03-11 12:00:00",Shipped
5292,991,"2026-07-19 12:00:00",Shipped
5293,1991,"2026-03-11 12:00:00",Shipped
5294,991,"2025-11-01 12:00:00",Shipped
5295,1991,"2025-06-24 12:00:00",Pending
5296,1288,"2026-03-24 12:00:00",Delivered
5297,288,"2025-11-14 12:00:00",Delivered
5298,1288,"2025-07-07 12:00:00",Delivered
5299,288,"2025-02-27 12:00:00",Delivered
5300,1288,"2024-10-20 12:00:00",Delivered
5301,1325,"2026-04-06 12:00:00",Delivered
5302,325,"2025-11-27 12:00:00",Confirmed
5303,1325,"2025-07-20 12:00:00",Delivered
5304,325,"2025-03-12 12:00:00",Delivered
5305,1325,"2024-11-02 12:00:00",Pending
5306,1362,"2026-04-19 12:00:00",Delivered
5307,362,"2025-12-10 12:00:00",Delivered
5308,1362,"2025-08-02 12:00:00",Delivered
5309,362,"2025-03-25 12:00:00",Delivered
5310,1362,"2024-11-15 12:00:00",Delivered
5311,1399,"2026-05-02 12:00:00",Delivered
5312,399,"2025-12-23 12:00:00",Delivered
5313,1399,"2025-08-15 12:00:00",Delivered
5314,399,"2025-04-07 12:00:00",Delivered
5315,1399,"2024-11-28 12:00:00",Delivered
5316,1436,"2026-05-15 12:00:00",Shipped
5317,436,"2026-01-05 12:00:00",Shipped
5318,1436,"2025-08-28 12:00:00",Shipped
5319,436,"2025-04-20 12:00:00",Shipped
5320,1436,"2024-12-11 12:00:00",Shipped
5321,1473,"2026-05-28 12:00:00",Delivered
5322,473,"2026-01-18 12:00:00",Delivered
5323,1473,"2025-09-10 12:00:00",Confirmed
5324,473,"2025-05-03 12:00:00",Delivered
5325,1473,"2024-12-24 12:00:00",Delivered
5326,1510,"2026-06-10 12:00:00",Delivered
5327,510,"2026-01-31 12:00:00",Delivered
5328,1510,"2025-09-23 12:00:00",Delivered
5329,510,"2025-05-16 12:00:00",Delivered
5330,1510,"2025-01-06 12:00:00",Delivered
5331,1547,"2026-06-23 12:00:00",Delivered
5332,547,"2026-02-13 12:00:00",Pending
5333,1547,"2025-10-06 12:00:00",Delivered
5334,547,"2025-05-29 12:00:00",Delivered
5335,1547,"2025-01-19 12:00:00",Delivered
5336,1584,"2026-07-06 12:00:00",Delivered
5337,584,"2026-02-26 12:00:00",Delivered
5338,1584,"2025-10-19 12:00:00",Delivered
5339,584,"2025-06-11 12:00:00",Delivered
5340,1584,"2025-02-01 12:00:00",Delivered
5341,1621,"2026-07-19 12:00:00",Cancelled
5342,621,"2026-03-11 12:00:00",Cancelled
5343,1621,"2025-11-01 12:00:00",Cancelled
5344,621,"2025-06-24 12:00:00",Cancelled
5345,1621,"2025-02-14 12:00:00",Cancelled
5346,918,"2025-11-14 12:00:00",Delivered
5347,1918,"2025-07-07 12:00:00",Delivered
5348,918,"2025-02-27 12:00:00",Delivered
5349,1918,"2024-10-20 12:00:00",Delivered
5350,918,"2024-06-12 12:00:00",Delivered
5351,955,"2025-11-27 12:00:00",Delivered
5352,1955,"2025-07-20 12:00:00",Delivered
5353,955,"2025-03-12 12:00:00",Delivered
5354,1955,"2024-11-02 12:00:00",Pending
5355,955,"2024-06-25 12:00:00",Delivered
5356,992,"2025-12-10 12:00:00",Delivered
5357,1992,"2025-08-02 12:00:00",Delivered
5358,992,"2025-03-25 12:00:00",Delivered
5359,1992,"2024-11-15 12:00:00",Delivered
5360,992,"2024-07-08 12:00:00",Delivered
5361,1029,"2025-12-23 12:00:00",Delivered
5362,29,"2025-08-15 12:00:00",Delivered
5363,1029,"2025-04-07 12:00:00",Confirmed
5364,29,"2024-11-28 12:00:00",Delivered
5365,1029,"2024-07-21 12:00:00",Delivered
5366,1066,"2026-01-05 12:00:00",Shipped
5367,66,"2025-08-28 12:00:00",Shipped
5368,1066,"2025-04-20 12:00:00",Shipped
5369,66,"2024-12-11 12:00:00",Shipped
5370,1066,"2024-08-03 12:00:00",Shipped
5371,1103,"2026-01-18 12:00:00",Delivered
5372,103,"2025-09-10 12:00:00",Delivered
5373,1103,"2025-05-03 12:00:00",Delivered
5374,103,"2024-12-24 12:00:00",Delivered
5375,1103,"2024-08-16 12:00:00",Delivered
5376,1140,"2026-01-31 12:00:00",Delivered
5377,140,"2025-09-23 12:00:00",Delivered
5378,1140,"2025-05-16 12:00:00",Delivered
5379,140,"2025-01-06 12:00:00",Delivered
5380,1140,"2024-08-29 12:00:00",Delivered
5381,1177,"2026-02-13 12:00:00",Pending
5382,177,"2025-10-06 12:00:00",Delivered
5383,1177,"2025-05-29 12:00:00",Delivered
5384,177,"2025-01-19 12:00:00",Confirmed
5385,1177,"2024-09-11 12:00:00",Delivered
5386,1214,"2026-02-26 12:00:00",Delivered
5387,214,"2025-10-19 12:00:00",Delivered
5388,1214,"2025-06-11 12:00:00",Delivered
5389,214,"2025-02-01 12:00:00",Delivered
5390,1214,"2024-09-24 12:00:00",Delivered
5391,1251,"2026-03-11 12:00:00",Shipped
5392,251,"2025-11-01 12:00:00",Shipped
5393,1251,"2025-06-24 12:00:00",Pending
5394,251,"2025-02-14 12:00:00",Shipped
5395,1251,"2024-10-07 12:00:00",Shipped
5396,548,"2025-07-07 12:00:00",Delivered
5397,1548,"2025-02-27 12:00:00",Delivered
5398,548,"2024-10-20 12:00:00",Delivered
5399,1548,"2024-06-12 12:00:00",Delivered
5400,548,"2024-02-03 12:00:00",Delivered
5401,585,"2025-07-20 12:00:00",Delivered
5402,1585,"2025-03-12 12:00:00",Delivered
5403,585,"2024-11-02 12:00:00",Pending
5404,1585,"2024-06-25 12:00:00",Delivered
5405,585,"2024-02-16 12:00:00",Delivered
5406,622,"2025-08-02 12:00:00",Delivered
5407,1622,"2025-03-25 12:00:00",Delivered
5408,622,"2024-11-15 12:00:00",Delivered
5409,1622,"2024-07-08 12:00:00",Delivered
5410,622,"2024-02-29 12:00:00",Delivered
5411,659,"2025-08-15 12:00:00",Delivered
5412,1659,"2025-04-07 12:00:00",Delivered
5413,659,"2024-11-28 12:00:00",Delivered
5414,1659,"2024-07-21 12:00:00",Delivered
5415,659,"2024-03-13 12:00:00",Pending
5416,696,"2025-08-28 12:00:00",Shipped
5417,1696,"2025-04-20 12:00:00",Shipped
5418,696,"2024-12-11 12:00:00",Shipped
5419,1696,"2024-08-03 12:00:00",Shipped
5420,696,"2024-03-26 12:00:00",Shipped
5421,733,"2025-09-10 12:00:00",Confirmed
5422,1733,"2025-05-03 12:00:00",Delivered
5423,733,"2024-12-24 12:00:00",Delivered
5424,1733,"2024-08-16 12:00:00",Confirmed
5425,733,"2024-04-08 12:00:00",Delivered
5426,770,"2025-09-23 12:00:00",Delivered
5427,1770,"2025-05-16 12:00:00",Delivered
5428,770,"2025-01-06 12:00:00",Delivered
5429,1770,"2024-08-29 12:00:00",Delivered
5430,770,"2024-04-21 12:00:00",Delivered
5431,807,"2025-10-06 12:00:00",Delivered
5432,1807,"2025-05-29 12:00:00",Delivered
5433,807,"2025-01-19 12:00:00",Delivered
5434,1807,"2024-09-11 12:00:00",Delivered
5435,807,"2024-05-04 12:00:00",Delivered
5436,844,"2025-10-19 12:00:00",Delivered
5437,1844,"2025-06-11 12:00:00",Delivered
5438,844,"2025-02-01 12:00:00",Delivered
5439,1844,"2024-09-24 12:00:00",Delivered
5440,844,"2024-05-17 12:00:00",Delivered
5441,881,"2025-11-01 12:00:00",Cancelled
5442,1881,"2025-06-24 12:00:00",Cancelled
5443,881,"2025-02-14 12:00:00",Cancelled
5444,1881,"2024-10-07 12:00:00",Cancelled
5445,881,"2024-05-30 12:00:00",Cancelled
5446,178,"2025-02-27 12:00:00",Delivered
5447,1178,"2024-10-20 12:00:00",Delivered
5448,178,"2024-06-12 12:00:00",Delivered
5449,1178,"2024-02-03 12:00:00",Delivered
5450,178,"2026-06-12 12:00:00",Delivered
5451,215,"2025-03-12 12:00:00",Delivered
5452,1215,"2024-11-02 12:00:00",Pending
5453,215,"2024-06-25 12:00:00",Delivered
5454,1215,"2024-02-16 12:00:00",Delivered
5455,215,"2026-06-25 12:00:00",Delivered
5456,252,"2025-03-25 12:00:00",Delivered
5457,1252,"2024-11-15 12:00:00",Delivered
5458,252,"2024-07-08 12:00:00",Delivered
5459,1252,"2024-02-29 12:00:00",Delivered
5460,252,"2026-07-08 12:00:00",Delivered
5461,289,"2025-04-07 12:00:00",Confirmed
5462,1289,"2024-11-28 12:00:00",Delivered
5463,289,"2024-07-21 12:00:00",Delivered
5464,1289,"2024-03-13 12:00:00",Pending
5465,289,"2026-07-21 12:00:00",Delivered
5466,326,"2025-04-20 12:00:00",Shipped
5467,1326,"2024-12-11 12:00:00",Shipped
5468,326,"2024-08-03 12:00:00",Shipped
5469,1326,"2024-03-26 12:00:00",Shipped
5470,326,"2026-08-03 12:00:00",Shipped
5471,363,"2025-05-03 12:00:00",Delivered
5472,1363,"2024-12-24 12:00:00",Delivered
5473,363,"2024-08-16 12:00:00",Delivered
5474,1363,"2024-04-08 12:00:00",Delivered
5475,363,"2026-08-16 12:00:00",Delivered
5476,400,"2025-05-16 12:00:00",Delivered
5477,1400,"2025-01-06 12:00:00",Delivered
5478,400,"2024-08-29 12:00:00",Delivered
5479,1400,"2024-04-21 12:00:00",Delivered
5480,400,"2026-08-29 12:00:00",Delivered
5481,437,"2025-05-29 12:00:00",Delivered
5482,1437,"2025-01-19 12:00:00",Confirmed
5483,437,"2024-09-11 12:00:00",Delivered
5484,1437,"2024-05-04 12:00:00",Delivered
5485,437,"2026-09-11 12:00:00",Confirmed
5486,474,"2025-06-11 12:00:00",Delivered
5487,1474,"2025-02-01 12:00:00",Delivered
5488,474,"2024-09-24 12:00:00",Delivered
5489,1474,"2024-05-17 12:00:00",Delivered
5490,474,"2024-01-08 12:00:00",Delivered
5491,511,"2025-06-24 12:00:00",Pending
5492,1511,"2025-02-14 12:00:00",Shipped
5493,511,"2024-10-07 12:00:00",Shipped
5494,1511,"2024-05-30 12:00:00",Shipped
5495,511,"2024-01-21 12:00:00",Shipped
5496,1808,"2024-10-20 12:00:00",Delivered
5497,808,"2024-06-12 12:00:00",Delivered
5498,1808,"2024-02-03 12:00:00",Delivered
5499,808,"2026-06-12 12:00:00",Delivered
5500,1808,"2026-02-02 12:00:00",Delivered
5501,1845,"2024-11-02 12:00:00",Pending
5502,845,"2024-06-25 12:00:00",Delivered
5503,1845,"2024-02-16 12:00:00",Delivered
5504,845,"2026-06-25 12:00:00",Confirmed
5505,1845,"2026-02-15 12:00:00",Delivered
5506,1882,"2024-11-15 12:00:00",Delivered
5507,882,"2024-07-08 12:00:00",Delivered
5508,1882,"2024-02-29 12:00:00",Delivered
5509,882,"2026-07-08 12:00:00",Delivered
5510,1882,"2026-02-28 12:00:00",Delivered
5511,1919,"2024-11-28 12:00:00",Delivered
5512,919,"2024-07-21 12:00:00",Delivered
5513,1919,"2024-03-13 12:00:00",Pending
5514,919,"2026-07-21 12:00:00",Delivered
5515,1919,"2026-03-13 12:00:00",Delivered
5516,1956,"2024-12-11 12:00:00",Shipped
5517,956,"2024-08-03 12:00:00",Shipped
5518,1956,"2024-03-26 12:00:00",Shipped
5519,956,"2026-08-03 12:00:00",Shipped
5520,1956,"2026-03-26 12:00:00",Shipped
5521,1993,"2024-12-24 12:00:00",Delivered
5522,993,"2024-08-16 12:00:00",Confirmed
5523,1993,"2024-04-08 12:00:00",Delivered
5524,993,"2026-08-16 12:00:00",Delivered
5525,1993,"2026-04-08 12:00:00",Pending
5526,30,"2025-01-06 12:00:00",Delivered
5527,1030,"2024-08-29 12:00:00",Delivered
5528,30,"2024-04-21 12:00:00",Delivered
5529,1030,"2026-08-29 12:00:00",Delivered
5530,30,"2026-04-21 12:00:00",Delivered
5531,67,"2025-01-19 12:00:00",Delivered
5532,1067,"2024-09-11 12:00:00",Delivered
5533,67,"2024-05-04 12:00:00",Delivered
5534,1067,"2026-09-11 12:00:00",Delivered
5535,67,"2026-05-04 12:00:00",Delivered
5536,104,"2025-02-01 12:00:00",Delivered
5537,1104,"2024-09-24 12:00:00",Delivered
5538,104,"2024-05-17 12:00:00",Delivered
5539,1104,"2024-01-08 12:00:00",Delivered
5540,104,"2026-05-17 12:00:00",Delivered
5541,141,"2025-02-14 12:00:00",Cancelled
5542,1141,"2024-10-07 12:00:00",Cancelled
5543,141,"2024-05-30 12:00:00",Cancelled
5544,1141,"2024-01-21 12:00:00",Cancelled
5545,141,"2026-05-30 12:00:00",Cancelled
5546,1438,"2024-06-12 12:00:00",Delivered
5547,438,"2024-02-03 12:00:00",Delivered
5548,1438,"2026-06-12 12:00:00",Delivered
5549,438,"2026-02-02 12:00:00",Delivered
5550,1438,"2025-09-25 12:00:00",Delivered
5551,1475,"2024-06-25 12:00:00",Delivered
5552,475,"2024-02-16 12:00:00",Delivered
5553,1475,"2026-06-25 12:00:00",Delivered
5554,475,"2026-02-15 12:00:00",Delivered
5555,1475,"2025-10-08 12:00:00",Delivered
5556,1512,"2024-07-08 12:00:00",Delivered
5557,512,"2024-02-29 12:00:00",Delivered
5558,1512,"2026-07-08 12:00:00",Delivered
5559,512,"2026-02-28 12:00:00",Delivered
5560,1512,"2025-10-21 12:00:00",Delivered
5561,1549,"2024-07-21 12:00:00",Delivered
5562,549,"2024-03-13 12:00:00",Pending
5563,1549,"2026-07-21 12:00:00",Delivered
5564,549,"2026-03-13 12:00:00",Delivered
5565,1549,"2025-11-03 12:00:00",Confirmed
5566,1586,"2024-08-03 12:00:00",Shipped
5567,586,"2024-03-26 12:00:00",Shipped
5568,1586,"2026-08-03 12:00:00",Shipped
5569,586,"2026-03-26 12:00:00",Shipped
5570,1586,"2025-11-16 12:00:00",Shipped
5571,1623,"2024-08-16 12:00:00",Delivered
5572,623,"2024-04-08 12:00:00",Delivered
5573,1623,"2026-08-16 12:00:00",Delivered
5574,623,"2026-04-08 12:00:00",Pending
5575,1623,"2025-11-29 12:00:00",Delivered
5576,1660,"2024-08-29 12:00:00",Delivered
5577,660,"2024-04-21 12:00:00",Delivered
5578,1660,"2026-08-29 12:00:00",Delivered
5579,660,"2026-04-21 12:00:00",Delivered
5580,1660,"2025-12-12 12:00:00",Delivered
5581,1697,"2024-09-11 12:00:00",Delivered
5582,697,"2024-05-04 12:00:00",Delivered
5583,1697,"2026-09-11 12:00:00",Confirmed
5584,697,"2026-05-04 12:00:00",Delivered
5585,1697,"2025-12-25 12:00:00",Delivered
5586,1734,"2024-09-24 12:00:00",Delivered
5587,734,"2024-05-17 12:00:00",Delivered
5588,1734,"2024-01-08 12:00:00",Delivered
5589,734,"2026-05-17 12:00:00",Delivered
5590,1734,"2026-01-07 12:00:00",Delivered
5591,1771,"2024-10-07 12:00:00",Shipped
5592,771,"2024-05-30 12:00:00",Shipped
5593,1771,"2024-01-21 12:00:00",Shipped
5594,771,"2026-05-30 12:00:00",Shipped
5595,1771,"2026-01-20 12:00:00",Shipped
5596,468,"2025-10-15 12:00:00",Delivered
5597,1468,"2025-06-07 12:00:00",Delivered
5598,468,"2025-01-28 12:00:00",Delivered
5599,1468,"2024-09-20 12:00:00",Delivered
5600,468,"2024-05-13 12:00:00",Delivered
5601,505,"2025-10-28 12:00:00",Pending
5602,1505,"2025-06-20 12:00:00",Delivered
5603,505,"2025-02-10 12:00:00",Delivered
5604,1505,"2024-10-03 12:00:00",Confirmed
5605,505,"2024-05-26 12:00:00",Delivered
5606,542,"2025-11-10 12:00:00",Delivered
5607,1542,"2025-07-03 12:00:00",Delivered
5608,542,"2025-02-23 12:00:00",Delivered
5609,1542,"2024-10-16 12:00:00",Delivered
5610,542,"2024-06-08 12:00:00",Delivered
5611,579,"2025-11-23 12:00:00",Delivered
5612,1579,"2025-07-16 12:00:00",Delivered
5613,579,"2025-03-08 12:00:00",Pending
5614,1579,"2024-10-29 12:00:00",Delivered
5615,579,"2024-06-21 12:00:00",Delivered
5616,616,"2025-12-06 12:00:00",Shipped
5617,1616,"2025-07-29 12:00:00",Shipped
5618,616,"2025-03-21 12:00:00",Shipped
5619,1616,"2024-11-11 12:00:00",Shipped
5620,616,"2024-07-04 12:00:00",Shipped
5621,653,"2025-12-19 12:00:00",Delivered
5622,1653,"2025-08-11 12:00:00",Confirmed
5623,653,"2025-04-03 12:00:00",Delivered
5624,1653,"2024-11-24 12:00:00",Delivered
5625,653,"2024-07-17 12:00:00",Pending
5626,690,"2026-01-01 12:00:00",Delivered
5627,1690,"2025-08-24 12:00:00",Delivered
5628,690,"2025-04-16 12:00:00",Delivered
5629,1690,"2024-12-07 12:00:00",Delivered
5630,690,"2024-07-30 12:00:00",Delivered
5631,727,"2026-01-14 12:00:00",Delivered
5632,1727,"2025-09-06 12:00:00",Delivered
5633,727,"2025-04-29 12:00:00",Delivered
5634,1727,"2024-12-20 12:00:00",Delivered
5635,727,"2024-08-12 12:00:00",Delivered
5636,764,"2026-01-27 12:00:00",Delivered
5637,1764,"2025-09-19 12:00:00",Delivered
5638,764,"2025-05-12 12:00:00",Delivered
5639,1764,"2025-01-02 12:00:00",Delivered
5640,764,"2024-08-25 12:00:00",Delivered
5641,801,"2026-02-09 12:00:00",Cancelled
5642,1801,"2025-10-02 12:00:00",Cancelled
5643,801,"2025-05-25 12:00:00",Cancelled
5644,1801,"2025-01-15 12:00:00",Cancelled
5645,801,"2024-09-07 12:00:00",Cancelled
5646,98,"2025-06-07 12:00:00",Delivered
5647,1098,"2025-01-28 12:00:00",Delivered
5648,98,"2024-09-20 12:00:00",Delivered
5649,1098,"2024-05-13 12:00:00",Delivered
5650,98,"2024-01-04 12:00:00",Delivered
5651,135,"2025-06-20 12:00:00",Delivered
5652,1135,"2025-02-10 12:00:00",Delivered
5653,135,"2024-10-03 12:00:00",Delivered
5654,1135,"2024-05-26 12:00:00",Delivered
5655,135,"2024-01-17 12:00:00",Delivered
5656,172,"2025-07-03 12:00:00",Delivered
5657,1172,"2025-02-23 12:00:00",Delivered
5658,172,"2024-10-16 12:00:00",Delivered
5659,1172,"2024-06-08 12:00:00",Delivered
5660,172,"2024-01-30 12:00:00",Delivered
5661,209,"2025-07-16 12:00:00",Delivered
5662,1209,"2025-03-08 12:00:00",Pending
5663,209,"2024-10-29 12:00:00",Delivered
5664,1209,"2024-06-21 12:00:00",Delivered
5665,209,"2024-02-12 12:00:00",Confirmed
5666,246,"2025-07-29 12:00:00",Shipped
5667,1246,"2025-03-21 12:00:00",Shipped
5668,246,"2024-11-11 12:00:00",Shipped
5669,1246,"2024-07-04 12:00:00",Shipped
5670,246,"2024-02-25 12:00:00",Shipped
5671,283,"2025-08-11 12:00:00",Delivered
5672,1283,"2025-04-03 12:00:00",Delivered
5673,283,"2024-11-24 12:00:00",Delivered
5674,1283,"2024-07-17 12:00:00",Pending
5675,283,"2024-03-09 12:00:00",Delivered
5676,320,"2025-08-24 12:00:00",Delivered
5677,1320,"2025-04-16 12:00:00",Delivered
5678,320,"2024-12-07 12:00:00",Delivered
5679,1320,"2024-07-30 12:00:00",Delivered
5680,320,"2024-03-22 12:00:00",Delivered
5681,357,"2025-09-06 12:00:00",Delivered
5682,1357,"2025-04-29 12:00:00",Delivered
5683,357,"2024-12-20 12:00:00",Confirmed
5684,1357,"2024-08-12 12:00:00",Delivered
5685,357,"2024-04-04 12:00:00",Delivered
5686,394,"2025-09-19 12:00:00",Delivered
5687,1394,"2025-05-12 12:00:00",Delivered
5688,394,"2025-01-02 12:00:00",Delivered
5689,1394,"2024-08-25 12:00:00",Delivered
5690,394,"2024-04-17 12:00:00",Delivered
5691,431,"2025-10-02 12:00:00",Shipped
5692,1431,"2025-05-25 12:00:00",Shipped
5693,431,"2025-01-15 12:00:00",Shipped
5694,1431,"2024-09-07 12:00:00",Shipped
5695,431,"2024-04-30 12:00:00",Shipped
5696,1728,"2025-01-28 12:00:00",Delivered
5697,728,"2024-09-20 12:00:00",Delivered
5698,1728,"2024-05-13 12:00:00",Delivered
5699,728,"2024-01-04 12:00:00",Delivered
5700,1728,"2026-05-13 12:00:00",Delivered
5701,1765,"2025-02-10 12:00:00",Delivered
5702,765,"2024-10-03 12:00:00",Confirmed
5703,1765,"2024-05-26 12:00:00",Delivered
5704,765,"2024-01-17 12:00:00",Delivered
5705,1765,"2026-05-26 12:00:00",Confirmed
5706,1802,"2025-02-23 12:00:00",Delivered
5707,802,"2024-10-16 12:00:00",Delivered
5708,1802,"2024-06-08 12:00:00",Delivered
5709,802,"2024-01-30 12:00:00",Delivered
5710,1802,"2026-06-08 12:00:00",Delivered
5711,1839,"2025-03-08 12:00:00",Pending
5712,839,"2024-10-29 12:00:00",Delivered
5713,1839,"2024-06-21 12:00:00",Delivered
5714,839,"2024-02-12 12:00:00",Delivered
5715,1839,"2026-06-21 12:00:00",Delivered
5716,1876,"2025-03-21 12:00:00",Shipped
5717,876,"2024-11-11 12:00:00",Shipped
5718,1876,"2024-07-04 12:00:00",Shipped
5719,876,"2024-02-25 12:00:00",Shipped
5720,1876,"2026-07-04 12:00:00",Shipped
5721,1913,"2025-04-03 12:00:00",Delivered
5722,913,"2024-11-24 12:00:00",Delivered
5723,1913,"2024-07-17 12:00:00",Pending
5724,913,"2024-03-09 12:00:00",Delivered
5725,1913,"2026-07-17 12:00:00",Delivered
5726,1950,"2025-04-16 12:00:00",Delivered
5727,950,"2024-12-07 12:00:00",Delivered
5728,1950,"2024-07-30 12:00:00",Delivered
5729,950,"2024-03-22 12:00:00",Delivered
5730,1950,"2026-07-30 12:00:00",Delivered
5731,1987,"2025-04-29 12:00:00",Delivered
5732,987,"2024-12-20 12:00:00",Delivered
5733,1987,"2024-08-12 12:00:00",Delivered
5734,987,"2024-04-04 12:00:00",Delivered
5735,1987,"2026-08-12 12:00:00",Pending
5736,24,"2025-05-12 12:00:00",Delivered
5737,1024,"2025-01-02 12:00:00",Delivered
5738,24,"2024-08-25 12:00:00",Delivered
5739,1024,"2024-04-17 12:00:00",Delivered
5740,24,"2026-08-25 12:00:00",Delivered
5741,61,"2025-05-25 12:00:00",Cancelled
5742,1061,"2025-01-15 12:00:00",Cancelled
5743,61,"2024-09-07 12:00:00",Cancelled
5744,1061,"2024-04-30 12:00:00",Cancelled
5745,61,"2026-09-07 12:00:00",Cancelled
5746,1358,"2024-09-20 12:00:00",Delivered
5747,358,"2024-05-13 12:00:00",Delivered
5748,1358,"2024-01-04 12:00:00",Delivered
5749,358,"2026-05-13 12:00:00",Delivered
5750,1358,"2026-01-03 12:00:00",Delivered
5751,1395,"2024-10-03 12:00:00",Delivered
5752,395,"2024-05-26 12:00:00",Delivered
5753,1395,"2024-01-17 12:00:00",Delivered
5754,395,"2026-05-26 12:00:00",Delivered
5755,1395,"2026-01-16 12:00:00",Delivered
5756,1432,"2024-10-16 12:00:00",Delivered
5757,432,"2024-06-08 12:00:00",Delivered
5758,1432,"2024-01-30 12:00:00",Delivered
5759,432,"2026-06-08 12:00:00",Delivered
5760,1432,"2026-01-29 12:00:00",Delivered
5761,1469,"2024-10-29 12:00:00",Delivered
5762,469,"2024-06-21 12:00:00",Delivered
5763,1469,"2024-02-12 12:00:00",Confirmed
5764,469,"2026-06-21 12:00:00",Delivered
5765,1469,"2026-02-11 12:00:00",Delivered
5766,1506,"2024-11-11 12:00:00",Shipped
5767,506,"2024-07-04 12:00:00",Shipped
5768,1506,"2024-02-25 12:00:00",Shipped
5769,506,"2026-07-04 12:00:00",Shipped
5770,1506,"2026-02-24 12:00:00",Shipped
5771,1543,"2024-11-24 12:00:00",Delivered
5772,543,"2024-07-17 12:00:00",Pending
5773,1543,"2024-03-09 12:00:00",Delivered
5774,543,"2026-07-17 12:00:00",Delivered
5775,1543,"2026-03-09 12:00:00",Delivered
5776,1580,"2024-12-07 12:00:00",Delivered
5777,580,"2024-07-30 12:00:00",Delivered
5778,1580,"2024-03-22 12:00:00",Delivered
5779,580,"2026-07-30 12:00:00",Delivered
5780,1580,"2026-03-22 12:00:00",Delivered
5781,1617,"2024-12-20 12:00:00",Confirmed
5782,617,"2024-08-12 12:00:00",Delivered
5783,1617,"2024-04-04 12:00:00",Delivered
5784,617,"2026-08-12 12:00:00",Pending
5785,1617,"2026-04-04 12:00:00",Delivered
5786,1654,"2025-01-02 12:00:00",Delivered
5787,654,"2024-08-25 12:00:00",Delivered
5788,1654,"2024-04-17 12:00:00",Delivered
5789,654,"2026-08-25 12:00:00",Delivered
5790,1654,"2026-04-17 12:00:00",Delivered
5791,1691,"2025-01-15 12:00:00",Shipped
5792,691,"2024-09-07 12:00:00",Shipped
5793,1691,"2024-04-30 12:00:00",Shipped
5794,691,"2026-09-07 12:00:00",Shipped
5795,1691,"2026-04-30 12:00:00",Shipped
5796,988,"2024-05-13 12:00:00",Delivered
5797,1988,"2024-01-04 12:00:00",Delivered
5798,988,"2026-05-13 12:00:00",Delivered
5799,1988,"2026-01-03 12:00:00",Delivered
5800,988,"2025-08-26 12:00:00",Delivered
5801,1025,"2024-05-26 12:00:00",Delivered
5802,25,"2024-01-17 12:00:00",Delivered
5803,1025,"2026-05-26 12:00:00",Confirmed
5804,25,"2026-01-16 12:00:00",Delivered
5805,1025,"2025-09-08 12:00:00",Delivered
5806,1062,"2024-06-08 12:00:00",Delivered
5807,62,"2024-01-30 12:00:00",Delivered
5808,1062,"2026-06-08 12:00:00",Delivered
5809,62,"2026-01-29 12:00:00",Delivered
5810,1062,"2025-09-21 12:00:00",Delivered
5811,1099,"2024-06-21 12:00:00",Delivered
5812,99,"2024-02-12 12:00:00",Delivered
5813,1099,"2026-06-21 12:00:00",Delivered
5814,99,"2026-02-11 12:00:00",Delivered
5815,1099,"2025-10-04 12:00:00",Delivered
5816,1136,"2024-07-04 12:00:00",Shipped
5817,136,"2024-02-25 12:00:00",Shipped
5818,1136,"2026-07-04 12:00:00",Shipped
5819,136,"2026-02-24 12:00:00",Shipped
5820,1136,"2025-10-17 12:00:00",Shipped
5821,1173,"2024-07-17 12:00:00",Pending
5822,173,"2024-03-09 12:00:00",Delivered
5823,1173,"2026-07-17 12:00:00",Delivered
5824,173,"2026-03-09 12:00:00",Confirmed
5825,1173,"2025-10-30 12:00:00",Delivered
5826,1210,"2024-07-30 12:00:00",Delivered
5827,210,"2024-03-22 12:00:00",Delivered
5828,1210,"2026-07-30 12:00:00",Delivered
5829,210,"2026-03-22 12:00:00",Delivered
5830,1210,"2025-11-12 12:00:00",Delivered
5831,1247,"2024-08-12 12:00:00",Delivered
5832,247,"2024-04-04 12:00:00",Delivered
5833,1247,"2026-08-12 12:00:00",Pending
5834,247,"2026-04-04 12:00:00",Delivered
5835,1247,"2025-11-25 12:00:00",Delivered
5836,1284,"2024-08-25 12:00:00",Delivered
5837,284,"2024-04-17 12:00:00",Delivered
5838,1284,"2026-08-25 12:00:00",Delivered
5839,284,"2026-04-17 12:00:00",Delivered
5840,1284,"2025-12-08 12:00:00",Delivered
5841,1321,"2024-09-07 12:00:00",Cancelled
5842,321,"2024-04-30 12:00:00",Cancelled
5843,1321,"2026-09-07 12:00:00",Cancelled
5844,321,"2026-04-30 12:00:00",Cancelled
5845,1321,"2025-12-21 12:00:00",Cancelled
5846,618,"2024-01-04 12:00:00",Delivered
5847,1618,"2026-05-13 12:00:00",Delivered
5848,618,"2026-01-03 12:00:00",Delivered
5849,1618,"2025-08-26 12:00:00",Delivered
5850,618,"2025-04-18 12:00:00",Delivered
5851,655,"2024-01-17 12:00:00",Delivered
5852,1655,"2026-05-26 12:00:00",Delivered
5853,655,"2026-01-16 12:00:00",Delivered
5854,1655,"2025-09-08 12:00:00",Delivered
5855,655,"2025-05-01 12:00:00",Pending
5856,692,"2024-01-30 12:00:00",Delivered
5857,1692,"2026-06-08 12:00:00",Delivered
5858,692,"2026-01-29 12:00:00",Delivered
5859,1692,"2025-09-21 12:00:00",Delivered
5860,692,"2025-05-14 12:00:00",Delivered
5861,729,"2024-02-12 12:00:00",Confirmed
5862,1729,"2026-06-21 12:00:00",Delivered
5863,729,"2026-02-11 12:00:00",Delivered
5864,1729,"2025-10-04 12:00:00",Confirmed
5865,729,"2025-05-27 12:00:00",Delivered
5866,766,"2024-02-25 12:00:00",Shipped
5867,1766,"2026-07-04 12:00:00",Shipped
5868,766,"2026-02-24 12:00:00",Shipped
5869,1766,"2025-10-17 12:00:00",Shipped
5870,766,"2025-06-09 12:00:00",Shipped
5871,803,"2024-03-09 12:00:00",Delivered
5872,1803,"2026-07-17 12:00:00",Delivered
5873,803,"2026-03-09 12:00:00",Delivered
5874,1803,"2025-10-30 12:00:00",Delivered
5875,803,"2025-06-22 12:00:00",Delivered
5876,840,"2024-03-22 12:00:00",Delivered
5877,1840,"2026-07-30 12:00:00",Delivered
5878,840,"2026-03-22 12:00:00",Delivered
5879,1840,"2025-11-12 12:00:00",Delivered
5880,840,"2025-07-05 12:00:00",Delivered
5881,877,"2024-04-04 12:00:00",Delivered
5882,1877,"2026-08-12 12:00:00",Pending
5883,877,"2026-04-04 12:00:00",Delivered
5884,1877,"2025-11-25 12:00:00",Delivered
5885,877,"2025-07-18 12:00:00",Confirmed
5886,914,"2024-04-17 12:00:00",Delivered
5887,1914,"2026-08-25 12:00:00",Delivered
5888,914,"2026-04-17 12:00:00",Delivered
5889,1914,"2025-12-08 12:00:00",Delivered
5890,914,"2025-07-31 12:00:00",Delivered
5891,951,"2024-04-30 12:00:00",Shipped
5892,1951,"2026-09-07 12:00:00",Shipped
5893,951,"2026-04-30 12:00:00",Shipped
5894,1951,"2025-12-21 12:00:00",Pending
5895,951,"2025-08-13 12:00:00",Shipped
5896,248,"2026-05-13 12:00:00",Delivered
5897,1248,"2026-01-03 12:00:00",Delivered
5898,248,"2025-08-26 12:00:00",Delivered
5899,1248,"2025-04-18 12:00:00",Delivered
5900,248,"2024-12-09 12:00:00",Delivered
5901,285,"2026-05-26 12:00:00",Confirmed
5902,1285,"2026-01-16 12:00:00",Delivered
5903,285,"2025-09-08 12:00:00",Delivered
5904,1285,"2025-05-01 12:00:00",Pending
5905,285,"2024-12-22 12:00:00",Delivered
5906,322,"2026-06-08 12:00:00",Delivered
5907,1322,"2026-01-29 12:00:00",Delivered
5908,322,"2025-09-21 12:00:00",Delivered
5909,1322,"2025-05-14 12:00:00",Delivered
5910,322,"2025-01-04 12:00:00",Delivered
5911,359,"2026-06-21 12:00:00",Delivered
5912,1359,"2026-02-11 12:00:00",Delivered
5913,359,"2025-10-04 12:00:00",Delivered
5914,1359,"2025-05-27 12:00:00",Delivered
5915,359,"2025-01-17 12:00:00",Delivered
5916,396,"2026-07-04 12:00:00",Shipped
5917,1396,"2026-02-24 12:00:00",Shipped
5918,396,"2025-10-17 12:00:00",Shipped
5919,1396,"2025-06-09 12:00:00",Shipped
5920,396,"2025-01-30 12:00:00",Shipped
5921,433,"2026-07-17 12:00:00",Delivered
5922,1433,"2026-03-09 12:00:00",Confirmed
5923,433,"2025-10-30 12:00:00",Delivered
5924,1433,"2025-06-22 12:00:00",Delivered
5925,433,"2025-02-12 12:00:00",Confirmed
5926,470,"2026-07-30 12:00:00",Delivered
5927,1470,"2026-03-22 12:00:00",Delivered
5928,470,"2025-11-12 12:00:00",Delivered
5929,1470,"2025-07-05 12:00:00",Delivered
5930,470,"2025-02-25 12:00:00",Delivered
5931,507,"2026-08-12 12:00:00",Pending
5932,1507,"2026-04-04 12:00:00",Delivered
5933,507,"2025-11-25 12:00:00",Delivered
5934,1507,"2025-07-18 12:00:00",Delivered
5935,507,"2025-03-10 12:00:00",Delivered
5936,544,"2026-08-25 12:00:00",Delivered
5937,1544,"2026-04-17 12:00:00",Delivered
5938,544,"2025-12-08 12:00:00",Delivered
5939,1544,"2025-07-31 12:00:00",Delivered
5940,544,"2025-03-23 12:00:00",Delivered
5941,581,"2026-09-07 12:00:00",Cancelled
5942,1581,"2026-04-30 12:00:00",Cancelled
5943,581,"2025-12-21 12:00:00",Cancelled
5944,1581,"2025-08-13 12:00:00",Cancelled
5945,581,"2025-04-05 12:00:00",Cancelled
5946,1878,"2026-01-03 12:00:00",Delivered
5947,878,"2025-08-26 12:00:00",Delivered
5948,1878,"2025-04-18 12:00:00",Delivered
5949,878,"2024-12-09 12:00:00",Delivered
5950,1878,"2024-08-01 12:00:00",Delivered
5951,1915,"2026-01-16 12:00:00",Delivered
5952,915,"2025-09-08 12:00:00",Delivered
5953,1915,"2025-05-01 12:00:00",Pending
5954,915,"2024-12-22 12:00:00",Delivered
5955,1915,"2024-08-14 12:00:00",Delivered
5956,1952,"2026-01-29 12:00:00",Delivered
5957,952,"2025-09-21 12:00:00",Delivered
5958,1952,"2025-05-14 12:00:00",Delivered
5959,952,"2025-01-04 12:00:00",Delivered
5960,1952,"2024-08-27 12:00:00",Delivered
5961,1989,"2026-02-11 12:00:00",Delivered
5962,989,"2025-10-04 12:00:00",Confirmed
5963,1989,"2025-05-27 12:00:00",Delivered
5964,989,"2025-01-17 12:00:00",Delivered
5965,1989,"2024-09-09 12:00:00",Pending
5966,26,"2026-02-24 12:00:00",Shipped
5967,1026,"2025-10-17 12:00:00",Shipped
5968,26,"2025-06-09 12:00:00",Shipped
5969,1026,"2025-01-30 12:00:00",Shipped
5970,26,"2024-09-22 12:00:00",Shipped
5971,63,"2026-03-09 12:00:00",Delivered
5972,1063,"2025-10-30 12:00:00",Delivered
5973,63,"2025-06-22 12:00:00",Delivered
5974,1063,"2025-02-12 12:00:00",Delivered
5975,63,"2024-10-05 12:00:00",Delivered
5976,100,"2026-03-22 12:00:00",Delivered
5977,1100,"2025-11-12 12:00:00",Delivered
5978,100,"2025-07-05 12:00:00",Delivered
5979,1100,"2025-02-25 12:00:00",Delivered
5980,100,"2024-10-18 12:00:00",Delivered
5981,137,"2026-04-04 12:00:00",Delivered
5982,1137,"2025-11-25 12:00:00",Delivered
5983,137,"2025-07-18 12:00:00",Confirmed
5984,1137,"2025-03-10 12:00:00",Delivered
5985,137,"2024-10-31 12:00:00",Delivered
5986,174,"2026-04-17 12:00:00",Delivered
5987,1174,"2025-12-08 12:00:00",Delivered
5988,174,"2025-07-31 12:00:00",Delivered
5989,1174,"2025-03-23 12:00:00",Delivered
5990,174,"2024-11-13 12:00:00",Delivered
5991,211,"2026-04-30 12:00:00",Shipped
5992,1211,"2025-12-21 12:00:00",Pending
5993,211,"2025-08-13 12:00:00",Shipped
5994,1211,"2025-04-05 12:00:00",Shipped
5995,211,"2024-11-26 12:00:00",Shipped
5996,1508,"2025-08-26 12:00:00",Delivered
5997,508,"2025-04-18 12:00:00",Delivered
5998,1508,"2024-12-09 12:00:00",Delivered
5999,508,"2024-08-01 12:00:00",Delivered
6000,1508,"2024-03-24 12:00:00",Delivered
6001,1545,"2025-09-08 12:00:00",Delivered
6002,545,"2025-05-01 12:00:00",Pending
6003,1545,"2024-12-22 12:00:00",Delivered
6004,545,"2024-08-14 12:00:00",Delivered
6005,1545,"2024-04-06 12:00:00",Confirmed
6006,1582,"2025-09-21 12:00:00",Delivered
6007,582,"2025-05-14 12:00:00",Delivered
6008,1582,"2025-01-04 12:00:00",Delivered
6009,582,"2024-08-27 12:00:00",Delivered
6010,1582,"2024-04-19 12:00:00",Delivered
6011,1619,"2025-10-04 12:00:00",Delivered
6012,619,"2025-05-27 12:00:00",Delivered
6013,1619,"2025-01-17 12:00:00",Delivered
6014,619,"2024-09-09 12:00:00",Pending
6015,1619,"2024-05-02 12:00:00",Delivered
6016,1656,"2025-10-17 12:00:00",Shipped
6017,656,"2025-06-09 12:00:00",Shipped
6018,1656,"2025-01-30 12:00:00",Shipped
6019,656,"2024-09-22 12:00:00",Shipped
6020,1656,"2024-05-15 12:00:00",Shipped
6021,1693,"2025-10-30 12:00:00",Delivered
6022,693,"2025-06-22 12:00:00",Delivered
6023,1693,"2025-02-12 12:00:00",Confirmed
6024,693,"2024-10-05 12:00:00",Delivered
6025,1693,"2024-05-28 12:00:00",Delivered
6026,1730,"2025-11-12 12:00:00",Delivered
6027,730,"2025-07-05 12:00:00",Delivered
6028,1730,"2025-02-25 12:00:00",Delivered
6029,730,"2024-10-18 12:00:00",Delivered
6030,1730,"2024-06-10 12:00:00",Delivered
6031,1767,"2025-11-25 12:00:00",Delivered
6032,767,"2025-07-18 12:00:00",Delivered
6033,1767,"2025-03-10 12:00:00",Delivered
6034,767,"2024-10-31 12:00:00",Delivered
6035,1767,"2024-06-23 12:00:00",Delivered
6036,1804,"2025-12-08 12:00:00",Delivered
6037,804,"2025-07-31 12:00:00",Delivered
6038,1804,"2025-03-23 12:00:00",Delivered
6039,804,"2024-11-13 12:00:00",Delivered
6040,1804,"2024-07-06 12:00:00",Delivered
6041,1841,"2025-12-21 12:00:00",Cancelled
6042,841,"2025-08-13 12:00:00",Cancelled
6043,1841,"2025-04-05 12:00:00",Cancelled
6044,841,"2024-11-26 12:00:00",Cancelled
6045,1841,"2024-07-19 12:00:00",Cancelled
6046,1138,"2025-04-18 12:00:00",Delivered
6047,138,"2024-12-09 12:00:00",Delivered
6048,1138,"2024-08-01 12:00:00",Delivered
6049,138,"2024-03-24 12:00:00",Delivered
6050,1138,"2026-08-01 12:00:00",Delivered
6051,1175,"2025-05-01 12:00:00",Pending
6052,175,"2024-12-22 12:00:00",Delivered
6053,1175,"2024-08-14 12:00:00",Delivered
6054,175,"2024-04-06 12:00:00",Delivered
6055,1175,"2026-08-14 12:00:00",Delivered
6056,1212,"2025-05-14 12:00:00",Delivered
6057,212,"2025-01-04 12:00:00",Delivered
6058,1212,"2024-08-27 12:00:00",Delivered
6059,212,"2024-04-19 12:00:00",Delivered
6060,1212,"2026-08-27 12:00:00",Delivered
6061,1249,"2025-05-27 12:00:00",Delivered
6062,249,"2025-01-17 12:00:00",Delivered
6063,1249,"2024-09-09 12:00:00",Pending
6064,249,"2024-05-02 12:00:00",Delivered
6065,1249,"2026-09-09 12:00:00",Delivered
6066,1286,"2025-06-09 12:00:00",Shipped
6067,286,"2025-01-30 12:00:00",Shipped
6068,1286,"2024-09-22 12:00:00",Shipped
6069,286,"2024-05-15 12:00:00",Shipped
6070,1286,"2024-01-06 12:00:00",Shipped
6071,1323,"2025-06-22 12:00:00",Delivered
6072,323,"2025-02-12 12:00:00",Delivered
6073,1323,"2024-10-05 12:00:00",Delivered
6074,323,"2024-05-28 12:00:00",Delivered
6075,1323,"2024-01-19 12:00:00",Pending
6076,1360,"2025-07-05 12:00:00",Delivered
6077,360,"2025-02-25 12:00:00",Delivered
6078,1360,"2024-10-18 12:00:00",Delivered
6079,360,"2024-06-10 12:00:00",Delivered
6080,1360,"2024-02-01 12:00:00",Delivered
6081,1397,"2025-07-18 12:00:00",Confirmed
6082,397,"2025-03-10 12:00:00",Delivered
6083,1397,"2024-10-31 12:00:00",Delivered
6084,397,"2024-06-23 12:00:00",Confirmed
6085,1397,"2024-02-14 12:00:00",Delivered
6086,1434,"2025-07-31 12:00:00",Delivered
6087,434,"2025-03-23 12:00:00",Delivered
6088,1434,"2024-11-13 12:00:00",Delivered
6089,434,"2024-07-06 12:00:00",Delivered
6090,1434,"2024-02-27 12:00:00",Delivered
6091,1471,"2025-08-13 12:00:00",Shipped
6092,471,"2025-04-05 12:00:00",Shipped
6093,1471,"2024-11-26 12:00:00",Shipped
6094,471,"2024-07-19 12:00:00",Shipped
6095,1471,"2024-03-11 12:00:00",Shipped
6096,168,"2026-08-21 12:00:00",Delivered
6097,1168,"2026-04-13 12:00:00",Delivered
6098,168,"2025-12-04 12:00:00",Delivered
6099,1168,"2025-07-27 12:00:00",Delivered
6100,168,"2025-03-19 12:00:00",Delivered
6101,205,"2026-09-03 12:00:00",Delivered
6102,1205,"2026-04-26 12:00:00",Pending
6103,205,"2025-12-17 12:00:00",Delivered
6104,1205,"2025-08-09 12:00:00",Delivered
6105,205,"2025-04-01 12:00:00",Confirmed
6106,242,"2026-09-16 12:00:00",Delivered
6107,1242,"2026-05-09 12:00:00",Delivered
6108,242,"2025-12-30 12:00:00",Delivered
6109,1242,"2025-08-22 12:00:00",Delivered
6110,242,"2025-04-14 12:00:00",Delivered
6111,279,"2024-01-13 12:00:00",Delivered
6112,1279,"2026-05-22 12:00:00",Delivered
6113,279,"2026-01-12 12:00:00",Delivered
6114,1279,"2025-09-04 12:00:00",Pending
6115,279,"2025-04-27 12:00:00",Delivered
6116,316,"2024-01-26 12:00:00",Shipped
6117,1316,"2026-06-04 12:00:00",Shipped
6118,316,"2026-01-25 12:00:00",Shipped
6119,1316,"2025-09-17 12:00:00",Shipped
6120,316,"2025-05-10 12:00:00",Shipped
6121,353,"2024-02-08 12:00:00",Delivered
6122,1353,"2026-06-17 12:00:00",Delivered
6123,353,"2026-02-07 12:00:00",Confirmed
6124,1353,"2025-09-30 12:00:00",Delivered
6125,353,"2025-05-23 12:00:00",Delivered
6126,390,"2024-02-21 12:00:00",Delivered
6127,1390,"2026-06-30 12:00:00",Delivered
6128,390,"2026-02-20 12:00:00",Delivered
6129,1390,"2025-10-13 12:00:00",Delivered
6130,390,"2025-06-05 12:00:00",Delivered
6131,427,"2024-03-05 12:00:00",Delivered
6132,1427,"2026-07-13 12:00:00",Delivered
6133,427,"2026-03-05 12:00:00",Delivered
6134,1427,"2025-10-26 12:00:00",Delivered
6135,427,"2025-06-18 12:00:00",Delivered
6136,464,"2024-03-18 12:00:00",Delivered
6137,1464,"2026-07-26 12:00:00",Delivered
6138,464,"2026-03-18 12:00:00",Delivered
6139,1464,"2025-11-08 12:00:00",Delivered
6140,464,"2025-07-01 12:00:00",Delivered
6141,501,"2024-03-31 12:00:00",Cancelled
6142,1501,"2026-08-08 12:00:00",Cancelled
6143,501,"2026-03-31 12:00:00",Cancelled
6144,1501,"2025-11-21 12:00:00",Cancelled
6145,501,"2025-07-14 12:00:00",Cancelled
6146,1798,"2026-04-13 12:00:00",Delivered
6147,798,"2025-12-04 12:00:00",Delivered
6148,1798,"2025-07-27 12:00:00",Delivered
6149,798,"2025-03-19 12:00:00",Delivered
6150,1798,"2024-11-09 12:00:00",Delivered
6151,1835,"2026-04-26 12:00:00",Pending
6152,835,"2025-12-17 12:00:00",Delivered
6153,1835,"2025-08-09 12:00:00",Delivered
6154,835,"2025-04-01 12:00:00",Delivered
6155,1835,"2024-11-22 12:00:00",Delivered
6156,1872,"2026-05-09 12:00:00",Delivered
6157,872,"2025-12-30 12:00:00",Delivered
6158,1872,"2025-08-22 12:00:00",Delivered
6159,872,"2025-04-14 12:00:00",Delivered
6160,1872,"2024-12-05 12:00:00",Delivered
6161,1909,"2026-05-22 12:00:00",Delivered
6162,909,"2026-01-12 12:00:00",Delivered
6163,1909,"2025-09-04 12:00:00",Pending
6164,909,"2025-04-27 12:00:00",Delivered
6165,1909,"2024-12-18 12:00:00",Delivered
6166,1946,"2026-06-04 12:00:00",Shipped
6167,946,"2026-01-25 12:00:00",Shipped
6168,1946,"2025-09-17 12:00:00",Shipped
6169,946,"2025-05-10 12:00:00",Shipped
6170,1946,"2024-12-31 12:00:00",Shipped
6171,1983,"2026-06-17 12:00:00",Delivered
6172,983,"2026-02-07 12:00:00",Delivered
6173,1983,"2025-09-30 12:00:00",Delivered
6174,983,"2025-05-23 12:00:00",Delivered
6175,1983,"2025-01-13 12:00:00",Pending
6176,20,"2026-06-30 12:00:00",Delivered
6177,1020,"2026-02-20 12:00:00",Delivered
6178,20,"2025-10-13 12:00:00",Delivered
6179,1020,"2025-06-05 12:00:00",Delivered
6180,20,"2025-01-26 12:00:00",Delivered
6181,57,"2026-07-13 12:00:00",Confirmed
6182,1057,"2026-03-05 12:00:00",Delivered
6183,57,"2025-10-26 12:00:00",Delivered
6184,1057,"2025-06-18 12:00:00",Confirmed
6185,57,"2025-02-08 12:00:00",Delivered
6186,94,"2026-07-26 12:00:00",Delivered
6187,1094,"2026-03-18 12:00:00",Delivered
6188,94,"2025-11-08 12:00:00",Delivered
6189,1094,"2025-07-01 12:00:00",Delivered
6190,94,"2025-02-21 12:00:00",Delivered
6191,131,"2026-08-08 12:00:00",Shipped
6192,1131,"2026-03-31 12:00:00",Shipped
6193,131,"2025-11-21 12:00:00",Shipped
6194,1131,"2025-07-14 12:00:00",Shipped
6195,131,"2025-03-06 12:00:00",Shipped
6196,1428,"2025-12-04 12:00:00",Delivered
6197,428,"2025-07-27 12:00:00",Delivered
6198,1428,"2025-03-19 12:00:00",Delivered
6199,428,"2024-11-09 12:00:00",Delivered
6200,1428,"2024-07-02 12:00:00",Delivered
6201,1465,"2025-12-17 12:00:00",Delivered
6202,465,"2025-08-09 12:00:00",Delivered
6203,1465,"2025-04-01 12:00:00",Confirmed
6204,465,"2024-11-22 12:00:00",Delivered
6205,1465,"2024-07-15 12:00:00",Delivered
6206,1502,"2025-12-30 12:00:00",Delivered
6207,502,"2025-08-22 12:00:00",Delivered
6208,1502,"2025-04-14 12:00:00",Delivered
6209,502,"2024-12-05 12:00:00",Delivered
6210,1502,"2024-07-28 12:00:00",Delivered
6211,1539,"2026-01-12 12:00:00",Delivered
6212,539,"2025-09-04 12:00:00",Pending
6213,1539,"2025-04-27 12:00:00",Delivered
6214,539,"2024-12-18 12:00:00",Delivered
6215,1539,"2024-08-10 12:00:00",Delivered
6216,1576,"2026-01-25 12:00:00",Shipped
6217,576,"2025-09-17 12:00:00",Shipped
6218,1576,"2025-05-10 12:00:00",Shipped
6219,576,"2024-12-31 12:00:00",Shipped
6220,1576,"2024-08-23 12:00:00",Shipped
6221,1613,"2026-02-07 12:00:00",Confirmed
6222,613,"2025-09-30 12:00:00",Delivered
6223,1613,"2025-05-23 12:00:00",Delivered
6224,613,"2025-01-13 12:00:00",Pending
6225,1613,"2024-09-05 12:00:00",Delivered
6226,1650,"2026-02-20 12:00:00",Delivered
6227,650,"2025-10-13 12:00:00",Delivered
6228,1650,"2025-06-05 12:00:00",Delivered
6229,650,"2025-01-26 12:00:00",Delivered
6230,1650,"2024-09-18 12:00:00",Delivered
6231,1687,"2026-03-05 12:00:00",Delivered
6232,687,"2025-10-26 12:00:00",Delivered
6233,1687,"2025-06-18 12:00:00",Delivered
6234,687,"2025-02-08 12:00:00",Delivered
6235,1687,"2024-10-01 12:00:00",Delivered
6236,1724,"2026-03-18 12:00:00",Delivered
6237,724,"2025-11-08 12:00:00",Delivered
6238,1724,"2025-07-01 12:00:00",Delivered
6239,724,"2025-02-21 12:00:00",Delivered
6240,1724,"2024-10-14 12:00:00",Delivered
6241,1761,"2026-03-31 12:00:00",Cancelled
6242,761,"2025-11-21 12:00:00",Cancelled
6243,1761,"2025-07-14 12:00:00",Cancelled
6244,761,"2025-03-06 12:00:00",Cancelled
6245,1761,"2024-10-27 12:00:00",Cancelled
6246,1058,"2025-07-27 12:00:00",Delivered
6247,58,"2025-03-19 12:00:00",Delivered
6248,1058,"2024-11-09 12:00:00",Delivered
6249,58,"2024-07-02 12:00:00",Delivered
6250,1058,"2024-02-23 12:00:00",Delivered
6251,1095,"2025-08-09 12:00:00",Delivered
6252,95,"2025-04-01 12:00:00",Delivered
6253,1095,"2024-11-22 12:00:00",Delivered
6254,95,"2024-07-15 12:00:00",Delivered
6255,1095,"2024-03-07 12:00:00",Delivered
6256,1132,"2025-08-22 12:00:00",Delivered
6257,132,"2025-04-14 12:00:00",Delivered
6258,1132,"2024-12-05 12:00:00",Delivered
6259,132,"2024-07-28 12:00:00",Delivered
6260,1132,"2024-03-20 12:00:00",Delivered
6261,1169,"2025-09-04 12:00:00",Pending
6262,169,"2025-04-27 12:00:00",Delivered
6263,1169,"2024-12-18 12:00:00",Delivered
6264,169,"2024-08-10 12:00:00",Confirmed
6265,1169,"2024-04-02 12:00:00",Delivered
6266,1206,"2025-09-17 12:00:00",Shipped
6267,206,"2025-05-10 12:00:00",Shipped
6268,1206,"2024-12-31 12:00:00",Shipped
6269,206,"2024-08-23 12:00:00",Shipped
6270,1206,"2024-04-15 12:00:00",Shipped
6271,1243,"2025-09-30 12:00:00",Delivered
6272,243,"2025-05-23 12:00:00",Delivered
6273,1243,"2025-01-13 12:00:00",Pending
6274,243,"2024-09-05 12:00:00",Delivered
6275,1243,"2024-04-28 12:00:00",Delivered
6276,1280,"2025-10-13 12:00:00",Delivered
6277,280,"2025-06-05 12:00:00",Delivered
6278,1280,"2025-01-26 12:00:00",Delivered
6279,280,"2024-09-18 12:00:00",Delivered
6280,1280,"2024-05-11 12:00:00",Delivered
6281,1317,"2025-10-26 12:00:00",Delivered
6282,317,"2025-06-18 12:00:00",Confirmed
6283,1317,"2025-02-08 12:00:00",Delivered
6284,317,"2024-10-01 12:00:00",Delivered
6285,1317,"2024-05-24 12:00:00",Pending
6286,1354,"2025-11-08 12:00:00",Delivered
6287,354,"2025-07-01 12:00:00",Delivered
6288,1354,"2025-02-21 12:00:00",Delivered
6289,354,"2024-10-14 12:00:00",Delivered
6290,1354,"2024-06-06 12:00:00",Delivered
6291,1391,"2025-11-21 12:00:00",Shipped
6292,391,"2025-07-14 12:00:00",Shipped
6293,1391,"2025-03-06 12:00:00",Shipped
6294,391,"2024-10-27 12:00:00",Shipped
6295,1391,"2024-06-19 12:00:00",Shipped
6296,688,"2025-03-19 12:00:00",Delivered
6297,1688,"2024-11-09 12:00:00",Delivered
6298,688,"2024-07-02 12:00:00",Delivered
6299,1688,"2024-02-23 12:00:00",Delivered
6300,688,"2026-07-02 12:00:00",Delivered
6301,725,"2025-04-01 12:00:00",Confirmed
6302,1725,"2024-11-22 12:00:00",Delivered
6303,725,"2024-07-15 12:00:00",Delivered
6304,1725,"2024-03-07 12:00:00",Confirmed
6305,725,"2026-07-15 12:00:00",Delivered
6306,762,"2025-04-14 12:00:00",Delivered
6307,1762,"2024-12-05 12:00:00",Delivered
6308,762,"2024-07-28 12:00:00",Delivered
6309,1762,"2024-03-20 12:00:00",Delivered
6310,762,"2026-07-28 12:00:00",Delivered
6311,799,"2025-04-27 12:00:00",Delivered
6312,1799,"2024-12-18 12:00:00",Delivered
6313,799,"2024-08-10 12:00:00",Delivered
6314,1799,"2024-04-02 12:00:00",Delivered
6315,799,"2026-08-10 12:00:00",Delivered
6316,836,"2025-05-10 12:00:00",Shipped
6317,1836,"2024-12-31 12:00:00",Shipped
6318,836,"2024-08-23 12:00:00",Shipped
6319,1836,"2024-04-15 12:00:00",Shipped
6320,836,"2026-08-23 12:00:00",Shipped
6321,873,"2025-05-23 12:00:00",Delivered
6322,1873,"2025-01-13 12:00:00",Pending
6323,873,"2024-09-05 12:00:00",Delivered
6324,1873,"2024-04-28 12:00:00",Delivered
6325,873,"2026-09-05 12:00:00",Confirmed
6326,910,"2025-06-05 12:00:00",Delivered
6327,1910,"2025-01-26 12:00:00",Delivered
6328,910,"2024-09-18 12:00:00",Delivered
6329,1910,"2024-05-11 12:00:00",Delivered
6330,910,"2024-01-02 12:00:00",Delivered
6331,947,"2025-06-18 12:00:00",Delivered
6332,1947,"2025-02-08 12:00:00",Delivered
6333,947,"2024-10-01 12:00:00",Delivered
6334,1947,"2024-05-24 12:00:00",Pending
6335,947,"2024-01-15 12:00:00",Delivered
6336,984,"2025-07-01 12:00:00",Delivered
6337,1984,"2025-02-21 12:00:00",Delivered
6338,984,"2024-10-14 12:00:00",Delivered
6339,1984,"2024-06-06 12:00:00",Delivered
6340,984,"2024-01-28 12:00:00",Delivered
6341,1021,"2025-07-14 12:00:00",Cancelled
6342,21,"2025-03-06 12:00:00",Cancelled
6343,1021,"2024-10-27 12:00:00",Cancelled
6344,21,"2024-06-19 12:00:00",Cancelled
6345,1021,"2024-02-10 12:00:00",Cancelled
6346,318,"2024-11-09 12:00:00",Delivered
6347,1318,"2024-07-02 12:00:00",Delivered
6348,318,"2024-02-23 12:00:00",Delivered
6349,1318,"2026-07-02 12:00:00",Delivered
6350,318,"2026-02-22 12:00:00",Delivered
6351,355,"2024-11-22 12:00:00",Delivered
6352,1355,"2024-07-15 12:00:00",Delivered
6353,355,"2024-03-07 12:00:00",Delivered
6354,1355,"2026-07-15 12:00:00",Delivered
6355,355,"2026-03-07 12:00:00",Delivered
6356,392,"2024-12-05 12:00:00",Delivered
6357,1392,"2024-07-28 12:00:00",Delivered
6358,392,"2024-03-20 12:00:00",Delivered
6359,1392,"2026-07-28 12:00:00",Delivered
6360,392,"2026-03-20 12:00:00",Delivered
6361,429,"2024-12-18 12:00:00",Delivered
6362,1429,"2024-08-10 12:00:00",Confirmed
6363,429,"2024-04-02 12:00:00",Delivered
6364,1429,"2026-08-10 12:00:00",Delivered
6365,429,"2026-04-02 12:00:00",Confirmed
6366,466,"2024-12-31 12:00:00",Shipped
6367,1466,"2024-08-23 12:00:00",Shipped
6368,466,"2024-04-15 12:00:00",Shipped
6369,1466,"2026-08-23 12:00:00",Shipped
6370,466,"2026-04-15 12:00:00",Shipped
6371,503,"2025-01-13 12:00:00",Pending
6372,1503,"2024-09-05 12:00:00",Delivered
6373,503,"2024-04-28 12:00:00",Delivered
6374,1503,"2026-09-05 12:00:00",Delivered
6375,503,"2026-04-28 12:00:00",Delivered
6376,540,"2025-01-26 12:00:00",Delivered
6377,1540,"2024-09-18 12:00:00",Delivered
6378,540,"2024-05-11 12:00:00",Delivered
6379,1540,"2024-01-02 12:00:00",Delivered
6380,540,"2026-05-11 12:00:00",Delivered
6381,577,"2025-02-08 12:00:00",Delivered
6382,1577,"2024-10-01 12:00:00",Delivered
6383,577,"2024-05-24 12:00:00",Pending
6384,1577,"2024-01-15 12:00:00",Delivered
6385,577,"2026-05-24 12:00:00",Delivered
6386,614,"2025-02-21 12:00:00",Delivered
6387,1614,"2024-10-14 12:00:00",Delivered
6388,614,"2024-06-06 12:00:00",Delivered
6389,1614,"2024-01-28 12:00:00",Delivered
6390,614,"2026-06-06 12:00:00",Delivered
6391,651,"2025-03-06 12:00:00",Shipped
6392,1651,"2024-10-27 12:00:00",Shipped
6393,651,"2024-06-19 12:00:00",Shipped
6394,1651,"2024-02-10 12:00:00",Shipped
6395,651,"2026-06-19 12:00:00",Pending
6396,1948,"2024-07-02 12:00:00",Delivered
6397,948,"2024-02-23 12:00:00",Delivered
6398,1948,"2026-07-02 12:00:00",Delivered
6399,948,"2026-02-22 12:00:00",Delivered
6400,1948,"2025-10-15 12:00:00",Delivered
6401,1985,"2024-07-15 12:00:00",Delivered
6402,985,"2024-03-07 12:00:00",Confirmed
6403,1985,"2026-07-15 12:00:00",Delivered
6404,985,"2026-03-07 12:00:00",Delivered
6405,1985,"2025-10-28 12:00:00",Pending
6406,22,"2024-07-28 12:00:00",Delivered
6407,1022,"2024-03-20 12:00:00",Delivered
6408,22,"2026-07-28 12:00:00",Delivered
6409,1022,"2026-03-20 12:00:00",Delivered
6410,22,"2025-11-10 12:00:00",Delivered
6411,59,"2024-08-10 12:00:00",Delivered
6412,1059,"2024-04-02 12:00:00",Delivered
6413,59,"2026-08-10 12:00:00",Delivered
6414,1059,"2026-04-02 12:00:00",Delivered
6415,59,"2025-11-23 12:00:00",Delivered
6416,96,"2024-08-23 12:00:00",Shipped
6417,1096,"2024-04-15 12:00:00",Shipped
6418,96,"2026-08-23 12:00:00",Shipped
6419,1096,"2026-04-15 12:00:00",Shipped
6420,96,"2025-12-06 12:00:00",Shipped
6421,133,"2024-09-05 12:00:00",Delivered
6422,1133,"2024-04-28 12:00:00",Delivered
6423,133,"2026-09-05 12:00:00",Confirmed
6424,1133,"2026-04-28 12:00:00",Delivered
6425,133,"2025-12-19 12:00:00",Delivered
6426,170,"2024-09-18 12:00:00",Delivered
6427,1170,"2024-05-11 12:00:00",Delivered
6428,170,"2024-01-02 12:00:00",Delivered
6429,1170,"2026-05-11 12:00:00",Delivered
6430,170,"2026-01-01 12:00:00",Delivered
6431,207,"2024-10-01 12:00:00",Delivered
6432,1207,"2024-05-24 12:00:00",Pending
6433,207,"2024-01-15 12:00:00",Delivered
6434,1207,"2026-05-24 12:00:00",Delivered
6435,207,"2026-01-14 12:00:00",Delivered
6436,244,"2024-10-14 12:00:00",Delivered
6437,1244,"2024-06-06 12:00:00",Delivered
6438,244,"2024-01-28 12:00:00",Delivered
6439,1244,"2026-06-06 12:00:00",Delivered
6440,244,"2026-01-27 12:00:00",Delivered
6441,281,"2024-10-27 12:00:00",Cancelled
6442,1281,"2024-06-19 12:00:00",Cancelled
6443,281,"2024-02-10 12:00:00",Cancelled
6444,1281,"2026-06-19 12:00:00",Cancelled
6445,281,"2026-02-09 12:00:00",Cancelled
6446,1578,"2024-02-23 12:00:00",Delivered
6447,578,"2026-07-02 12:00:00",Delivered
6448,1578,"2026-02-22 12:00:00",Delivered
6449,578,"2025-10-15 12:00:00",Delivered
6450,1578,"2025-06-07 12:00:00",Delivered
6451,1615,"2024-03-07 12:00:00",Delivered
6452,615,"2026-07-15 12:00:00",Delivered
6453,1615,"2026-03-07 12:00:00",Delivered
6454,615,"2025-10-28 12:00:00",Pending
6455,1615,"2025-06-20 12:00:00",Delivered
6456,1652,"2024-03-20 12:00:00",Delivered
6457,652,"2026-07-28 12:00:00",Delivered
6458,1652,"2026-03-20 12:00:00",Delivered
6459,652,"2025-11-10 12:00:00",Delivered
6460,1652,"2025-07-03 12:00:00",Delivered
6461,1689,"2024-04-02 12:00:00",Delivered
6462,689,"2026-08-10 12:00:00",Delivered
6463,1689,"2026-04-02 12:00:00",Confirmed
6464,689,"2025-11-23 12:00:00",Delivered
6465,1689,"2025-07-16 12:00:00",Delivered
6466,1726,"2024-04-15 12:00:00",Shipped
6467,726,"2026-08-23 12:00:00",Shipped
6468,1726,"2026-04-15 12:00:00",Shipped
6469,726,"2025-12-06 12:00:00",Shipped
6470,1726,"2025-07-29 12:00:00",Shipped
6471,1763,"2024-04-28 12:00:00",Delivered
6472,763,"2026-09-05 12:00:00",Delivered
6473,1763,"2026-04-28 12:00:00",Delivered
6474,763,"2025-12-19 12:00:00",Delivered
6475,1763,"2025-08-11 12:00:00",Delivered
6476,1800,"2024-05-11 12:00:00",Delivered
6477,800,"2024-01-02 12:00:00",Delivered
6478,1800,"2026-05-11 12:00:00",Delivered
6479,800,"2026-01-01 12:00:00",Delivered
6480,1800,"2025-08-24 12:00:00",Delivered
6481,1837,"2024-05-24 12:00:00",Pending
6482,837,"2024-01-15 12:00:00",Delivered
6483,1837,"2026-05-24 12:00:00",Delivered
6484,837,"2026-01-14 12:00:00",Confirmed
6485,1837,"2025-09-06 12:00:00",Delivered
6486,1874,"2024-06-06 12:00:00",Delivered
6487,874,"2024-01-28 12:00:00",Delivered
6488,1874,"2026-06-06 12:00:00",Delivered
6489,874,"2026-01-27 12:00:00",Delivered
6490,1874,"2025-09-19 12:00:00",Delivered
6491,1911,"2024-06-19 12:00:00",Shipped
6492,911,"2024-02-10 12:00:00",Shipped
6493,1911,"2026-06-19 12:00:00",Pending
6494,911,"2026-02-09 12:00:00",Shipped
6495,1911,"2025-10-02 12:00:00",Shipped
6496,1208,"2026-07-02 12:00:00",Delivered
6497,208,"2026-02-22 12:00:00",Delivered
6498,1208,"2025-10-15 12:00:00",Delivered
6499,208,"2025-06-07 12:00:00",Delivered
6500,1208,"2025-01-28 12:00:00",Delivered
6501,1245,"2026-07-15 12:00:00",Delivered
6502,245,"2026-03-07 12:00:00",Delivered
6503,1245,"2025-10-28 12:00:00",Pending
6504,245,"2025-06-20 12:00:00",Delivered
6505,1245,"2025-02-10 12:00:00",Delivered
6506,1282,"2026-07-28 12:00:00",Delivered
6507,282,"2026-03-20 12:00:00",Delivered
6508,1282,"2025-11-10 12:00:00",Delivered
6509,282,"2025-07-03 12:00:00",Delivered
6510,1282,"2025-02-23 12:00:00",Delivered
6511,1319,"2026-08-10 12:00:00",Delivered
6512,319,"2026-04-02 12:00:00",Delivered
6513,1319,"2025-11-23 12:00:00",Delivered
6514,319,"2025-07-16 12:00:00",Delivered
6515,1319,"2025-03-08 12:00:00",Pending
6516,1356,"2026-08-23 12:00:00",Shipped
6517,356,"2026-04-15 12:00:00",Shipped
6518,1356,"2025-12-06 12:00:00",Shipped
6519,356,"2025-07-29 12:00:00",Shipped
6520,1356,"2025-03-21 12:00:00",Shipped
6521,1393,"2026-09-05 12:00:00",Confirmed
6522,393,"2026-04-28 12:00:00",Delivered
6523,1393,"2025-12-19 12:00:00",Delivered
6524,393,"2025-08-11 12:00:00",Confirmed
6525,1393,"2025-04-03 12:00:00",Delivered
6526,1430,"2024-01-02 12:00:00",Delivered
6527,430,"2026-05-11 12:00:00",Delivered
6528,1430,"2026-01-01 12:00:00",Delivered
6529,430,"2025-08-24 12:00:00",Delivered
6530,1430,"2025-04-16 12:00:00",Delivered
6531,1467,"2024-01-15 12:00:00",Delivered
6532,467,"2026-05-24 12:00:00",Delivered
6533,1467,"2026-01-14 12:00:00",Delivered
6534,467,"2025-09-06 12:00:00",Delivered
6535,1467,"2025-04-29 12:00:00",Delivered
6536,1504,"2024-01-28 12:00:00",Delivered
6537,504,"2026-06-06 12:00:00",Delivered
6538,1504,"2026-01-27 12:00:00",Delivered
6539,504,"2025-09-19 12:00:00",Delivered
6540,1504,"2025-05-12 12:00:00",Delivered
6541,1541,"2024-02-10 12:00:00",Cancelled
6542,541,"2026-06-19 12:00:00",Cancelled
6543,1541,"2026-02-09 12:00:00",Cancelled
6544,541,"2025-10-02 12:00:00",Cancelled
6545,1541,"2025-05-25 12:00:00",Cancelled
6546,838,"2026-02-22 12:00:00",Delivered
6547,1838,"2025-10-15 12:00:00",Delivered
6548,838,"2025-06-07 12:00:00",Delivered
6549,1838,"2025-01-28 12:00:00",Delivered
6550,838,"2024-09-20 12:00:00",Delivered
6551,875,"2026-03-07 12:00:00",Delivered
6552,1875,"2025-10-28 12:00:00",Pending
6553,875,"2025-06-20 12:00:00",Delivered
6554,1875,"2025-02-10 12:00:00",Delivered
6555,875,"2024-10-03 12:00:00",Delivered
6556,912,"2026-03-20 12:00:00",Delivered
6557,1912,"2025-11-10 12:00:00",Delivered
6558,912,"2025-07-03 12:00:00",Delivered
6559,1912,"2025-02-23 12:00:00",Delivered
6560,912,"2024-10-16 12:00:00",Delivered
6561,949,"2026-04-02 12:00:00",Confirmed
6562,1949,"2025-11-23 12:00:00",Delivered
6563,949,"2025-07-16 12:00:00",Delivered
6564,1949,"2025-03-08 12:00:00",Pending
6565,949,"2024-10-29 12:00:00",Delivered
6566,986,"2026-04-15 12:00:00",Shipped
6567,1986,"2025-12-06 12:00:00",Shipped
6568,986,"2025-07-29 12:00:00",Shipped
6569,1986,"2025-03-21 12:00:00",Shipped
6570,986,"2024-11-11 12:00:00",Shipped
6571,1023,"2026-04-28 12:00:00",Delivered
6572,23,"2025-12-19 12:00:00",Delivered
6573,1023,"2025-08-11 12:00:00",Delivered
6574,23,"2025-04-03 12:00:00",Delivered
6575,1023,"2024-11-24 12:00:00",Delivered
6576,1060,"2026-05-11 12:00:00",Delivered
6577,60,"2026-01-01 12:00:00",Delivered
6578,1060,"2025-08-24 12:00:00",Delivered
6579,60,"2025-04-16 12:00:00",Delivered
6580,1060,"2024-12-07 12:00:00",Delivered
6581,1097,"2026-05-24 12:00:00",Delivered
6582,97,"2026-01-14 12:00:00",Confirmed
6583,1097,"2025-09-06 12:00:00",Delivered
6584,97,"2025-04-29 12:00:00",Delivered
6585,1097,"2024-12-20 12:00:00",Confirmed
6586,1134,"2026-06-06 12:00:00",Delivered
6587,134,"2026-01-27 12:00:00",Delivered
6588,1134,"2025-09-19 12:00:00",Delivered
6589,134,"2025-05-12 12:00:00",Delivered
6590,1134,"2025-01-02 12:00:00",Delivered
6591,1171,"2026-06-19 12:00:00",Pending
6592,171,"2026-02-09 12:00:00",Shipped
6593,1171,"2025-10-02 12:00:00",Shipped
6594,171,"2025-05-25 12:00:00",Shipped
6595,1171,"2025-01-15 12:00:00",Shipped
6596,1868,"2024-10-10 12:00:00",Delivered
6597,868,"2024-06-02 12:00:00",Delivered
6598,1868,"2024-01-24 12:00:00",Delivered
6599,868,"2026-06-02 12:00:00",Delivered
6600,1868,"2026-01-23 12:00:00",Delivered
6601,1905,"2024-10-23 12:00:00",Delivered
6602,905,"2024-06-15 12:00:00",Delivered
6603,1905,"2024-02-06 12:00:00",Pending
6604,905,"2026-06-15 12:00:00",Delivered
6605,1905,"2026-02-05 12:00:00",Delivered
6606,1942,"2024-11-05 12:00:00",Delivered
6607,942,"2024-06-28 12:00:00",Delivered
6608,1942,"2024-02-19 12:00:00",Delivered
6609,942,"2026-06-28 12:00:00",Delivered
6610,1942,"2026-02-18 12:00:00",Delivered
6611,1979,"2024-11-18 12:00:00",Delivered
6612,979,"2024-07-11 12:00:00",Delivered
6613,1979,"2024-03-03 12:00:00",Delivered
6614,979,"2026-07-11 12:00:00",Delivered
6615,1979,"2026-03-03 12:00:00",Pending
6616,16,"2024-12-01 12:00:00",Shipped
6617,1016,"2024-07-24 12:00:00",Shipped
6618,16,"2024-03-16 12:00:00",Shipped
6619,1016,"2026-07-24 12:00:00",Shipped
6620,16,"2026-03-16 12:00:00",Shipped
6621,53,"2024-12-14 12:00:00",Confirmed
6622,1053,"2024-08-06 12:00:00",Delivered
6623,53,"2024-03-29 12:00:00",Delivered
6624,1053,"2026-08-06 12:00:00",Confirmed
6625,53,"2026-03-29 12:00:00",Delivered
6626,90,"2024-12-27 12:00:00",Delivered
6627,1090,"2024-08-19 12:00:00",Delivered
6628,90,"2024-04-11 12:00:00",Delivered
6629,1090,"2026-08-19 12:00:00",Delivered
6630,90,"2026-04-11 12:00:00",Delivered
6631,127,"2025-01-09 12:00:00",Delivered
6632,1127,"2024-09-01 12:00:00",Delivered
6633,127,"2024-04-24 12:00:00",Delivered
6634,1127,"2026-09-01 12:00:00",Delivered
6635,127,"2026-04-24 12:00:00",Delivered
6636,164,"2025-01-22 12:00:00",Delivered
6637,1164,"2024-09-14 12:00:00",Delivered
6638,164,"2024-05-07 12:00:00",Delivered
6639,1164,"2026-09-14 12:00:00",Delivered
6640,164,"2026-05-07 12:00:00",Delivered
6641,201,"2025-02-04 12:00:00",Cancelled
6642,1201,"2024-09-27 12:00:00",Cancelled
6643,201,"2024-05-20 12:00:00",Cancelled
6644,1201,"2024-01-11 12:00:00",Cancelled
6645,201,"2026-05-20 12:00:00",Cancelled
6646,1498,"2024-06-02 12:00:00",Delivered
6647,498,"2024-01-24 12:00:00",Delivered
6648,1498,"2026-06-02 12:00:00",Delivered
6649,498,"2026-01-23 12:00:00",Delivered
6650,1498,"2025-09-15 12:00:00",Delivered
6651,1535,"2024-06-15 12:00:00",Delivered
6652,535,"2024-02-06 12:00:00",Pending
6653,1535,"2026-06-15 12:00:00",Delivered
6654,535,"2026-02-05 12:00:00",Delivered
6655,1535,"2025-09-28 12:00:00",Delivered
6656,1572,"2024-06-28 12:00:00",Delivered
6657,572,"2024-02-19 12:00:00",Delivered
6658,1572,"2026-06-28 12:00:00",Delivered
6659,572,"2026-02-18 12:00:00",Delivered
6660,1572,"2025-10-11 12:00:00",Delivered
6661,1609,"2024-07-11 12:00:00",Confirmed
6662,609,"2024-03-03 12:00:00",Delivered
6663,1609,"2026-07-11 12:00:00",Delivered
6664,609,"2026-03-03 12:00:00",Pending
6665,1609,"2025-10-24 12:00:00",Delivered
6666,1646,"2024-07-24 12:00:00",Shipped
6667,646,"2024-03-16 12:00:00",Shipped
6668,1646,"2026-07-24 12:00:00",Shipped
6669,646,"2026-03-16 12:00:00",Shipped
6670,1646,"2025-11-06 12:00:00",Shipped
6671,1683,"2024-08-06 12:00:00",Delivered
6672,683,"2024-03-29 12:00:00",Delivered
6673,1683,"2026-08-06 12:00:00",Delivered
6674,683,"2026-03-29 12:00:00",Delivered
6675,1683,"2025-11-19 12:00:00",Delivered
6676,1720,"2024-08-19 12:00:00",Delivered
6677,720,"2024-04-11 12:00:00",Delivered
6678,1720,"2026-08-19 12:00:00",Delivered
6679,720,"2026-04-11 12:00:00",Delivered
6680,1720,"2025-12-02 12:00:00",Delivered
6681,1757,"2024-09-01 12:00:00",Delivered
6682,757,"2024-04-24 12:00:00",Confirmed
6683,1757,"2026-09-01 12:00:00",Delivered
6684,757,"2026-04-24 12:00:00",Delivered
6685,1757,"2025-12-15 12:00:00",Confirmed
6686,1794,"2024-09-14 12:00:00",Delivered
6687,794,"2024-05-07 12:00:00",Delivered
6688,1794,"2026-09-14 12:00:00",Delivered
6689,794,"2026-05-07 12:00:00",Delivered
6690,1794,"2025-12-28 12:00:00",Delivered
6691,1831,"2024-09-27 12:00:00",Pending
6692,831,"2024-05-20 12:00:00",Shipped
6693,1831,"2024-01-11 12:00:00",Shipped
6694,831,"2026-05-20 12:00:00",Shipped
6695,1831,"2026-01-10 12:00:00",Shipped
6696,1128,"2024-01-24 12:00:00",Delivered
6697,128,"2026-06-02 12:00:00",Delivered
6698,1128,"2026-01-23 12:00:00",Delivered
6699,128,"2025-09-15 12:00:00",Delivered
6700,1128,"2025-05-08 12:00:00",Delivered
6701,1165,"2024-02-06 12:00:00",Pending
6702,165,"2026-06-15 12:00:00",Delivered
6703,1165,"2026-02-05 12:00:00",Delivered
6704,165,"2025-09-28 12:00:00",Confirmed
6705,1165,"2025-05-21 12:00:00",Delivered
6706,1202,"2024-02-19 12:00:00",Delivered
6707,202,"2026-06-28 12:00:00",Delivered
6708,1202,"2026-02-18 12:00:00",Delivered
6709,202,"2025-10-11 12:00:00",Delivered
6710,1202,"2025-06-03 12:00:00",Delivered
6711,1239,"2024-03-03 12:00:00",Delivered
6712,239,"2026-07-11 12:00:00",Delivered
6713,1239,"2026-03-03 12:00:00",Pending
6714,239,"2025-10-24 12:00:00",Delivered
6715,1239,"2025-06-16 12:00:00",Delivered
6716,1276,"2024-03-16 12:00:00",Shipped
6717,276,"2026-07-24 12:00:00",Shipped
6718,1276,"2026-03-16 12:00:00",Shipped
6719,276,"2025-11-06 12:00:00",Shipped
6720,1276,"2025-06-29 12:00:00",Shipped
6721,1313,"2024-03-29 12:00:00",Delivered
6722,313,"2026-08-06 12:00:00",Confirmed
6723,1313,"2026-03-29 12:00:00",Delivered
6724,313,"2025-11-19 12:00:00",Delivered
6725,1313,"2025-07-12 12:00:00",Pending
6726,1350,"2024-04-11 12:00:00",Delivered
6727,350,"2026-08-19 12:00:00",Delivered
6728,1350,"2026-04-11 12:00:00",Delivered
6729,350,"2025-12-02 12:00:00",Delivered
6730,1350,"2025-07-25 12:00:00",Delivered
6731,1387,"2024-04-24 12:00:00",Delivered
6732,387,"2026-09-01 12:00:00",Delivered
6733,1387,"2026-04-24 12:00:00",Delivered
6734,387,"2025-12-15 12:00:00",Delivered
6735,1387,"2025-08-07 12:00:00",Delivered
6736,1424,"2024-05-07 12:00:00",Delivered
6737,424,"2026-09-14 12:00:00",Delivered
6738,1424,"2026-05-07 12:00:00",Delivered
6739,424,"2025-12-28 12:00:00",Delivered
6740,1424,"2025-08-20 12:00:00",Delivered
6741,1461,"2024-05-20 12:00:00",Cancelled
6742,461,"2024-01-11 12:00:00",Cancelled
6743,1461,"2026-05-20 12:00:00",Cancelled
6744,461,"2026-01-10 12:00:00",Cancelled
6745,1461,"2025-09-02 12:00:00",Cancelled
6746,758,"2026-06-02 12:00:00",Delivered
6747,1758,"2026-01-23 12:00:00",Delivered
6748,758,"2025-09-15 12:00:00",Delivered
6749,1758,"2025-05-08 12:00:00",Delivered
6750,758,"2024-12-29 12:00:00",Delivered
6751,795,"2026-06-15 12:00:00",Delivered
6752,1795,"2026-02-05 12:00:00",Delivered
6753,795,"2025-09-28 12:00:00",Delivered
6754,1795,"2025-05-21 12:00:00",Delivered
6755,795,"2025-01-11 12:00:00",Delivered
6756,832,"2026-06-28 12:00:00",Delivered
6757,1832,"2026-02-18 12:00:00",Delivered
6758,832,"2025-10-11 12:00:00",Delivered
6759,1832,"2025-06-03 12:00:00",Delivered
6760,832,"2025-01-24 12:00:00",Delivered
6761,869,"2026-07-11 12:00:00",Delivered
6762,1869,"2026-03-03 12:00:00",Pending
6763,869,"2025-10-24 12:00:00",Delivered
6764,1869,"2025-06-16 12:00:00",Delivered
6765,869,"2025-02-06 12:00:00",Confirmed
6766,906,"2026-07-24 12:00:00",Shipped
6767,1906,"2026-03-16 12:00:00",Shipped
6768,906,"2025-11-06 12:00:00",Shipped
6769,1906,"2025-06-29 12:00:00",Shipped
6770,906,"2025-02-19 12:00:00",Shipped
6771,943,"2026-08-06 12:00:00",Delivered
6772,1943,"2026-03-29 12:00:00",Delivered
6773,943,"2025-11-19 12:00:00",Delivered
6774,1943,"2025-07-12 12:00:00",Pending
6775,943,"2025-03-04 12:00:00",Delivered
6776,980,"2026-08-19 12:00:00",Delivered
6777,1980,"2026-04-11 12:00:00",Delivered
6778,980,"2025-12-02 12:00:00",Delivered
6779,1980,"2025-07-25 12:00:00",Delivered
6780,980,"2025-03-17 12:00:00",Delivered
6781,1017,"2026-09-01 12:00:00",Delivered
6782,17,"2026-04-24 12:00:00",Delivered
6783,1017,"2025-12-15 12:00:00",Confirmed
6784,17,"2025-08-07 12:00:00",Delivered
6785,1017,"2025-03-30 12:00:00",Delivered
6786,1054,"2026-09-14 12:00:00",Delivered
6787,54,"2026-05-07 12:00:00",Delivered
6788,1054,"2025-12-28 12:00:00",Delivered
6789,54,"2025-08-20 12:00:00",Delivered
6790,1054,"2025-04-12 12:00:00",Delivered
6791,1091,"2024-01-11 12:00:00",Shipped
6792,91,"2026-05-20 12:00:00",Shipped
6793,1091,"2026-01-10 12:00:00",Shipped
6794,91,"2025-09-02 12:00:00",Shipped
6795,1091,"2025-04-25 12:00:00",Shipped
6796,388,"2026-01-23 12:00:00",Delivered
6797,1388,"2025-09-15 12:00:00",Delivered
6798,388,"2025-05-08 12:00:00",Delivered
6799,1388,"2024-12-29 12:00:00",Delivered
6800,388,"2024-08-21 12:00:00",Delivered
6801,425,"2026-02-05 12:00:00",Delivered
6802,1425,"2025-09-28 12:00:00",Confirmed
6803,425,"2025-05-21 12:00:00",Delivered
6804,1425,"2025-01-11 12:00:00",Delivered
6805,425,"2024-09-03 12:00:00",Confirmed
6806,462,"2026-02-18 12:00:00",Delivered
6807,1462,"2025-10-11 12:00:00",Delivered
6808,462,"2025-06-03 12:00:00",Delivered
6809,1462,"2025-01-24 12:00:00",Delivered
6810,462,"2024-09-16 12:00:00",Delivered
6811,499,"2026-03-03 12:00:00",Pending
6812,1499,"2025-10-24 12:00:00",Delivered
6813,499,"2025-06-16 12:00:00",Delivered
6814,1499,"2025-02-06 12:00:00",Delivered
6815,499,"2024-09-29 12:00:00",Delivered
6816,536,"2026-03-16 12:00:00",Shipped
6817,1536,"2025-11-06 12:00:00",Shipped
6818,536,"2025-06-29 12:00:00",Shipped
6819,1536,"2025-02-19 12:00:00",Shipped
6820,536,"2024-10-12 12:00:00",Shipped
6821,573,"2026-03-29 12:00:00",Delivered
6822,1573,"2025-11-19 12:00:00",Delivered
6823,573,"2025-07-12 12:00:00",Pending
6824,1573,"2025-03-04 12:00:00",Delivered
6825,573,"2024-10-25 12:00:00",Delivered
6826,610,"2026-04-11 12:00:00",Delivered
6827,1610,"2025-12-02 12:00:00",Delivered
6828,610,"2025-07-25 12:00:00",Delivered
6829,1610,"2025-03-17 12:00:00",Delivered
6830,610,"2024-11-07 12:00:00",Delivered
6831,647,"2026-04-24 12:00:00",Delivered
6832,1647,"2025-12-15 12:00:00",Delivered
6833,647,"2025-08-07 12:00:00",Delivered
6834,1647,"2025-03-30 12:00:00",Delivered
6835,647,"2024-11-20 12:00:00",Pending
6836,684,"2026-05-07 12:00:00",Delivered
6837,1684,"2025-12-28 12:00:00",Delivered
6838,684,"2025-08-20 12:00:00",Delivered
6839,1684,"2025-04-12 12:00:00",Delivered
6840,684,"2024-12-03 12:00:00",Delivered
6841,721,"2026-05-20 12:00:00",Cancelled
6842,1721,"2026-01-10 12:00:00",Cancelled
6843,721,"2025-09-02 12:00:00",Cancelled
6844,1721,"2025-04-25 12:00:00",Cancelled
6845,721,"2024-12-16 12:00:00",Cancelled
6846,18,"2025-09-15 12:00:00",Delivered
6847,1018,"2025-05-08 12:00:00",Delivered
6848,18,"2024-12-29 12:00:00",Delivered
6849,1018,"2024-08-21 12:00:00",Delivered
6850,18,"2024-04-13 12:00:00",Delivered
6851,55,"2025-09-28 12:00:00",Delivered
6852,1055,"2025-05-21 12:00:00",Delivered
6853,55,"2025-01-11 12:00:00",Delivered
6854,1055,"2024-09-03 12:00:00",Delivered
6855,55,"2024-04-26 12:00:00",Delivered
6856,92,"2025-10-11 12:00:00",Delivered
6857,1092,"2025-06-03 12:00:00",Delivered
6858,92,"2025-01-24 12:00:00",Delivered
6859,1092,"2024-09-16 12:00:00",Delivered
6860,92,"2024-05-09 12:00:00",Delivered
6861,129,"2025-10-24 12:00:00",Delivered
6862,1129,"2025-06-16 12:00:00",Delivered
6863,129,"2025-02-06 12:00:00",Confirmed
6864,1129,"2024-09-29 12:00:00",Delivered
6865,129,"2024-05-22 12:00:00",Delivered
6866,166,"2025-11-06 12:00:00",Shipped
6867,1166,"2025-06-29 12:00:00",Shipped
6868,166,"2025-02-19 12:00:00",Shipped
6869,1166,"2024-10-12 12:00:00",Shipped
6870,166,"2024-06-04 12:00:00",Shipped
6871,203,"2025-11-19 12:00:00",Delivered
6872,1203,"2025-07-12 12:00:00",Pending
6873,203,"2025-03-04 12:00:00",Delivered
6874,1203,"2024-10-25 12:00:00",Delivered
6875,203,"2024-06-17 12:00:00",Delivered
6876,240,"2025-12-02 12:00:00",Delivered
6877,1240,"2025-07-25 12:00:00",Delivered
6878,240,"2025-03-17 12:00:00",Delivered
6879,1240,"2024-11-07 12:00:00",Delivered
6880,240,"2024-06-30 12:00:00",Delivered
6881,277,"2025-12-15 12:00:00",Confirmed
6882,1277,"2025-08-07 12:00:00",Delivered
6883,277,"2025-03-30 12:00:00",Delivered
6884,1277,"2024-11-20 12:00:00",Pending
6885,277,"2024-07-13 12:00:00",Delivered
6886,314,"2025-12-28 12:00:00",Delivered
6887,1314,"2025-08-20 12:00:00",Delivered
6888,314,"2025-04-12 12:00:00",Delivered
6889,1314,"2024-12-03 12:00:00",Delivered
6890,314,"2024-07-26 12:00:00",Delivered
6891,351,"2026-01-10 12:00:00",Shipped
6892,1351,"2025-09-02 12:00:00",Shipped
6893,351,"2025-04-25 12:00:00",Shipped
6894,1351,"2024-12-16 12:00:00",Shipped
6895,351,"2024-08-08 12:00:00",Shipped
6896,1648,"2025-05-08 12:00:00",Delivered
6897,648,"2024-12-29 12:00:00",Delivered
6898,1648,"2024-08-21 12:00:00",Delivered
6899,648,"2024-04-13 12:00:00",Delivered
6900,1648,"2026-08-21 12:00:00",Delivered
6901,1685,"2025-05-21 12:00:00",Delivered
6902,685,"2025-01-11 12:00:00",Delivered
6903,1685,"2024-09-03 12:00:00",Confirmed
6904,685,"2024-04-26 12:00:00",Delivered
6905,1685,"2026-09-03 12:00:00",Delivered
6906,1722,"2025-06-03 12:00:00",Delivered
6907,722,"2025-01-24 12:00:00",Delivered
6908,1722,"2024-09-16 12:00:00",Delivered
6909,722,"2024-05-09 12:00:00",Delivered
6910,1722,"2026-09-16 12:00:00",Delivered
6911,1759,"2025-06-16 12:00:00",Delivered
6912,759,"2025-02-06 12:00:00",Delivered
6913,1759,"2024-09-29 12:00:00",Delivered
6914,759,"2024-05-22 12:00:00",Delivered
6915,1759,"2024-01-13 12:00:00",Delivered
6916,1796,"2025-06-29 12:00:00",Shipped
6917,796,"2025-02-19 12:00:00",Shipped
6918,1796,"2024-10-12 12:00:00",Shipped
6919,796,"2024-06-04 12:00:00",Shipped
6920,1796,"2024-01-26 12:00:00",Shipped
6921,1833,"2025-07-12 12:00:00",Pending
6922,833,"2025-03-04 12:00:00",Delivered
6923,1833,"2024-10-25 12:00:00",Delivered
6924,833,"2024-06-17 12:00:00",Confirmed
6925,1833,"2024-02-08 12:00:00",Delivered
6926,1870,"2025-07-25 12:00:00",Delivered
6927,870,"2025-03-17 12:00:00",Delivered
6928,1870,"2024-11-07 12:00:00",Delivered
6929,870,"2024-06-30 12:00:00",Delivered
6930,1870,"2024-02-21 12:00:00",Delivered
6931,1907,"2025-08-07 12:00:00",Delivered
6932,907,"2025-03-30 12:00:00",Delivered
6933,1907,"2024-11-20 12:00:00",Pending
6934,907,"2024-07-13 12:00:00",Delivered
6935,1907,"2024-03-05 12:00:00",Delivered
6936,1944,"2025-08-20 12:00:00",Delivered
6937,944,"2025-04-12 12:00:00",Delivered
6938,1944,"2024-12-03 12:00:00",Delivered
6939,944,"2024-07-26 12:00:00",Delivered
6940,1944,"2024-03-18 12:00:00",Delivered
6941,1981,"2025-09-02 12:00:00",Cancelled
6942,981,"2025-04-25 12:00:00",Cancelled
6943,1981,"2024-12-16 12:00:00",Cancelled
6944,981,"2024-08-08 12:00:00",Cancelled
6945,1981,"2024-03-31 12:00:00",Cancelled
6946,1278,"2024-12-29 12:00:00",Delivered
6947,278,"2024-08-21 12:00:00",Delivered
6948,1278,"2024-04-13 12:00:00",Delivered
6949,278,"2026-08-21 12:00:00",Delivered
6950,1278,"2026-04-13 12:00:00",Delivered
6951,1315,"2025-01-11 12:00:00",Delivered
6952,315,"2024-09-03 12:00:00",Delivered
6953,1315,"2024-04-26 12:00:00",Delivered
6954,315,"2026-09-03 12:00:00",Delivered
6955,1315,"2026-04-26 12:00:00",Pending
6956,1352,"2025-01-24 12:00:00",Delivered
6957,352,"2024-09-16 12:00:00",Delivered
6958,1352,"2024-05-09 12:00:00",Delivered
6959,352,"2026-09-16 12:00:00",Delivered
6960,1352,"2026-05-09 12:00:00",Delivered
6961,1389,"2025-02-06 12:00:00",Confirmed
6962,389,"2024-09-29 12:00:00",Delivered
6963,1389,"2024-05-22 12:00:00",Delivered
6964,389,"2024-01-13 12:00:00",Confirmed
6965,1389,"2026-05-22 12:00:00",Delivered
6966,1426,"2025-02-19 12:00:00",Shipped
6967,426,"2024-10-12 12:00:00",Shipped
6968,1426,"2024-06-04 12:00:00",Shipped
6969,426,"2024-01-26 12:00:00",Shipped
6970,1426,"2026-06-04 12:00:00",Shipped
6971,1463,"2025-03-04 12:00:00",Delivered
6972,463,"2024-10-25 12:00:00",Delivered
6973,1463,"2024-06-17 12:00:00",Delivered
6974,463,"2024-02-08 12:00:00",Delivered
6975,1463,"2026-06-17 12:00:00",Delivered
6976,1500,"2025-03-17 12:00:00",Delivered
6977,500,"2024-11-07 12:00:00",Delivered
6978,1500,"2024-06-30 12:00:00",Delivered
6979,500,"2024-02-21 12:00:00",Delivered
6980,1500,"2026-06-30 12:00:00",Delivered
6981,1537,"2025-03-30 12:00:00",Delivered
6982,537,"2024-11-20 12:00:00",Pending
6983,1537,"2024-07-13 12:00:00",Delivered
6984,537,"2024-03-05 12:00:00",Delivered
6985,1537,"2026-07-13 12:00:00",Confirmed
6986,1574,"2025-04-12 12:00:00",Delivered
6987,574,"2024-12-03 12:00:00",Delivered
6988,1574,"2024-07-26 12:00:00",Delivered
6989,574,"2024-03-18 12:00:00",Delivered
6990,1574,"2026-07-26 12:00:00",Delivered
6991,1611,"2025-04-25 12:00:00",Shipped
6992,611,"2024-12-16 12:00:00",Shipped
6993,1611,"2024-08-08 12:00:00",Shipped
6994,611,"2024-03-31 12:00:00",Pending
6995,1611,"2026-08-08 12:00:00",Shipped
6996,908,"2024-08-21 12:00:00",Delivered
6997,1908,"2024-04-13 12:00:00",Delivered
6998,908,"2026-08-21 12:00:00",Delivered
6999,1908,"2026-04-13 12:00:00",Delivered
7000,908,"2025-12-04 12:00:00",Delivered
7001,945,"2024-09-03 12:00:00",Confirmed
7002,1945,"2024-04-26 12:00:00",Delivered
7003,945,"2026-09-03 12:00:00",Delivered
7004,1945,"2026-04-26 12:00:00",Pending
7005,945,"2025-12-17 12:00:00",Delivered
7006,982,"2024-09-16 12:00:00",Delivered
7007,1982,"2024-05-09 12:00:00",Delivered
7008,982,"2026-09-16 12:00:00",Delivered
7009,1982,"2026-05-09 12:00:00",Delivered
7010,982,"2025-12-30 12:00:00",Delivered
7011,1019,"2024-09-29 12:00:00",Delivered
7012,19,"2024-05-22 12:00:00",Delivered
7013,1019,"2024-01-13 12:00:00",Delivered
7014,19,"2026-05-22 12:00:00",Delivered
7015,1019,"2026-01-12 12:00:00",Delivered
7016,1056,"2024-10-12 12:00:00",Shipped
7017,56,"2024-06-04 12:00:00",Shipped
7018,1056,"2024-01-26 12:00:00",Shipped
7019,56,"2026-06-04 12:00:00",Shipped
7020,1056,"2026-01-25 12:00:00",Shipped
7021,1093,"2024-10-25 12:00:00",Delivered
7022,93,"2024-06-17 12:00:00",Confirmed
7023,1093,"2024-02-08 12:00:00",Delivered
7024,93,"2026-06-17 12:00:00",Delivered
7025,1093,"2026-02-07 12:00:00",Confirmed
7026,1130,"2024-11-07 12:00:00",Delivered
7027,130,"2024-06-30 12:00:00",Delivered
7028,1130,"2024-02-21 12:00:00",Delivered
7029,130,"2026-06-30 12:00:00",Delivered
7030,1130,"2026-02-20 12:00:00",Delivered
7031,1167,"2024-11-20 12:00:00",Pending
7032,167,"2024-07-13 12:00:00",Delivered
7033,1167,"2024-03-05 12:00:00",Delivered
7034,167,"2026-07-13 12:00:00",Delivered
7035,1167,"2026-03-05 12:00:00",Delivered
7036,1204,"2024-12-03 12:00:00",Delivered
7037,204,"2024-07-26 12:00:00",Delivered
7038,1204,"2024-03-18 12:00:00",Delivered
7039,204,"2026-07-26 12:00:00",Delivered
7040,1204,"2026-03-18 12:00:00",Delivered
7041,1241,"2024-12-16 12:00:00",Cancelled
7042,241,"2024-08-08 12:00:00",Cancelled
7043,1241,"2024-03-31 12:00:00",Cancelled
7044,241,"2026-08-08 12:00:00",Cancelled
7045,1241,"2026-03-31 12:00:00",Cancelled
7046,538,"2024-04-13 12:00:00",Delivered
7047,1538,"2026-08-21 12:00:00",Delivered
7048,538,"2026-04-13 12:00:00",Delivered
7049,1538,"2025-12-04 12:00:00",Delivered
7050,538,"2025-07-27 12:00:00",Delivered
7051,575,"2024-04-26 12:00:00",Delivered
7052,1575,"2026-09-03 12:00:00",Delivered
7053,575,"2026-04-26 12:00:00",Pending
7054,1575,"2025-12-17 12:00:00",Delivered
7055,575,"2025-08-09 12:00:00",Delivered
7056,612,"2024-05-09 12:00:00",Delivered
7057,1612,"2026-09-16 12:00:00",Delivered
7058,612,"2026-05-09 12:00:00",Delivered
7059,1612,"2025-12-30 12:00:00",Delivered
7060,612,"2025-08-22 12:00:00",Delivered
7061,649,"2024-05-22 12:00:00",Delivered
7062,1649,"2024-01-13 12:00:00",Confirmed
7063,649,"2026-05-22 12:00:00",Delivered
7064,1649,"2026-01-12 12:00:00",Delivered
7065,649,"2025-09-04 12:00:00",Pending
7066,686,"2024-06-04 12:00:00",Shipped
7067,1686,"2024-01-26 12:00:00",Shipped
7068,686,"2026-06-04 12:00:00",Shipped
7069,1686,"2026-01-25 12:00:00",Shipped
7070,686,"2025-09-17 12:00:00",Shipped
7071,723,"2024-06-17 12:00:00",Delivered
7072,1723,"2024-02-08 12:00:00",Delivered
7073,723,"2026-06-17 12:00:00",Delivered
7074,1723,"2026-02-07 12:00:00",Delivered
7075,723,"2025-09-30 12:00:00",Delivered
7076,760,"2024-06-30 12:00:00",Delivered
7077,1760,"2024-02-21 12:00:00",Delivered
7078,760,"2026-06-30 12:00:00",Delivered
7079,1760,"2026-02-20 12:00:00",Delivered
7080,760,"2025-10-13 12:00:00",Delivered
7081,797,"2024-07-13 12:00:00",Delivered
7082,1797,"2024-03-05 12:00:00",Delivered
7083,797,"2026-07-13 12:00:00",Confirmed
7084,1797,"2026-03-05 12:00:00",Delivered
7085,797,"2025-10-26 12:00:00",Delivered
7086,834,"2024-07-26 12:00:00",Delivered
7087,1834,"2024-03-18 12:00:00",Delivered
7088,834,"2026-07-26 12:00:00",Delivered
7089,1834,"2026-03-18 12:00:00",Delivered
7090,834,"2025-11-08 12:00:00",Delivered
7091,871,"2024-08-08 12:00:00",Shipped
7092,1871,"2024-03-31 12:00:00",Pending
7093,871,"2026-08-08 12:00:00",Shipped
7094,1871,"2026-03-31 12:00:00",Shipped
7095,871,"2025-11-21 12:00:00",Shipped
7096,1568,"2025-08-16 12:00:00",Delivered
7097,568,"2025-04-08 12:00:00",Delivered
7098,1568,"2024-11-29 12:00:00",Delivered
7099,568,"2024-07-22 12:00:00",Delivered
7100,1568,"2024-03-14 12:00:00",Delivered
7101,1605,"2025-08-29 12:00:00",Confirmed
7102,605,"2025-04-21 12:00:00",Delivered
7103,1605,"2024-12-12 12:00:00",Delivered
7104,605,"2024-08-04 12:00:00",Pending
7105,1605,"2024-03-27 12:00:00",Delivered
7106,1642,"2025-09-11 12:00:00",Delivered
7107,642,"2025-05-04 12:00:00",Delivered
7108,1642,"2024-12-25 12:00:00",Delivered
7109,642,"2024-08-17 12:00:00",Delivered
7110,1642,"2024-04-09 12:00:00",Delivered
7111,1679,"2025-09-24 12:00:00",Delivered
7112,679,"2025-05-17 12:00:00",Delivered
7113,1679,"2025-01-07 12:00:00",Delivered
7114,679,"2024-08-30 12:00:00",Delivered
7115,1679,"2024-04-22 12:00:00",Delivered
7116,1716,"2025-10-07 12:00:00",Shipped
7117,716,"2025-05-30 12:00:00",Shipped
7118,1716,"2025-01-20 12:00:00",Shipped
7119,716,"2024-09-12 12:00:00",Shipped
7120,1716,"2024-05-05 12:00:00",Shipped
7121,1753,"2025-10-20 12:00:00",Delivered
7122,753,"2025-06-12 12:00:00",Confirmed
7123,1753,"2025-02-02 12:00:00",Delivered
7124,753,"2024-09-25 12:00:00",Delivered
7125,1753,"2024-05-18 12:00:00",Confirmed
7126,1790,"2025-11-02 12:00:00",Delivered
7127,790,"2025-06-25 12:00:00",Delivered
7128,1790,"2025-02-15 12:00:00",Delivered
7129,790,"2024-10-08 12:00:00",Delivered
7130,1790,"2024-05-31 12:00:00",Delivered
7131,1827,"2025-11-15 12:00:00",Pending
7132,827,"2025-07-08 12:00:00",Delivered
7133,1827,"2025-02-28 12:00:00",Delivered
7134,827,"2024-10-21 12:00:00",Delivered
7135,1827,"2024-06-13 12:00:00",Delivered
7136,1864,"2025-11-28 12:00:00",Delivered
7137,864,"2025-07-21 12:00:00",Delivered
7138,1864,"2025-03-13 12:00:00",Delivered
7139,864,"2024-11-03 12:00:00",Delivered
7140,1864,"2024-06-26 12:00:00",Delivered
7141,1901,"2025-12-11 12:00:00",Cancelled
7142,901,"2025-08-03 12:00:00",Cancelled
7143,1901,"2025-03-26 12:00:00",Cancelled
7144,901,"2024-11-16 12:00:00",Cancelled
7145,1901,"2024-07-09 12:00:00",Cancelled
7146,1198,"2025-04-08 12:00:00",Delivered
7147,198,"2024-11-29 12:00:00",Delivered
7148,1198,"2024-07-22 12:00:00",Delivered
7149,198,"2024-03-14 12:00:00",Delivered
7150,1198,"2026-07-22 12:00:00",Delivered
7151,1235,"2025-04-21 12:00:00",Delivered
7152,235,"2024-12-12 12:00:00",Delivered
7153,1235,"2024-08-04 12:00:00",Pending
7154,235,"2024-03-27 12:00:00",Delivered
7155,1235,"2026-08-04 12:00:00",Delivered
7156,1272,"2025-05-04 12:00:00",Delivered
7157,272,"2024-12-25 12:00:00",Delivered
7158,1272,"2024-08-17 12:00:00",Delivered
7159,272,"2024-04-09 12:00:00",Delivered
7160,1272,"2026-08-17 12:00:00",Delivered
7161,1309,"2025-05-17 12:00:00",Delivered
7162,309,"2025-01-07 12:00:00",Confirmed
7163,1309,"2024-08-30 12:00:00",Delivered
7164,309,"2024-04-22 12:00:00",Delivered
7165,1309,"2026-08-30 12:00:00",Pending
7166,1346,"2025-05-30 12:00:00",Shipped
7167,346,"2025-01-20 12:00:00",Shipped
7168,1346,"2024-09-12 12:00:00",Shipped
7169,346,"2024-05-05 12:00:00",Shipped
7170,1346,"2026-09-12 12:00:00",Shipped
7171,1383,"2025-06-12 12:00:00",Delivered
7172,383,"2025-02-02 12:00:00",Delivered
7173,1383,"2024-09-25 12:00:00",Delivered
7174,383,"2024-05-18 12:00:00",Delivered
7175,1383,"2024-01-09 12:00:00",Delivered
7176,1420,"2025-06-25 12:00:00",Delivered
7177,420,"2025-02-15 12:00:00",Delivered
7178,1420,"2024-10-08 12:00:00",Delivered
7179,420,"2024-05-31 12:00:00",Delivered
7180,1420,"2024-01-22 12:00:00",Delivered
7181,1457,"2025-07-08 12:00:00",Delivered
7182,457,"2025-02-28 12:00:00",Delivered
7183,1457,"2024-10-21 12:00:00",Confirmed
7184,457,"2024-06-13 12:00:00",Delivered
7185,1457,"2024-02-04 12:00:00",Delivered
7186,1494,"2025-07-21 12:00:00",Delivered
7187,494,"2025-03-13 12:00:00",Delivered
7188,1494,"2024-11-03 12:00:00",Delivered
7189,494,"2024-06-26 12:00:00",Delivered
7190,1494,"2024-02-17 12:00:00",Delivered
7191,1531,"2025-08-03 12:00:00",Shipped
7192,531,"2025-03-26 12:00:00",Pending
7193,1531,"2024-11-16 12:00:00",Shipped
7194,531,"2024-07-09 12:00:00",Shipped
7195,1531,"2024-03-01 12:00:00",Shipped
7196,828,"2024-11-29 12:00:00",Delivered
7197,1828,"2024-07-22 12:00:00",Delivered
7198,828,"2024-03-14 12:00:00",Delivered
7199,1828,"2026-07-22 12:00:00",Delivered
7200,828,"2026-03-14 12:00:00",Delivered
7201,865,"2024-12-12 12:00:00",Delivered
7202,1865,"2024-08-04 12:00:00",Pending
7203,865,"2024-03-27 12:00:00",Delivered
7204,1865,"2026-08-04 12:00:00",Delivered
7205,865,"2026-03-27 12:00:00",Confirmed
7206,902,"2024-12-25 12:00:00",Delivered
7207,1902,"2024-08-17 12:00:00",Delivered
7208,902,"2024-04-09 12:00:00",Delivered
7209,1902,"2026-08-17 12:00:00",Delivered
7210,902,"2026-04-09 12:00:00",Delivered
7211,939,"2025-01-07 12:00:00",Delivered
7212,1939,"2024-08-30 12:00:00",Delivered
7213,939,"2024-04-22 12:00:00",Delivered
7214,1939,"2026-08-30 12:00:00",Pending
7215,939,"2026-04-22 12:00:00",Delivered
7216,976,"2025-01-20 12:00:00",Shipped
7217,1976,"2024-09-12 12:00:00",Shipped
7218,976,"2024-05-05 12:00:00",Shipped
7219,1976,"2026-09-12 12:00:00",Shipped
7220,976,"2026-05-05 12:00:00",Shipped
7221,1013,"2025-02-02 12:00:00",Delivered
7222,13,"2024-09-25 12:00:00",Delivered
7223,1013,"2024-05-18 12:00:00",Confirmed
7224,13,"2024-01-09 12:00:00",Delivered
7225,1013,"2026-05-18 12:00:00",Delivered
7226,1050,"2025-02-15 12:00:00",Delivered
7227,50,"2024-10-08 12:00:00",Delivered
7228,1050,"2024-05-31 12:00:00",Delivered
7229,50,"2024-01-22 12:00:00",Delivered
7230,1050,"2026-05-31 12:00:00",Delivered
7231,1087,"2025-02-28 12:00:00",Delivered
7232,87,"2024-10-21 12:00:00",Delivered
7233,1087,"2024-06-13 12:00:00",Delivered
7234,87,"2024-02-04 12:00:00",Delivered
7235,1087,"2026-06-13 12:00:00",Delivered
7236,1124,"2025-03-13 12:00:00",Delivered
7237,124,"2024-11-03 12:00:00",Delivered
7238,1124,"2024-06-26 12:00:00",Delivered
7239,124,"2024-02-17 12:00:00",Delivered
7240,1124,"2026-06-26 12:00:00",Delivered
7241,1161,"2025-03-26 12:00:00",Cancelled
7242,161,"2024-11-16 12:00:00",Cancelled
7243,1161,"2024-07-09 12:00:00",Cancelled
7244,161,"2024-03-01 12:00:00",Cancelled
7245,1161,"2026-07-09 12:00:00",Cancelled
7246,458,"2024-07-22 12:00:00",Delivered
7247,1458,"2024-03-14 12:00:00",Delivered
7248,458,"2026-07-22 12:00:00",Delivered
7249,1458,"2026-03-14 12:00:00",Delivered
7250,458,"2025-11-04 12:00:00",Delivered
7251,495,"2024-08-04 12:00:00",Pending
7252,1495,"2024-03-27 12:00:00",Delivered
7253,495,"2026-08-04 12:00:00",Delivered
7254,1495,"2026-03-27 12:00:00",Delivered
7255,495,"2025-11-17 12:00:00",Delivered
7256,532,"2024-08-17 12:00:00",Delivered
7257,1532,"2024-04-09 12:00:00",Delivered
7258,532,"2026-08-17 12:00:00",Delivered
7259,1532,"2026-04-09 12:00:00",Delivered
7260,532,"2025-11-30 12:00:00",Delivered
7261,569,"2024-08-30 12:00:00",Delivered
7262,1569,"2024-04-22 12:00:00",Delivered
7263,569,"2026-08-30 12:00:00",Pending
7264,1569,"2026-04-22 12:00:00",Delivered
7265,569,"2025-12-13 12:00:00",Delivered
7266,606,"2024-09-12 12:00:00",Shipped
7267,1606,"2024-05-05 12:00:00",Shipped
7268,606,"2026-09-12 12:00:00",Shipped
7269,1606,"2026-05-05 12:00:00",Shipped
7270,606,"2025-12-26 12:00:00",Shipped
7271,643,"2024-09-25 12:00:00",Delivered
7272,1643,"2024-05-18 12:00:00",Delivered
7273,643,"2024-01-09 12:00:00",Delivered
7274,1643,"2026-05-18 12:00:00",Delivered
7275,643,"2026-01-08 12:00:00",Pending
7276,680,"2024-10-08 12:00:00",Delivered
7277,1680,"2024-05-31 12:00:00",Delivered
7278,680,"2024-01-22 12:00:00",Delivered
7279,1680,"2026-05-31 12:00:00",Delivered
7280,680,"2026-01-21 12:00:00",Delivered
7281,717,"2024-10-21 12:00:00",Confirmed
7282,1717,"2024-06-13 12:00:00",Delivered
7283,717,"2024-02-04 12:00:00",Delivered
7284,1717,"2026-06-13 12:00:00",Confirmed
7285,717,"2026-02-03 12:00:00",Delivered
7286,754,"2024-11-03 12:00:00",Delivered
7287,1754,"2024-06-26 12:00:00",Delivered
7288,754,"2024-02-17 12:00:00",Delivered
7289,1754,"2026-06-26 12:00:00",Delivered
7290,754,"2026-02-16 12:00:00",Delivered
7291,791,"2024-11-16 12:00:00",Shipped
7292,1791,"2024-07-09 12:00:00",Shipped
7293,791,"2024-03-01 12:00:00",Shipped
7294,1791,"2026-07-09 12:00:00",Shipped
7295,791,"2026-03-01 12:00:00",Shipped
7296,88,"2024-03-14 12:00:00",Delivered
7297,1088,"2026-07-22 12:00:00",Delivered
7298,88,"2026-03-14 12:00:00",Delivered
7299,1088,"2025-11-04 12:00:00",Delivered
7300,88,"2025-06-27 12:00:00",Delivered
7301,125,"2024-03-27 12:00:00",Delivered
7302,1125,"2026-08-04 12:00:00",Delivered
7303,125,"2026-03-27 12:00:00",Confirmed
7304,1125,"2025-11-17 12:00:00",Delivered
7305,125,"2025-07-10 12:00:00",Delivered
7306,162,"2024-04-09 12:00:00",Delivered
7307,1162,"2026-08-17 12:00:00",Delivered
7308,162,"2026-04-09 12:00:00",Delivered
7309,1162,"2025-11-30 12:00:00",Delivered
7310,162,"2025-07-23 12:00:00",Delivered
7311,199,"2024-04-22 12:00:00",Delivered
7312,1199,"2026-08-30 12:00:00",Pending
7313,199,"2026-04-22 12:00:00",Delivered
7314,1199,"2025-12-13 12:00:00",Delivered
7315,199,"2025-08-05 12:00:00",Delivered
7316,236,"2024-05-05 12:00:00",Shipped
7317,1236,"2026-09-12 12:00:00",Shipped
7318,236,"2026-05-05 12:00:00",Shipped
7319,1236,"2025-12-26 12:00:00",Shipped
7320,236,"2025-08-18 12:00:00",Shipped
7321,273,"2024-05-18 12:00:00",Confirmed
7322,1273,"2024-01-09 12:00:00",Delivered
7323,273,"2026-05-18 12:00:00",Delivered
7324,1273,"2026-01-08 12:00:00",Pending
7325,273,"2025-08-31 12:00:00",Delivered
7326,310,"2024-05-31 12:00:00",Delivered
7327,1310,"2024-01-22 12:00:00",Delivered
7328,310,"2026-05-31 12:00:00",Delivered
7329,1310,"2026-01-21 12:00:00",Delivered
7330,310,"2025-09-13 12:00:00",Delivered
7331,347,"2024-06-13 12:00:00",Delivered
7332,1347,"2024-02-04 12:00:00",Delivered
7333,347,"2026-06-13 12:00:00",Delivered
7334,1347,"2026-02-03 12:00:00",Delivered
7335,347,"2025-09-26 12:00:00",Delivered
7336,384,"2024-06-26 12:00:00",Delivered
7337,1384,"2024-02-17 12:00:00",Delivered
7338,384,"2026-06-26 12:00:00",Delivered
7339,1384,"2026-02-16 12:00:00",Delivered
7340,384,"2025-10-09 12:00:00",Delivered
7341,421,"2024-07-09 12:00:00",Cancelled
7342,1421,"2024-03-01 12:00:00",Cancelled
7343,421,"2026-07-09 12:00:00",Cancelled
7344,1421,"2026-03-01 12:00:00",Cancelled
7345,421,"2025-10-22 12:00:00",Cancelled
7346,1718,"2026-07-22 12:00:00",Delivered
7347,718,"2026-03-14 12:00:00",Delivered
7348,1718,"2025-11-04 12:00:00",Delivered
7349,718,"2025-06-27 12:00:00",Delivered
7350,1718,"2025-02-17 12:00:00",Delivered
7351,1755,"2026-08-04 12:00:00",Delivered
7352,755,"2026-03-27 12:00:00",Delivered
7353,1755,"2025-11-17 12:00:00",Delivered
7354,755,"2025-07-10 12:00:00",Delivered
7355,1755,"2025-03-02 12:00:00",Delivered
7356,1792,"2026-08-17 12:00:00",Delivered
7357,792,"2026-04-09 12:00:00",Delivered
7358,1792,"2025-11-30 12:00:00",Delivered
7359,792,"2025-07-23 12:00:00",Delivered
7360,1792,"2025-03-15 12:00:00",Delivered
7361,1829,"2026-08-30 12:00:00",Pending
7362,829,"2026-04-22 12:00:00",Delivered
7363,1829,"2025-12-13 12:00:00",Delivered
7364,829,"2025-08-05 12:00:00",Confirmed
7365,1829,"2025-03-28 12:00:00",Delivered
7366,1866,"2026-09-12 12:00:00",Shipped
7367,866,"2026-05-05 12:00:00",Shipped
7368,1866,"2025-12-26 12:00:00",Shipped
7369,866,"2025-08-18 12:00:00",Shipped
7370,1866,"2025-04-10 12:00:00",Shipped
7371,1903,"2024-01-09 12:00:00",Delivered
7372,903,"2026-05-18 12:00:00",Delivered
7373,1903,"2026-01-08 12:00:00",Pending
7374,903,"2025-08-31 12:00:00",Delivered
7375,1903,"2025-04-23 12:00:00",Delivered
7376,1940,"2024-01-22 12:00:00",Delivered
7377,940,"2026-05-31 12:00:00",Delivered
7378,1940,"2026-01-21 12:00:00",Delivered
7379,940,"2025-09-13 12:00:00",Delivered
7380,1940,"2025-05-06 12:00:00",Delivered
7381,1977,"2024-02-04 12:00:00",Delivered
7382,977,"2026-06-13 12:00:00",Confirmed
7383,1977,"2026-02-03 12:00:00",Delivered
7384,977,"2025-09-26 12:00:00",Delivered
7385,1977,"2025-05-19 12:00:00",Pending
7386,14,"2024-02-17 12:00:00",Delivered
7387,1014,"2026-06-26 12:00:00",Delivered
7388,14,"2026-02-16 12:00:00",Delivered
7389,1014,"2025-10-09 12:00:00",Delivered
7390,14,"2025-06-01 12:00:00",Delivered
7391,51,"2024-03-01 12:00:00",Shipped
7392,1051,"2026-07-09 12:00:00",Shipped
7393,51,"2026-03-01 12:00:00",Shipped
7394,1051,"2025-10-22 12:00:00",Shipped
7395,51,"2025-06-14 12:00:00",Shipped
7396,1348,"2026-03-14 12:00:00",Delivered
7397,348,"2025-11-04 12:00:00",Delivered
7398,1348,"2025-06-27 12:00:00",Delivered
7399,348,"2025-02-17 12:00:00",Delivered
7400,1348,"2024-10-10 12:00:00",Delivered
7401,1385,"2026-03-27 12:00:00",Confirmed
7402,385,"2025-11-17 12:00:00",Delivered
7403,1385,"2025-07-10 12:00:00",Delivered
7404,385,"2025-03-02 12:00:00",Confirmed
7405,1385,"2024-10-23 12:00:00",Delivered
7406,1422,"2026-04-09 12:00:00",Delivered
7407,422,"2025-11-30 12:00:00",Delivered
7408,1422,"2025-07-23 12:00:00",Delivered
7409,422,"2025-03-15 12:00:00",Delivered
7410,1422,"2024-11-05 12:00:00",Delivered
7411,1459,"2026-04-22 12:00:00",Delivered
7412,459,"2025-12-13 12:00:00",Delivered
7413,1459,"2025-08-05 12:00:00",Delivered
7414,459,"2025-03-28 12:00:00",Delivered
7415,1459,"2024-11-18 12:00:00",Delivered
7416,1496,"2026-05-05 12:00:00",Shipped
7417,496,"2025-12-26 12:00:00",Shipped
7418,1496,"2025-08-18 12:00:00",Shipped
7419,496,"2025-04-10 12:00:00",Shipped
7420,1496,"2024-12-01 12:00:00",Shipped
7421,1533,"2026-05-18 12:00:00",Delivered
7422,533,"2026-01-08 12:00:00",Pending
7423,1533,"2025-08-31 12:00:00",Delivered
7424,533,"2025-04-23 12:00:00",Delivered
7425,1533,"2024-12-14 12:00:00",Confirmed
7426,1570,"2026-05-31 12:00:00",Delivered
7427,570,"2026-01-21 12:00:00",Delivered
7428,1570,"2025-09-13 12:00:00",Delivered
7429,570,"2025-05-06 12:00:00",Delivered
7430,1570,"2024-12-27 12:00:00",Delivered
7431,1607,"2026-06-13 12:00:00",Delivered
7432,607,"2026-02-03 12:00:00",Delivered
7433,1607,"2025-09-26 12:00:00",Delivered
7434,607,"2025-05-19 12:00:00",Pending
7435,1607,"2025-01-09 12:00:00",Delivered
7436,1644,"2026-06-26 12:00:00",Delivered
7437,644,"2026-02-16 12:00:00",Delivered
7438,1644,"2025-10-09 12:00:00",Delivered
7439,644,"2025-06-01 12:00:00",Delivered
7440,1644,"2025-01-22 12:00:00",Delivered
7441,1681,"2026-07-09 12:00:00",Cancelled
7442,681,"2026-03-01 12:00:00",Cancelled
7443,1681,"2025-10-22 12:00:00",Cancelled
7444,681,"2025-06-14 12:00:00",Cancelled
7445,1681,"2025-02-04 12:00:00",Cancelled
7446,978,"2025-11-04 12:00:00",Delivered
7447,1978,"2025-06-27 12:00:00",Delivered
7448,978,"2025-02-17 12:00:00",Delivered
7449,1978,"2024-10-10 12:00:00",Delivered
7450,978,"2024-06-02 12:00:00",Delivered
7451,1015,"2025-11-17 12:00:00",Delivered
7452,15,"2025-07-10 12:00:00",Delivered
7453,1015,"2025-03-02 12:00:00",Delivered
7454,15,"2024-10-23 12:00:00",Delivered
7455,1015,"2024-06-15 12:00:00",Delivered
7456,1052,"2025-11-30 12:00:00",Delivered
7457,52,"2025-07-23 12:00:00",Delivered
7458,1052,"2025-03-15 12:00:00",Delivered
7459,52,"2024-11-05 12:00:00",Delivered
7460,1052,"2024-06-28 12:00:00",Delivered
7461,1089,"2025-12-13 12:00:00",Delivered
7462,89,"2025-08-05 12:00:00",Confirmed
7463,1089,"2025-03-28 12:00:00",Delivered
7464,89,"2024-11-18 12:00:00",Delivered
7465,1089,"2024-07-11 12:00:00",Confirmed
7466,1126,"2025-12-26 12:00:00",Shipped
7467,126,"2025-08-18 12:00:00",Shipped
7468,1126,"2025-04-10 12:00:00",Shipped
7469,126,"2024-12-01 12:00:00",Shipped
7470,1126,"2024-07-24 12:00:00",Shipped
7471,1163,"2026-01-08 12:00:00",Pending
7472,163,"2025-08-31 12:00:00",Delivered
7473,1163,"2025-04-23 12:00:00",Delivered
7474,163,"2024-12-14 12:00:00",Delivered
7475,1163,"2024-08-06 12:00:00",Delivered
7476,1200,"2026-01-21 12:00:00",Delivered
7477,200,"2025-09-13 12:00:00",Delivered
7478,1200,"2025-05-06 12:00:00",Delivered
7479,200,"2024-12-27 12:00:00",Delivered
7480,1200,"2024-08-19 12:00:00",Delivered
7481,1237,"2026-02-03 12:00:00",Delivered
7482,237,"2025-09-26 12:00:00",Delivered
7483,1237,"2025-05-19 12:00:00",Pending
7484,237,"2025-01-09 12:00:00",Delivered
7485,1237,"2024-09-01 12:00:00",Delivered
7486,1274,"2026-02-16 12:00:00",Delivered
7487,274,"2025-10-09 12:00:00",Delivered
7488,1274,"2025-06-01 12:00:00",Delivered
7489,274,"2025-01-22 12:00:00",Delivered
7490,1274,"2024-09-14 12:00:00",Delivered
7491,1311,"2026-03-01 12:00:00",Shipped
7492,311,"2025-10-22 12:00:00",Shipped
7493,1311,"2025-06-14 12:00:00",Shipped
7494,311,"2025-02-04 12:00:00",Shipped
7495,1311,"2024-09-27 12:00:00",Pending
7496,608,"2025-06-27 12:00:00",Delivered
7497,1608,"2025-02-17 12:00:00",Delivered
7498,608,"2024-10-10 12:00:00",Delivered
7499,1608,"2024-06-02 12:00:00",Delivered
7500,608,"2024-01-24 12:00:00",Delivered
7501,645,"2025-07-10 12:00:00",Delivered
7502,1645,"2025-03-02 12:00:00",Confirmed
7503,645,"2024-10-23 12:00:00",Delivered
7504,1645,"2024-06-15 12:00:00",Delivered
7505,645,"2024-02-06 12:00:00",Pending
7506,682,"2025-07-23 12:00:00",Delivered
7507,1682,"2025-03-15 12:00:00",Delivered
7508,682,"2024-11-05 12:00:00",Delivered
7509,1682,"2024-06-28 12:00:00",Delivered
7510,682,"2024-02-19 12:00:00",Delivered
7511,719,"2025-08-05 12:00:00",Delivered
7512,1719,"2025-03-28 12:00:00",Delivered
7513,719,"2024-11-18 12:00:00",Delivered
7514,1719,"2024-07-11 12:00:00",Delivered
7515,719,"2024-03-03 12:00:00",Delivered
7516,756,"2025-08-18 12:00:00",Shipped
7517,1756,"2025-04-10 12:00:00",Shipped
7518,756,"2024-12-01 12:00:00",Shipped
7519,1756,"2024-07-24 12:00:00",Shipped
7520,756,"2024-03-16 12:00:00",Shipped
7521,793,"2025-08-31 12:00:00",Delivered
7522,1793,"2025-04-23 12:00:00",Delivered
7523,793,"2024-12-14 12:00:00",Confirmed
7524,1793,"2024-08-06 12:00:00",Delivered
7525,793,"2024-03-29 12:00:00",Delivered
7526,830,"2025-09-13 12:00:00",Delivered
7527,1830,"2025-05-06 12:00:00",Delivered
7528,830,"2024-12-27 12:00:00",Delivered
7529,1830,"2024-08-19 12:00:00",Delivered
7530,830,"2024-04-11 12:00:00",Delivered
7531,867,"2025-09-26 12:00:00",Delivered
7532,1867,"2025-05-19 12:00:00",Pending
7533,867,"2025-01-09 12:00:00",Delivered
7534,1867,"2024-09-01 12:00:00",Delivered
7535,867,"2024-04-24 12:00:00",Delivered
7536,904,"2025-10-09 12:00:00",Delivered
7537,1904,"2025-06-01 12:00:00",Delivered
7538,904,"2025-01-22 12:00:00",Delivered
7539,1904,"2024-09-14 12:00:00",Delivered
7540,904,"2024-05-07 12:00:00",Delivered
7541,941,"2025-10-22 12:00:00",Cancelled
7542,1941,"2025-06-14 12:00:00",Cancelled
7543,941,"2025-02-04 12:00:00",Cancelled
7544,1941,"2024-09-27 12:00:00",Cancelled
7545,941,"2024-05-20 12:00:00",Cancelled
7546,238,"2025-02-17 12:00:00",Delivered
7547,1238,"2024-10-10 12:00:00",Delivered
7548,238,"2024-06-02 12:00:00",Delivered
7549,1238,"2024-01-24 12:00:00",Delivered
7550,238,"2026-06-02 12:00:00",Delivered
7551,275,"2025-03-02 12:00:00",Delivered
7552,1275,"2024-10-23 12:00:00",Delivered
7553,275,"2024-06-15 12:00:00",Delivered
7554,1275,"2024-02-06 12:00:00",Pending
7555,275,"2026-06-15 12:00:00",Delivered
7556,312,"2025-03-15 12:00:00",Delivered
7557,1312,"2024-11-05 12:00:00",Delivered
7558,312,"2024-06-28 12:00:00",Delivered
7559,1312,"2024-02-19 12:00:00",Delivered
7560,312,"2026-06-28 12:00:00",Delivered
7561,349,"2025-03-28 12:00:00",Delivered
7562,1349,"2024-11-18 12:00:00",Delivered
7563,349,"2024-07-11 12:00:00",Confirmed
7564,1349,"2024-03-03 12:00:00",Delivered
7565,349,"2026-07-11 12:00:00",Delivered
7566,386,"2025-04-10 12:00:00",Shipped
7567,1386,"2024-12-01 12:00:00",Shipped
7568,386,"2024-07-24 12:00:00",Shipped
7569,1386,"2024-03-16 12:00:00",Shipped
7570,386,"2026-07-24 12:00:00",Shipped
7571,423,"2025-04-23 12:00:00",Delivered
7572,1423,"2024-12-14 12:00:00",Delivered
7573,423,"2024-08-06 12:00:00",Delivered
7574,1423,"2024-03-29 12:00:00",Delivered
7575,423,"2026-08-06 12:00:00",Delivered
7576,460,"2025-05-06 12:00:00",Delivered
7577,1460,"2024-12-27 12:00:00",Delivered
7578,460,"2024-08-19 12:00:00",Delivered
7579,1460,"2024-04-11 12:00:00",Delivered
7580,460,"2026-08-19 12:00:00",Delivered
7581,497,"2025-05-19 12:00:00",Pending
7582,1497,"2025-01-09 12:00:00",Delivered
7583,497,"2024-09-01 12:00:00",Delivered
7584,1497,"2024-04-24 12:00:00",Confirmed
7585,497,"2026-09-01 12:00:00",Delivered
7586,534,"2025-06-01 12:00:00",Delivered
7587,1534,"2025-01-22 12:00:00",Delivered
7588,534,"2024-09-14 12:00:00",Delivered
7589,1534,"2024-05-07 12:00:00",Delivered
7590,534,"2026-09-14 12:00:00",Delivered
7591,571,"2025-06-14 12:00:00",Shipped
7592,1571,"2025-02-04 12:00:00",Shipped
7593,571,"2024-09-27 12:00:00",Pending
7594,1571,"2024-05-20 12:00:00",Shipped
7595,571,"2024-01-11 12:00:00",Shipped
7596,1268,"2026-06-22 12:00:00",Delivered
7597,268,"2026-02-12 12:00:00",Delivered
7598,1268,"2025-10-05 12:00:00",Delivered
7599,268,"2025-05-28 12:00:00",Delivered
7600,1268,"2025-01-18 12:00:00",Delivered
7601,1305,"2026-07-05 12:00:00",Delivered
7602,305,"2026-02-25 12:00:00",Confirmed
7603,1305,"2025-10-18 12:00:00",Delivered
7604,305,"2025-06-10 12:00:00",Delivered
7605,1305,"2025-01-31 12:00:00",Pending
7606,1342,"2026-07-18 12:00:00",Delivered
7607,342,"2026-03-10 12:00:00",Delivered
7608,1342,"2025-10-31 12:00:00",Delivered
7609,342,"2025-06-23 12:00:00",Delivered
7610,1342,"2025-02-13 12:00:00",Delivered
7611,1379,"2026-07-31 12:00:00",Delivered
7612,379,"2026-03-23 12:00:00",Delivered
7613,1379,"2025-11-13 12:00:00",Delivered
7614,379,"2025-07-06 12:00:00",Delivered
7615,1379,"2025-02-26 12:00:00",Delivered
7616,1416,"2026-08-13 12:00:00",Shipped
7617,416,"2026-04-05 12:00:00",Shipped
7618,1416,"2025-11-26 12:00:00",Shipped
7619,416,"2025-07-19 12:00:00",Shipped
7620,1416,"2025-03-11 12:00:00",Shipped
7621,1453,"2026-08-26 12:00:00",Delivered
7622,453,"2026-04-18 12:00:00",Delivered
7623,1453,"2025-12-09 12:00:00",Confirmed
7624,453,"2025-08-01 12:00:00",Delivered
7625,1453,"2025-03-24 12:00:00",Delivered
7626,1490,"2026-09-08 12:00:00",Delivered
7627,490,"2026-05-01 12:00:00",Delivered
7628,1490,"2025-12-22 12:00:00",Delivered
7629,490,"2025-08-14 12:00:00",Delivered
7630,1490,"2025-04-06 12:00:00",Delivered
7631,1527,"2024-01-05 12:00:00",Delivered
7632,527,"2026-05-14 12:00:00",Pending
7633,1527,"2026-01-04 12:00:00",Delivered
7634,527,"2025-08-27 12:00:00",Delivered
7635,1527,"2025-04-19 12:00:00",Delivered
7636,1564,"2024-01-18 12:00:00",Delivered
7637,564,"2026-05-27 12:00:00",Delivered
7638,1564,"2026-01-17 12:00:00",Delivered
7639,564,"2025-09-09 12:00:00",Delivered
7640,1564,"2025-05-02 12:00:00",Delivered
7641,1601,"2024-01-31 12:00:00",Cancelled
7642,601,"2026-06-09 12:00:00",Cancelled
7643,1601,"2026-01-30 12:00:00",Cancelled
7644,601,"2025-09-22 12:00:00",Cancelled
7645,1601,"2025-05-15 12:00:00",Cancelled
7646,898,"2026-02-12 12:00:00",Delivered
7647,1898,"2025-10-05 12:00:00",Delivered
7648,898,"2025-05-28 12:00:00",Delivered
7649,1898,"2025-01-18 12:00:00",Delivered
7650,898,"2024-09-10 12:00:00",Delivered
7651,935,"2026-02-25 12:00:00",Delivered
7652,1935,"2025-10-18 12:00:00",Delivered
7653,935,"2025-06-10 12:00:00",Delivered
7654,1935,"2025-01-31 12:00:00",Pending
7655,935,"2024-09-23 12:00:00",Delivered
7656,972,"2026-03-10 12:00:00",Delivered
7657,1972,"2025-10-31 12:00:00",Delivered
7658,972,"2025-06-23 12:00:00",Delivered
7659,1972,"2025-02-13 12:00:00",Delivered
7660,972,"2024-10-06 12:00:00",Delivered
7661,1009,"2026-03-23 12:00:00",Delivered
7662,9,"2025-11-13 12:00:00",Delivered
7663,1009,"2025-07-06 12:00:00",Confirmed
7664,9,"2025-02-26 12:00:00",Delivered
7665,1009,"2024-10-19 12:00:00",Delivered
7666,1046,"2026-04-05 12:00:00",Shipped
7667,46,"2025-11-26 12:00:00",Shipped
7668,1046,"2025-07-19 12:00:00",Shipped
7669,46,"2025-03-11 12:00:00",Shipped
7670,1046,"2024-11-01 12:00:00",Shipped
7671,1083,"2026-04-18 12:00:00",Delivered
7672,83,"2025-12-09 12:00:00",Delivered
7673,1083,"2025-08-01 12:00:00",Delivered
7674,83,"2025-03-24 12:00:00",Delivered
7675,1083,"2024-11-14 12:00:00",Delivered
7676,1120,"2026-05-01 12:00:00",Delivered
7677,120,"2025-12-22 12:00:00",Delivered
7678,1120,"2025-08-14 12:00:00",Delivered
7679,120,"2025-04-06 12:00:00",Delivered
7680,1120,"2024-11-27 12:00:00",Delivered
7681,1157,"2026-05-14 12:00:00",Pending
7682,157,"2026-01-04 12:00:00",Delivered
7683,1157,"2025-08-27 12:00:00",Delivered
7684,157,"2025-04-19 12:00:00",Confirmed
7685,1157,"2024-12-10 12:00:00",Delivered
7686,1194,"2026-05-27 12:00:00",Delivered
7687,194,"2026-01-17 12:00:00",Delivered
7688,1194,"2025-09-09 12:00:00",Delivered
7689,194,"2025-05-02 12:00:00",Delivered
7690,1194,"2024-12-23 12:00:00",Delivered
7691,1231,"2026-06-09 12:00:00",Shipped
7692,231,"2026-01-30 12:00:00",Shipped
7693,1231,"2025-09-22 12:00:00",Pending
7694,231,"2025-05-15 12:00:00",Shipped
7695,1231,"2025-01-05 12:00:00",Shipped
7696,528,"2025-10-05 12:00:00",Delivered
7697,1528,"2025-05-28 12:00:00",Delivered
7698,528,"2025-01-18 12:00:00",Delivered
7699,1528,"2024-09-10 12:00:00",Delivered
7700,528,"2024-05-03 12:00:00",Delivered
7701,565,"2025-10-18 12:00:00",Delivered
7702,1565,"2025-06-10 12:00:00",Delivered
7703,565,"2025-01-31 12:00:00",Pending
7704,1565,"2024-09-23 12:00:00",Delivered
7705,565,"2024-05-16 12:00:00",Delivered
7706,602,"2025-10-31 12:00:00",Delivered
7707,1602,"2025-06-23 12:00:00",Delivered
7708,602,"2025-02-13 12:00:00",Delivered
7709,1602,"2024-10-06 12:00:00",Delivered
7710,602,"2024-05-29 12:00:00",Delivered
7711,639,"2025-11-13 12:00:00",Delivered
7712,1639,"2025-07-06 12:00:00",Delivered
7713,639,"2025-02-26 12:00:00",Delivered
7714,1639,"2024-10-19 12:00:00",Delivered
7715,639,"2024-06-11 12:00:00",Pending
7716,676,"2025-11-26 12:00:00",Shipped
7717,1676,"2025-07-19 12:00:00",Shipped
7718,676,"2025-03-11 12:00:00",Shipped
7719,1676,"2024-11-01 12:00:00",Shipped
7720,676,"2024-06-24 12:00:00",Shipped
7721,713,"2025-12-09 12:00:00",Confirmed
7722,1713,"2025-08-01 12:00:00",Delivered
7723,713,"2025-03-24 12:00:00",Delivered
7724,1713,"2024-11-14 12:00:00",Confirmed
7725,713,"2024-07-07 12:00:00",Delivered
7726,750,"2025-12-22 12:00:00",Delivered
7727,1750,"2025-08-14 12:00:00",Delivered
7728,750,"2025-04-06 12:00:00",Delivered
7729,1750,"2024-11-27 12:00:00",Delivered
7730,750,"2024-07-20 12:00:00",Delivered
7731,787,"2026-01-04 12:00:00",Delivered
7732,1787,"2025-08-27 12:00:00",Delivered
7733,787,"2025-04-19 12:00:00",Delivered
7734,1787,"2024-12-10 12:00:00",Delivered
7735,787,"2024-08-02 12:00:00",Delivered
7736,824,"2026-01-17 12:00:00",Delivered
7737,1824,"2025-09-09 12:00:00",Delivered
7738,824,"2025-05-02 12:00:00",Delivered
7739,1824,"2024-12-23 12:00:00",Delivered
7740,824,"2024-08-15 12:00:00",Delivered
7741,861,"2026-01-30 12:00:00",Cancelled
7742,1861,"2025-09-22 12:00:00",Cancelled
7743,861,"2025-05-15 12:00:00",Cancelled
7744,1861,"2025-01-05 12:00:00",Cancelled
7745,861,"2024-08-28 12:00:00",Cancelled
7746,158,"2025-05-28 12:00:00",Delivered
7747,1158,"2025-01-18 12:00:00",Delivered
7748,158,"2024-09-10 12:00:00",Delivered
7749,1158,"2024-05-03 12:00:00",Delivered
7750,158,"2026-09-10 12:00:00",Delivered
7751,195,"2025-06-10 12:00:00",Delivered
7752,1195,"2025-01-31 12:00:00",Pending
7753,195,"2024-09-23 12:00:00",Delivered
7754,1195,"2024-05-16 12:00:00",Delivered
7755,195,"2024-01-07 12:00:00",Delivered
7756,232,"2025-06-23 12:00:00",Delivered
7757,1232,"2025-02-13 12:00:00",Delivered
7758,232,"2024-10-06 12:00:00",Delivered
7759,1232,"2024-05-29 12:00:00",Delivered
7760,232,"2024-01-20 12:00:00",Delivered
7761,269,"2025-07-06 12:00:00",Confirmed
7762,1269,"2025-02-26 12:00:00",Delivered
7763,269,"2024-10-19 12:00:00",Delivered
7764,1269,"2024-06-11 12:00:00",Pending
7765,269,"2024-02-02 12:00:00",Delivered
7766,306,"2025-07-19 12:00:00",Shipped
7767,1306,"2025-03-11 12:00:00",Shipped
7768,306,"2024-11-01 12:00:00",Shipped
7769,1306,"2024-06-24 12:00:00",Shipped
7770,306,"2024-02-15 12:00:00",Shipped
7771,343,"2025-08-01 12:00:00",Delivered
7772,1343,"2025-03-24 12:00:00",Delivered
7773,343,"2024-11-14 12:00:00",Delivered
7774,1343,"2024-07-07 12:00:00",Delivered
7775,343,"2024-02-28 12:00:00",Delivered
7776,380,"2025-08-14 12:00:00",Delivered
7777,1380,"2025-04-06 12:00:00",Delivered
7778,380,"2024-11-27 12:00:00",Delivered
7779,1380,"2024-07-20 12:00:00",Delivered
7780,380,"2024-03-12 12:00:00",Delivered
7781,417,"2025-08-27 12:00:00",Delivered
7782,1417,"2025-04-19 12:00:00",Confirmed
7783,417,"2024-12-10 12:00:00",Delivered
7784,1417,"2024-08-02 12:00:00",Delivered
7785,417,"2024-03-25 12:00:00",Confirmed
7786,454,"2025-09-09 12:00:00",Delivered
7787,1454,"2025-05-02 12:00:00",Delivered
7788,454,"2024-12-23 12:00:00",Delivered
7789,1454,"2024-08-15 12:00:00",Delivered
7790,454,"2024-04-07 12:00:00",Delivered
7791,491,"2025-09-22 12:00:00",Pending
7792,1491,"2025-05-15 12:00:00",Shipped
7793,491,"2025-01-05 12:00:00",Shipped
7794,1491,"2024-08-28 12:00:00",Shipped
7795,491,"2024-04-20 12:00:00",Shipped
7796,1788,"2025-01-18 12:00:00",Delivered
7797,788,"2024-09-10 12:00:00",Delivered
7798,1788,"2024-05-03 12:00:00",Delivered
7799,788,"2026-09-10 12:00:00",Delivered
7800,1788,"2026-05-03 12:00:00",Delivered
7801,1825,"2025-01-31 12:00:00",Pending
7802,825,"2024-09-23 12:00:00",Delivered
7803,1825,"2024-05-16 12:00:00",Delivered
7804,825,"2024-01-07 12:00:00",Confirmed
7805,1825,"2026-05-16 12:00:00",Delivered
7806,1862,"2025-02-13 12:00:00",Delivered
7807,862,"2024-10-06 12:00:00",Delivered
7808,1862,"2024-05-29 12:00:00",Delivered
7809,862,"2024-01-20 12:00:00",Delivered
7810,1862,"2026-05-29 12:00:00",Delivered
7811,1899,"2025-02-26 12:00:00",Delivered
7812,899,"2024-10-19 12:00:00",Delivered
7813,1899,"2024-06-11 12:00:00",Pending
7814,899,"2024-02-02 12:00:00",Delivered
7815,1899,"2026-06-11 12:00:00",Delivered
7816,1936,"2025-03-11 12:00:00",Shipped
7817,936,"2024-11-01 12:00:00",Shipped
7818,1936,"2024-06-24 12:00:00",Shipped
7819,936,"2024-02-15 12:00:00",Shipped
7820,1936,"2026-06-24 12:00:00",Shipped
7821,1973,"2025-03-24 12:00:00",Delivered
7822,973,"2024-11-14 12:00:00",Confirmed
7823,1973,"2024-07-07 12:00:00",Delivered
7824,973,"2024-02-28 12:00:00",Delivered
7825,1973,"2026-07-07 12:00:00",Pending
7826,10,"2025-04-06 12:00:00",Delivered
7827,1010,"2024-11-27 12:00:00",Delivered
7828,10,"2024-07-20 12:00:00",Delivered
7829,1010,"2024-03-12 12:00:00",Delivered
7830,10,"2026-07-20 12:00:00",Delivered
7831,47,"2025-04-19 12:00:00",Delivered
7832,1047,"2024-12-10 12:00:00",Delivered
7833,47,"2024-08-02 12:00:00",Delivered
7834,1047,"2024-03-25 12:00:00",Delivered
7835,47,"2026-08-02 12:00:00",Delivered
7836,84,"2025-05-02 12:00:00",Delivered
7837,1084,"2024-12-23 12:00:00",Delivered
7838,84,"2024-08-15 12:00:00",Delivered
7839,1084,"2024-04-07 12:00:00",Delivered
7840,84,"2026-08-15 12:00:00",Delivered
7841,121,"2025-05-15 12:00:00",Cancelled
7842,1121,"2025-01-05 12:00:00",Cancelled
7843,121,"2024-08-28 12:00:00",Cancelled
7844,1121,"2024-04-20 12:00:00",Cancelled
7845,121,"2026-08-28 12:00:00",Cancelled
7846,1418,"2024-09-10 12:00:00",Delivered
7847,418,"2024-05-03 12:00:00",Delivered
7848,1418,"2026-09-10 12:00:00",Delivered
7849,418,"2026-05-03 12:00:00",Delivered
7850,1418,"2025-12-24 12:00:00",Delivered
7851,1455,"2024-09-23 12:00:00",Delivered
7852,455,"2024-05-16 12:00:00",Delivered
7853,1455,"2024-01-07 12:00:00",Delivered
7854,455,"2026-05-16 12:00:00",Delivered
7855,1455,"2026-01-06 12:00:00",Delivered
7856,1492,"2024-10-06 12:00:00",Delivered
7857,492,"2024-05-29 12:00:00",Delivered
7858,1492,"2024-01-20 12:00:00",Delivered
7859,492,"2026-05-29 12:00:00",Delivered
7860,1492,"2026-01-19 12:00:00",Delivered
7861,1529,"2024-10-19 12:00:00",Delivered
7862,529,"2024-06-11 12:00:00",Pending
7863,1529,"2024-02-02 12:00:00",Delivered
7864,529,"2026-06-11 12:00:00",Delivered
7865,1529,"2026-02-01 12:00:00",Confirmed
7866,1566,"2024-11-01 12:00:00",Shipped
7867,566,"2024-06-24 12:00:00",Shipped
7868,1566,"2024-02-15 12:00:00",Shipped
7869,566,"2026-06-24 12:00:00",Shipped
7870,1566,"2026-02-14 12:00:00",Shipped
7871,1603,"2024-11-14 12:00:00",Delivered
7872,603,"2024-07-07 12:00:00",Delivered
7873,1603,"2024-02-28 12:00:00",Delivered
7874,603,"2026-07-07 12:00:00",Pending
7875,1603,"2026-02-27 12:00:00",Delivered
7876,1640,"2024-11-27 12:00:00",Delivered
7877,640,"2024-07-20 12:00:00",Delivered
7878,1640,"2024-03-12 12:00:00",Delivered
7879,640,"2026-07-20 12:00:00",Delivered
7880,1640,"2026-03-12 12:00:00",Delivered
7881,1677,"2024-12-10 12:00:00",Delivered
7882,677,"2024-08-02 12:00:00",Delivered
7883,1677,"2024-03-25 12:00:00",Confirmed
7884,677,"2026-08-02 12:00:00",Delivered
7885,1677,"2026-03-25 12:00:00",Delivered
7886,1714,"2024-12-23 12:00:00",Delivered
7887,714,"2024-08-15 12:00:00",Delivered
7888,1714,"2024-04-07 12:00:00",Delivered
7889,714,"2026-08-15 12:00:00",Delivered
7890,1714,"2026-04-07 12:00:00",Delivered
7891,1751,"2025-01-05 12:00:00",Shipped
7892,751,"2024-08-28 12:00:00",Shipped
7893,1751,"2024-04-20 12:00:00",Shipped
7894,751,"2026-08-28 12:00:00",Shipped
7895,1751,"2026-04-20 12:00:00",Shipped
7896,1048,"2024-05-03 12:00:00",Delivered
7897,48,"2026-09-10 12:00:00",Delivered
7898,1048,"2026-05-03 12:00:00",Delivered
7899,48,"2025-12-24 12:00:00",Delivered
7900,1048,"2025-08-16 12:00:00",Delivered
7901,1085,"2024-05-16 12:00:00",Delivered
7902,85,"2024-01-07 12:00:00",Confirmed
7903,1085,"2026-05-16 12:00:00",Delivered
7904,85,"2026-01-06 12:00:00",Delivered
7905,1085,"2025-08-29 12:00:00",Confirmed
7906,1122,"2024-05-29 12:00:00",Delivered
7907,122,"2024-01-20 12:00:00",Delivered
7908,1122,"2026-05-29 12:00:00",Delivered
7909,122,"2026-01-19 12:00:00",Delivered
7910,1122,"2025-09-11 12:00:00",Delivered
7911,1159,"2024-06-11 12:00:00",Pending
7912,159,"2024-02-02 12:00:00",Delivered
7913,1159,"2026-06-11 12:00:00",Delivered
7914,159,"2026-02-01 12:00:00",Delivered
7915,1159,"2025-09-24 12:00:00",Delivered
7916,1196,"2024-06-24 12:00:00",Shipped
7917,196,"2024-02-15 12:00:00",Shipped
7918,1196,"2026-06-24 12:00:00",Shipped
7919,196,"2026-02-14 12:00:00",Shipped
7920,1196,"2025-10-07 12:00:00",Shipped
7921,1233,"2024-07-07 12:00:00",Delivered
7922,233,"2024-02-28 12:00:00",Delivered
7923,1233,"2026-07-07 12:00:00",Pending
7924,233,"2026-02-27 12:00:00",Delivered
7925,1233,"2025-10-20 12:00:00",Delivered
7926,1270,"2024-07-20 12:00:00",Delivered
7927,270,"2024-03-12 12:00:00",Delivered
7928,1270,"2026-07-20 12:00:00",Delivered
7929,270,"2026-03-12 12:00:00",Delivered
7930,1270,"2025-11-02 12:00:00",Delivered
7931,1307,"2024-08-02 12:00:00",Delivered
7932,307,"2024-03-25 12:00:00",Delivered
7933,1307,"2026-08-02 12:00:00",Delivered
7934,307,"2026-03-25 12:00:00",Delivered
7935,1307,"2025-11-15 12:00:00",Pending
7936,1344,"2024-08-15 12:00:00",Delivered
7937,344,"2024-04-07 12:00:00",Delivered
7938,1344,"2026-08-15 12:00:00",Delivered
7939,344,"2026-04-07 12:00:00",Delivered
7940,1344,"2025-11-28 12:00:00",Delivered
7941,1381,"2024-08-28 12:00:00",Cancelled
7942,381,"2024-04-20 12:00:00",Cancelled
7943,1381,"2026-08-28 12:00:00",Cancelled
7944,381,"2026-04-20 12:00:00",Cancelled
7945,1381,"2025-12-11 12:00:00",Cancelled
7946,678,"2026-09-10 12:00:00",Delivered
7947,1678,"2026-05-03 12:00:00",Delivered
7948,678,"2025-12-24 12:00:00",Delivered
7949,1678,"2025-08-16 12:00:00",Delivered
7950,678,"2025-04-08 12:00:00",Delivered
7951,715,"2024-01-07 12:00:00",Delivered
7952,1715,"2026-05-16 12:00:00",Delivered
7953,715,"2026-01-06 12:00:00",Delivered
7954,1715,"2025-08-29 12:00:00",Delivered
7955,715,"2025-04-21 12:00:00",Delivered
7956,752,"2024-01-20 12:00:00",Delivered
7957,1752,"2026-05-29 12:00:00",Delivered
7958,752,"2026-01-19 12:00:00",Delivered
7959,1752,"2025-09-11 12:00:00",Delivered
7960,752,"2025-05-04 12:00:00",Delivered
7961,789,"2024-02-02 12:00:00",Delivered
7962,1789,"2026-06-11 12:00:00",Delivered
7963,789,"2026-02-01 12:00:00",Confirmed
7964,1789,"2025-09-24 12:00:00",Delivered
7965,789,"2025-05-17 12:00:00",Delivered
7966,826,"2024-02-15 12:00:00",Shipped
7967,1826,"2026-06-24 12:00:00",Shipped
7968,826,"2026-02-14 12:00:00",Shipped
7969,1826,"2025-10-07 12:00:00",Shipped
7970,826,"2025-05-30 12:00:00",Shipped
7971,863,"2024-02-28 12:00:00",Delivered
7972,1863,"2026-07-07 12:00:00",Pending
7973,863,"2026-02-27 12:00:00",Delivered
7974,1863,"2025-10-20 12:00:00",Delivered
7975,863,"2025-06-12 12:00:00",Delivered
7976,900,"2024-03-12 12:00:00",Delivered
7977,1900,"2026-07-20 12:00:00",Delivered
7978,900,"2026-03-12 12:00:00",Delivered
7979,1900,"2025-11-02 12:00:00",Delivered
7980,900,"2025-06-25 12:00:00",Delivered
7981,937,"2024-03-25 12:00:00",Confirmed
7982,1937,"2026-08-02 12:00:00",Delivered
7983,937,"2026-03-25 12:00:00",Delivered
7984,1937,"2025-11-15 12:00:00",Pending
7985,937,"2025-07-08 12:00:00",Delivered
7986,974,"2024-04-07 12:00:00",Delivered
7987,1974,"2026-08-15 12:00:00",Delivered
7988,974,"2026-04-07 12:00:00",Delivered
7989,1974,"2025-11-28 12:00:00",Delivered
7990,974,"2025-07-21 12:00:00",Delivered
7991,1011,"2024-04-20 12:00:00",Shipped
7992,11,"2026-08-28 12:00:00",Shipped
7993,1011,"2026-04-20 12:00:00",Shipped
7994,11,"2025-12-11 12:00:00",Shipped
7995,1011,"2025-08-03 12:00:00",Shipped
7996,308,"2026-05-03 12:00:00",Delivered
7997,1308,"2025-12-24 12:00:00",Delivered
7998,308,"2025-08-16 12:00:00",Delivered
7999,1308,"2025-04-08 12:00:00",Delivered
8000,308,"2024-11-29 12:00:00",Delivered
8001,345,"2026-05-16 12:00:00",Delivered
8002,1345,"2026-01-06 12:00:00",Delivered
8003,345,"2025-08-29 12:00:00",Confirmed
8004,1345,"2025-04-21 12:00:00",Delivered
8005,345,"2024-12-12 12:00:00",Delivered
8006,382,"2026-05-29 12:00:00",Delivered
8007,1382,"2026-01-19 12:00:00",Delivered
8008,382,"2025-09-11 12:00:00",Delivered
8009,1382,"2025-05-04 12:00:00",Delivered
8010,382,"2024-12-25 12:00:00",Delivered
8011,419,"2026-06-11 12:00:00",Delivered
8012,1419,"2026-02-01 12:00:00",Delivered
8013,419,"2025-09-24 12:00:00",Delivered
8014,1419,"2025-05-17 12:00:00",Delivered
8015,419,"2025-01-07 12:00:00",Delivered
8016,456,"2026-06-24 12:00:00",Shipped
8017,1456,"2026-02-14 12:00:00",Shipped
8018,456,"2025-10-07 12:00:00",Shipped
8019,1456,"2025-05-30 12:00:00",Shipped
8020,456,"2025-01-20 12:00:00",Shipped
8021,493,"2026-07-07 12:00:00",Pending
8022,1493,"2026-02-27 12:00:00",Delivered
8023,493,"2025-10-20 12:00:00",Delivered
8024,1493,"2025-06-12 12:00:00",Confirmed
8025,493,"2025-02-02 12:00:00",Delivered
8026,530,"2026-07-20 12:00:00",Delivered
8027,1530,"2026-03-12 12:00:00",Delivered
8028,530,"2025-11-02 12:00:00",Delivered
8029,1530,"2025-06-25 12:00:00",Delivered
8030,530,"2025-02-15 12:00:00",Delivered
8031,567,"2026-08-02 12:00:00",Delivered
8032,1567,"2026-03-25 12:00:00",Delivered
8033,567,"2025-11-15 12:00:00",Pending
8034,1567,"2025-07-08 12:00:00",Delivered
8035,567,"2025-02-28 12:00:00",Delivered
8036,604,"2026-08-15 12:00:00",Delivered
8037,1604,"2026-04-07 12:00:00",Delivered
8038,604,"2025-11-28 12:00:00",Delivered
8039,1604,"2025-07-21 12:00:00",Delivered
8040,604,"2025-03-13 12:00:00",Delivered
8041,641,"2026-08-28 12:00:00",Cancelled
8042,1641,"2026-04-20 12:00:00",Cancelled
8043,641,"2025-12-11 12:00:00",Cancelled
8044,1641,"2025-08-03 12:00:00",Cancelled
8045,641,"2025-03-26 12:00:00",Cancelled
8046,1938,"2025-12-24 12:00:00",Delivered
8047,938,"2025-08-16 12:00:00",Delivered
8048,1938,"2025-04-08 12:00:00",Delivered
8049,938,"2024-11-29 12:00:00",Delivered
8050,1938,"2024-07-22 12:00:00",Delivered
8051,1975,"2026-01-06 12:00:00",Delivered
8052,975,"2025-08-29 12:00:00",Delivered
8053,1975,"2025-04-21 12:00:00",Delivered
8054,975,"2024-12-12 12:00:00",Delivered
8055,1975,"2024-08-04 12:00:00",Pending
8056,12,"2026-01-19 12:00:00",Delivered
8057,1012,"2025-09-11 12:00:00",Delivered
8058,12,"2025-05-04 12:00:00",Delivered
8059,1012,"2024-12-25 12:00:00",Delivered
8060,12,"2024-08-17 12:00:00",Delivered
8061,49,"2026-02-01 12:00:00",Confirmed
8062,1049,"2025-09-24 12:00:00",Delivered
8063,49,"2025-05-17 12:00:00",Delivered
8064,1049,"2025-01-07 12:00:00",Confirmed
8065,49,"2024-08-30 12:00:00",Delivered
8066,86,"2026-02-14 12:00:00",Shipped
8067,1086,"2025-10-07 12:00:00",Shipped
8068,86,"2025-05-30 12:00:00",Shipped
8069,1086,"2025-01-20 12:00:00",Shipped
8070,86,"2024-09-12 12:00:00",Shipped
8071,123,"2026-02-27 12:00:00",Delivered
8072,1123,"2025-10-20 12:00:00",Delivered
8073,123,"2025-06-12 12:00:00",Delivered
8074,1123,"2025-02-02 12:00:00",Delivered
8075,123,"2024-09-25 12:00:00",Delivered
8076,160,"2026-03-12 12:00:00",Delivered
8077,1160,"2025-11-02 12:00:00",Delivered
8078,160,"2025-06-25 12:00:00",Delivered
8079,1160,"2025-02-15 12:00:00",Delivered
8080,160,"2024-10-08 12:00:00",Delivered
8081,197,"2026-03-25 12:00:00",Delivered
8082,1197,"2025-11-15 12:00:00",Pending
8083,197,"2025-07-08 12:00:00",Delivered
8084,1197,"2025-02-28 12:00:00",Delivered
8085,197,"2024-10-21 12:00:00",Confirmed
8086,234,"2026-04-07 12:00:00",Delivered
8087,1234,"2025-11-28 12:00:00",Delivered
8088,234,"2025-07-21 12:00:00",Delivered
8089,1234,"2025-03-13 12:00:00",Delivered
8090,234,"2024-11-03 12:00:00",Delivered
8091,271,"2026-04-20 12:00:00",Shipped
8092,1271,"2025-12-11 12:00:00",Shipped
8093,271,"2025-08-03 12:00:00",Shipped
8094,1271,"2025-03-26 12:00:00",Pending
8095,271,"2024-11-16 12:00:00",Shipped
8096,968,"2024-08-11 12:00:00",Delivered
8097,1968,"2024-04-03 12:00:00",Delivered
8098,968,"2026-08-11 12:00:00",Delivered
8099,1968,"2026-04-03 12:00:00",Delivered
8100,968,"2025-11-24 12:00:00",Delivered
8101,1005,"2024-08-24 12:00:00",Delivered
8102,5,"2024-04-16 12:00:00",Delivered
8103,1005,"2026-08-24 12:00:00",Confirmed
8104,5,"2026-04-16 12:00:00",Delivered
8105,1005,"2025-12-07 12:00:00",Delivered
8106,1042,"2024-09-06 12:00:00",Delivered
8107,42,"2024-04-29 12:00:00",Delivered
8108,1042,"2026-09-06 12:00:00",Delivered
8109,42,"2026-04-29 12:00:00",Delivered
8110,1042,"2025-12-20 12:00:00",Delivered
8111,1079,"2024-09-19 12:00:00",Delivered
8112,79,"2024-05-12 12:00:00",Delivered
8113,1079,"2024-01-03 12:00:00",Delivered
8114,79,"2026-05-12 12:00:00",Delivered
8115,1079,"2026-01-02 12:00:00",Delivered
8116,1116,"2024-10-02 12:00:00",Shipped
8117,116,"2024-05-25 12:00:00",Shipped
8118,1116,"2024-01-16 12:00:00",Shipped
8119,116,"2026-05-25 12:00:00",Shipped
8120,1116,"2026-01-15 12:00:00",Shipped
8121,1153,"2024-10-15 12:00:00",Pending
8122,153,"2024-06-07 12:00:00",Delivered
8123,1153,"2024-01-29 12:00:00",Delivered
8124,153,"2026-06-07 12:00:00",Confirmed
8125,1153,"2026-01-28 12:00:00",Delivered
8126,1190,"2024-10-28 12:00:00",Delivered
8127,190,"2024-06-20 12:00:00",Delivered
8128,1190,"2024-02-11 12:00:00",Delivered
8129,190,"2026-06-20 12:00:00",Delivered
8130,1190,"2026-02-10 12:00:00",Delivered
8131,1227,"2024-11-10 12:00:00",Delivered
8132,227,"2024-07-03 12:00:00",Delivered
8133,1227,"2024-02-24 12:00:00",Pending
8134,227,"2026-07-03 12:00:00",Delivered
8135,1227,"2026-02-23 12:00:00",Delivered
8136,1264,"2024-11-23 12:00:00",Delivered
8137,264,"2024-07-16 12:00:00",Delivered
8138,1264,"2024-03-08 12:00:00",Delivered
8139,264,"2026-07-16 12:00:00",Delivered
8140,1264,"2026-03-08 12:00:00",Delivered
8141,1301,"2024-12-06 12:00:00",Cancelled
8142,301,"2024-07-29 12:00:00",Cancelled
8143,1301,"2024-03-21 12:00:00",Cancelled
8144,301,"2026-07-29 12:00:00",Cancelled
8145,1301,"2026-03-21 12:00:00",Cancelled
8146,598,"2024-04-03 12:00:00",Delivered
8147,1598,"2026-08-11 12:00:00",Delivered
8148,598,"2026-04-03 12:00:00",Delivered
8149,1598,"2025-11-24 12:00:00",Delivered
8150,598,"2025-07-17 12:00:00",Delivered
8151,635,"2024-04-16 12:00:00",Delivered
8152,1635,"2026-08-24 12:00:00",Delivered
8153,635,"2026-04-16 12:00:00",Delivered
8154,1635,"2025-12-07 12:00:00",Delivered
8155,635,"2025-07-30 12:00:00",Pending
8156,672,"2024-04-29 12:00:00",Delivered
8157,1672,"2026-09-06 12:00:00",Delivered
8158,672,"2026-04-29 12:00:00",Delivered
8159,1672,"2025-12-20 12:00:00",Delivered
8160,672,"2025-08-12 12:00:00",Delivered
8161,709,"2024-05-12 12:00:00",Confirmed
8162,1709,"2024-01-03 12:00:00",Delivered
8163,709,"2026-05-12 12:00:00",Delivered
8164,1709,"2026-01-02 12:00:00",Confirmed
8165,709,"2025-08-25 12:00:00",Delivered
8166,746,"2024-05-25 12:00:00",Shipped
8167,1746,"2024-01-16 12:00:00",Shipped
8168,746,"2026-05-25 12:00:00",Shipped
8169,1746,"2026-01-15 12:00:00",Shipped
8170,746,"2025-09-07 12:00:00",Shipped
8171,783,"2024-06-07 12:00:00",Delivered
8172,1783,"2024-01-29 12:00:00",Delivered
8173,783,"2026-06-07 12:00:00",Delivered
8174,1783,"2026-01-28 12:00:00",Delivered
8175,783,"2025-09-20 12:00:00",Delivered
8176,820,"2024-06-20 12:00:00",Delivered
8177,1820,"2024-02-11 12:00:00",Delivered
8178,820,"2026-06-20 12:00:00",Delivered
8179,1820,"2026-02-10 12:00:00",Delivered
8180,820,"2025-10-03 12:00:00",Delivered
8181,857,"2024-07-03 12:00:00",Delivered
8182,1857,"2024-02-24 12:00:00",Pending
8183,857,"2026-07-03 12:00:00",Delivered
8184,1857,"2026-02-23 12:00:00",Delivered
8185,857,"2025-10-16 12:00:00",Confirmed
8186,894,"2024-07-16 12:00:00",Delivered
8187,1894,"2024-03-08 12:00:00",Delivered
8188,894,"2026-07-16 12:00:00",Delivered
8189,1894,"2026-03-08 12:00:00",Delivered
8190,894,"2025-10-29 12:00:00",Delivered
8191,931,"2024-07-29 12:00:00",Shipped
8192,1931,"2024-03-21 12:00:00",Shipped
8193,931,"2026-07-29 12:00:00",Shipped
8194,1931,"2026-03-21 12:00:00",Pending
8195,931,"2025-11-11 12:00:00",Shipped
8196,228,"2026-08-11 12:00:00",Delivered
8197,1228,"2026-04-03 12:00:00",Delivered
8198,228,"2025-11-24 12:00:00",Delivered
8199,1228,"2025-07-17 12:00:00",Delivered
8200,228,"2025-03-09 12:00:00",Delivered
8201,265,"2026-08-24 12:00:00",Confirmed
8202,1265,"2026-04-16 12:00:00",Delivered
8203,265,"2025-12-07 12:00:00",Delivered
8204,1265,"2025-07-30 12:00:00",Pending
8205,265,"2025-03-22 12:00:00",Delivered
8206,302,"2026-09-06 12:00:00",Delivered
8207,1302,"2026-04-29 12:00:00",Delivered
8208,302,"2025-12-20 12:00:00",Delivered
8209,1302,"2025-08-12 12:00:00",Delivered
8210,302,"2025-04-04 12:00:00",Delivered
8211,339,"2024-01-03 12:00:00",Delivered
8212,1339,"2026-05-12 12:00:00",Delivered
8213,339,"2026-01-02 12:00:00",Delivered
8214,1339,"2025-08-25 12:00:00",Delivered
8215,339,"2025-04-17 12:00:00",Delivered
8216,376,"2024-01-16 12:00:00",Shipped
8217,1376,"2026-05-25 12:00:00",Shipped
8218,376,"2026-01-15 12:00:00",Shipped
8219,1376,"2025-09-07 12:00:00",Shipped
8220,376,"2025-04-30 12:00:00",Shipped
8221,413,"2024-01-29 12:00:00",Delivered
8222,1413,"2026-06-07 12:00:00",Confirmed
8223,413,"2026-01-28 12:00:00",Delivered
8224,1413,"2025-09-20 12:00:00",Delivered
8225,413,"2025-05-13 12:00:00",Confirmed
8226,450,"2024-02-11 12:00:00",Delivered
8227,1450,"2026-06-20 12:00:00",Delivered
8228,450,"2026-02-10 12:00:00",Delivered
8229,1450,"2025-10-03 12:00:00",Delivered
8230,450,"2025-05-26 12:00:00",Delivered
8231,487,"2024-02-24 12:00:00",Pending
8232,1487,"2026-07-03 12:00:00",Delivered
8233,487,"2026-02-23 12:00:00",Delivered
8234,1487,"2025-10-16 12:00:00",Delivered
8235,487,"2025-06-08 12:00:00",Delivered
8236,524,"2024-03-08 12:00:00",Delivered
8237,1524,"2026-07-16 12:00:00",Delivered
8238,524,"2026-03-08 12:00:00",Delivered
8239,1524,"2025-10-29 12:00:00",Delivered
8240,524,"2025-06-21 12:00:00",Delivered
8241,561,"2024-03-21 12:00:00",Cancelled
8242,1561,"2026-07-29 12:00:00",Cancelled
8243,561,"2026-03-21 12:00:00",Cancelled
8244,1561,"2025-11-11 12:00:00",Cancelled
8245,561,"2025-07-04 12:00:00",Cancelled
8246,1858,"2026-04-03 12:00:00",Delivered
8247,858,"2025-11-24 12:00:00",Delivered
8248,1858,"2025-07-17 12:00:00",Delivered
8249,858,"2025-03-09 12:00:00",Delivered
8250,1858,"2024-10-30 12:00:00",Delivered
8251,1895,"2026-04-16 12:00:00",Delivered
8252,895,"2025-12-07 12:00:00",Delivered
8253,1895,"2025-07-30 12:00:00",Pending
8254,895,"2025-03-22 12:00:00",Delivered
8255,1895,"2024-11-12 12:00:00",Delivered
8256,1932,"2026-04-29 12:00:00",Delivered
8257,932,"2025-12-20 12:00:00",Delivered
8258,1932,"2025-08-12 12:00:00",Delivered
8259,932,"2025-04-04 12:00:00",Delivered
8260,1932,"2024-11-25 12:00:00",Delivered
8261,1969,"2026-05-12 12:00:00",Delivered
8262,969,"2026-01-02 12:00:00",Confirmed
8263,1969,"2025-08-25 12:00:00",Delivered
8264,969,"2025-04-17 12:00:00",Delivered
8265,1969,"2024-12-08 12:00:00",Pending
8266,6,"2026-05-25 12:00:00",Shipped
8267,1006,"2026-01-15 12:00:00",Shipped
8268,6,"2025-09-07 12:00:00",Shipped
8269,1006,"2025-04-30 12:00:00",Shipped
8270,6,"2024-12-21 12:00:00",Shipped
8271,43,"2026-06-07 12:00:00",Delivered
8272,1043,"2026-01-28 12:00:00",Delivered
8273,43,"2025-09-20 12:00:00",Delivered
8274,1043,"2025-05-13 12:00:00",Delivered
8275,43,"2025-01-03 12:00:00",Delivered
8276,80,"2026-06-20 12:00:00",Delivered
8277,1080,"2026-02-10 12:00:00",Delivered
8278,80,"2025-10-03 12:00:00",Delivered
8279,1080,"2025-05-26 12:00:00",Delivered
8280,80,"2025-01-16 12:00:00",Delivered
8281,117,"2026-07-03 12:00:00",Delivered
8282,1117,"2026-02-23 12:00:00",Delivered
8283,117,"2025-10-16 12:00:00",Confirmed
8284,1117,"2025-06-08 12:00:00",Delivered
8285,117,"2025-01-29 12:00:00",Delivered
8286,154,"2026-07-16 12:00:00",Delivered
8287,1154,"2026-03-08 12:00:00",Delivered
8288,154,"2025-10-29 12:00:00",Delivered
8289,1154,"2025-06-21 12:00:00",Delivered
8290,154,"2025-02-11 12:00:00",Delivered
8291,191,"2026-07-29 12:00:00",Shipped
8292,1191,"2026-03-21 12:00:00",Pending
8293,191,"2025-11-11 12:00:00",Shipped
8294,1191,"2025-07-04 12:00:00",Shipped
8295,191,"2025-02-24 12:00:00",Shipped
8296,1488,"2025-11-24 12:00:00",Delivered
8297,488,"2025-07-17 12:00:00",Delivered
8298,1488,"2025-03-09 12:00:00",Delivered
8299,488,"2024-10-30 12:00:00",Delivered
8300,1488,"2024-06-22 12:00:00",Delivered
8301,1525,"2025-12-07 12:00:00",Delivered
8302,525,"2025-07-30 12:00:00",Pending
8303,1525,"2025-03-22 12:00:00",Delivered
8304,525,"2024-11-12 12:00:00",Delivered
8305,1525,"2024-07-05 12:00:00",Confirmed
8306,1562,"2025-12-20 12:00:00",Delivered
8307,562,"2025-08-12 12:00:00",Delivered
8308,1562,"2025-04-04 12:00:00",Delivered
8309,562,"2024-11-25 12:00:00",Delivered
8310,1562,"2024-07-18 12:00:00",Delivered
8311,1599,"2026-01-02 12:00:00",Delivered
8312,599,"2025-08-25 12:00:00",Delivered
8313,1599,"2025-04-17 12:00:00",Delivered
8314,599,"2024-12-08 12:00:00",Pending
8315,1599,"2024-07-31 12:00:00",Delivered
8316,1636,"2026-01-15 12:00:00",Shipped
8317,636,"2025-09-07 12:00:00",Shipped
8318,1636,"2025-04-30 12:00:00",Shipped
8319,636,"2024-12-21 12:00:00",Shipped
8320,1636,"2024-08-13 12:00:00",Shipped
8321,1673,"2026-01-28 12:00:00",Delivered
8322,673,"2025-09-20 12:00:00",Delivered
8323,1673,"2025-05-13 12:00:00",Confirmed
8324,673,"2025-01-03 12:00:00",Delivered
8325,1673,"2024-08-26 12:00:00",Delivered
8326,1710,"2026-02-10 12:00:00",Delivered
8327,710,"2025-10-03 12:00:00",Delivered
8328,1710,"2025-05-26 12:00:00",Delivered
8329,710,"2025-01-16 12:00:00",Delivered
8330,1710,"2024-09-08 12:00:00",Delivered
8331,1747,"2026-02-23 12:00:00",Delivered
8332,747,"2025-10-16 12:00:00",Delivered
8333,1747,"2025-06-08 12:00:00",Delivered
8334,747,"2025-01-29 12:00:00",Delivered
8335,1747,"2024-09-21 12:00:00",Delivered
8336,1784,"2026-03-08 12:00:00",Delivered
8337,784,"2025-10-29 12:00:00",Delivered
8338,1784,"2025-06-21 12:00:00",Delivered
8339,784,"2025-02-11 12:00:00",Delivered
8340,1784,"2024-10-04 12:00:00",Delivered
8341,1821,"2026-03-21 12:00:00",Cancelled
8342,821,"2025-11-11 12:00:00",Cancelled
8343,1821,"2025-07-04 12:00:00",Cancelled
8344,821,"2025-02-24 12:00:00",Cancelled
8345,1821,"2024-10-17 12:00:00",Cancelled
8346,1118,"2025-07-17 12:00:00",Delivered
8347,118,"2025-03-09 12:00:00",Delivered
8348,1118,"2024-10-30 12:00:00",Delivered
8349,118,"2024-06-22 12:00:00",Delivered
8350,1118,"2024-02-13 12:00:00",Delivered
8351,1155,"2025-07-30 12:00:00",Pending
8352,155,"2025-03-22 12:00:00",Delivered
8353,1155,"2024-11-12 12:00:00",Delivered
8354,155,"2024-07-05 12:00:00",Delivered
8355,1155,"2024-02-26 12:00:00",Delivered
8356,1192,"2025-08-12 12:00:00",Delivered
8357,192,"2025-04-04 12:00:00",Delivered
8358,1192,"2024-11-25 12:00:00",Delivered
8359,192,"2024-07-18 12:00:00",Delivered
8360,1192,"2024-03-10 12:00:00",Delivered
8361,1229,"2025-08-25 12:00:00",Delivered
8362,229,"2025-04-17 12:00:00",Delivered
8363,1229,"2024-12-08 12:00:00",Pending
8364,229,"2024-07-31 12:00:00",Delivered
8365,1229,"2024-03-23 12:00:00",Delivered
8366,1266,"2025-09-07 12:00:00",Shipped
8367,266,"2025-04-30 12:00:00",Shipped
8368,1266,"2024-12-21 12:00:00",Shipped
8369,266,"2024-08-13 12:00:00",Shipped
8370,1266,"2024-04-05 12:00:00",Shipped
8371,1303,"2025-09-20 12:00:00",Delivered
8372,303,"2025-05-13 12:00:00",Delivered
8373,1303,"2025-01-03 12:00:00",Delivered
8374,303,"2024-08-26 12:00:00",Delivered
8375,1303,"2024-04-18 12:00:00",Pending
8376,1340,"2025-10-03 12:00:00",Delivered
8377,340,"2025-05-26 12:00:00",Delivered
8378,1340,"2025-01-16 12:00:00",Delivered
8379,340,"2024-09-08 12:00:00",Delivered
8380,1340,"2024-05-01 12:00:00",Delivered
8381,1377,"2025-10-16 12:00:00",Confirmed
8382,377,"2025-06-08 12:00:00",Delivered
8383,1377,"2025-01-29 12:00:00",Delivered
8384,377,"2024-09-21 12:00:00",Confirmed
8385,1377,"2024-05-14 12:00:00",Delivered
8386,1414,"2025-10-29 12:00:00",Delivered
8387,414,"2025-06-21 12:00:00",Delivered
8388,1414,"2025-02-11 12:00:00",Delivered
8389,414,"2024-10-04 12:00:00",Delivered
8390,1414,"2024-05-27 12:00:00",Delivered
8391,1451,"2025-11-11 12:00:00",Shipped
8392,451,"2025-07-04 12:00:00",Shipped
8393,1451,"2025-02-24 12:00:00",Shipped
8394,451,"2024-10-17 12:00:00",Shipped
8395,1451,"2024-06-09 12:00:00",Shipped
8396,748,"2025-03-09 12:00:00",Delivered
8397,1748,"2024-10-30 12:00:00",Delivered
8398,748,"2024-06-22 12:00:00",Delivered
8399,1748,"2024-02-13 12:00:00",Delivered
8400,748,"2026-06-22 12:00:00",Delivered
8401,785,"2025-03-22 12:00:00",Delivered
8402,1785,"2024-11-12 12:00:00",Delivered
8403,785,"2024-07-05 12:00:00",Confirmed
8404,1785,"2024-02-26 12:00:00",Delivered
8405,785,"2026-07-05 12:00:00",Delivered
8406,822,"2025-04-04 12:00:00",Delivered
8407,1822,"2024-11-25 12:00:00",Delivered
8408,822,"2024-07-18 12:00:00",Delivered
8409,1822,"2024-03-10 12:00:00",Delivered
8410,822,"2026-07-18 12:00:00",Delivered
8411,859,"2025-04-17 12:00:00",Delivered
8412,1859,"2024-12-08 12:00:00",Pending
8413,859,"2024-07-31 12:00:00",Delivered
8414,1859,"2024-03-23 12:00:00",Delivered
8415,859,"2026-07-31 12:00:00",Delivered
8416,896,"2025-04-30 12:00:00",Shipped
8417,1896,"2024-12-21 12:00:00",Shipped
8418,896,"2024-08-13 12:00:00",Shipped
8419,1896,"2024-04-05 12:00:00",Shipped
8420,896,"2026-08-13 12:00:00",Shipped
8421,933,"2025-05-13 12:00:00",Confirmed
8422,1933,"2025-01-03 12:00:00",Delivered
8423,933,"2024-08-26 12:00:00",Delivered
8424,1933,"2024-04-18 12:00:00",Pending
8425,933,"2026-08-26 12:00:00",Delivered
8426,970,"2025-05-26 12:00:00",Delivered
8427,1970,"2025-01-16 12:00:00",Delivered
8428,970,"2024-09-08 12:00:00",Delivered
8429,1970,"2024-05-01 12:00:00",Delivered
8430,970,"2026-09-08 12:00:00",Delivered
8431,1007,"2025-06-08 12:00:00",Delivered
8432,7,"2025-01-29 12:00:00",Delivered
8433,1007,"2024-09-21 12:00:00",Delivered
8434,7,"2024-05-14 12:00:00",Delivered
8435,1007,"2024-01-05 12:00:00",Delivered
8436,1044,"2025-06-21 12:00:00",Delivered
8437,44,"2025-02-11 12:00:00",Delivered
8438,1044,"2024-10-04 12:00:00",Delivered
8439,44,"2024-05-27 12:00:00",Delivered
8440,1044,"2024-01-18 12:00:00",Delivered
8441,1081,"2025-07-04 12:00:00",Cancelled
8442,81,"2025-02-24 12:00:00",Cancelled
8443,1081,"2024-10-17 12:00:00",Cancelled
8444,81,"2024-06-09 12:00:00",Cancelled
8445,1081,"2024-01-31 12:00:00",Cancelled
8446,378,"2024-10-30 12:00:00",Delivered
8447,1378,"2024-06-22 12:00:00",Delivered
8448,378,"2024-02-13 12:00:00",Delivered
8449,1378,"2026-06-22 12:00:00",Delivered
8450,378,"2026-02-12 12:00:00",Delivered
8451,415,"2024-11-12 12:00:00",Delivered
8452,1415,"2024-07-05 12:00:00",Delivered
8453,415,"2024-02-26 12:00:00",Delivered
8454,1415,"2026-07-05 12:00:00",Delivered
8455,415,"2026-02-25 12:00:00",Delivered
8456,452,"2024-11-25 12:00:00",Delivered
8457,1452,"2024-07-18 12:00:00",Delivered
8458,452,"2024-03-10 12:00:00",Delivered
8459,1452,"2026-07-18 12:00:00",Delivered
8460,452,"2026-03-10 12:00:00",Delivered
8461,489,"2024-12-08 12:00:00",Pending
8462,1489,"2024-07-31 12:00:00",Delivered
8463,489,"2024-03-23 12:00:00",Delivered
8464,1489,"2026-07-31 12:00:00",Confirmed
8465,489,"2026-03-23 12:00:00",Delivered
8466,526,"2024-12-21 12:00:00",Shipped
8467,1526,"2024-08-13 12:00:00",Shipped
8468,526,"2024-04-05 12:00:00",Shipped
8469,1526,"2026-08-13 12:00:00",Shipped
8470,526,"2026-04-05 12:00:00",Shipped
8471,563,"2025-01-03 12:00:00",Delivered
8472,1563,"2024-08-26 12:00:00",Delivered
8473,563,"2024-04-18 12:00:00",Pending
8474,1563,"2026-08-26 12:00:00",Delivered
8475,563,"2026-04-18 12:00:00",Delivered
8476,600,"2025-01-16 12:00:00",Delivered
8477,1600,"2024-09-08 12:00:00",Delivered
8478,600,"2024-05-01 12:00:00",Delivered
8479,1600,"2026-09-08 12:00:00",Delivered
8480,600,"2026-05-01 12:00:00",Delivered
8481,637,"2025-01-29 12:00:00",Delivered
8482,1637,"2024-09-21 12:00:00",Confirmed
8483,637,"2024-05-14 12:00:00",Delivered
8484,1637,"2024-01-05 12:00:00",Delivered
8485,637,"2026-05-14 12:00:00",Pending
8486,674,"2025-02-11 12:00:00",Delivered
8487,1674,"2024-10-04 12:00:00",Delivered
8488,674,"2024-05-27 12:00:00",Delivered
8489,1674,"2024-01-18 12:00:00",Delivered
8490,674,"2026-05-27 12:00:00",Delivered
8491,711,"2025-02-24 12:00:00",Shipped
8492,1711,"2024-10-17 12:00:00",Shipped
8493,711,"2024-06-09 12:00:00",Shipped
8494,1711,"2024-01-31 12:00:00",Shipped
8495,711,"2026-06-09 12:00:00",Shipped
8496,8,"2024-06-22 12:00:00",Delivered
8497,1008,"2024-02-13 12:00:00",Delivered
8498,8,"2026-06-22 12:00:00",Delivered
8499,1008,"2026-02-12 12:00:00",Delivered
8500,8,"2025-10-05 12:00:00",Delivered
8501,45,"2024-07-05 12:00:00",Confirmed
8502,1045,"2024-02-26 12:00:00",Delivered
8503,45,"2026-07-05 12:00:00",Delivered
8504,1045,"2026-02-25 12:00:00",Confirmed
8505,45,"2025-10-18 12:00:00",Delivered
8506,82,"2024-07-18 12:00:00",Delivered
8507,1082,"2024-03-10 12:00:00",Delivered
8508,82,"2026-07-18 12:00:00",Delivered
8509,1082,"2026-03-10 12:00:00",Delivered
8510,82,"2025-10-31 12:00:00",Delivered
8511,119,"2024-07-31 12:00:00",Delivered
8512,1119,"2024-03-23 12:00:00",Delivered
8513,119,"2026-07-31 12:00:00",Delivered
8514,1119,"2026-03-23 12:00:00",Delivered
8515,119,"2025-11-13 12:00:00",Delivered
8516,156,"2024-08-13 12:00:00",Shipped
8517,1156,"2024-04-05 12:00:00",Shipped
8518,156,"2026-08-13 12:00:00",Shipped
8519,1156,"2026-04-05 12:00:00",Shipped
8520,156,"2025-11-26 12:00:00",Shipped
8521,193,"2024-08-26 12:00:00",Delivered
8522,1193,"2024-04-18 12:00:00",Pending
8523,193,"2026-08-26 12:00:00",Delivered
8524,1193,"2026-04-18 12:00:00",Delivered
8525,193,"2025-12-09 12:00:00",Confirmed
8526,230,"2024-09-08 12:00:00",Delivered
8527,1230,"2024-05-01 12:00:00",Delivered
8528,230,"2026-09-08 12:00:00",Delivered
8529,1230,"2026-05-01 12:00:00",Delivered
8530,230,"2025-12-22 12:00:00",Delivered
8531,267,"2024-09-21 12:00:00",Delivered
8532,1267,"2024-05-14 12:00:00",Delivered
8533,267,"2024-01-05 12:00:00",Delivered
8534,1267,"2026-05-14 12:00:00",Pending
8535,267,"2026-01-04 12:00:00",Delivered
8536,304,"2024-10-04 12:00:00",Delivered
8537,1304,"2024-05-27 12:00:00",Delivered
8538,304,"2024-01-18 12:00:00",Delivered
8539,1304,"2026-05-27 12:00:00",Delivered
8540,304,"2026-01-17 12:00:00",Delivered
8541,341,"2024-10-17 12:00:00",Cancelled
8542,1341,"2024-06-09 12:00:00",Cancelled
8543,341,"2024-01-31 12:00:00",Cancelled
8544,1341,"2026-06-09 12:00:00",Cancelled
8545,341,"2026-01-30 12:00:00",Cancelled
8546,1638,"2024-02-13 12:00:00",Delivered
8547,638,"2026-06-22 12:00:00",Delivered
8548,1638,"2026-02-12 12:00:00",Delivered
8549,638,"2025-10-05 12:00:00",Delivered
8550,1638,"2025-05-28 12:00:00",Delivered
8551,1675,"2024-02-26 12:00:00",Delivered
8552,675,"2026-07-05 12:00:00",Delivered
8553,1675,"2026-02-25 12:00:00",Delivered
8554,675,"2025-10-18 12:00:00",Delivered
8555,1675,"2025-06-10 12:00:00",Delivered
8556,1712,"2024-03-10 12:00:00",Delivered
8557,712,"2026-07-18 12:00:00",Delivered
8558,1712,"2026-03-10 12:00:00",Delivered
8559,712,"2025-10-31 12:00:00",Delivered
8560,1712,"2025-06-23 12:00:00",Delivered
8561,1749,"2024-03-23 12:00:00",Delivered
8562,749,"2026-07-31 12:00:00",Confirmed
8563,1749,"2026-03-23 12:00:00",Delivered
8564,749,"2025-11-13 12:00:00",Delivered
8565,1749,"2025-07-06 12:00:00",Confirmed
8566,1786,"2024-04-05 12:00:00",Shipped
8567,786,"2026-08-13 12:00:00",Shipped
8568,1786,"2026-04-05 12:00:00",Shipped
8569,786,"2025-11-26 12:00:00",Shipped
8570,1786,"2025-07-19 12:00:00",Shipped
8571,1823,"2024-04-18 12:00:00",Pending
8572,823,"2026-08-26 12:00:00",Delivered
8573,1823,"2026-04-18 12:00:00",Delivered
8574,823,"2025-12-09 12:00:00",Delivered
8575,1823,"2025-08-01 12:00:00",Delivered
8576,1860,"2024-05-01 12:00:00",Delivered
8577,860,"2026-09-08 12:00:00",Delivered
8578,1860,"2026-05-01 12:00:00",Delivered
8579,860,"2025-12-22 12:00:00",Delivered
8580,1860,"2025-08-14 12:00:00",Delivered
8581,1897,"2024-05-14 12:00:00",Delivered
8582,897,"2024-01-05 12:00:00",Delivered
8583,1897,"2026-05-14 12:00:00",Pending
8584,897,"2026-01-04 12:00:00",Delivered
8585,1897,"2025-08-27 12:00:00",Delivered
8586,1934,"2024-05-27 12:00:00",Delivered
8587,934,"2024-01-18 12:00:00",Delivered
8588,1934,"2026-05-27 12:00:00",Delivered
8589,934,"2026-01-17 12:00:00",Delivered
8590,1934,"2025-09-09 12:00:00",Delivered
8591,1971,"2024-06-09 12:00:00",Shipped
8592,971,"2024-01-31 12:00:00",Shipped
8593,1971,"2026-06-09 12:00:00",Shipped
8594,971,"2026-01-30 12:00:00",Shipped
8595,1971,"2025-09-22 12:00:00",Pending
8596,668,"2025-06-17 12:00:00",Delivered
8597,1668,"2025-02-07 12:00:00",Delivered
8598,668,"2024-09-30 12:00:00",Delivered
8599,1668,"2024-05-23 12:00:00",Delivered
8600,668,"2024-01-14 12:00:00",Delivered
8601,705,"2025-06-30 12:00:00",Confirmed
8602,1705,"2025-02-20 12:00:00",Delivered
8603,705,"2024-10-13 12:00:00",Delivered
8604,1705,"2024-06-05 12:00:00",Confirmed
8605,705,"2024-01-27 12:00:00",Delivered
8606,742,"2025-07-13 12:00:00",Delivered
8607,1742,"2025-03-05 12:00:00",Delivered
8608,742,"2024-10-26 12:00:00",Delivered
8609,1742,"2024-06-18 12:00:00",Delivered
8610,742,"2024-02-09 12:00:00",Delivered
8611,779,"2025-07-26 12:00:00",Delivered
8612,1779,"2025-03-18 12:00:00",Delivered
8613,779,"2024-11-08 12:00:00",Delivered
8614,1779,"2024-07-01 12:00:00",Delivered
8615,779,"2024-02-22 12:00:00",Delivered
8616,816,"2025-08-08 12:00:00",Shipped
8617,1816,"2025-03-31 12:00:00",Shipped
8618,816,"2024-11-21 12:00:00",Shipped
8619,1816,"2024-07-14 12:00:00",Shipped
8620,816,"2024-03-06 12:00:00",Shipped
8621,853,"2025-08-21 12:00:00",Delivered
8622,1853,"2025-04-13 12:00:00",Pending
8623,853,"2024-12-04 12:00:00",Delivered
8624,1853,"2024-07-27 12:00:00",Delivered
8625,853,"2024-03-19 12:00:00",Confirmed
8626,890,"2025-09-03 12:00:00",Delivered
8627,1890,"2025-04-26 12:00:00",Delivered
8628,890,"2024-12-17 12:00:00",Delivered
8629,1890,"2024-08-09 12:00:00",Delivered
8630,890,"2024-04-01 12:00:00",Delivered
8631,927,"2025-09-16 12:00:00",Delivered
8632,1927,"2025-05-09 12:00:00",Delivered
8633,927,"2024-12-30 12:00:00",Delivered
8634,1927,"2024-08-22 12:00:00",Pending
8635,927,"2024-04-14 12:00:00",Delivered
8636,964,"2025-09-29 12:00:00",Delivered
8637,1964,"2025-05-22 12:00:00",Delivered
8638,964,"2025-01-12 12:00:00",Delivered
8639,1964,"2024-09-04 12:00:00",Delivered
8640,964,"2024-04-27 12:00:00",Delivered
8641,1001,"2025-10-12 12:00:00",Cancelled
8642,1,"2025-06-04 12:00:00",Cancelled
8643,1001,"2025-01-25 12:00:00",Cancelled
8644,1,"2024-09-17 12:00:00",Cancelled
8645,1001,"2024-05-10 12:00:00",Cancelled
8646,298,"2025-02-07 12:00:00",Delivered
8647,1298,"2024-09-30 12:00:00",Delivered
8648,298,"2024-05-23 12:00:00",Delivered
8649,1298,"2024-01-14 12:00:00",Delivered
8650,298,"2026-05-23 12:00:00",Delivered
8651,335,"2025-02-20 12:00:00",Delivered
8652,1335,"2024-10-13 12:00:00",Delivered
8653,335,"2024-06-05 12:00:00",Delivered
8654,1335,"2024-01-27 12:00:00",Delivered
8655,335,"2026-06-05 12:00:00",Delivered
8656,372,"2025-03-05 12:00:00",Delivered
8657,1372,"2024-10-26 12:00:00",Delivered
8658,372,"2024-06-18 12:00:00",Delivered
8659,1372,"2024-02-09 12:00:00",Delivered
8660,372,"2026-06-18 12:00:00",Delivered
8661,409,"2025-03-18 12:00:00",Delivered
8662,1409,"2024-11-08 12:00:00",Confirmed
8663,409,"2024-07-01 12:00:00",Delivered
8664,1409,"2024-02-22 12:00:00",Delivered
8665,409,"2026-07-01 12:00:00",Confirmed
8666,446,"2025-03-31 12:00:00",Shipped
8667,1446,"2024-11-21 12:00:00",Shipped
8668,446,"2024-07-14 12:00:00",Shipped
8669,1446,"2024-03-06 12:00:00",Shipped
8670,446,"2026-07-14 12:00:00",Shipped
8671,483,"2025-04-13 12:00:00",Pending
8672,1483,"2024-12-04 12:00:00",Delivered
8673,483,"2024-07-27 12:00:00",Delivered
8674,1483,"2024-03-19 12:00:00",Delivered
8675,483,"2026-07-27 12:00:00",Delivered
8676,520,"2025-04-26 12:00:00",Delivered
8677,1520,"2024-12-17 12:00:00",Delivered
8678,520,"2024-08-09 12:00:00",Delivered
8679,1520,"2024-04-01 12:00:00",Delivered
8680,520,"2026-08-09 12:00:00",Delivered
8681,557,"2025-05-09 12:00:00",Delivered
8682,1557,"2024-12-30 12:00:00",Delivered
8683,557,"2024-08-22 12:00:00",Pending
8684,1557,"2024-04-14 12:00:00",Delivered
8685,557,"2026-08-22 12:00:00",Delivered
8686,594,"2025-05-22 12:00:00",Delivered
8687,1594,"2025-01-12 12:00:00",Delivered
8688,594,"2024-09-04 12:00:00",Delivered
8689,1594,"2024-04-27 12:00:00",Delivered
8690,594,"2026-09-04 12:00:00",Delivered
8691,631,"2025-06-04 12:00:00",Shipped
8692,1631,"2025-01-25 12:00:00",Shipped
8693,631,"2024-09-17 12:00:00",Shipped
8694,1631,"2024-05-10 12:00:00",Shipped
8695,631,"2024-01-01 12:00:00",Pending
8696,1928,"2024-09-30 12:00:00",Delivered
8697,928,"2024-05-23 12:00:00",Delivered
8698,1928,"2024-01-14 12:00:00",Delivered
8699,928,"2026-05-23 12:00:00",Delivered
8700,1928,"2026-01-13 12:00:00",Delivered
8701,1965,"2024-10-13 12:00:00",Delivered
8702,965,"2024-06-05 12:00:00",Confirmed
8703,1965,"2024-01-27 12:00:00",Delivered
8704,965,"2026-06-05 12:00:00",Delivered
8705,1965,"2026-01-26 12:00:00",Pending
8706,2,"2024-10-26 12:00:00",Delivered
8707,1002,"2024-06-18 12:00:00",Delivered
8708,2,"2024-02-09 12:00:00",Delivered
8709,1002,"2026-06-18 12:00:00",Delivered
8710,2,"2026-02-08 12:00:00",Delivered
8711,39,"2024-11-08 12:00:00",Delivered
8712,1039,"2024-07-01 12:00:00",Delivered
8713,39,"2024-02-22 12:00:00",Delivered
8714,1039,"2026-07-01 12:00:00",Delivered
8715,39,"2026-02-21 12:00:00",Delivered
8716,76,"2024-11-21 12:00:00",Shipped
8717,1076,"2024-07-14 12:00:00",Shipped
8718,76,"2024-03-06 12:00:00",Shipped
8719,1076,"2026-07-14 12:00:00",Shipped
8720,76,"2026-03-06 12:00:00",Shipped
8721,113,"2024-12-04 12:00:00",Delivered
8722,1113,"2024-07-27 12:00:00",Delivered
8723,113,"2024-03-19 12:00:00",Confirmed
8724,1113,"2026-07-27 12:00:00",Delivered
8725,113,"2026-03-19 12:00:00",Delivered
8726,150,"2024-12-17 12:00:00",Delivered
8727,1150,"2024-08-09 12:00:00",Delivered
8728,150,"2024-04-01 12:00:00",Delivered
8729,1150,"2026-08-09 12:00:00",Delivered
8730,150,"2026-04-01 12:00:00",Delivered
8731,187,"2024-12-30 12:00:00",Delivered
8732,1187,"2024-08-22 12:00:00",Pending
8733,187,"2024-04-14 12:00:00",Delivered
8734,1187,"2026-08-22 12:00:00",Delivered
8735,187,"2026-04-14 12:00:00",Delivered
8736,224,"2025-01-12 12:00:00",Delivered
8737,1224,"2024-09-04 12:00:00",Delivered
8738,224,"2024-04-27 12:00:00",Delivered
8739,1224,"2026-09-04 12:00:00",Delivered
8740,224,"2026-04-27 12:00:00",Delivered
8741,261,"2025-01-25 12:00:00",Cancelled
8742,1261,"2024-09-17 12:00:00",Cancelled
8743,261,"2024-05-10 12:00:00",Cancelled
8744,1261,"2024-01-01 12:00:00",Cancelled
8745,261,"2026-05-10 12:00:00",Cancelled
8746,1558,"2024-05-23 12:00:00",Delivered
8747,558,"2024-01-14 12:00:00",Delivered
8748,1558,"2026-05-23 12:00:00",Delivered
8749,558,"2026-01-13 12:00:00",Delivered
8750,1558,"2025-09-05 12:00:00",Delivered
8751,1595,"2024-06-05 12:00:00",Delivered
8752,595,"2024-01-27 12:00:00",Delivered
8753,1595,"2026-06-05 12:00:00",Delivered
8754,595,"2026-01-26 12:00:00",Pending
8755,1595,"2025-09-18 12:00:00",Delivered
8756,1632,"2024-06-18 12:00:00",Delivered
8757,632,"2024-02-09 12:00:00",Delivered
8758,1632,"2026-06-18 12:00:00",Delivered
8759,632,"2026-02-08 12:00:00",Delivered
8760,1632,"2025-10-01 12:00:00",Delivered
8761,1669,"2024-07-01 12:00:00",Delivered
8762,669,"2024-02-22 12:00:00",Delivered
8763,1669,"2026-07-01 12:00:00",Confirmed
8764,669,"2026-02-21 12:00:00",Delivered
8765,1669,"2025-10-14 12:00:00",Delivered
8766,1706,"2024-07-14 12:00:00",Shipped
8767,706,"2024-03-06 12:00:00",Shipped
8768,1706,"2026-07-14 12:00:00",Shipped
8769,706,"2026-03-06 12:00:00",Shipped
8770,1706,"2025-10-27 12:00:00",Shipped
8771,1743,"2024-07-27 12:00:00",Delivered
8772,743,"2024-03-19 12:00:00",Delivered
8773,1743,"2026-07-27 12:00:00",Delivered
8774,743,"2026-03-19 12:00:00",Delivered
8775,1743,"2025-11-09 12:00:00",Delivered
8776,1780,"2024-08-09 12:00:00",Delivered
8777,780,"2024-04-01 12:00:00",Delivered
8778,1780,"2026-08-09 12:00:00",Delivered
8779,780,"2026-04-01 12:00:00",Delivered
8780,1780,"2025-11-22 12:00:00",Delivered
8781,1817,"2024-08-22 12:00:00",Pending
8782,817,"2024-04-14 12:00:00",Delivered
8783,1817,"2026-08-22 12:00:00",Delivered
8784,817,"2026-04-14 12:00:00",Confirmed
8785,1817,"2025-12-05 12:00:00",Delivered
8786,1854,"2024-09-04 12:00:00",Delivered
8787,854,"2024-04-27 12:00:00",Delivered
8788,1854,"2026-09-04 12:00:00",Delivered
8789,854,"2026-04-27 12:00:00",Delivered
8790,1854,"2025-12-18 12:00:00",Delivered
8791,1891,"2024-09-17 12:00:00",Shipped
8792,891,"2024-05-10 12:00:00",Shipped
8793,1891,"2024-01-01 12:00:00",Pending
8794,891,"2026-05-10 12:00:00",Shipped
8795,1891,"2025-12-31 12:00:00",Shipped
8796,1188,"2024-01-14 12:00:00",Delivered
8797,188,"2026-05-23 12:00:00",Delivered
8798,1188,"2026-01-13 12:00:00",Delivered
8799,188,"2025-09-05 12:00:00",Delivered
8800,1188,"2025-04-28 12:00:00",Delivered
8801,1225,"2024-01-27 12:00:00",Delivered
8802,225,"2026-06-05 12:00:00",Delivered
8803,1225,"2026-01-26 12:00:00",Pending
8804,225,"2025-09-18 12:00:00",Delivered
8805,1225,"2025-05-11 12:00:00",Delivered
8806,1262,"2024-02-09 12:00:00",Delivered
8807,262,"2026-06-18 12:00:00",Delivered
8808,1262,"2026-02-08 12:00:00",Delivered
8809,262,"2025-10-01 12:00:00",Delivered
8810,1262,"2025-05-24 12:00:00",Delivered
8811,1299,"2024-02-22 12:00:00",Delivered
8812,299,"2026-07-01 12:00:00",Delivered
8813,1299,"2026-02-21 12:00:00",Delivered
8814,299,"2025-10-14 12:00:00",Delivered
8815,1299,"2025-06-06 12:00:00",Pending
8816,1336,"2024-03-06 12:00:00",Shipped
8817,336,"2026-07-14 12:00:00",Shipped
8818,1336,"2026-03-06 12:00:00",Shipped
8819,336,"2025-10-27 12:00:00",Shipped
8820,1336,"2025-06-19 12:00:00",Shipped
8821,1373,"2024-03-19 12:00:00",Confirmed
8822,373,"2026-07-27 12:00:00",Delivered
8823,1373,"2026-03-19 12:00:00",Delivered
8824,373,"2025-11-09 12:00:00",Confirmed
8825,1373,"2025-07-02 12:00:00",Delivered
8826,1410,"2024-04-01 12:00:00",Delivered
8827,410,"2026-08-09 12:00:00",Delivered
8828,1410,"2026-04-01 12:00:00",Delivered
8829,410,"2025-11-22 12:00:00",Delivered
8830,1410,"2025-07-15 12:00:00",Delivered
8831,1447,"2024-04-14 12:00:00",Delivered
8832,447,"2026-08-22 12:00:00",Delivered
8833,1447,"2026-04-14 12:00:00",Delivered
8834,447,"2025-12-05 12:00:00",Delivered
8835,1447,"2025-07-28 12:00:00",Delivered
8836,1484,"2024-04-27 12:00:00",Delivered
8837,484,"2026-09-04 12:00:00",Delivered
8838,1484,"2026-04-27 12:00:00",Delivered
8839,484,"2025-12-18 12:00:00",Delivered
8840,1484,"2025-08-10 12:00:00",Delivered
8841,1521,"2024-05-10 12:00:00",Cancelled
8842,521,"2024-01-01 12:00:00",Cancelled
8843,1521,"2026-05-10 12:00:00",Cancelled
8844,521,"2025-12-31 12:00:00",Cancelled
8845,1521,"2025-08-23 12:00:00",Cancelled
8846,818,"2026-05-23 12:00:00",Delivered
8847,1818,"2026-01-13 12:00:00",Delivered
8848,818,"2025-09-05 12:00:00",Delivered
8849,1818,"2025-04-28 12:00:00",Delivered
8850,818,"2024-12-19 12:00:00",Delivered
8851,855,"2026-06-05 12:00:00",Delivered
8852,1855,"2026-01-26 12:00:00",Pending
8853,855,"2025-09-18 12:00:00",Delivered
8854,1855,"2025-05-11 12:00:00",Delivered
8855,855,"2025-01-01 12:00:00",Delivered
8856,892,"2026-06-18 12:00:00",Delivered
8857,1892,"2026-02-08 12:00:00",Delivered
8858,892,"2025-10-01 12:00:00",Delivered
8859,1892,"2025-05-24 12:00:00",Delivered
8860,892,"2025-01-14 12:00:00",Delivered
8861,929,"2026-07-01 12:00:00",Confirmed
8862,1929,"2026-02-21 12:00:00",Delivered
8863,929,"2025-10-14 12:00:00",Delivered
8864,1929,"2025-06-06 12:00:00",Pending
8865,929,"2025-01-27 12:00:00",Delivered
8866,966,"2026-07-14 12:00:00",Shipped
8867,1966,"2026-03-06 12:00:00",Shipped
8868,966,"2025-10-27 12:00:00",Shipped
8869,1966,"2025-06-19 12:00:00",Shipped
8870,966,"2025-02-09 12:00:00",Shipped
8871,1003,"2026-07-27 12:00:00",Delivered
8872,3,"2026-03-19 12:00:00",Delivered
8873,1003,"2025-11-09 12:00:00",Delivered
8874,3,"2025-07-02 12:00:00",Delivered
8875,1003,"2025-02-22 12:00:00",Delivered
8876,1040,"2026-08-09 12:00:00",Delivered
8877,40,"2026-04-01 12:00:00",Delivered
8878,1040,"2025-11-22 12:00:00",Delivered
8879,40,"2025-07-15 12:00:00",Delivered
8880,1040,"2025-03-07 12:00:00",Delivered
8881,1077,"2026-08-22 12:00:00",Delivered
8882,77,"2026-04-14 12:00:00",Confirmed
8883,1077,"2025-12-05 12:00:00",Delivered
8884,77,"2025-07-28 12:00:00",Delivered
8885,1077,"2025-03-20 12:00:00",Confirmed
8886,1114,"2026-09-04 12:00:00",Delivered
8887,114,"2026-04-27 12:00:00",Delivered
8888,1114,"2025-12-18 12:00:00",Delivered
8889,114,"2025-08-10 12:00:00",Delivered
8890,1114,"2025-04-02 12:00:00",Delivered
8891,1151,"2024-01-01 12:00:00",Pending
8892,151,"2026-05-10 12:00:00",Shipped
8893,1151,"2025-12-31 12:00:00",Shipped
8894,151,"2025-08-23 12:00:00",Shipped
8895,1151,"2025-04-15 12:00:00",Shipped
8896,448,"2026-01-13 12:00:00",Delivered
8897,1448,"2025-09-05 12:00:00",Delivered
8898,448,"2025-04-28 12:00:00",Delivered
8899,1448,"2024-12-19 12:00:00",Delivered
8900,448,"2024-08-11 12:00:00",Delivered
8901,485,"2026-01-26 12:00:00",Pending
8902,1485,"2025-09-18 12:00:00",Delivered
8903,485,"2025-05-11 12:00:00",Delivered
8904,1485,"2025-01-01 12:00:00",Confirmed
8905,485,"2024-08-24 12:00:00",Delivered
8906,522,"2026-02-08 12:00:00",Delivered
8907,1522,"2025-10-01 12:00:00",Delivered
8908,522,"2025-05-24 12:00:00",Delivered
8909,1522,"2025-01-14 12:00:00",Delivered
8910,522,"2024-09-06 12:00:00",Delivered
8911,559,"2026-02-21 12:00:00",Delivered
8912,1559,"2025-10-14 12:00:00",Delivered
8913,559,"2025-06-06 12:00:00",Pending
8914,1559,"2025-01-27 12:00:00",Delivered
8915,559,"2024-09-19 12:00:00",Delivered
8916,596,"2026-03-06 12:00:00",Shipped
8917,1596,"2025-10-27 12:00:00",Shipped
8918,596,"2025-06-19 12:00:00",Shipped
8919,1596,"2025-02-09 12:00:00",Shipped
8920,596,"2024-10-02 12:00:00",Shipped
8921,633,"2026-03-19 12:00:00",Delivered
8922,1633,"2025-11-09 12:00:00",Confirmed
8923,633,"2025-07-02 12:00:00",Delivered
8924,1633,"2025-02-22 12:00:00",Delivered
8925,633,"2024-10-15 12:00:00",Pending
8926,670,"2026-04-01 12:00:00",Delivered
8927,1670,"2025-11-22 12:00:00",Delivered
8928,670,"2025-07-15 12:00:00",Delivered
8929,1670,"2025-03-07 12:00:00",Delivered
8930,670,"2024-10-28 12:00:00",Delivered
8931,707,"2026-04-14 12:00:00",Delivered
8932,1707,"2025-12-05 12:00:00",Delivered
8933,707,"2025-07-28 12:00:00",Delivered
8934,1707,"2025-03-20 12:00:00",Delivered
8935,707,"2024-11-10 12:00:00",Delivered
8936,744,"2026-04-27 12:00:00",Delivered
8937,1744,"2025-12-18 12:00:00",Delivered
8938,744,"2025-08-10 12:00:00",Delivered
8939,1744,"2025-04-02 12:00:00",Delivered
8940,744,"2024-11-23 12:00:00",Delivered
8941,781,"2026-05-10 12:00:00",Cancelled
8942,1781,"2025-12-31 12:00:00",Cancelled
8943,781,"2025-08-23 12:00:00",Cancelled
8944,1781,"2025-04-15 12:00:00",Cancelled
8945,781,"2024-12-06 12:00:00",Cancelled
8946,78,"2025-09-05 12:00:00",Delivered
8947,1078,"2025-04-28 12:00:00",Delivered
8948,78,"2024-12-19 12:00:00",Delivered
8949,1078,"2024-08-11 12:00:00",Delivered
8950,78,"2024-04-03 12:00:00",Delivered
8951,115,"2025-09-18 12:00:00",Delivered
8952,1115,"2025-05-11 12:00:00",Delivered
8953,115,"2025-01-01 12:00:00",Delivered
8954,1115,"2024-08-24 12:00:00",Delivered
8955,115,"2024-04-16 12:00:00",Delivered
8956,152,"2025-10-01 12:00:00",Delivered
8957,1152,"2025-05-24 12:00:00",Delivered
8958,152,"2025-01-14 12:00:00",Delivered
8959,1152,"2024-09-06 12:00:00",Delivered
8960,152,"2024-04-29 12:00:00",Delivered
8961,189,"2025-10-14 12:00:00",Delivered
8962,1189,"2025-06-06 12:00:00",Pending
8963,189,"2025-01-27 12:00:00",Delivered
8964,1189,"2024-09-19 12:00:00",Delivered
8965,189,"2024-05-12 12:00:00",Confirmed
8966,226,"2025-10-27 12:00:00",Shipped
8967,1226,"2025-06-19 12:00:00",Shipped
8968,226,"2025-02-09 12:00:00",Shipped
8969,1226,"2024-10-02 12:00:00",Shipped
8970,226,"2024-05-25 12:00:00",Shipped
8971,263,"2025-11-09 12:00:00",Delivered
8972,1263,"2025-07-02 12:00:00",Delivered
8973,263,"2025-02-22 12:00:00",Delivered
8974,1263,"2024-10-15 12:00:00",Pending
8975,263,"2024-06-07 12:00:00",Delivered
8976,300,"2025-11-22 12:00:00",Delivered
8977,1300,"2025-07-15 12:00:00",Delivered
8978,300,"2025-03-07 12:00:00",Delivered
8979,1300,"2024-10-28 12:00:00",Delivered
8980,300,"2024-06-20 12:00:00",Delivered
8981,337,"2025-12-05 12:00:00",Delivered
8982,1337,"2025-07-28 12:00:00",Delivered
8983,337,"2025-03-20 12:00:00",Confirmed
8984,1337,"2024-11-10 12:00:00",Delivered
8985,337,"2024-07-03 12:00:00",Delivered
8986,374,"2025-12-18 12:00:00",Delivered
8987,1374,"2025-08-10 12:00:00",Delivered
8988,374,"2025-04-02 12:00:00",Delivered
8989,1374,"2024-11-23 12:00:00",Delivered
8990,374,"2024-07-16 12:00:00",Delivered
8991,411,"2025-12-31 12:00:00",Shipped
8992,1411,"2025-08-23 12:00:00",Shipped
8993,411,"2025-04-15 12:00:00",Shipped
8994,1411,"2024-12-06 12:00:00",Shipped
8995,411,"2024-07-29 12:00:00",Shipped
8996,1708,"2025-04-28 12:00:00",Delivered
8997,708,"2024-12-19 12:00:00",Delivered
8998,1708,"2024-08-11 12:00:00",Delivered
8999,708,"2024-04-03 12:00:00",Delivered
9000,1708,"2026-08-11 12:00:00",Delivered
9001,1745,"2025-05-11 12:00:00",Delivered
9002,745,"2025-01-01 12:00:00",Confirmed
9003,1745,"2024-08-24 12:00:00",Delivered
9004,745,"2024-04-16 12:00:00",Delivered
9005,1745,"2026-08-24 12:00:00",Confirmed
9006,1782,"2025-05-24 12:00:00",Delivered
9007,782,"2025-01-14 12:00:00",Delivered
9008,1782,"2024-09-06 12:00:00",Delivered
9009,782,"2024-04-29 12:00:00",Delivered
9010,1782,"2026-09-06 12:00:00",Delivered
9011,1819,"2025-06-06 12:00:00",Pending
9012,819,"2025-01-27 12:00:00",Delivered
9013,1819,"2024-09-19 12:00:00",Delivered
9014,819,"2024-05-12 12:00:00",Delivered
9015,1819,"2024-01-03 12:00:00",Delivered
9016,1856,"2025-06-19 12:00:00",Shipped
9017,856,"2025-02-09 12:00:00",Shipped
9018,1856,"2024-10-02 12:00:00",Shipped
9019,856,"2024-05-25 12:00:00",Shipped
9020,1856,"2024-01-16 12:00:00",Shipped
9021,1893,"2025-07-02 12:00:00",Delivered
9022,893,"2025-02-22 12:00:00",Delivered
9023,1893,"2024-10-15 12:00:00",Pending
9024,893,"2024-06-07 12:00:00",Delivered
9025,1893,"2024-01-29 12:00:00",Delivered
9026,1930,"2025-07-15 12:00:00",Delivered
9027,930,"2025-03-07 12:00:00",Delivered
9028,1930,"2024-10-28 12:00:00",Delivered
9029,930,"2024-06-20 12:00:00",Delivered
9030,1930,"2024-02-11 12:00:00",Delivered
9031,1967,"2025-07-28 12:00:00",Delivered
9032,967,"2025-03-20 12:00:00",Delivered
9033,1967,"2024-11-10 12:00:00",Delivered
9034,967,"2024-07-03 12:00:00",Delivered
9035,1967,"2024-02-24 12:00:00",Pending
9036,4,"2025-08-10 12:00:00",Delivered
9037,1004,"2025-04-02 12:00:00",Delivered
9038,4,"2024-11-23 12:00:00",Delivered
9039,1004,"2024-07-16 12:00:00",Delivered
9040,4,"2024-03-08 12:00:00",Delivered
9041,41,"2025-08-23 12:00:00",Cancelled
9042,1041,"2025-04-15 12:00:00",Cancelled
9043,41,"2024-12-06 12:00:00",Cancelled
9044,1041,"2024-07-29 12:00:00",Cancelled
9045,41,"2024-03-21 12:00:00",Cancelled
9046,1338,"2024-12-19 12:00:00",Delivered
9047,338,"2024-08-11 12:00:00",Delivered
9048,1338,"2024-04-03 12:00:00",Delivered
9049,338,"2026-08-11 12:00:00",Delivered
9050,1338,"2026-04-03 12:00:00",Delivered
9051,1375,"2025-01-01 12:00:00",Delivered
9052,375,"2024-08-24 12:00:00",Delivered
9053,1375,"2024-04-16 12:00:00",Delivered
9054,375,"2026-08-24 12:00:00",Delivered
9055,1375,"2026-04-16 12:00:00",Delivered
9056,1412,"2025-01-14 12:00:00",Delivered
9057,412,"2024-09-06 12:00:00",Delivered
9058,1412,"2024-04-29 12:00:00",Delivered
9059,412,"2026-09-06 12:00:00",Delivered
9060,1412,"2026-04-29 12:00:00",Delivered
9061,1449,"2025-01-27 12:00:00",Delivered
9062,449,"2024-09-19 12:00:00",Delivered
9063,1449,"2024-05-12 12:00:00",Confirmed
9064,449,"2024-01-03 12:00:00",Delivered
9065,1449,"2026-05-12 12:00:00",Delivered
9066,1486,"2025-02-09 12:00:00",Shipped
9067,486,"2024-10-02 12:00:00",Shipped
9068,1486,"2024-05-25 12:00:00",Shipped
9069,486,"2024-01-16 12:00:00",Shipped
9070,1486,"2026-05-25 12:00:00",Shipped
9071,1523,"2025-02-22 12:00:00",Delivered
9072,523,"2024-10-15 12:00:00",Pending
9073,1523,"2024-06-07 12:00:00",Delivered
9074,523,"2024-01-29 12:00:00",Delivered
9075,1523,"2026-06-07 12:00:00",Delivered
9076,1560,"2025-03-07 12:00:00",Delivered
9077,560,"2024-10-28 12:00:00",Delivered
9078,1560,"2024-06-20 12:00:00",Delivered
9079,560,"2024-02-11 12:00:00",Delivered
9080,1560,"2026-06-20 12:00:00",Delivered
9081,1597,"2025-03-20 12:00:00",Confirmed
9082,597,"2024-11-10 12:00:00",Delivered
9083,1597,"2024-07-03 12:00:00",Delivered
9084,597,"2024-02-24 12:00:00",Pending
9085,1597,"2026-07-03 12:00:00",Delivered
9086,1634,"2025-04-02 12:00:00",Delivered
9087,634,"2024-11-23 12:00:00",Delivered
9088,1634,"2024-07-16 12:00:00",Delivered
9089,634,"2024-03-08 12:00:00",Delivered
9090,1634,"2026-07-16 12:00:00",Delivered
9091,1671,"2025-04-15 12:00:00",Shipped
9092,671,"2024-12-06 12:00:00",Shipped
9093,1671,"2024-07-29 12:00:00",Shipped
9094,671,"2024-03-21 12:00:00",Shipped
9095,1671,"2026-07-29 12:00:00",Shipped
