"order_item_id","order_id","product_id","quantity","unit_price"
1,4096,27,1,119.99
2,4096,28,1,99.99
3,4097,27,3,119.99
4,4097,25,2,229.99
5,4097,26,2,39.99
6,4098,22,2,149.99
7,4098,23,1,299.99
8,4098,24,1,79.99
9,4099,21,1,249.99
10,4099,20,1,249.99
11,4099,22,1,149.99
12,4099,23,2,299.99
13,4100,18,1,449.99
14,4101,16,1,349.99
15,4102,14,1,1299.99
16,4102,15,1,549.99
17,4103,12,1,499.99
18,4103,13,1,999.99
19,4104,9,1,699.99
20,4104,11,2,299.99
21,4105,7,1,329.99
22,4105,8,1,599.99
23,4106,5,1,2199.99
24,4106,6,1,179.99
25,4107,4,2,649.99
26,4107,3,1,1799.99
27,4107,5,1,2199.99
28,4108,1,1,899.99
29,4108,2,2,1299.99
30,4108,4,1,649.99
31,4109,1,1,899.99
32,4109,2,1,1299.99
33,4109,4,1,649.99
34,4109,3,2,1799.99
35,4110,1,1,899.99
36,4111,1,1,899.99
37,4112,1,1,899.99
38,4112,2,1,1299.99
39,4113,49,2,19.99
40,4113,50,1,49.99
41,4114,46,1,49.99
42,4114,47,3,69.99
43,4115,44,1,119.99
44,4115,45,1,199.99
45,4116,42,1,99.99
46,4116,43,2,179.99
47,4117,42,1,99.99
48,4117,40,1,59.99
49,4117,41,2,59.99
50,4118,38,1,79.99
51,4118,39,2,179.99
52,4118,42,2,99.99
53,4119,37,2,199.99
54,4119,36,2,39.99
55,4119,38,1,79.99
56,4119,39,1,179.99
57,4120,33,3,99.99
58,4121,31,3,24.99
59,4122,29,1,89.99
60,4122,31,2,24.99
61,4123,27,1,119.99
62,4123,28,1,99.99
63,4124,27,3,119.99
64,4124,25,2,229.99
65,4125,23,2,299.99
66,4125,24,1,79.99
67,4126,21,1,249.99
68,4126,20,2,249.99
69,4127,18,1,449.99
70,4127,19,1,899.99
71,4127,21,2,249.99
72,4128,16,1,349.99
73,4128,17,1,699.99
74,4128,18,1,449.99
75,4129,14,1,1299.99
76,4129,15,1,549.99
77,4129,16,2,349.99
78,4129,17,1,699.99
79,4130,12,1,499.99
80,4131,9,2,699.99
81,4132,7,1,329.99
82,4132,8,1,599.99
83,4133,5,1,2199.99
84,4133,6,1,179.99
85,4134,4,1,649.99
86,4134,3,1,1799.99
87,4135,1,1,899.99
88,4135,2,2,1299.99
89,4136,1,1,899.99
90,4136,2,1,1299.99
91,4137,1,2,899.99
92,4137,2,1,1299.99
93,4137,4,2,649.99
94,4138,1,1,899.99
95,4138,2,2,1299.99
96,4138,4,1,649.99
97,4139,1,1,899.99
98,4139,2,1,1299.99
99,4139,4,1,649.99
100,4139,3,2,1799.99
101,4140,49,2,19.99
102,4141,47,2,69.99
103,4142,44,1,119.99
104,4142,45,1,199.99
105,4143,42,1,99.99
106,4143,43,1,179.99
107,4144,42,2,99.99
108,4144,40,1,59.99
109,4145,38,1,79.99
110,4145,39,2,179.99
111,4146,37,2,199.99
112,4146,36,1,39.99
113,4147,33,2,99.99
114,4147,34,1,69.99
115,4147,35,1,29.99
116,4148,31,3,24.99
117,4148,32,1,79.99
118,4148,33,1,99.99
119,4149,29,3,89.99
120,4149,31,1,24.99
121,4149,30,1,149.99
122,4149,32,3,79.99
123,4150,27,1,119.99
124,4151,27,2,119.99
125,4152,23,2,299.99
126,4152,24,1,79.99
127,4153,21,2,249.99
128,4153,20,2,249.99
129,4154,18,2,449.99
130,4154,19,1,899.99
131,4155,16,1,349.99
132,4155,17,1,699.99
133,4156,14,1,1299.99
134,4156,15,1,549.99
135,4157,12,1,499.99
136,4157,13,1,999.99
137,4157,14,2,1299.99
138,4158,11,1,299.99
139,4158,10,1,129.99
140,4158,12,2,499.99
141,4159,7,2,329.99
142,4159,8,1,599.99
143,4159,9,1,699.99
144,4159,11,1,299.99
145,4160,5,1,2199.99
146,4161,4,1,649.99
147,4162,1,1,899.99
148,4162,2,1,1299.99
149,4163,1,1,899.99
150,4163,2,1,1299.99
151,4164,1,2,899.99
152,4164,2,1,1299.99
153,4165,1,1,899.99
154,4165,2,2,1299.99
155,4166,1,1,899.99
156,4166,2,1,1299.99
157,4167,49,1,19.99
158,4167,50,3,49.99
159,4167,1,2,899.99
160,4168,47,2,69.99
161,4168,49,1,19.99
162,4168,48,3,59.99
163,4169,44,1,119.99
164,4169,45,1,199.99
165,4169,46,1,49.99
166,4169,47,1,69.99
167,4170,42,1,99.99
168,4171,42,2,99.99
169,4172,38,1,79.99
170,4172,39,2,179.99
171,4173,37,2,199.99
172,4173,36,1,39.99
173,4174,34,3,69.99
174,4174,35,1,29.99
175,4175,31,2,24.99
176,4175,32,1,79.99
177,4176,29,3,89.99
178,4176,31,1,24.99
179,4177,27,3,119.99
180,4177,28,1,99.99
181,4177,29,1,89.99
182,4178,27,2,119.99
183,4178,25,2,229.99
184,4178,26,1,39.99
185,4179,23,2,299.99
186,4179,24,1,79.99
187,4179,27,1,119.99
188,4179,25,1,229.99
189,4180,21,2,249.99
190,4181,18,2,449.99
191,4182,16,2,349.99
192,4182,17,1,699.99
193,4183,14,1,1299.99
194,4183,15,1,549.99
195,4184,12,1,499.99
196,4184,13,1,999.99
197,4185,11,1,299.99
198,4185,10,1,129.99
199,4186,7,2,329.99
200,4186,8,1,599.99
201,4187,5,1,2199.99
202,4187,6,1,179.99
203,4187,7,1,329.99
204,4188,4,1,649.99
205,4188,3,1,1799.99
206,4188,5,2,2199.99
207,4189,1,1,899.99
208,4189,2,1,1299.99
209,4189,4,1,649.99
210,4189,3,2,1799.99
211,4190,1,1,899.99
212,4191,1,1,899.99
213,4192,1,1,899.99
214,4192,2,1,1299.99
215,4193,1,1,899.99
216,4193,2,1,1299.99
217,4194,49,1,19.99
218,4194,50,2,49.99
219,4195,47,1,69.99
220,4195,49,1,19.99
221,4196,44,2,119.99
222,4196,45,1,199.99
223,4197,42,1,99.99
224,4197,43,1,179.99
225,4197,44,2,119.99
226,4198,42,2,99.99
227,4198,40,1,59.99
228,4198,41,1,59.99
229,4199,38,1,79.99
230,4199,39,1,179.99
231,4199,42,1,99.99
232,4199,40,2,59.99
233,4200,37,2,199.99
234,4201,34,3,69.99
235,4202,31,2,24.99
236,4202,32,3,79.99
237,4203,29,2,89.99
238,4203,31,1,24.99
239,4204,27,3,119.99
240,4204,28,1,99.99
241,4205,27,1,119.99
242,4205,25,1,229.99
243,4206,23,2,299.99
244,4206,24,2,79.99
245,4207,21,2,249.99
246,4207,22,1,149.99
247,4207,23,1,299.99
248,4208,18,1,449.99
249,4208,19,1,899.99
250,4208,21,1,249.99
251,4209,16,2,349.99
252,4209,17,1,699.99
253,4209,18,1,449.99
254,4209,19,1,899.99
255,4210,14,2,1299.99
256,4211,12,1,499.99
257,4212,11,1,299.99
258,4212,10,2,129.99
259,4213,7,2,329.99
260,4213,8,1,599.99
261,4214,5,1,2199.99
262,4214,6,1,179.99
263,4215,4,1,649.99
264,4215,3,1,1799.99
265,4216,1,1,899.99
266,4216,2,1,1299.99
267,4217,1,2,899.99
268,4217,2,1,1299.99
269,4217,4,2,649.99
270,4218,1,1,899.99
271,4218,2,2,1299.99
272,4218,4,1,649.99
273,4219,1,1,899.99
274,4219,2,1,1299.99
275,4219,4,1,649.99
276,4219,3,2,1799.99
277,4220,1,1,899.99
278,4221,49,1,19.99
279,4222,47,1,69.99
280,4222,49,1,19.99
281,4223,45,1,199.99
282,4223,46,3,49.99
283,4224,42,2,99.99
284,4224,43,1,179.99
285,4225,42,2,99.99
286,4225,40,1,59.99
287,4226,38,1,79.99
288,4226,39,1,179.99
289,4227,37,1,199.99
290,4227,36,1,39.99
291,4227,38,2,79.99
292,4228,34,2,69.99
293,4228,35,1,29.99
294,4228,37,1,199.99
295,4229,31,1,24.99
296,4229,32,3,79.99
297,4229,33,1,99.99
298,4229,34,1,69.99
299,4230,29,2,89.99
300,4231,27,2,119.99
301,4232,27,1,119.99
302,4232,25,1,229.99
303,4233,23,1,299.99
304,4233,24,2,79.99
305,4234,21,2,249.99
306,4234,22,2,149.99
307,4235,18,1,449.99
308,4235,19,2,899.99
309,4236,16,1,349.99
310,4236,17,1,699.99
311,4237,14,2,1299.99
312,4237,15,1,549.99
313,4237,16,1,349.99
314,4238,12,2,499.99
315,4238,13,1,999.99
316,4238,14,1,1299.99
317,4239,11,1,299.99
318,4239,10,2,129.99
319,4239,12,1,499.99
320,4239,13,2,999.99
321,4240,8,2,599.99
322,4241,5,2,2199.99
323,4242,4,1,649.99
324,4242,3,1,1799.99
325,4243,1,1,899.99
326,4243,2,1,1299.99
327,4244,1,2,899.99
328,4244,2,1,1299.99
329,4245,1,1,899.99
330,4245,2,2,1299.99
331,4246,1,1,899.99
332,4246,2,1,1299.99
333,4247,1,2,899.99
334,4247,2,1,1299.99
335,4247,4,2,649.99
336,4248,49,1,19.99
337,4248,50,1,49.99
338,4248,1,1,899.99
339,4249,47,1,69.99
340,4249,49,3,19.99
341,4249,48,2,59.99
342,4249,50,1,49.99
343,4250,45,1,199.99
344,4251,42,2,99.99
345,4252,42,1,99.99
346,4252,40,2,59.99
347,4253,38,1,79.99
348,4253,39,1,179.99
349,4254,37,1,199.99
350,4254,36,1,39.99
351,4255,34,2,69.99
352,4255,35,3,29.99
353,4256,32,2,79.99
354,4256,33,1,99.99
355,4257,29,1,89.99
356,4257,31,1,24.99
357,4257,30,3,149.99
358,4258,27,2,119.99
359,4258,28,3,99.99
360,4258,29,1,89.99
361,4259,27,1,119.99
362,4259,25,1,229.99
363,4259,26,1,39.99
364,4259,28,2,99.99
365,4260,23,1,299.99
366,4261,21,1,249.99
367,4262,18,1,449.99
368,4262,19,2,899.99
369,4263,16,1,349.99
370,4263,17,2,699.99
371,4264,14,1,1299.99
372,4264,15,1,549.99
373,4265,12,2,499.99
374,4265,13,1,999.99
375,4266,11,1,299.99
376,4266,10,2,129.99
377,4267,8,2,599.99
378,4267,9,1,699.99
379,4267,11,2,299.99
380,4268,5,2,2199.99
381,4268,6,2,179.99
382,4268,7,1,329.99
383,4269,4,1,649.99
384,4269,3,2,1799.99
385,4269,5,1,2199.99
386,4269,6,2,179.99
387,4270,1,1,899.99
388,4271,1,1,899.99
389,4272,1,1,899.99
390,4272,2,1,1299.99
391,4273,1,1,899.99
392,4273,2,1,1299.99
393,4274,1,2,899.99
394,4274,2,1,1299.99
395,4275,49,1,19.99
396,4275,50,1,49.99
397,4276,47,1,69.99
398,4276,49,3,19.99
399,4277,45,2,199.99
400,4277,46,2,49.99
401,4277,47,3,69.99
402,4278,42,2,99.99
403,4278,43,1,179.99
404,4278,44,1,119.99
405,4279,42,1,99.99
406,4279,40,2,59.99
407,4279,41,1,59.99
408,4279,43,2,179.99
409,4280,38,2,79.99
410,4281,37,1,199.99
411,4282,34,1,69.99
412,4282,35,3,29.99
413,4283,32,2,79.99
414,4283,33,3,99.99
415,4284,29,1,89.99
416,4284,31,1,24.99
417,4285,27,1,119.99
418,4285,28,3,99.99
419,4286,27,1,119.99
420,4286,25,1,229.99
421,4287,23,1,299.99
422,4287,24,2,79.99
423,4287,27,3,119.99
424,4288,21,1,249.99
425,4288,22,2,149.99
426,4288,23,1,299.99
427,4289,19,1,899.99
428,4289,21,1,249.99
429,4289,20,1,249.99
430,4289,22,1,149.99
431,4290,16,1,349.99
432,4291,14,1,1299.99
433,4292,12,1,499.99
434,4292,13,1,999.99
435,4293,11,1,299.99
436,4293,10,2,129.99
437,4294,8,2,599.99
438,4294,9,1,699.99
439,4295,5,1,2199.99
440,4295,6,2,179.99
441,4296,4,1,649.99
442,4296,3,2,1799.99
443,4297,1,2,899.99
444,4297,2,1,1299.99
445,4297,4,2,649.99
446,4298,1,1,899.99
447,4298,2,2,1299.99
448,4298,4,1,649.99
449,4299,1,1,899.99
450,4299,2,1,1299.99
451,4299,4,1,649.99
452,4299,3,2,1799.99
453,4300,1,1,899.99
454,4301,1,1,899.99
455,4302,49,1,19.99
456,4302,50,1,49.99
457,4303,47,1,69.99
458,4303,49,2,19.99
459,4304,45,2,199.99
460,4304,46,1,49.99
461,4305,43,2,179.99
462,4305,44,1,119.99
463,4306,42,1,99.99
464,4306,40,2,59.99
465,4307,38,2,79.99
466,4307,39,1,179.99
467,4307,42,1,99.99
468,4308,37,1,199.99
469,4308,36,2,39.99
470,4308,38,1,79.99
471,4309,34,1,69.99
472,4309,35,2,29.99
473,4309,37,2,199.99
474,4309,36,2,39.99
475,4310,32,1,79.99
476,4311,29,1,89.99
477,4312,27,1,119.99
478,4312,28,2,99.99
479,4313,27,1,119.99
480,4313,25,1,229.99
481,4314,23,1,299.99
482,4314,24,1,79.99
483,4315,21,1,249.99
484,4315,22,2,149.99
485,4316,19,1,899.99
486,4316,21,1,249.99
487,4317,16,1,349.99
488,4317,17,1,699.99
489,4317,18,1,449.99
490,4318,14,1,1299.99
491,4318,15,2,549.99
492,4318,16,1,349.99
493,4319,12,1,499.99
494,4319,13,2,999.99
495,4319,14,1,1299.99
496,4319,15,1,549.99
497,4320,11,1,299.99
498,4321,8,2,599.99
499,4322,6,2,179.99
500,4322,7,1,329.99
501,4323,4,1,649.99
502,4323,3,1,1799.99
503,4324,1,2,899.99
504,4324,2,1,1299.99
505,4325,1,1,899.99
506,4325,2,2,1299.99
507,4326,1,1,899.99
508,4326,2,1,1299.99
509,4327,1,2,899.99
510,4327,2,1,1299.99
511,4327,4,2,649.99
512,4328,1,1,899.99
513,4328,2,2,1299.99
514,4328,4,1,649.99
515,4329,49,3,19.99
516,4329,50,1,49.99
517,4329,1,1,899.99
518,4329,2,1,1299.99
519,4330,47,1,69.99
520,4331,45,2,199.99
521,4332,43,2,179.99
522,4332,44,1,119.99
523,4333,42,1,99.99
524,4333,40,2,59.99
525,4334,38,2,79.99
526,4334,39,1,179.99
527,4335,37,1,199.99
528,4335,36,2,39.99
529,4336,34,1,69.99
530,4336,35,2,29.99
531,4337,32,1,79.99
532,4337,33,2,99.99
533,4337,34,1,69.99
534,4338,31,3,24.99
535,4338,30,1,149.99
536,4338,32,1,79.99
537,4339,27,1,119.99
538,4339,28,2,99.99
539,4339,29,3,89.99
540,4339,31,1,24.99
541,4340,27,1,119.99
542,4341,23,1,299.99
543,4342,21,1,249.99
544,4342,22,1,149.99
545,4343,19,1,899.99
546,4343,21,2,249.99
547,4344,16,1,349.99
548,4344,17,1,699.99
549,4345,14,1,1299.99
550,4345,15,1,549.99
551,4346,12,1,499.99
552,4346,13,2,999.99
553,4347,11,2,299.99
554,4347,10,1,129.99
555,4347,12,1,499.99
556,4348,8,1,599.99
557,4348,9,2,699.99
558,4348,11,1,299.99
559,4349,6,2,179.99
560,4349,7,2,329.99
561,4349,8,1,599.99
562,4349,9,1,699.99
563,4350,4,2,649.99
564,4351,1,1,899.99
565,4352,1,1,899.99
566,4352,2,1,1299.99
567,4353,1,1,899.99
568,4353,2,1,1299.99
569,4354,1,2,899.99
570,4354,2,1,1299.99
571,4355,1,1,899.99
572,4355,2,2,1299.99
573,4356,49,3,19.99
574,4356,50,1,49.99
575,4357,47,3,69.99
576,4357,49,1,19.99
577,4357,48,1,59.99
578,4358,45,2,199.99
579,4358,46,1,49.99
580,4358,47,2,69.99
581,4359,43,2,179.99
582,4359,44,1,119.99
583,4359,45,1,199.99
584,4359,46,1,49.99
585,4360,42,1,99.99
586,4361,38,2,79.99
587,4362,37,1,199.99
588,4362,36,2,39.99
589,4363,34,1,69.99
590,4363,35,1,29.99
591,4364,32,1,79.99
592,4364,33,2,99.99
593,4365,31,2,24.99
594,4365,30,1,149.99
595,4366,27,1,119.99
596,4366,28,1,99.99
597,4367,27,3,119.99
598,4367,25,2,229.99
599,4367,26,2,39.99
600,4368,23,1,299.99
601,4368,24,1,79.99
602,4368,27,2,119.99
603,4369,21,1,249.99
604,4369,22,1,149.99
605,4369,23,2,299.99
606,4369,24,1,79.99
607,4370,19,1,899.99
608,4371,17,1,699.99
609,4372,14,1,1299.99
610,4372,15,1,549.99
611,4373,12,1,499.99
612,4373,13,1,999.99
613,4374,11,2,299.99
614,4374,10,1,129.99
615,4375,8,1,599.99
616,4375,9,2,699.99
617,4376,6,1,179.99
618,4376,7,2,329.99
619,4377,4,2,649.99
620,4377,3,1,1799.99
621,4377,5,1,2199.99
622,4378,1,1,899.99
623,4378,2,2,1299.99
624,4378,4,1,649.99
625,4379,1,1,899.99
626,4379,2,1,1299.99
627,4379,4,1,649.99
628,4379,3,2,1799.99
629,4380,1,1,899.99
630,4381,1,1,899.99
631,4382,1,1,899.99
632,4382,2,1,1299.99
633,4383,49,2,19.99
634,4383,50,1,49.99
635,4384,47,3,69.99
636,4384,49,1,19.99
637,4385,45,1,199.99
638,4385,46,1,49.99
639,4386,43,2,179.99
640,4386,44,2,119.99
641,4387,42,1,99.99
642,4387,41,2,59.99
643,4387,43,1,179.99
644,4388,38,1,79.99
645,4388,39,2,179.99
646,4388,42,2,99.99
647,4389,37,2,199.99
648,4389,36,2,39.99
649,4389,38,1,79.99
650,4389,39,1,179.99
651,4390,34,1,69.99
652,4391,32,1,79.99
653,4392,31,2,24.99
654,4392,30,1,149.99
655,4393,27,1,119.99
656,4393,28,1,99.99
657,4394,27,3,119.99
658,4394,25,2,229.99
659,4395,23,2,299.99
660,4395,24,1,79.99
661,4396,21,1,249.99
662,4396,22,1,149.99
663,4397,19,1,899.99
664,4397,21,2,249.99
665,4397,20,1,249.99
666,4398,17,1,699.99
667,4398,18,1,449.99
668,4398,19,1,899.99
669,4399,14,1,1299.99
670,4399,15,1,549.99
671,4399,16,2,349.99
672,4399,17,1,699.99
673,4400,12,1,499.99
674,4401,11,1,299.99
675,4402,8,1,599.99
676,4402,9,2,699.99
677,4403,6,1,179.99
678,4403,7,2,329.99
679,4404,4,1,649.99
680,4404,5,1,2199.99
681,4405,1,1,899.99
682,4405,2,2,1299.99
683,4406,1,1,899.99
684,4406,2,1,1299.99
685,4407,1,2,899.99
686,4407,2,1,1299.99
687,4407,4,2,649.99
688,4408,1,1,899.99
689,4408,2,2,1299.99
690,4408,4,1,649.99
691,4409,1,1,899.99
692,4409,2,1,1299.99
693,4409,4,1,649.99
694,4409,3,2,1799.99
695,4410,49,2,19.99
696,4411,47,2,69.99
697,4412,45,1,199.99
698,4412,46,1,49.99
699,4413,43,1,179.99
700,4413,44,2,119.99
701,4414,42,2,99.99
702,4414,41,2,59.99
703,4415,38,1,79.99
704,4415,39,2,179.99
705,4416,37,2,199.99
706,4416,36,1,39.99
707,4417,34,1,69.99
708,4417,35,1,29.99
709,4417,37,1,199.99
710,4418,32,1,79.99
711,4418,33,1,99.99
712,4418,34,2,69.99
713,4419,31,1,24.99
714,4419,30,1,149.99
715,4419,32,3,79.99
716,4419,33,1,99.99
717,4420,28,1,99.99
718,4421,27,2,119.99
719,4422,23,2,299.99
720,4422,24,1,79.99
721,4423,21,2,249.99
722,4423,22,1,149.99
723,4424,19,1,899.99
724,4424,21,2,249.99
725,4425,17,1,699.99
726,4425,18,1,449.99
727,4426,14,1,1299.99
728,4426,15,1,549.99
729,4427,12,1,499.99
730,4427,13,1,999.99
731,4427,14,2,1299.99
732,4428,11,1,299.99
733,4428,10,1,129.99
734,4428,12,2,499.99
735,4429,8,1,599.99
736,4429,9,1,699.99
737,4429,11,1,299.99
738,4429,10,2,129.99
739,4430,6,1,179.99
740,4431,4,1,649.99
741,4432,1,1,899.99
742,4432,2,1,1299.99
743,4433,1,1,899.99
744,4433,2,1,1299.99
745,4434,1,2,899.99
746,4434,2,1,1299.99
747,4435,1,1,899.99
748,4435,2,2,1299.99
749,4436,1,1,899.99
750,4436,2,1,1299.99
751,4437,49,1,19.99
752,4437,50,3,49.99
753,4437,1,2,899.99
754,4438,47,2,69.99
755,4438,49,1,19.99
756,4438,48,3,59.99
757,4439,45,1,199.99
758,4439,46,1,49.99
759,4439,47,1,69.99
760,4439,49,3,19.99
761,4440,43,1,179.99
762,4441,42,2,99.99
763,4442,38,1,79.99
764,4442,39,2,179.99
765,4443,37,2,199.99
766,4443,36,1,39.99
767,4444,34,3,69.99
768,4444,35,1,29.99
769,4445,32,1,79.99
770,4445,33,1,99.99
771,4446,31,1,24.99
772,4446,30,1,149.99
773,4447,28,1,99.99
774,4447,29,1,89.99
775,4447,31,1,24.99
776,4448,27,2,119.99
777,4448,25,2,229.99
778,4448,26,1,39.99
779,4449,23,2,299.99
780,4449,24,1,79.99
781,4449,27,1,119.99
782,4449,25,1,229.99
783,4450,21,2,249.99
784,4451,19,1,899.99
785,4452,17,1,699.99
786,4452,18,1,449.99
787,4453,15,1,549.99
788,4453,16,1,349.99
789,4454,12,1,499.99
790,4454,13,1,999.99
791,4455,11,1,299.99
792,4455,10,1,129.99
793,4456,8,1,599.99
794,4456,9,1,699.99
795,4457,6,1,179.99
796,4457,7,1,329.99
797,4457,8,2,599.99
798,4458,4,1,649.99
799,4458,5,2,2199.99
800,4458,6,2,179.99
801,4459,1,1,899.99
802,4459,2,1,1299.99
803,4459,4,1,649.99
804,4459,3,2,1799.99
805,4460,1,1,899.99
806,4461,1,1,899.99
807,4462,1,1,899.99
808,4462,2,1,1299.99
809,4463,1,1,899.99
810,4463,2,1,1299.99
811,4464,49,1,19.99
812,4464,50,2,49.99
813,4465,47,1,69.99
814,4465,49,1,19.99
815,4466,45,1,199.99
816,4466,46,3,49.99
817,4467,43,1,179.99
818,4467,44,2,119.99
819,4467,45,2,199.99
820,4468,42,2,99.99
821,4468,41,1,59.99
822,4468,43,1,179.99
823,4469,39,1,179.99
824,4469,42,1,99.99
825,4469,40,2,59.99
826,4469,41,1,59.99
827,4470,37,2,199.99
828,4471,34,3,69.99
829,4472,32,3,79.99
830,4472,33,1,99.99
831,4473,31,1,24.99
832,4473,30,1,149.99
833,4474,28,1,99.99
834,4474,29,1,89.99
835,4475,27,1,119.99
836,4475,25,1,229.99
837,4476,23,2,299.99
838,4476,24,2,79.99
839,4477,21,2,249.99
840,4477,22,1,149.99
841,4477,23,1,299.99
842,4478,19,1,899.99
843,4478,21,1,249.99
844,4478,20,1,249.99
845,4479,17,1,699.99
846,4479,18,1,449.99
847,4479,19,1,899.99
848,4479,21,1,249.99
849,4480,15,1,549.99
850,4481,12,1,499.99
851,4482,11,1,299.99
852,4482,10,2,129.99
853,4483,8,1,599.99
854,4483,9,1,699.99
855,4484,6,1,179.99
856,4484,7,1,329.99
857,4485,4,1,649.99
858,4485,5,1,2199.99
859,4486,2,1,1299.99
860,4486,4,1,649.99
861,4487,1,2,899.99
862,4487,2,1,1299.99
863,4487,4,2,649.99
864,4488,1,1,899.99
865,4488,2,2,1299.99
866,4488,4,1,649.99
867,4489,1,1,899.99
868,4489,2,1,1299.99
869,4489,4,1,649.99
870,4489,3,2,1799.99
871,4490,1,1,899.99
872,4491,49,1,19.99
873,4492,47,1,69.99
874,4492,49,1,19.99
875,4493,45,1,199.99
876,4493,46,3,49.99
877,4494,43,1,179.99
878,4494,44,1,119.99
879,4495,42,2,99.99
880,4495,41,1,59.99
881,4496,39,1,179.99
882,4496,42,1,99.99
883,4497,37,1,199.99
884,4497,36,1,39.99
885,4497,38,2,79.99
886,4498,34,2,69.99
887,4498,35,1,29.99
888,4498,37,1,199.99
889,4499,32,3,79.99
890,4499,33,1,99.99
891,4499,34,1,69.99
892,4499,35,2,29.99
893,4500,31,1,24.99
894,4501,28,1,99.99
895,4502,27,1,119.99
896,4502,26,1,39.99
897,4503,23,1,299.99
898,4503,24,2,79.99
899,4504,21,2,249.99
900,4504,22,2,149.99
901,4505,19,2,899.99
902,4505,21,1,249.99
903,4506,17,1,699.99
904,4506,18,1,449.99
905,4507,15,1,549.99
906,4507,16,1,349.99
907,4507,17,1,699.99
908,4508,12,2,499.99
909,4508,13,1,999.99
910,4508,14,1,1299.99
911,4509,11,1,299.99
912,4509,10,2,129.99
913,4509,12,1,499.99
914,4509,13,2,999.99
915,4510,8,2,599.99
916,4511,6,1,179.99
917,4512,4,1,649.99
918,4512,5,1,2199.99
919,4513,2,1,1299.99
920,4513,4,1,649.99
921,4514,1,2,899.99
922,4514,2,1,1299.99
923,4515,1,1,899.99
924,4515,2,2,1299.99
925,4516,1,1,899.99
926,4516,2,1,1299.99
927,4517,1,2,899.99
928,4517,2,1,1299.99
929,4517,4,2,649.99
930,4518,50,1,49.99
931,4518,1,1,899.99
932,4518,2,2,1299.99
933,4519,47,1,69.99
934,4519,49,3,19.99
935,4519,48,2,59.99
936,4519,50,1,49.99
937,4520,45,1,199.99
938,4521,43,1,179.99
939,4522,42,1,99.99
940,4522,41,1,59.99
941,4523,39,1,179.99
942,4523,42,1,99.99
943,4524,37,1,199.99
944,4524,36,1,39.99
945,4525,34,2,69.99
946,4525,35,3,29.99
947,4526,32,2,79.99
948,4526,33,1,99.99
949,4527,31,1,24.99
950,4527,30,3,149.99
951,4527,32,1,79.99
952,4528,28,3,99.99
953,4528,29,1,89.99
954,4528,31,3,24.99
955,4529,27,1,119.99
956,4529,26,1,39.99
957,4529,28,2,99.99
958,4529,29,3,89.99
959,4530,23,1,299.99
960,4531,21,1,249.99
961,4532,19,2,899.99
962,4532,21,1,249.99
963,4533,17,2,699.99
964,4533,18,1,449.99
965,4534,15,1,549.99
966,4534,16,1,349.99
967,4535,13,1,999.99
968,4535,14,1,1299.99
969,4536,11,1,299.99
970,4536,10,2,129.99
971,4537,8,2,599.99
972,4537,9,1,699.99
973,4537,11,2,299.99
974,4538,6,2,179.99
975,4538,7,1,329.99
976,4538,8,1,599.99
977,4539,4,1,649.99
978,4539,5,1,2199.99
979,4539,6,2,179.99
980,4539,7,2,329.99
981,4540,2,1,1299.99
982,4541,1,1,899.99
983,4542,1,1,899.99
984,4542,2,1,1299.99
985,4543,1,1,899.99
986,4543,2,1,1299.99
987,4544,1,2,899.99
988,4544,2,1,1299.99
989,4545,50,1,49.99
990,4545,1,1,899.99
991,4546,47,1,69.99
992,4546,49,3,19.99
993,4547,45,2,199.99
994,4547,46,2,49.99
995,4547,47,3,69.99
996,4548,43,1,179.99
997,4548,44,1,119.99
998,4548,45,2,199.99
999,4549,42,1,99.99
1000,4549,41,1,59.99
1001,4549,43,2,179.99
1002,4549,44,1,119.99
1003,4550,39,1,179.99
1004,4551,37,1,199.99
1005,4552,34,1,69.99
1006,4552,35,3,29.99
1007,4553,32,2,79.99
1008,4553,33,3,99.99
1009,4554,31,1,24.99
1010,4554,30,2,149.99
1011,4555,28,3,99.99
1012,4555,29,1,89.99
1013,4556,27,1,119.99
1014,4556,26,3,39.99
1015,4557,23,1,299.99
1016,4557,24,2,79.99
1017,4557,27,3,119.99
1018,4558,21,1,249.99
1019,4558,22,2,149.99
1020,4558,23,1,299.99
1021,4559,19,1,899.99
1022,4559,21,1,249.99
1023,4559,20,1,249.99
1024,4559,22,1,149.99
1025,4560,17,2,699.99
1026,4561,15,2,549.99
1027,4562,13,1,999.99
1028,4562,14,1,1299.99
1029,4563,11,1,299.99
1030,4563,10,2,129.99
1031,4564,8,2,599.99
1032,4564,9,1,699.99
1033,4565,6,2,179.99
1034,4565,7,1,329.99
1035,4566,4,1,649.99
1036,4566,5,1,2199.99
1037,4567,2,1,1299.99
1038,4567,4,2,649.99
1039,4567,3,1,1799.99
1040,4568,1,1,899.99
1041,4568,2,2,1299.99
1042,4568,4,1,649.99
1043,4569,1,1,899.99
1044,4569,2,1,1299.99
1045,4569,4,1,649.99
1046,4569,3,2,1799.99
1047,4570,1,1,899.99
1048,4571,1,1,899.99
1049,4572,50,1,49.99
1050,4572,1,1,899.99
1051,4573,47,1,69.99
1052,4573,49,2,19.99
1053,4574,45,2,199.99
1054,4574,46,1,49.99
1055,4575,43,2,179.99
1056,4575,44,1,119.99
1057,4576,42,1,99.99
1058,4576,41,1,59.99
1059,4577,39,1,179.99
1060,4577,42,1,99.99
1061,4577,40,1,59.99
1062,4578,37,1,199.99
1063,4578,38,1,79.99
1064,4578,39,2,179.99
1065,4579,34,1,69.99
1066,4579,35,2,29.99
1067,4579,37,2,199.99
1068,4579,36,2,39.99
1069,4580,32,1,79.99
1070,4581,31,3,24.99
1071,4582,28,2,99.99
1072,4582,29,1,89.99
1073,4583,27,1,119.99
1074,4583,26,3,39.99
1075,4584,24,1,79.99
1076,4584,27,3,119.99
1077,4585,21,1,249.99
1078,4585,22,2,149.99
1079,4586,19,1,899.99
1080,4586,21,1,249.99
1081,4587,17,1,699.99
1082,4587,18,1,449.99
1083,4587,19,1,899.99
1084,4588,15,2,549.99
1085,4588,16,1,349.99
1086,4588,17,1,699.99
1087,4589,13,2,999.99
1088,4589,14,1,1299.99
1089,4589,15,1,549.99
1090,4589,16,2,349.99
1091,4590,11,1,299.99
1092,4591,8,2,599.99
1093,4592,6,2,179.99
1094,4592,7,1,329.99
1095,4593,4,1,649.99
1096,4593,5,1,2199.99
1097,4594,2,1,1299.99
1098,4594,4,1,649.99
1099,4595,1,1,899.99
1100,4595,2,2,1299.99
1101,4596,1,1,899.99
1102,4596,2,1,1299.99
1103,4597,1,2,899.99
1104,4597,2,1,1299.99
1105,4597,4,2,649.99
1106,4598,1,1,899.99
1107,4598,2,2,1299.99
1108,4598,4,1,649.99
1109,4599,50,1,49.99
1110,4599,1,1,899.99
1111,4599,2,1,1299.99
1112,4599,4,1,649.99
1113,4600,49,2,19.99
1114,4601,45,2,199.99
1115,4602,43,2,179.99
1116,4602,44,1,119.99
1117,4603,42,1,99.99
1118,4603,41,2,59.99
1119,4604,39,1,179.99
1120,4604,42,2,99.99
1121,4605,37,1,199.99
1122,4605,38,1,79.99
1123,4606,34,1,69.99
1124,4606,35,2,29.99
1125,4607,32,1,79.99
1126,4607,33,2,99.99
1127,4607,34,1,69.99
1128,4608,31,3,24.99
1129,4608,30,1,149.99
1130,4608,32,1,79.99
1131,4609,28,2,99.99
1132,4609,29,3,89.99
1133,4609,31,1,24.99
1134,4609,30,1,149.99
1135,4610,27,1,119.99
1136,4611,24,1,79.99
1137,4612,21,1,249.99
1138,4612,22,1,149.99
1139,4613,19,1,899.99
1140,4613,21,2,249.99
1141,4614,17,1,699.99
1142,4614,18,2,449.99
1143,4615,15,1,549.99
1144,4615,16,1,349.99
1145,4616,13,2,999.99
1146,4616,14,1,1299.99
1147,4617,11,2,299.99
1148,4617,12,1,499.99
1149,4617,13,1,999.99
1150,4618,8,1,599.99
1151,4618,9,2,699.99
1152,4618,11,1,299.99
1153,4619,6,2,179.99
1154,4619,7,2,329.99
1155,4619,8,1,599.99
1156,4619,9,1,699.99
1157,4620,4,2,649.99
1158,4621,2,1,1299.99
1159,4622,1,1,899.99
1160,4622,2,1,1299.99
1161,4623,1,1,899.99
1162,4623,2,1,1299.99
1163,4624,1,2,899.99
1164,4624,2,1,1299.99
1165,4625,1,1,899.99
1166,4625,2,2,1299.99
1167,4626,50,1,49.99
1168,4626,1,1,899.99
1169,4627,49,1,19.99
1170,4627,48,1,59.99
1171,4627,50,3,49.99
1172,4628,45,2,199.99
1173,4628,46,1,49.99
1174,4628,47,2,69.99
1175,4629,43,2,179.99
1176,4629,44,1,119.99
1177,4629,45,1,199.99
1178,4629,46,1,49.99
1179,4630,42,1,99.99
1180,4631,39,2,179.99
1181,4632,37,1,199.99
1182,4632,38,1,79.99
1183,4633,35,1,29.99
1184,4633,37,2,199.99
1185,4634,32,1,79.99
1186,4634,33,2,99.99
1187,4635,31,2,24.99
1188,4635,30,1,149.99
1189,4636,28,1,99.99
1190,4636,29,3,89.99
1191,4637,27,3,119.99
1192,4637,26,2,39.99
1193,4637,28,1,99.99
1194,4638,24,1,79.99
1195,4638,27,2,119.99
1196,4638,25,2,229.99
1197,4639,21,1,249.99
1198,4639,22,1,149.99
1199,4639,23,2,299.99
1200,4639,24,1,79.99
1201,4640,19,1,899.99
1202,4641,17,1,699.99
1203,4642,15,1,549.99
1204,4642,16,2,349.99
1205,4643,13,1,999.99
1206,4643,14,1,1299.99
1207,4644,11,2,299.99
1208,4644,12,1,499.99
1209,4645,8,1,599.99
1210,4645,9,2,699.99
1211,4646,6,1,179.99
1212,4646,7,2,329.99
1213,4647,4,2,649.99
1214,4647,5,1,2199.99
1215,4647,6,1,179.99
1216,4648,2,2,1299.99
1217,4648,4,1,649.99
1218,4648,3,1,1799.99
1219,4649,1,1,899.99
1220,4649,2,1,1299.99
1221,4649,4,1,649.99
1222,4649,3,2,1799.99
1223,4650,1,1,899.99
1224,4651,1,1,899.99
1225,4652,1,1,899.99
1226,4652,2,1,1299.99
1227,4653,50,1,49.99
1228,4653,1,1,899.99
1229,4654,49,1,19.99
1230,4654,48,1,59.99
1231,4655,45,1,199.99
1232,4655,46,1,49.99
1233,4656,43,2,179.99
1234,4656,44,2,119.99
1235,4657,42,1,99.99
1236,4657,41,2,59.99
1237,4657,43,1,179.99
1238,4658,39,2,179.99
1239,4658,42,2,99.99
1240,4658,40,1,59.99
1241,4659,37,2,199.99
1242,4659,38,1,79.99
1243,4659,39,1,179.99
1244,4659,42,1,99.99
1245,4660,35,1,29.99
1246,4661,32,1,79.99
1247,4662,31,2,24.99
1248,4662,30,1,149.99
1249,4663,28,1,99.99
1250,4663,29,2,89.99
1251,4664,27,3,119.99
1252,4664,26,1,39.99
1253,4665,24,1,79.99
1254,4665,27,1,119.99
1255,4666,22,1,149.99
1256,4666,23,2,299.99
1257,4667,19,1,899.99
1258,4667,21,2,249.99
1259,4667,20,1,249.99
1260,4668,17,1,699.99
1261,4668,18,1,449.99
1262,4668,19,1,899.99
1263,4669,15,1,549.99
1264,4669,16,2,349.99
1265,4669,17,1,699.99
1266,4669,18,1,449.99
1267,4670,13,1,999.99
1268,4671,11,1,299.99
1269,4672,8,1,599.99
1270,4672,9,2,699.99
1271,4673,6,1,179.99
1272,4673,7,2,329.99
1273,4674,4,1,649.99
1274,4674,5,1,2199.99
1275,4675,2,2,1299.99
1276,4675,4,1,649.99
1277,4676,1,1,899.99
1278,4676,2,1,1299.99
1279,4677,1,2,899.99
1280,4677,2,1,1299.99
1281,4677,4,2,649.99
1282,4678,1,1,899.99
1283,4678,2,2,1299.99
1284,4678,4,1,649.99
1285,4679,1,1,899.99
1286,4679,2,1,1299.99
1287,4679,4,1,649.99
1288,4679,3,2,1799.99
1289,4680,50,3,49.99
1290,4681,49,1,19.99
1291,4682,46,1,49.99
1292,4682,47,1,69.99
1293,4683,43,1,179.99
1294,4683,44,2,119.99
1295,4684,42,2,99.99
1296,4684,41,2,59.99
1297,4685,39,2,179.99
1298,4685,42,2,99.99
1299,4686,37,2,199.99
1300,4686,38,1,79.99
1301,4687,35,1,29.99
1302,4687,37,1,199.99
1303,4687,36,1,39.99
1304,4688,32,1,79.99
1305,4688,33,1,99.99
1306,4688,34,2,69.99
1307,4689,31,1,24.99
1308,4689,30,1,149.99
1309,4689,32,3,79.99
1310,4689,33,1,99.99
1311,4690,28,1,99.99
1312,4691,27,2,119.99
1313,4692,24,1,79.99
1314,4692,27,1,119.99
1315,4693,22,1,149.99
1316,4693,23,1,299.99
1317,4694,19,1,899.99
1318,4694,21,2,249.99
1319,4695,17,1,699.99
1320,4695,18,1,449.99
1321,4696,15,1,549.99
1322,4696,16,1,349.99
1323,4697,13,1,999.99
1324,4697,14,2,1299.99
1325,4697,15,1,549.99
1326,4698,11,1,299.99
1327,4698,12,2,499.99
1328,4698,13,1,999.99
1329,4699,9,1,699.99
1330,4699,11,1,299.99
1331,4699,10,2,129.99
1332,4699,12,1,499.99
1333,4700,6,1,179.99
1334,4701,4,1,649.99
1335,4702,2,1,1299.99
1336,4702,4,1,649.99
1337,4703,1,1,899.99
1338,4703,2,1,1299.99
1339,4704,1,2,899.99
1340,4704,2,1,1299.99
1341,4705,1,1,899.99
1342,4705,2,2,1299.99
1343,4706,1,1,899.99
1344,4706,2,1,1299.99
1345,4707,50,3,49.99
1346,4707,1,2,899.99
1347,4707,2,1,1299.99
1348,4708,49,1,19.99
1349,4708,48,3,59.99
1350,4708,50,1,49.99
1351,4709,46,1,49.99
1352,4709,47,1,69.99
1353,4709,49,3,19.99
1354,4709,48,2,59.99
1355,4710,43,1,179.99
1356,4711,42,2,99.99
1357,4712,39,2,179.99
1358,4712,42,1,99.99
1359,4713,37,2,199.99
1360,4713,38,1,79.99
1361,4714,35,1,29.99
1362,4714,37,1,199.99
1363,4715,33,1,99.99
1364,4715,34,2,69.99
1365,4716,31,1,24.99
1366,4716,30,1,149.99
1367,4717,28,1,99.99
1368,4717,29,1,89.99
1369,4717,31,1,24.99
1370,4718,27,2,119.99
1371,4718,26,1,39.99
1372,4718,28,3,99.99
1373,4719,24,1,79.99
1374,4719,27,1,119.99
1375,4719,25,1,229.99
1376,4719,26,1,39.99
1377,4720,22,1,149.99
1378,4721,19,1,899.99
1379,4722,17,1,699.99
1380,4722,18,1,449.99
1381,4723,15,1,549.99
1382,4723,16,1,349.99
1383,4724,13,1,999.99
1384,4724,14,1,1299.99
1385,4725,11,1,299.99
1386,4725,12,2,499.99
1387,4726,9,1,699.99
1388,4726,11,1,299.99
1389,4727,6,1,179.99
1390,4727,7,1,329.99
1391,4727,8,2,599.99
1392,4728,4,1,649.99
1393,4728,5,2,2199.99
1394,4728,6,2,179.99
1395,4729,2,1,1299.99
1396,4729,4,1,649.99
1397,4729,3,2,1799.99
1398,4729,5,1,2199.99
1399,4730,1,1,899.99
1400,4731,1,1,899.99
1401,4732,1,1,899.99
1402,4732,2,1,1299.99
1403,4733,1,1,899.99
1404,4733,2,1,1299.99
1405,4734,50,2,49.99
1406,4734,1,2,899.99
1407,4735,49,1,19.99
1408,4735,48,3,59.99
1409,4736,46,3,49.99
1410,4736,47,1,69.99
1411,4737,43,1,179.99
1412,4737,44,2,119.99
1413,4737,45,2,199.99
1414,4738,42,2,99.99
1415,4738,41,1,59.99
1416,4738,43,1,179.99
1417,4739,39,1,179.99
1418,4739,42,1,99.99
1419,4739,40,2,59.99
1420,4739,41,1,59.99
1421,4740,37,2,199.99
1422,4741,35,1,29.99
1423,4742,33,1,99.99
1424,4742,34,1,69.99
1425,4743,31,1,24.99
1426,4743,30,1,149.99
1427,4744,28,1,99.99
1428,4744,29,1,89.99
1429,4745,27,1,119.99
1430,4745,26,1,39.99
1431,4746,24,2,79.99
1432,4746,27,1,119.99
1433,4747,22,1,149.99
1434,4747,23,1,299.99
1435,4747,24,2,79.99
1436,4748,21,1,249.99
1437,4748,20,1,249.99
1438,4748,22,2,149.99
1439,4749,17,1,699.99
1440,4749,18,1,449.99
1441,4749,19,1,899.99
1442,4749,21,1,249.99
1443,4750,15,1,549.99
1444,4751,13,1,999.99
1445,4752,11,1,299.99
1446,4752,12,1,499.99
1447,4753,9,1,699.99
1448,4753,11,1,299.99
1449,4754,6,1,179.99
1450,4754,7,1,329.99
1451,4755,4,1,649.99
1452,4755,5,1,2199.99
1453,4756,2,1,1299.99
1454,4756,4,1,649.99
1455,4757,1,2,899.99
1456,4757,2,1,1299.99
1457,4757,4,2,649.99
1458,4758,1,1,899.99
1459,4758,2,2,1299.99
1460,4758,4,1,649.99
1461,4759,1,1,899.99
1462,4759,2,1,1299.99
1463,4759,4,1,649.99
1464,4759,3,2,1799.99
1465,4760,1,1,899.99
1466,4761,50,2,49.99
1467,4762,49,1,19.99
1468,4762,48,2,59.99
1469,4763,46,3,49.99
1470,4763,47,1,69.99
1471,4764,44,1,119.99
1472,4764,45,2,199.99
1473,4765,42,2,99.99
1474,4765,41,1,59.99
1475,4766,39,1,179.99
1476,4766,42,1,99.99
1477,4767,37,1,199.99
1478,4767,38,2,79.99
1479,4767,39,1,179.99
1480,4768,35,1,29.99
1481,4768,37,1,199.99
1482,4768,36,2,39.99
1483,4769,33,1,99.99
1484,4769,34,1,69.99
1485,4769,35,2,29.99
1486,4769,37,2,199.99
1487,4770,31,1,24.99
1488,4771,28,1,99.99
1489,4772,27,1,119.99
1490,4772,26,1,39.99
1491,4773,24,2,79.99
1492,4773,27,1,119.99
1493,4774,22,2,149.99
1494,4774,23,1,299.99
1495,4775,21,1,249.99
1496,4775,20,1,249.99
1497,4776,17,1,699.99
1498,4776,18,1,449.99
1499,4777,15,1,549.99
1500,4777,16,1,349.99
1501,4777,17,1,699.99
1502,4778,13,1,999.99
1503,4778,14,1,1299.99
1504,4778,15,2,549.99
1505,4779,11,1,299.99
1506,4779,12,1,499.99
1507,4779,13,2,999.99
1508,4779,14,1,1299.99
1509,4780,9,1,699.99
1510,4781,7,1,329.99
1511,4782,4,1,649.99
1512,4782,5,1,2199.99
1513,4783,2,1,1299.99
1514,4783,4,1,649.99
1515,4784,1,2,899.99
1516,4784,2,1,1299.99
1517,4785,1,1,899.99
1518,4785,2,2,1299.99
1519,4786,1,1,899.99
1520,4786,2,1,1299.99
1521,4787,1,2,899.99
1522,4787,2,1,1299.99
1523,4787,4,2,649.99
1524,4788,50,1,49.99
1525,4788,1,1,899.99
1526,4788,2,2,1299.99
1527,4789,49,3,19.99
1528,4789,48,2,59.99
1529,4789,50,1,49.99
1530,4789,1,1,899.99
1531,4790,46,2,49.99
1532,4791,44,1,119.99
1533,4792,42,1,99.99
1534,4792,41,1,59.99
1535,4793,39,1,179.99
1536,4793,42,1,99.99
1537,4794,37,1,199.99
1538,4794,38,2,79.99
1539,4795,35,3,29.99
1540,4795,37,1,199.99
1541,4796,33,1,99.99
1542,4796,34,1,69.99
1543,4797,31,1,24.99
1544,4797,32,1,79.99
1545,4797,33,2,99.99
1546,4798,28,3,99.99
1547,4798,29,1,89.99
1548,4798,31,3,24.99
1549,4799,27,1,119.99
1550,4799,26,1,39.99
1551,4799,28,2,99.99
1552,4799,29,3,89.99
1553,4800,24,2,79.99
1554,4801,22,2,149.99
1555,4802,21,1,249.99
1556,4802,20,1,249.99
1557,4803,17,2,699.99
1558,4803,18,1,449.99
1559,4804,15,1,549.99
1560,4804,16,1,349.99
1561,4805,13,1,999.99
1562,4805,14,1,1299.99
1563,4806,11,1,299.99
1564,4806,12,1,499.99
1565,4807,9,1,699.99
1566,4807,11,2,299.99
1567,4807,10,1,129.99
1568,4808,7,1,329.99
1569,4808,8,1,599.99
1570,4808,9,2,699.99
1571,4809,4,1,649.99
1572,4809,5,1,2199.99
1573,4809,6,2,179.99
1574,4809,7,2,329.99
1575,4810,2,1,1299.99
1576,4811,1,1,899.99
1577,4812,1,1,899.99
1578,4812,2,1,1299.99
1579,4813,1,1,899.99
1580,4813,2,1,1299.99
1581,4814,1,2,899.99
1582,4814,2,1,1299.99
1583,4815,50,1,49.99
1584,4815,1,1,899.99
1585,4816,49,3,19.99
1586,4816,48,1,59.99
1587,4817,46,2,49.99
1588,4817,47,3,69.99
1589,4817,49,1,19.99
1590,4818,44,1,119.99
1591,4818,45,2,199.99
1592,4818,46,1,49.99
1593,4819,42,1,99.99
1594,4819,41,1,59.99
1595,4819,43,2,179.99
1596,4819,44,1,119.99
1597,4820,39,1,179.99
1598,4821,37,1,199.99
1599,4822,35,3,29.99
1600,4822,37,1,199.99
1601,4823,33,3,99.99
1602,4823,34,1,69.99
1603,4824,31,1,24.99
1604,4824,32,1,79.99
1605,4825,28,3,99.99
1606,4825,29,1,89.99
1607,4826,27,1,119.99
1608,4826,26,3,39.99
1609,4827,24,2,79.99
1610,4827,27,3,119.99
1611,4827,25,2,229.99
1612,4828,22,2,149.99
1613,4828,23,1,299.99
1614,4828,24,1,79.99
1615,4829,21,1,249.99
1616,4829,20,1,249.99
1617,4829,22,1,149.99
1618,4829,23,2,299.99
1619,4830,18,1,449.99
1620,4831,15,2,549.99
1621,4832,13,1,999.99
1622,4832,14,1,1299.99
1623,4833,11,1,299.99
1624,4833,12,1,499.99
1625,4834,9,1,699.99
1626,4834,11,2,299.99
1627,4835,7,1,329.99
1628,4835,8,1,599.99
1629,4836,4,1,649.99
1630,4836,5,1,2199.99
1631,4837,2,1,1299.99
1632,4837,4,2,649.99
1633,4837,3,1,1799.99
1634,4838,1,1,899.99
1635,4838,2,2,1299.99
1636,4838,4,1,649.99
1637,4839,1,1,899.99
1638,4839,2,1,1299.99
1639,4839,4,1,649.99
1640,4839,3,2,1799.99
1641,4840,1,1,899.99
1642,4841,1,1,899.99
1643,4842,50,1,49.99
1644,4842,1,1,899.99
1645,4843,49,2,19.99
1646,4843,48,1,59.99
1647,4844,46,1,49.99
1648,4844,47,3,69.99
1649,4845,44,1,119.99
1650,4845,45,1,199.99
1651,4846,42,1,99.99
1652,4846,43,2,179.99
1653,4847,39,1,179.99
1654,4847,42,1,99.99
1655,4847,40,1,59.99
1656,4848,37,1,199.99
1657,4848,38,1,79.99
1658,4848,39,2,179.99
1659,4849,35,2,29.99
1660,4849,37,2,199.99
1661,4849,36,2,39.99
1662,4849,38,1,79.99
1663,4850,33,3,99.99
1664,4851,31,3,24.99
1665,4852,28,2,99.99
1666,4852,29,1,89.99
1667,4853,27,1,119.99
1668,4853,26,3,39.99
1669,4854,24,1,79.99
1670,4854,27,3,119.99
1671,4855,22,2,149.99
1672,4855,23,2,299.99
1673,4856,21,1,249.99
1674,4856,20,2,249.99
1675,4857,18,1,449.99
1676,4857,19,1,899.99
1677,4857,21,2,249.99
1678,4858,15,2,549.99
1679,4858,16,1,349.99
1680,4858,17,1,699.99
1681,4859,13,2,999.99
1682,4859,14,1,1299.99
1683,4859,15,1,549.99
1684,4859,16,2,349.99
1685,4860,11,1,299.99
1686,4861,9,2,699.99
1687,4862,7,1,329.99
1688,4862,8,1,599.99
1689,4863,5,1,2199.99
1690,4863,6,1,179.99
1691,4864,2,1,1299.99
1692,4864,4,1,649.99
1693,4865,1,1,899.99
1694,4865,2,2,1299.99
1695,4866,1,1,899.99
1696,4866,2,1,1299.99
1697,4867,1,2,899.99
1698,4867,2,1,1299.99
1699,4867,4,2,649.99
1700,4868,1,1,899.99
1701,4868,2,2,1299.99
1702,4868,4,1,649.99
1703,4869,50,1,49.99
1704,4869,1,1,899.99
1705,4869,2,1,1299.99
1706,4869,4,1,649.99
1707,4870,49,2,19.99
1708,4871,46,1,49.99
1709,4872,44,1,119.99
1710,4872,45,1,199.99
1711,4873,42,1,99.99
1712,4873,43,1,179.99
1713,4874,39,1,179.99
1714,4874,42,2,99.99
1715,4875,37,1,199.99
1716,4875,38,1,79.99
1717,4876,35,2,29.99
1718,4876,37,2,199.99
1719,4877,33,2,99.99
1720,4877,34,1,69.99
1721,4877,35,1,29.99
1722,4878,31,3,24.99
1723,4878,32,1,79.99
1724,4878,33,1,99.99
1725,4879,29,3,89.99
1726,4879,31,1,24.99
1727,4879,30,1,149.99
1728,4879,32,3,79.99
1729,4880,27,1,119.99
1730,4881,24,1,79.99
1731,4882,22,1,149.99
1732,4882,23,2,299.99
1733,4883,21,2,249.99
1734,4883,20,2,249.99
1735,4884,18,2,449.99
1736,4884,19,1,899.99
1737,4885,15,1,549.99
1738,4885,16,1,349.99
1739,4886,13,2,999.99
1740,4886,14,1,1299.99
1741,4887,11,2,299.99
1742,4887,12,1,499.99
1743,4887,13,1,999.99
1744,4888,9,2,699.99
1745,4888,11,1,299.99
1746,4888,10,1,129.99
1747,4889,7,2,329.99
1748,4889,8,1,599.99
1749,4889,9,1,699.99
1750,4889,11,1,299.99
1751,4890,5,1,2199.99
1752,4891,2,1,1299.99
1753,4892,1,1,899.99
1754,4892,2,1,1299.99
1755,4893,1,1,899.99
1756,4893,2,1,1299.99
1757,4894,1,2,899.99
1758,4894,2,1,1299.99
1759,4895,1,1,899.99
1760,4895,2,2,1299.99
1761,4896,50,1,49.99
1762,4896,1,1,899.99
1763,4897,49,1,19.99
1764,4897,48,1,59.99
1765,4897,50,3,49.99
1766,4898,46,1,49.99
1767,4898,47,2,69.99
1768,4898,49,1,19.99
1769,4899,44,1,119.99
1770,4899,45,1,199.99
1771,4899,46,1,49.99
1772,4899,47,1,69.99
1773,4900,42,1,99.99
1774,4901,39,2,179.99
1775,4902,37,1,199.99
1776,4902,38,1,79.99
1777,4903,35,1,29.99
1778,4903,37,2,199.99
1779,4904,33,2,99.99
1780,4904,34,3,69.99
1781,4905,31,2,24.99
1782,4905,32,1,79.99
1783,4906,29,3,89.99
1784,4906,31,1,24.99
1785,4907,27,3,119.99
1786,4907,26,2,39.99
1787,4907,28,1,99.99
1788,4908,24,1,79.99
1789,4908,27,2,119.99
1790,4908,25,2,229.99
1791,4909,22,1,149.99
1792,4909,23,2,299.99
1793,4909,24,1,79.99
1794,4909,27,1,119.99
1795,4910,21,2,249.99
1796,4911,18,2,449.99
1797,4912,16,2,349.99
1798,4912,17,1,699.99
1799,4913,13,1,999.99
1800,4913,14,1,1299.99
1801,4914,11,2,299.99
1802,4914,12,1,499.99
1803,4915,9,2,699.99
1804,4915,11,1,299.99
1805,4916,7,2,329.99
1806,4916,8,1,599.99
1807,4917,5,1,2199.99
1808,4917,6,1,179.99
1809,4917,7,1,329.99
1810,4918,2,2,1299.99
1811,4918,4,1,649.99
1812,4918,3,1,1799.99
1813,4919,1,1,899.99
1814,4919,2,1,1299.99
1815,4919,4,1,649.99
1816,4919,3,2,1799.99
1817,4920,1,1,899.99
1818,4921,1,1,899.99
1819,4922,1,1,899.99
1820,4922,2,1,1299.99
1821,4923,50,1,49.99
1822,4923,1,1,899.99
1823,4924,49,1,19.99
1824,4924,48,1,59.99
1825,4925,46,1,49.99
1826,4925,47,1,69.99
1827,4926,44,2,119.99
1828,4926,45,1,199.99
1829,4927,42,1,99.99
1830,4927,43,1,179.99
1831,4927,44,2,119.99
1832,4928,42,2,99.99
1833,4928,40,1,59.99
1834,4928,41,1,59.99
1835,4929,37,2,199.99
1836,4929,38,1,79.99
1837,4929,39,1,179.99
1838,4929,42,1,99.99
1839,4930,35,1,29.99
1840,4931,33,1,99.99
1841,4932,31,2,24.99
1842,4932,32,3,79.99
1843,4933,29,2,89.99
1844,4933,31,1,24.99
1845,4934,27,3,119.99
1846,4934,26,1,39.99
1847,4935,24,1,79.99
1848,4935,27,1,119.99
1849,4936,22,1,149.99
1850,4936,23,2,299.99
1851,4937,21,2,249.99
1852,4937,20,1,249.99
1853,4937,22,1,149.99
1854,4938,18,1,449.99
1855,4938,19,1,899.99
1856,4938,21,1,249.99
1857,4939,16,2,349.99
1858,4939,17,1,699.99
1859,4939,18,1,449.99
1860,4939,19,1,899.99
1861,4940,13,1,999.99
1862,4941,11,1,299.99
1863,4942,9,2,699.99
1864,4942,11,1,299.99
1865,4943,7,2,329.99
1866,4943,8,1,599.99
1867,4944,5,1,2199.99
1868,4944,6,1,179.99
1869,4945,4,1,649.99
1870,4945,3,1,1799.99
1871,4946,1,1,899.99
1872,4946,2,1,1299.99
1873,4947,1,2,899.99
1874,4947,2,1,1299.99
1875,4947,4,2,649.99
1876,4948,1,1,899.99
1877,4948,2,2,1299.99
1878,4948,4,1,649.99
1879,4949,1,1,899.99
1880,4949,2,1,1299.99
1881,4949,4,1,649.99
1882,4949,3,2,1799.99
1883,4950,50,3,49.99
1884,4951,49,1,19.99
1885,4952,46,1,49.99
1886,4952,47,1,69.99
1887,4953,44,2,119.99
1888,4953,45,1,199.99
1889,4954,42,2,99.99
1890,4954,43,1,179.99
1891,4955,42,2,99.99
1892,4955,40,1,59.99
1893,4956,37,2,199.99
1894,4956,38,1,79.99
1895,4957,35,1,29.99
1896,4957,37,1,199.99
1897,4957,36,1,39.99
1898,4958,33,1,99.99
1899,4958,34,2,69.99
1900,4958,35,1,29.99
1901,4959,31,1,24.99
1902,4959,32,3,79.99
1903,4959,33,1,99.99
1904,4959,34,1,69.99
1905,4960,29,2,89.99
1906,4961,27,2,119.99
1907,4962,24,1,79.99
1908,4962,27,1,119.99
1909,4963,22,1,149.99
1910,4963,23,1,299.99
1911,4964,21,2,249.99
1912,4964,20,1,249.99
1913,4965,18,1,449.99
1914,4965,19,2,899.99
1915,4966,16,1,349.99
1916,4966,17,1,699.99
1917,4967,13,1,999.99
1918,4967,14,2,1299.99
1919,4967,15,1,549.99
1920,4968,11,1,299.99
1921,4968,12,2,499.99
1922,4968,13,1,999.99
1923,4969,9,1,699.99
1924,4969,11,1,299.99
1925,4969,10,2,129.99
1926,4969,12,1,499.99
1927,4970,7,2,329.99
1928,4971,5,2,2199.99
1929,4972,4,1,649.99
1930,4972,3,1,1799.99
1931,4973,1,1,899.99
1932,4973,2,1,1299.99
1933,4974,1,2,899.99
1934,4974,2,1,1299.99
1935,4975,1,1,899.99
1936,4975,2,2,1299.99
1937,4976,1,1,899.99
1938,4976,2,1,1299.99
1939,4977,1,2,899.99
1940,4977,2,1,1299.99
1941,4977,4,2,649.99
1942,4978,49,1,19.99
1943,4978,48,3,59.99
1944,4978,50,1,49.99
1945,4979,46,1,49.99
1946,4979,47,1,69.99
1947,4979,49,3,19.99
1948,4979,48,2,59.99
1949,4980,44,2,119.99
1950,4981,42,2,99.99
1951,4982,42,1,99.99
1952,4982,40,2,59.99
1953,4983,37,2,199.99
1954,4983,38,1,79.99
1955,4984,35,1,29.99
1956,4984,37,1,199.99
1957,4985,33,1,99.99
1958,4985,34,2,69.99
1959,4986,31,1,24.99
1960,4986,32,2,79.99
1961,4987,29,1,89.99
1962,4987,31,1,24.99
1963,4987,30,3,149.99
1964,4988,27,2,119.99
1965,4988,28,3,99.99
1966,4988,29,1,89.99
1967,4989,24,1,79.99
1968,4989,27,1,119.99
1969,4989,25,1,229.99
1970,4989,26,1,39.99
1971,4990,22,1,149.99
1972,4991,21,1,249.99
1973,4992,18,1,449.99
1974,4992,19,2,899.99
1975,4993,16,1,349.99
1976,4993,17,2,699.99
1977,4994,14,1,1299.99
1978,4994,15,1,549.99
1979,4995,11,1,299.99
1980,4995,12,2,499.99
1981,4996,9,1,699.99
1982,4996,11,1,299.99
1983,4997,7,1,329.99
1984,4997,8,2,599.99
1985,4997,9,1,699.99
1986,4998,5,2,2199.99
1987,4998,6,2,179.99
1988,4998,7,1,329.99
1989,4999,4,1,649.99
1990,4999,3,2,1799.99
1991,4999,5,1,2199.99
1992,4999,6,2,179.99
1993,5000,1,1,899.99
1994,5001,1,1,899.99
1995,5002,1,1,899.99
1996,5002,2,1,1299.99
1997,5003,1,1,899.99
1998,5003,2,1,1299.99
1999,5004,1,2,899.99
2000,5004,2,1,1299.99
2001,5005,49,1,19.99
2002,5005,48,3,59.99
2003,5006,46,3,49.99
2004,5006,47,1,69.99
2005,5007,44,2,119.99
2006,5007,45,2,199.99
2007,5007,46,2,49.99
2008,5008,42,2,99.99
2009,5008,43,1,179.99
2010,5008,44,1,119.99
2011,5009,42,1,99.99
2012,5009,40,2,59.99
2013,5009,41,1,59.99
2014,5009,43,2,179.99
2015,5010,38,2,79.99
2016,5011,35,1,29.99
2017,5012,33,1,99.99
2018,5012,34,1,69.99
2019,5013,31,1,24.99
2020,5013,32,2,79.99
2021,5014,29,1,89.99
2022,5014,31,1,24.99
2023,5015,27,1,119.99
2024,5015,28,3,99.99
2025,5016,24,2,79.99
2026,5016,27,1,119.99
2027,5017,22,1,149.99
2028,5017,23,1,299.99
2029,5017,24,2,79.99
2030,5018,21,1,249.99
2031,5018,20,1,249.99
2032,5018,22,2,149.99
2033,5019,18,1,449.99
2034,5019,19,1,899.99
2035,5019,21,1,249.99
2036,5019,20,1,249.99
2037,5020,16,1,349.99
2038,5021,14,1,1299.99
2039,5022,11,1,299.99
2040,5022,12,1,499.99
2041,5023,9,1,699.99
2042,5023,11,1,299.99
2043,5024,7,1,329.99
2044,5024,8,2,599.99
2045,5025,5,1,2199.99
2046,5025,6,2,179.99
2047,5026,4,1,649.99
2048,5026,3,2,1799.99
2049,5027,1,2,899.99
2050,5027,2,1,1299.99
2051,5027,4,2,649.99
2052,5028,1,1,899.99
2053,5028,2,2,1299.99
2054,5028,4,1,649.99
2055,5029,1,1,899.99
2056,5029,2,1,1299.99
2057,5029,4,1,649.99
2058,5029,3,2,1799.99
2059,5030,1,1,899.99
2060,5031,1,1,899.99
2061,5032,49,1,19.99
2062,5032,48,2,59.99
2063,5033,46,3,49.99
2064,5033,47,1,69.99
2065,5034,44,1,119.99
2066,5034,45,2,199.99
2067,5035,42,2,99.99
2068,5035,43,2,179.99
2069,5036,42,1,99.99
2070,5036,40,2,59.99
2071,5037,38,2,79.99
2072,5037,39,1,179.99
2073,5037,42,1,99.99
2074,5038,35,1,29.99
2075,5038,37,1,199.99
2076,5038,36,2,39.99
2077,5039,33,1,99.99
2078,5039,34,1,69.99
2079,5039,35,2,29.99
2080,5039,37,2,199.99
2081,5040,31,1,24.99
2082,5041,29,1,89.99
2083,5042,27,1,119.99
2084,5042,28,2,99.99
2085,5043,27,1,119.99
2086,5043,25,1,229.99
2087,5044,22,2,149.99
2088,5044,23,1,299.99
2089,5045,21,1,249.99
2090,5045,20,1,249.99
2091,5046,18,1,449.99
2092,5046,19,1,899.99
2093,5047,16,1,349.99
2094,5047,17,1,699.99
2095,5047,18,1,449.99
2096,5048,14,1,1299.99
2097,5048,15,2,549.99
2098,5048,16,1,349.99
2099,5049,11,1,299.99
2100,5049,12,1,499.99
2101,5049,13,2,999.99
2102,5049,14,1,1299.99
2103,5050,9,1,699.99
2104,5051,7,1,329.99
2105,5052,5,1,2199.99
2106,5052,6,2,179.99
2107,5053,4,1,649.99
2108,5053,3,1,1799.99
2109,5054,1,2,899.99
2110,5054,2,1,1299.99
2111,5055,1,1,899.99
2112,5055,2,2,1299.99
2113,5056,1,1,899.99
2114,5056,2,1,1299.99
2115,5057,1,2,899.99
2116,5057,2,1,1299.99
2117,5057,4,2,649.99
2118,5058,1,1,899.99
2119,5058,2,2,1299.99
2120,5058,4,1,649.99
2121,5059,49,3,19.99
2122,5059,50,1,49.99
2123,5059,1,1,899.99
2124,5059,2,1,1299.99
2125,5060,46,2,49.99
2126,5061,44,1,119.99
2127,5062,42,1,99.99
2128,5062,43,2,179.99
2129,5063,42,1,99.99
2130,5063,40,2,59.99
2131,5064,38,2,79.99
2132,5064,39,1,179.99
2133,5065,35,3,29.99
2134,5065,37,1,199.99
2135,5066,33,1,99.99
2136,5066,34,1,69.99
2137,5067,31,1,24.99
2138,5067,32,1,79.99
2139,5067,33,2,99.99
2140,5068,29,1,89.99
2141,5068,31,3,24.99
2142,5068,30,1,149.99
2143,5069,27,1,119.99
2144,5069,28,2,99.99
2145,5069,29,3,89.99
2146,5069,31,1,24.99
2147,5070,27,1,119.99
2148,5071,22,2,149.99
2149,5072,21,1,249.99
2150,5072,20,1,249.99
2151,5073,18,1,449.99
2152,5073,19,1,899.99
2153,5074,16,1,349.99
2154,5074,17,1,699.99
2155,5075,14,1,1299.99
2156,5075,15,1,549.99
2157,5076,12,1,499.99
2158,5076,13,2,999.99
2159,5077,9,1,699.99
2160,5077,11,2,299.99
2161,5077,10,1,129.99
2162,5078,7,1,329.99
2163,5078,8,1,599.99
2164,5078,9,2,699.99
2165,5079,5,1,2199.99
2166,5079,6,2,179.99
2167,5079,7,2,329.99
2168,5079,8,1,599.99
2169,5080,4,2,649.99
2170,5081,1,1,899.99
2171,5082,1,1,899.99
2172,5082,2,1,1299.99
2173,5083,1,1,899.99
2174,5083,2,1,1299.99
2175,5084,1,2,899.99
2176,5084,2,1,1299.99
2177,5085,1,1,899.99
2178,5085,2,2,1299.99
2179,5086,49,3,19.99
2180,5086,50,1,49.99
2181,5087,46,2,49.99
2182,5087,47,3,69.99
2183,5087,49,1,19.99
2184,5088,44,1,119.99
2185,5088,45,2,199.99
2186,5088,46,1,49.99
2187,5089,42,1,99.99
2188,5089,43,2,179.99
2189,5089,44,1,119.99
2190,5089,45,1,199.99
2191,5090,42,1,99.99
2192,5091,38,2,79.99
2193,5092,37,1,199.99
2194,5092,36,2,39.99
2195,5093,33,3,99.99
2196,5093,34,1,69.99
2197,5094,31,1,24.99
2198,5094,32,1,79.99
2199,5095,29,1,89.99
2200,5095,31,2,24.99
2201,5096,27,1,119.99
2202,5096,28,1,99.99
2203,5097,27,3,119.99
2204,5097,25,2,229.99
2205,5097,26,2,39.99
2206,5098,22,2,149.99
2207,5098,23,1,299.99
2208,5098,24,1,79.99
2209,5099,21,1,249.99
2210,5099,20,1,249.99
2211,5099,22,1,149.99
2212,5099,23,2,299.99
2213,5100,18,1,449.99
2214,5101,16,1,349.99
2215,5102,14,1,1299.99
2216,5102,15,1,549.99
2217,5103,12,1,499.99
2218,5103,13,1,999.99
2219,5104,9,1,699.99
2220,5104,11,2,299.99
2221,5105,7,1,329.99
2222,5105,8,1,599.99
2223,5106,5,1,2199.99
2224,5106,6,1,179.99
2225,5107,4,2,649.99
2226,5107,3,1,1799.99
2227,5107,5,1,2199.99
2228,5108,1,1,899.99
2229,5108,2,2,1299.99
2230,5108,4,1,649.99
2231,5109,1,1,899.99
2232,5109,2,1,1299.99
2233,5109,4,1,649.99
2234,5109,3,2,1799.99
2235,5110,1,1,899.99
2236,5111,1,1,899.99
2237,5112,1,1,899.99
2238,5112,2,1,1299.99
2239,5113,49,2,19.99
2240,5113,50,1,49.99
2241,5114,46,1,49.99
2242,5114,47,3,69.99
2243,5115,44,1,119.99
2244,5115,45,1,199.99
2245,5116,42,1,99.99
2246,5116,43,2,179.99
2247,5117,42,1,99.99
2248,5117,40,1,59.99
2249,5117,41,2,59.99
2250,5118,38,1,79.99
2251,5118,39,2,179.99
2252,5118,42,2,99.99
2253,5119,37,2,199.99
2254,5119,36,2,39.99
2255,5119,38,1,79.99
2256,5119,39,1,179.99
2257,5120,33,3,99.99
2258,5121,31,3,24.99
2259,5122,29,1,89.99
2260,5122,31,2,24.99
2261,5123,27,1,119.99
2262,5123,28,1,99.99
2263,5124,27,3,119.99
2264,5124,25,2,229.99
2265,5125,23,2,299.99
2266,5125,24,1,79.99
2267,5126,21,1,249.99
2268,5126,20,2,249.99
2269,5127,18,1,449.99
2270,5127,19,1,899.99
2271,5127,21,2,249.99
2272,5128,16,1,349.99
2273,5128,17,1,699.99
2274,5128,18,1,449.99
2275,5129,14,1,1299.99
2276,5129,15,1,549.99
2277,5129,16,2,349.99
2278,5129,17,1,699.99
2279,5130,12,1,499.99
2280,5131,9,2,699.99
2281,5132,7,1,329.99
2282,5132,8,1,599.99
2283,5133,5,1,2199.99
2284,5133,6,1,179.99
2285,5134,4,1,649.99
2286,5134,3,1,1799.99
2287,5135,1,1,899.99
2288,5135,2,2,1299.99
2289,5136,1,1,899.99
2290,5136,2,1,1299.99
2291,5137,1,2,899.99
2292,5137,2,1,1299.99
2293,5137,4,2,649.99
2294,5138,1,1,899.99
2295,5138,2,2,1299.99
2296,5138,4,1,649.99
2297,5139,1,1,899.99
2298,5139,2,1,1299.99
2299,5139,4,1,649.99
2300,5139,3,2,1799.99
2301,5140,49,2,19.99
2302,5141,47,2,69.99
2303,5142,44,1,119.99
2304,5142,45,1,199.99
2305,5143,42,1,99.99
2306,5143,43,1,179.99
2307,5144,42,2,99.99
2308,5144,40,1,59.99
2309,5145,38,1,79.99
2310,5145,39,2,179.99
2311,5146,37,2,199.99
2312,5146,36,1,39.99
2313,5147,33,2,99.99
2314,5147,34,1,69.99
2315,5147,35,1,29.99
2316,5148,31,3,24.99
2317,5148,32,1,79.99
2318,5148,33,1,99.99
2319,5149,29,3,89.99
2320,5149,31,1,24.99
2321,5149,30,1,149.99
2322,5149,32,3,79.99
2323,5150,27,1,119.99
2324,5151,27,2,119.99
2325,5152,23,2,299.99
2326,5152,24,1,79.99
2327,5153,21,2,249.99
2328,5153,20,2,249.99
2329,5154,18,2,449.99
2330,5154,19,1,899.99
2331,5155,16,1,349.99
2332,5155,17,1,699.99
2333,5156,14,1,1299.99
2334,5156,15,1,549.99
2335,5157,12,1,499.99
2336,5157,13,1,999.99
2337,5157,14,2,1299.99
2338,5158,11,1,299.99
2339,5158,10,1,129.99
2340,5158,12,2,499.99
2341,5159,7,2,329.99
2342,5159,8,1,599.99
2343,5159,9,1,699.99
2344,5159,11,1,299.99
2345,5160,5,1,2199.99
2346,5161,4,1,649.99
2347,5162,1,1,899.99
2348,5162,2,1,1299.99
2349,5163,1,1,899.99
2350,5163,2,1,1299.99
2351,5164,1,2,899.99
2352,5164,2,1,1299.99
2353,5165,1,1,899.99
2354,5165,2,2,1299.99
2355,5166,1,1,899.99
2356,5166,2,1,1299.99
2357,5167,49,1,19.99
2358,5167,50,3,49.99
2359,5167,1,2,899.99
2360,5168,47,2,69.99
2361,5168,49,1,19.99
2362,5168,48,3,59.99
2363,5169,44,1,119.99
2364,5169,45,1,199.99
2365,5169,46,1,49.99
2366,5169,47,1,69.99
2367,5170,42,1,99.99
2368,5171,42,2,99.99
2369,5172,38,1,79.99
2370,5172,39,2,179.99
2371,5173,37,2,199.99
2372,5173,36,1,39.99
2373,5174,34,3,69.99
2374,5174,35,1,29.99
2375,5175,31,2,24.99
2376,5175,32,1,79.99
2377,5176,29,3,89.99
2378,5176,31,1,24.99
2379,5177,27,3,119.99
2380,5177,28,1,99.99
2381,5177,29,1,89.99
2382,5178,27,2,119.99
2383,5178,25,2,229.99
2384,5178,26,1,39.99
2385,5179,23,2,299.99
2386,5179,24,1,79.99
2387,5179,27,1,119.99
2388,5179,25,1,229.99
2389,5180,21,2,249.99
2390,5181,18,2,449.99
2391,5182,16,2,349.99
2392,5182,17,1,699.99
2393,5183,14,1,1299.99
2394,5183,15,1,549.99
2395,5184,12,1,499.99
2396,5184,13,1,999.99
2397,5185,11,1,299.99
2398,5185,10,1,129.99
2399,5186,7,2,329.99
2400,5186,8,1,599.99
2401,5187,5,1,2199.99
2402,5187,6,1,179.99
2403,5187,7,1,329.99
2404,5188,4,1,649.99
2405,5188,3,1,1799.99
2406,5188,5,2,2199.99
2407,5189,1,1,899.99
2408,5189,2,1,1299.99
2409,5189,4,1,649.99
2410,5189,3,2,1799.99
2411,5190,1,1,899.99
2412,5191,1,1,899.99
2413,5192,1,1,899.99
2414,5192,2,1,1299.99
2415,5193,1,1,899.99
2416,5193,2,1,1299.99
2417,5194,49,1,19.99
2418,5194,50,2,49.99
2419,5195,47,1,69.99
2420,5195,49,1,19.99
2421,5196,44,2,119.99
2422,5196,45,1,199.99
2423,5197,42,1,99.99
2424,5197,43,1,179.99
2425,5197,44,2,119.99
2426,5198,42,2,99.99
2427,5198,40,1,59.99
2428,5198,41,1,59.99
2429,5199,38,1,79.99
2430,5199,39,1,179.99
2431,5199,42,1,99.99
2432,5199,40,2,59.99
2433,5200,37,2,199.99
2434,5201,34,3,69.99
2435,5202,31,2,24.99
2436,5202,32,3,79.99
2437,5203,29,2,89.99
2438,5203,31,1,24.99
2439,5204,27,3,119.99
2440,5204,28,1,99.99
2441,5205,27,1,119.99
2442,5205,25,1,229.99
2443,5206,23,2,299.99
2444,5206,24,2,79.99
2445,5207,21,2,249.99
2446,5207,22,1,149.99
2447,5207,23,1,299.99
2448,5208,18,1,449.99
2449,5208,19,1,899.99
2450,5208,21,1,249.99
2451,5209,16,2,349.99
2452,5209,17,1,699.99
2453,5209,18,1,449.99
2454,5209,19,1,899.99
2455,5210,14,2,1299.99
2456,5211,12,1,499.99
2457,5212,11,1,299.99
2458,5212,10,2,129.99
2459,5213,7,2,329.99
2460,5213,8,1,599.99
2461,5214,5,1,2199.99
2462,5214,6,1,179.99
2463,5215,4,1,649.99
2464,5215,3,1,1799.99
2465,5216,1,1,899.99
2466,5216,2,1,1299.99
2467,5217,1,2,899.99
2468,5217,2,1,1299.99
2469,5217,4,2,649.99
2470,5218,1,1,899.99
2471,5218,2,2,1299.99
2472,5218,4,1,649.99
2473,5219,1,1,899.99
2474,5219,2,1,1299.99
2475,5219,4,1,649.99
2476,5219,3,2,1799.99
2477,5220,1,1,899.99
2478,5221,49,1,19.99
2479,5222,47,1,69.99
2480,5222,49,1,19.99
2481,5223,45,1,199.99
2482,5223,46,3,49.99
2483,5224,42,2,99.99
2484,5224,43,1,179.99
2485,5225,42,2,99.99
2486,5225,40,1,59.99
2487,5226,38,1,79.99
2488,5226,39,1,179.99
2489,5227,37,1,199.99
2490,5227,36,1,39.99
2491,5227,38,2,79.99
2492,5228,34,2,69.99
2493,5228,35,1,29.99
2494,5228,37,1,199.99
2495,5229,31,1,24.99
2496,5229,32,3,79.99
2497,5229,33,1,99.99
2498,5229,34,1,69.99
2499,5230,29,2,89.99
2500,5231,27,2,119.99
2501,5232,27,1,119.99
2502,5232,25,1,229.99
2503,5233,23,1,299.99
2504,5233,24,2,79.99
2505,5234,21,2,249.99
2506,5234,22,2,149.99
2507,5235,18,1,449.99
2508,5235,19,2,899.99
2509,5236,16,1,349.99
2510,5236,17,1,699.99
2511,5237,14,2,1299.99
2512,5237,15,1,549.99
2513,5237,16,1,349.99
2514,5238,12,2,499.99
2515,5238,13,1,999.99
2516,5238,14,1,1299.99
2517,5239,11,1,299.99
2518,5239,10,2,129.99
2519,5239,12,1,499.99
2520,5239,13,2,999.99
2521,5240,8,2,599.99
2522,5241,5,2,2199.99
2523,5242,4,1,649.99
2524,5242,3,1,1799.99
2525,5243,1,1,899.99
2526,5243,2,1,1299.99
2527,5244,1,2,899.99
2528,5244,2,1,1299.99
2529,5245,1,1,899.99
2530,5245,2,2,1299.99
2531,5246,1,1,899.99
2532,5246,2,1,1299.99
2533,5247,1,2,899.99
2534,5247,2,1,1299.99
2535,5247,4,2,649.99
2536,5248,49,1,19.99
2537,5248,50,1,49.99
2538,5248,1,1,899.99
2539,5249,47,1,69.99
2540,5249,49,3,19.99
2541,5249,48,2,59.99
2542,5249,50,1,49.99
2543,5250,45,1,199.99
2544,5251,42,2,99.99
2545,5252,42,1,99.99
2546,5252,40,2,59.99
2547,5253,38,1,79.99
2548,5253,39,1,179.99
2549,5254,37,1,199.99
2550,5254,36,1,39.99
2551,5255,34,2,69.99
2552,5255,35,3,29.99
2553,5256,32,2,79.99
2554,5256,33,1,99.99
2555,5257,29,1,89.99
2556,5257,31,1,24.99
2557,5257,30,3,149.99
2558,5258,27,2,119.99
2559,5258,28,3,99.99
2560,5258,29,1,89.99
2561,5259,27,1,119.99
2562,5259,25,1,229.99
2563,5259,26,1,39.99
2564,5259,28,2,99.99
2565,5260,23,1,299.99
2566,5261,21,1,249.99
2567,5262,18,1,449.99
2568,5262,19,2,899.99
2569,5263,16,1,349.99
2570,5263,17,2,699.99
2571,5264,14,1,1299.99
2572,5264,15,1,549.99
2573,5265,12,2,499.99
2574,5265,13,1,999.99
2575,5266,11,1,299.99
2576,5266,10,2,129.99
2577,5267,8,2,599.99
2578,5267,9,1,699.99
2579,5267,11,2,299.99
2580,5268,5,2,2199.99
2581,5268,6,2,179.99
2582,5268,7,1,329.99
2583,5269,4,1,649.99
2584,5269,3,2,1799.99
2585,5269,5,1,2199.99
2586,5269,6,2,179.99
2587,5270,1,1,899.99
2588,5271,1,1,899.99
2589,5272,1,1,899.99
2590,5272,2,1,1299.99
2591,5273,1,1,899.99
2592,5273,2,1,1299.99
2593,5274,1,2,899.99
2594,5274,2,1,1299.99
2595,5275,49,1,19.99
2596,5275,50,1,49.99
2597,5276,47,1,69.99
2598,5276,49,3,19.99
2599,5277,45,2,199.99
2600,5277,46,2,49.99
2601,5277,47,3,69.99
2602,5278,42,2,99.99
2603,5278,43,1,179.99
2604,5278,44,1,119.99
2605,5279,42,1,99.99
2606,5279,40,2,59.99
2607,5279,41,1,59.99
2608,5279,43,2,179.99
2609,5280,38,2,79.99
2610,5281,37,1,199.99
2611,5282,34,1,69.99
2612,5282,35,3,29.99
2613,5283,32,2,79.99
2614,5283,33,3,99.99
2615,5284,29,1,89.99
2616,5284,31,1,24.99
2617,5285,27,1,119.99
2618,5285,28,3,99.99
2619,5286,27,1,119.99
2620,5286,25,1,229.99
2621,5287,23,1,299.99
2622,5287,24,2,79.99
2623,5287,27,3,119.99
2624,5288,21,1,249.99
2625,5288,22,2,149.99
2626,5288,23,1,299.99
2627,5289,19,1,899.99
2628,5289,21,1,249.99
2629,5289,20,1,249.99
2630,5289,22,1,149.99
2631,5290,16,1,349.99
2632,5291,14,1,1299.99
2633,5292,12,1,499.99
2634,5292,13,1,999.99
2635,5293,11,1,299.99
2636,5293,10,2,129.99
2637,5294,8,2,599.99
2638,5294,9,1,699.99
2639,5295,5,1,2199.99
2640,5295,6,2,179.99
2641,5296,4,1,649.99
2642,5296,3,2,1799.99
2643,5297,1,2,899.99
2644,5297,2,1,1299.99
2645,5297,4,2,649.99
2646,5298,1,1,899.99
2647,5298,2,2,1299.99
2648,5298,4,1,649.99
2649,5299,1,1,899.99
2650,5299,2,1,1299.99
2651,5299,4,1,649.99
2652,5299,3,2,1799.99
2653,5300,1,1,899.99
2654,5301,1,1,899.99
2655,5302,49,1,19.99
2656,5302,50,1,49.99
2657,5303,47,1,69.99
2658,5303,49,2,19.99
2659,5304,45,2,199.99
2660,5304,46,1,49.99
2661,5305,43,2,179.99
2662,5305,44,1,119.99
2663,5306,42,1,99.99
2664,5306,40,2,59.99
2665,5307,38,2,79.99
2666,5307,39,1,179.99
2667,5307,42,1,99.99
2668,5308,37,1,199.99
2669,5308,36,2,39.99
2670,5308,38,1,79.99
2671,5309,34,1,69.99
2672,5309,35,2,29.99
2673,5309,37,2,199.99
2674,5309,36,2,39.99
2675,5310,32,1,79.99
2676,5311,29,1,89.99
2677,5312,27,1,119.99
2678,5312,28,2,99.99
2679,5313,27,1,119.99
2680,5313,25,1,229.99
2681,5314,23,1,299.99
2682,5314,24,1,79.99
2683,5315,21,1,249.99
2684,5315,22,2,149.99
2685,5316,19,1,899.99
2686,5316,21,1,249.99
2687,5317,16,1,349.99
2688,5317,17,1,699.99
2689,5317,18,1,449.99
2690,5318,14,1,1299.99
2691,5318,15,2,549.99
2692,5318,16,1,349.99
2693,5319,12,1,499.99
2694,5319,13,2,999.99
2695,5319,14,1,1299.99
2696,5319,15,1,549.99
2697,5320,11,1,299.99
2698,5321,8,2,599.99
2699,5322,6,2,179.99
2700,5322,7,1,329.99
2701,5323,4,1,649.99
2702,5323,3,1,1799.99
2703,5324,1,2,899.99
2704,5324,2,1,1299.99
2705,5325,1,1,899.99
2706,5325,2,2,1299.99
2707,5326,1,1,899.99
2708,5326,2,1,1299.99
2709,5327,1,2,899.99
2710,5327,2,1,1299.99
2711,5327,4,2,649.99
2712,5328,1,1,899.99
2713,5328,2,2,1299.99
2714,5328,4,1,649.99
2715,5329,49,3,19.99
2716,5329,50,1,49.99
2717,5329,1,1,899.99
2718,5329,2,1,1299.99
2719,5330,47,1,69.99
2720,5331,45,2,199.99
2721,5332,43,2,179.99
2722,5332,44,1,119.99
2723,5333,42,1,99.99
2724,5333,40,2,59.99
2725,5334,38,2,79.99
2726,5334,39,1,179.99
2727,5335,37,1,199.99
2728,5335,36,2,39.99
2729,5336,34,1,69.99
2730,5336,35,2,29.99
2731,5337,32,1,79.99
2732,5337,33,2,99.99
2733,5337,34,1,69.99
2734,5338,31,3,24.99
2735,5338,30,1,149.99
2736,5338,32,1,79.99
2737,5339,27,1,119.99
2738,5339,28,2,99.99
2739,5339,29,3,89.99
2740,5339,31,1,24.99
2741,5340,27,1,119.99
2742,5341,23,1,299.99
2743,5342,21,1,249.99
2744,5342,22,1,149.99
2745,5343,19,1,899.99
2746,5343,21,2,249.99
2747,5344,16,1,349.99
2748,5344,17,1,699.99
2749,5345,14,1,1299.99
2750,5345,15,1,549.99
2751,5346,12,1,499.99
2752,5346,13,2,999.99
2753,5347,11,2,299.99
2754,5347,10,1,129.99
2755,5347,12,1,499.99
2756,5348,8,1,599.99
2757,5348,9,2,699.99
2758,5348,11,1,299.99
2759,5349,6,2,179.99
2760,5349,7,2,329.99
2761,5349,8,1,599.99
2762,5349,9,1,699.99
2763,5350,4,2,649.99
2764,5351,1,1,899.99
2765,5352,1,1,899.99
2766,5352,2,1,1299.99
2767,5353,1,1,899.99
2768,5353,2,1,1299.99
2769,5354,1,2,899.99
2770,5354,2,1,1299.99
2771,5355,1,1,899.99
2772,5355,2,2,1299.99
2773,5356,49,3,19.99
2774,5356,50,1,49.99
2775,5357,47,3,69.99
2776,5357,49,1,19.99
2777,5357,48,1,59.99
2778,5358,45,2,199.99
2779,5358,46,1,49.99
2780,5358,47,2,69.99
2781,5359,43,2,179.99
2782,5359,44,1,119.99
2783,5359,45,1,199.99
2784,5359,46,1,49.99
2785,5360,42,1,99.99
2786,5361,38,2,79.99
2787,5362,37,1,199.99
2788,5362,36,2,39.99
2789,5363,34,1,69.99
2790,5363,35,1,29.99
2791,5364,32,1,79.99
2792,5364,33,2,99.99
2793,5365,31,2,24.99
2794,5365,30,1,149.99
2795,5366,27,1,119.99
2796,5366,28,1,99.99
2797,5367,27,3,119.99
2798,5367,25,2,229.99
2799,5367,26,2,39.99
2800,5368,23,1,299.99
2801,5368,24,1,79.99
2802,5368,27,2,119.99
2803,5369,21,1,249.99
2804,5369,22,1,149.99
2805,5369,23,2,299.99
2806,5369,24,1,79.99
2807,5370,19,1,899.99
2808,5371,17,1,699.99
2809,5372,14,1,1299.99
2810,5372,15,1,549.99
2811,5373,12,1,499.99
2812,5373,13,1,999.99
2813,5374,11,2,299.99
2814,5374,10,1,129.99
2815,5375,8,1,599.99
2816,5375,9,2,699.99
2817,5376,6,1,179.99
2818,5376,7,2,329.99
2819,5377,4,2,649.99
2820,5377,3,1,1799.99
2821,5377,5,1,2199.99
2822,5378,1,1,899.99
2823,5378,2,2,1299.99
2824,5378,4,1,649.99
2825,5379,1,1,899.99
2826,5379,2,1,1299.99
2827,5379,4,1,649.99
2828,5379,3,2,1799.99
2829,5380,1,1,899.99
2830,5381,1,1,899.99
2831,5382,1,1,899.99
2832,5382,2,1,1299.99
2833,5383,49,2,19.99
2834,5383,50,1,49.99
2835,5384,47,3,69.99
2836,5384,49,1,19.99
2837,5385,45,1,199.99
2838,5385,46,1,49.99
2839,5386,43,2,179.99
2840,5386,44,2,119.99
2841,5387,42,1,99.99
2842,5387,41,2,59.99
2843,5387,43,1,179.99
2844,5388,38,1,79.99
2845,5388,39,2,179.99
2846,5388,42,2,99.99
2847,5389,37,2,199.99
2848,5389,36,2,39.99
2849,5389,38,1,79.99
2850,5389,39,1,179.99
2851,5390,34,1,69.99
2852,5391,32,1,79.99
2853,5392,31,2,24.99
2854,5392,30,1,149.99
2855,5393,27,1,119.99
2856,5393,28,1,99.99
2857,5394,27,3,119.99
2858,5394,25,2,229.99
2859,5395,23,2,299.99
2860,5395,24,1,79.99
2861,5396,21,1,249.99
2862,5396,22,1,149.99
2863,5397,19,1,899.99
2864,5397,21,2,249.99
2865,5397,20,1,249.99
2866,5398,17,1,699.99
2867,5398,18,1,449.99
2868,5398,19,1,899.99
2869,5399,14,1,1299.99
2870,5399,15,1,549.99
2871,5399,16,2,349.99
2872,5399,17,1,699.99
2873,5400,12,1,499.99
2874,5401,11,1,299.99
2875,5402,8,1,599.99
2876,5402,9,2,699.99
2877,5403,6,1,179.99
2878,5403,7,2,329.99
2879,5404,4,1,649.99
2880,5404,5,1,2199.99
2881,5405,1,1,899.99
2882,5405,2,2,1299.99
2883,5406,1,1,899.99
2884,5406,2,1,1299.99
2885,5407,1,2,899.99
2886,5407,2,1,1299.99
2887,5407,4,2,649.99
2888,5408,1,1,899.99
2889,5408,2,2,1299.99
2890,5408,4,1,649.99
2891,5409,1,1,899.99
2892,5409,2,1,1299.99
2893,5409,4,1,649.99
2894,5409,3,2,1799.99
2895,5410,49,2,19.99
2896,5411,47,2,69.99
2897,5412,45,1,199.99
2898,5412,46,1,49.99
2899,5413,43,1,179.99
2900,5413,44,2,119.99
2901,5414,42,2,99.99
2902,5414,41,2,59.99
2903,5415,38,1,79.99
2904,5415,39,2,179.99
2905,5416,37,2,199.99
2906,5416,36,1,39.99
2907,5417,34,1,69.99
2908,5417,35,1,29.99
2909,5417,37,1,199.99
2910,5418,32,1,79.99
2911,5418,33,1,99.99
2912,5418,34,2,69.99
2913,5419,31,1,24.99
2914,5419,30,1,149.99
2915,5419,32,3,79.99
2916,5419,33,1,99.99
2917,5420,28,1,99.99
2918,5421,27,2,119.99
2919,5422,23,2,299.99
2920,5422,24,1,79.99
2921,5423,21,2,249.99
2922,5423,22,1,149.99
2923,5424,19,1,899.99
2924,5424,21,2,249.99
2925,5425,17,1,699.99
2926,5425,18,1,449.99
2927,5426,14,1,1299.99
2928,5426,15,1,549.99
2929,5427,12,1,499.99
2930,5427,13,1,999.99
2931,5427,14,2,1299.99
2932,5428,11,1,299.99
2933,5428,10,1,129.99
2934,5428,12,2,499.99
2935,5429,8,1,599.99
2936,5429,9,1,699.99
2937,5429,11,1,299.99
2938,5429,10,2,129.99
2939,5430,6,1,179.99
2940,5431,4,1,649.99
2941,5432,1,1,899.99
2942,5432,2,1,1299.99
2943,5433,1,1,899.99
2944,5433,2,1,1299.99
2945,5434,1,2,899.99
2946,5434,2,1,1299.99
2947,5435,1,1,899.99
2948,5435,2,2,1299.99
2949,5436,1,1,899.99
2950,5436,2,1,1299.99
2951,5437,49,1,19.99
2952,5437,50,3,49.99
2953,5437,1,2,899.99
2954,5438,47,2,69.99
2955,5438,49,1,19.99
2956,5438,48,3,59.99
2957,5439,45,1,199.99
2958,5439,46,1,49.99
2959,5439,47,1,69.99
2960,5439,49,3,19.99
2961,5440,43,1,179.99
2962,5441,42,2,99.99
2963,5442,38,1,79.99
2964,5442,39,2,179.99
2965,5443,37,2,199.99
2966,5443,36,1,39.99
2967,5444,34,3,69.99
2968,5444,35,1,29.99
2969,5445,32,1,79.99
2970,5445,33,1,99.99
2971,5446,31,1,24.99
2972,5446,30,1,149.99
2973,5447,28,1,99.99
2974,5447,29,1,89.99
2975,5447,31,1,24.99
2976,5448,27,2,119.99
2977,5448,25,2,229.99
2978,5448,26,1,39.99
2979,5449,23,2,299.99
2980,5449,24,1,79.99
2981,5449,27,1,119.99
2982,5449,25,1,229.99
2983,5450,21,2,249.99
2984,5451,19,1,899.99
2985,5452,17,1,699.99
2986,5452,18,1,449.99
2987,5453,15,1,549.99
2988,5453,16,1,349.99
2989,5454,12,1,499.99
2990,5454,13,1,999.99
2991,5455,11,1,299.99
2992,5455,10,1,129.99
2993,5456,8,1,599.99
2994,5456,9,1,699.99
2995,5457,6,1,179.99
2996,5457,7,1,329.99
2997,5457,8,2,599.99
2998,5458,4,1,649.99
2999,5458,5,2,2199.99
3000,5458,6,2,179.99
3001,5459,1,1,899.99
3002,5459,2,1,1299.99
3003,5459,4,1,649.99
3004,5459,3,2,1799.99
3005,5460,1,1,899.99
3006,5461,1,1,899.99
3007,5462,1,1,899.99
3008,5462,2,1,1299.99
3009,5463,1,1,899.99
3010,5463,2,1,1299.99
3011,5464,49,1,19.99
3012,5464,50,2,49.99
3013,5465,47,1,69.99
3014,5465,49,1,19.99
3015,5466,45,1,199.99
3016,5466,46,3,49.99
3017,5467,43,1,179.99
3018,5467,44,2,119.99
3019,5467,45,2,199.99
3020,5468,42,2,99.99
3021,5468,41,1,59.99
3022,5468,43,1,179.99
3023,5469,39,1,179.99
3024,5469,42,1,99.99
3025,5469,40,2,59.99
3026,5469,41,1,59.99
3027,5470,37,2,199.99
3028,5471,34,3,69.99
3029,5472,32,3,79.99
3030,5472,33,1,99.99
3031,5473,31,1,24.99
3032,5473,30,1,149.99
3033,5474,28,1,99.99
3034,5474,29,1,89.99
3035,5475,27,1,119.99
3036,5475,25,1,229.99
3037,5476,23,2,299.99
3038,5476,24,2,79.99
3039,5477,21,2,249.99
3040,5477,22,1,149.99
3041,5477,23,1,299.99
3042,5478,19,1,899.99
3043,5478,21,1,249.99
3044,5478,20,1,249.99
3045,5479,17,1,699.99
3046,5479,18,1,449.99
3047,5479,19,1,899.99
3048,5479,21,1,249.99
3049,5480,15,1,549.99
3050,5481,12,1,499.99
3051,5482,11,1,299.99
3052,5482,10,2,129.99
3053,5483,8,1,599.99
3054,5483,9,1,699.99
3055,5484,6,1,179.99
3056,5484,7,1,329.99
3057,5485,4,1,649.99
3058,5485,5,1,2199.99
3059,5486,2,1,1299.99
3060,5486,4,1,649.99
3061,5487,1,2,899.99
3062,5487,2,1,1299.99
3063,5487,4,2,649.99
3064,5488,1,1,899.99
3065,5488,2,2,1299.99
3066,5488,4,1,649.99
3067,5489,1,1,899.99
3068,5489,2,1,1299.99
3069,5489,4,1,649.99
3070,5489,3,2,1799.99
3071,5490,1,1,899.99
3072,5491,49,1,19.99
3073,5492,47,1,69.99
3074,5492,49,1,19.99
3075,5493,45,1,199.99
3076,5493,46,3,49.99
3077,5494,43,1,179.99
3078,5494,44,1,119.99
3079,5495,42,2,99.99
3080,5495,41,1,59.99
3081,5496,39,1,179.99
3082,5496,42,1,99.99
3083,5497,37,1,199.99
3084,5497,36,1,39.99
3085,5497,38,2,79.99
3086,5498,34,2,69.99
3087,5498,35,1,29.99
3088,5498,37,1,199.99
3089,5499,32,3,79.99
3090,5499,33,1,99.99
3091,5499,34,1,69.99
3092,5499,35,2,29.99
3093,5500,31,1,24.99
3094,5501,28,1,99.99
3095,5502,27,1,119.99
3096,5502,26,1,39.99
3097,5503,23,1,299.99
3098,5503,24,2,79.99
3099,5504,21,2,249.99
3100,5504,22,2,149.99
3101,5505,19,2,899.99
3102,5505,21,1,249.99
3103,5506,17,1,699.99
3104,5506,18,1,449.99
3105,5507,15,1,549.99
3106,5507,16,1,349.99
3107,5507,17,1,699.99
3108,5508,12,2,499.99
3109,5508,13,1,999.99
3110,5508,14,1,1299.99
3111,5509,11,1,299.99
3112,5509,10,2,129.99
3113,5509,12,1,499.99
3114,5509,13,2,999.99
3115,5510,8,2,599.99
3116,5511,6,1,179.99
3117,5512,4,1,649.99
3118,5512,5,1,2199.99
3119,5513,2,1,1299.99
3120,5513,4,1,649.99
3121,5514,1,2,899.99
3122,5514,2,1,1299.99
3123,5515,1,1,899.99
3124,5515,2,2,1299.99
3125,5516,1,1,899.99
3126,5516,2,1,1299.99
3127,5517,1,2,899.99
3128,5517,2,1,1299.99
3129,5517,4,2,649.99
3130,5518,50,1,49.99
3131,5518,1,1,899.99
3132,5518,2,2,1299.99
3133,5519,47,1,69.99
3134,5519,49,3,19.99
3135,5519,48,2,59.99
3136,5519,50,1,49.99
3137,5520,45,1,199.99
3138,5521,43,1,179.99
3139,5522,42,1,99.99
3140,5522,41,1,59.99
3141,5523,39,1,179.99
3142,5523,42,1,99.99
3143,5524,37,1,199.99
3144,5524,36,1,39.99
3145,5525,34,2,69.99
3146,5525,35,3,29.99
3147,5526,32,2,79.99
3148,5526,33,1,99.99
3149,5527,31,1,24.99
3150,5527,30,3,149.99
3151,5527,32,1,79.99
3152,5528,28,3,99.99
3153,5528,29,1,89.99
3154,5528,31,3,24.99
3155,5529,27,1,119.99
3156,5529,26,1,39.99
3157,5529,28,2,99.99
3158,5529,29,3,89.99
3159,5530,23,1,299.99
3160,5531,21,1,249.99
3161,5532,19,2,899.99
3162,5532,21,1,249.99
3163,5533,17,2,699.99
3164,5533,18,1,449.99
3165,5534,15,1,549.99
3166,5534,16,1,349.99
3167,5535,13,1,999.99
3168,5535,14,1,1299.99
3169,5536,11,1,299.99
3170,5536,10,2,129.99
3171,5537,8,2,599.99
3172,5537,9,1,699.99
3173,5537,11,2,299.99
3174,5538,6,2,179.99
3175,5538,7,1,329.99
3176,5538,8,1,599.99
3177,5539,4,1,649.99
3178,5539,5,1,2199.99
3179,5539,6,2,179.99
3180,5539,7,2,329.99
3181,5540,2,1,1299.99
3182,5541,1,1,899.99
3183,5542,1,1,899.99
3184,5542,2,1,1299.99
3185,5543,1,1,899.99
3186,5543,2,1,1299.99
3187,5544,1,2,899.99
3188,5544,2,1,1299.99
3189,5545,50,1,49.99
3190,5545,1,1,899.99
3191,5546,47,1,69.99
3192,5546,49,3,19.99
3193,5547,45,2,199.99
3194,5547,46,2,49.99
3195,5547,47,3,69.99
3196,5548,43,1,179.99
3197,5548,44,1,119.99
3198,5548,45,2,199.99
3199,5549,42,1,99.99
3200,5549,41,1,59.99
3201,5549,43,2,179.99
3202,5549,44,1,119.99
3203,5550,39,1,179.99
3204,5551,37,1,199.99
3205,5552,34,1,69.99
3206,5552,35,3,29.99
3207,5553,32,2,79.99
3208,5553,33,3,99.99
3209,5554,31,1,24.99
3210,5554,30,2,149.99
3211,5555,28,3,99.99
3212,5555,29,1,89.99
3213,5556,27,1,119.99
3214,5556,26,3,39.99
3215,5557,23,1,299.99
3216,5557,24,2,79.99
3217,5557,27,3,119.99
3218,5558,21,1,249.99
3219,5558,22,2,149.99
3220,5558,23,1,299.99
3221,5559,19,1,899.99
3222,5559,21,1,249.99
3223,5559,20,1,249.99
3224,5559,22,1,149.99
3225,5560,17,2,699.99
3226,5561,15,2,549.99
3227,5562,13,1,999.99
3228,5562,14,1,1299.99
3229,5563,11,1,299.99
3230,5563,10,2,129.99
3231,5564,8,2,599.99
3232,5564,9,1,699.99
3233,5565,6,2,179.99
3234,5565,7,1,329.99
3235,5566,4,1,649.99
3236,5566,5,1,2199.99
3237,5567,2,1,1299.99
3238,5567,4,2,649.99
3239,5567,3,1,1799.99
3240,5568,1,1,899.99
3241,5568,2,2,1299.99
3242,5568,4,1,649.99
3243,5569,1,1,899.99
3244,5569,2,1,1299.99
3245,5569,4,1,649.99
3246,5569,3,2,1799.99
3247,5570,1,1,899.99
3248,5571,1,1,899.99
3249,5572,50,1,49.99
3250,5572,1,1,899.99
3251,5573,47,1,69.99
3252,5573,49,2,19.99
3253,5574,45,2,199.99
3254,5574,46,1,49.99
3255,5575,43,2,179.99
3256,5575,44,1,119.99
3257,5576,42,1,99.99
3258,5576,41,1,59.99
3259,5577,39,1,179.99
3260,5577,42,1,99.99
3261,5577,40,1,59.99
3262,5578,37,1,199.99
3263,5578,38,1,79.99
3264,5578,39,2,179.99
3265,5579,34,1,69.99
3266,5579,35,2,29.99
3267,5579,37,2,199.99
3268,5579,36,2,39.99
3269,5580,32,1,79.99
3270,5581,31,3,24.99
3271,5582,28,2,99.99
3272,5582,29,1,89.99
3273,5583,27,1,119.99
3274,5583,26,3,39.99
3275,5584,24,1,79.99
3276,5584,27,3,119.99
3277,5585,21,1,249.99
3278,5585,22,2,149.99
3279,5586,19,1,899.99
3280,5586,21,1,249.99
3281,5587,17,1,699.99
3282,5587,18,1,449.99
3283,5587,19,1,899.99
3284,5588,15,2,549.99
3285,5588,16,1,349.99
3286,5588,17,1,699.99
3287,5589,13,2,999.99
3288,5589,14,1,1299.99
3289,5589,15,1,549.99
3290,5589,16,2,349.99
3291,5590,11,1,299.99
3292,5591,8,2,599.99
3293,5592,6,2,179.99
3294,5592,7,1,329.99
3295,5593,4,1,649.99
3296,5593,5,1,2199.99
3297,5594,2,1,1299.99
3298,5594,4,1,649.99
3299,5595,1,1,899.99
3300,5595,2,2,1299.99
3301,5596,1,1,899.99
3302,5596,2,1,1299.99
3303,5597,1,2,899.99
3304,5597,2,1,1299.99
3305,5597,4,2,649.99
3306,5598,1,1,899.99
3307,5598,2,2,1299.99
3308,5598,4,1,649.99
3309,5599,50,1,49.99
3310,5599,1,1,899.99
3311,5599,2,1,1299.99
3312,5599,4,1,649.99
3313,5600,49,2,19.99
3314,5601,45,2,199.99
3315,5602,43,2,179.99
3316,5602,44,1,119.99
3317,5603,42,1,99.99
3318,5603,41,2,59.99
3319,5604,39,1,179.99
3320,5604,42,2,99.99
3321,5605,37,1,199.99
3322,5605,38,1,79.99
3323,5606,34,1,69.99
3324,5606,35,2,29.99
3325,5607,32,1,79.99
3326,5607,33,2,99.99
3327,5607,34,1,69.99
3328,5608,31,3,24.99
3329,5608,30,1,149.99
3330,5608,32,1,79.99
3331,5609,28,2,99.99
3332,5609,29,3,89.99
3333,5609,31,1,24.99
3334,5609,30,1,149.99
3335,5610,27,1,119.99
3336,5611,24,1,79.99
3337,5612,21,1,249.99
3338,5612,22,1,149.99
3339,5613,19,1,899.99
3340,5613,21,2,249.99
3341,5614,17,1,699.99
3342,5614,18,2,449.99
3343,5615,15,1,549.99
3344,5615,16,1,349.99
3345,5616,13,2,999.99
3346,5616,14,1,1299.99
3347,5617,11,2,299.99
3348,5617,12,1,499.99
3349,5617,13,1,999.99
3350,5618,8,1,599.99
3351,5618,9,2,699.99
3352,5618,11,1,299.99
3353,5619,6,2,179.99
3354,5619,7,2,329.99
3355,5619,8,1,599.99
3356,5619,9,1,699.99
3357,5620,4,2,649.99
3358,5621,2,1,1299.99
3359,5622,1,1,899.99
3360,5622,2,1,1299.99
3361,5623,1,1,899.99
3362,5623,2,1,1299.99
3363,5624,1,2,899.99
3364,5624,2,1,1299.99
3365,5625,1,1,899.99
3366,5625,2,2,1299.99
3367,5626,50,1,49.99
3368,5626,1,1,899.99
3369,5627,49,1,19.99
3370,5627,48,1,59.99
3371,5627,50,3,49.99
3372,5628,45,2,199.99
3373,5628,46,1,49.99
3374,5628,47,2,69.99
3375,5629,43,2,179.99
3376,5629,44,1,119.99
3377,5629,45,1,199.99
3378,5629,46,1,49.99
3379,5630,42,1,99.99
3380,5631,39,2,179.99
3381,5632,37,1,199.99
3382,5632,38,1,79.99
3383,5633,35,1,29.99
3384,5633,37,2,199.99
3385,5634,32,1,79.99
3386,5634,33,2,99.99
3387,5635,31,2,24.99
3388,5635,30,1,149.99
3389,5636,28,1,99.99
3390,5636,29,3,89.99
3391,5637,27,3,119.99
3392,5637,26,2,39.99
3393,5637,28,1,99.99
3394,5638,24,1,79.99
3395,5638,27,2,119.99
3396,5638,25,2,229.99
3397,5639,21,1,249.99
3398,5639,22,1,149.99
3399,5639,23,2,299.99
3400,5639,24,1,79.99
3401,5640,19,1,899.99
3402,5641,17,1,699.99
3403,5642,15,1,549.99
3404,5642,16,2,349.99
3405,5643,13,1,999.99
3406,5643,14,1,1299.99
3407,5644,11,2,299.99
3408,5644,12,1,499.99
3409,5645,8,1,599.99
3410,5645,9,2,699.99
3411,5646,6,1,179.99
3412,5646,7,2,329.99
3413,5647,4,2,649.99
3414,5647,5,1,2199.99
3415,5647,6,1,179.99
3416,5648,2,2,1299.99
3417,5648,4,1,649.99
3418,5648,3,1,1799.99
3419,5649,1,1,899.99
3420,5649,2,1,1299.99
3421,5649,4,1,649.99
3422,5649,3,2,1799.99
3423,5650,1,1,899.99
3424,5651,1,1,899.99
3425,5652,1,1,899.99
3426,5652,2,1,1299.99
3427,5653,50,1,49.99
3428,5653,1,1,899.99
3429,5654,49,1,19.99
3430,5654,48,1,59.99
3431,5655,45,1,199.99
3432,5655,46,1,49.99
3433,5656,43,2,179.99
3434,5656,44,2,119.99
3435,5657,42,1,99.99
3436,5657,41,2,59.99
3437,5657,43,1,179.99
3438,5658,39,2,179.99
3439,5658,42,2,99.99
3440,5658,40,1,59.99
3441,5659,37,2,199.99
3442,5659,38,1,79.99
3443,5659,39,1,179.99
3444,5659,42,1,99.99
3445,5660,35,1,29.99
3446,5661,32,1,79.99
3447,5662,31,2,24.99
3448,5662,30,1,149.99
3449,5663,28,1,99.99
3450,5663,29,2,89.99
3451,5664,27,3,119.99
3452,5664,26,1,39.99
3453,5665,24,1,79.99
3454,5665,27,1,119.99
3455,5666,22,1,149.99
3456,5666,23,2,299.99
3457,5667,19,1,899.99
3458,5667,21,2,249.99
3459,5667,20,1,249.99
3460,5668,17,1,699.99
3461,5668,18,1,449.99
3462,5668,19,1,899.99
3463,5669,15,1,549.99
3464,5669,16,2,349.99
3465,5669,17,1,699.99
3466,5669,18,1,449.99
3467,5670,13,1,999.99
3468,5671,11,1,299.99
3469,5672,8,1,599.99
3470,5672,9,2,699.99
3471,5673,6,1,179.99
3472,5673,7,2,329.99
3473,5674,4,1,649.99
3474,5674,5,1,2199.99
3475,5675,2,2,1299.99
3476,5675,4,1,649.99
3477,5676,1,1,899.99
3478,5676,2,1,1299.99
3479,5677,1,2,899.99
3480,5677,2,1,1299.99
3481,5677,4,2,649.99
3482,5678,1,1,899.99
3483,5678,2,2,1299.99
3484,5678,4,1,649.99
3485,5679,1,1,899.99
3486,5679,2,1,1299.99
3487,5679,4,1,649.99
3488,5679,3,2,1799.99
3489,5680,50,3,49.99
3490,5681,49,1,19.99
3491,5682,46,1,49.99
3492,5682,47,1,69.99
3493,5683,43,1,179.99
3494,5683,44,2,119.99
3495,5684,42,2,99.99
3496,5684,41,2,59.99
3497,5685,39,2,179.99
3498,5685,42,2,99.99
3499,5686,37,2,199.99
3500,5686,38,1,79.99
3501,5687,35,1,29.99
3502,5687,37,1,199.99
3503,5687,36,1,39.99
3504,5688,32,1,79.99
3505,5688,33,1,99.99
3506,5688,34,2,69.99
3507,5689,31,1,24.99
3508,5689,30,1,149.99
3509,5689,32,3,79.99
3510,5689,33,1,99.99
3511,5690,28,1,99.99
3512,5691,27,2,119.99
3513,5692,24,1,79.99
3514,5692,27,1,119.99
3515,5693,22,1,149.99
3516,5693,23,1,299.99
3517,5694,19,1,899.99
3518,5694,21,2,249.99
3519,5695,17,1,699.99
3520,5695,18,1,449.99
3521,5696,15,1,549.99
3522,5696,16,1,349.99
3523,5697,13,1,999.99
3524,5697,14,2,1299.99
3525,5697,15,1,549.99
3526,5698,11,1,299.99
3527,5698,12,2,499.99
3528,5698,13,1,999.99
3529,5699,9,1,699.99
3530,5699,11,1,299.99
3531,5699,10,2,129.99
3532,5699,12,1,499.99
3533,5700,6,1,179.99
3534,5701,4,1,649.99
3535,5702,2,1,1299.99
3536,5702,4,1,649.99
3537,5703,1,1,899.99
3538,5703,2,1,1299.99
3539,5704,1,2,899.99
3540,5704,2,1,1299.99
3541,5705,1,1,899.99
3542,5705,2,2,1299.99
3543,5706,1,1,899.99
3544,5706,2,1,1299.99
3545,5707,50,3,49.99
3546,5707,1,2,899.99
3547,5707,2,1,1299.99
3548,5708,49,1,19.99
3549,5708,48,3,59.99
3550,5708,50,1,49.99
3551,5709,46,1,49.99
3552,5709,47,1,69.99
3553,5709,49,3,19.99
3554,5709,48,2,59.99
3555,5710,43,1,179.99
3556,5711,42,2,99.99
3557,5712,39,2,179.99
3558,5712,42,1,99.99
3559,5713,37,2,199.99
3560,5713,38,1,79.99
3561,5714,35,1,29.99
3562,5714,37,1,199.99
3563,5715,33,1,99.99
3564,5715,34,2,69.99
3565,5716,31,1,24.99
3566,5716,30,1,149.99
3567,5717,28,1,99.99
3568,5717,29,1,89.99
3569,5717,31,1,24.99
3570,5718,27,2,119.99
3571,5718,26,1,39.99
3572,5718,28,3,99.99
3573,5719,24,1,79.99
3574,5719,27,1,119.99
3575,5719,25,1,229.99
3576,5719,26,1,39.99
3577,5720,22,1,149.99
3578,5721,19,1,899.99
3579,5722,17,1,699.99
3580,5722,18,1,449.99
3581,5723,15,1,549.99
3582,5723,16,1,349.99
3583,5724,13,1,999.99
3584,5724,14,1,1299.99
3585,5725,11,1,299.99
3586,5725,12,2,499.99
3587,5726,9,1,699.99
3588,5726,11,1,299.99
3589,5727,6,1,179.99
3590,5727,7,1,329.99
3591,5727,8,2,599.99
3592,5728,4,1,649.99
3593,5728,5,2,2199.99
3594,5728,6,2,179.99
3595,5729,2,1,1299.99
3596,5729,4,1,649.99
3597,5729,3,2,1799.99
3598,5729,5,1,2199.99
3599,5730,1,1,899.99
3600,5731,1,1,899.99
3601,5732,1,1,899.99
3602,5732,2,1,1299.99
3603,5733,1,1,899.99
3604,5733,2,1,1299.99
3605,5734,50,2,49.99
3606,5734,1,2,899.99
3607,5735,49,1,19.99
3608,5735,48,3,59.99
3609,5736,46,3,49.99
3610,5736,47,1,69.99
3611,5737,43,1,179.99
3612,5737,44,2,119.99
3613,5737,45,2,199.99
3614,5738,42,2,99.99
3615,5738,41,1,59.99
3616,5738,43,1,179.99
3617,5739,39,1,179.99
3618,5739,42,1,99.99
3619,5739,40,2,59.99
3620,5739,41,1,59.99
3621,5740,37,2,199.99
3622,5741,35,1,29.99
3623,5742,33,1,99.99
3624,5742,34,1,69.99
3625,5743,31,1,24.99
3626,5743,30,1,149.99
3627,5744,28,1,99.99
3628,5744,29,1,89.99
3629,5745,27,1,119.99
3630,5745,26,1,39.99
3631,5746,24,2,79.99
3632,5746,27,1,119.99
3633,5747,22,1,149.99
3634,5747,23,1,299.99
3635,5747,24,2,79.99
3636,5748,21,1,249.99
3637,5748,20,1,249.99
3638,5748,22,2,149.99
3639,5749,17,1,699.99
3640,5749,18,1,449.99
3641,5749,19,1,899.99
3642,5749,21,1,249.99
3643,5750,15,1,549.99
3644,5751,13,1,999.99
3645,5752,11,1,299.99
3646,5752,12,1,499.99
3647,5753,9,1,699.99
3648,5753,11,1,299.99
3649,5754,6,1,179.99
3650,5754,7,1,329.99
3651,5755,4,1,649.99
3652,5755,5,1,2199.99
3653,5756,2,1,1299.99
3654,5756,4,1,649.99
3655,5757,1,2,899.99
3656,5757,2,1,1299.99
3657,5757,4,2,649.99
3658,5758,1,1,899.99
3659,5758,2,2,1299.99
3660,5758,4,1,649.99
3661,5759,1,1,899.99
3662,5759,2,1,1299.99
3663,5759,4,1,649.99
3664,5759,3,2,1799.99
3665,5760,1,1,899.99
3666,5761,50,2,49.99
3667,5762,49,1,19.99
3668,5762,48,2,59.99
3669,5763,46,3,49.99
3670,5763,47,1,69.99
3671,5764,44,1,119.99
3672,5764,45,2,199.99
3673,5765,42,2,99.99
3674,5765,41,1,59.99
3675,5766,39,1,179.99
3676,5766,42,1,99.99
3677,5767,37,1,199.99
3678,5767,38,2,79.99
3679,5767,39,1,179.99
3680,5768,35,1,29.99
3681,5768,37,1,199.99
3682,5768,36,2,39.99
3683,5769,33,1,99.99
3684,5769,34,1,69.99
3685,5769,35,2,29.99
3686,5769,37,2,199.99
3687,5770,31,1,24.99
3688,5771,28,1,99.99
3689,5772,27,1,119.99
3690,5772,26,1,39.99
3691,5773,24,2,79.99
3692,5773,27,1,119.99
3693,5774,22,2,149.99
3694,5774,23,1,299.99
3695,5775,21,1,249.99
3696,5775,20,1,249.99
3697,5776,17,1,699.99
3698,5776,18,1,449.99
3699,5777,15,1,549.99
3700,5777,16,1,349.99
3701,5777,17,1,699.99
3702,5778,13,1,999.99
3703,5778,14,1,1299.99
3704,5778,15,2,549.99
3705,5779,11,1,299.99
3706,5779,12,1,499.99
3707,5779,13,2,999.99
3708,5779,14,1,1299.99
3709,5780,9,1,699.99
3710,5781,7,1,329.99
3711,5782,4,1,649.99
3712,5782,5,1,2199.99
3713,5783,2,1,1299.99
3714,5783,4,1,649.99
3715,5784,1,2,899.99
3716,5784,2,1,1299.99
3717,5785,1,1,899.99
3718,5785,2,2,1299.99
3719,5786,1,1,899.99
3720,5786,2,1,1299.99
3721,5787,1,2,899.99
3722,5787,2,1,1299.99
3723,5787,4,2,649.99
3724,5788,50,1,49.99
3725,5788,1,1,899.99
3726,5788,2,2,1299.99
3727,5789,49,3,19.99
3728,5789,48,2,59.99
3729,5789,50,1,49.99
3730,5789,1,1,899.99
3731,5790,46,2,49.99
3732,5791,44,1,119.99
3733,5792,42,1,99.99
3734,5792,41,1,59.99
3735,5793,39,1,179.99
3736,5793,42,1,99.99
3737,5794,37,1,199.99
3738,5794,38,2,79.99
3739,5795,35,3,29.99
3740,5795,37,1,199.99
3741,5796,33,1,99.99
3742,5796,34,1,69.99
3743,5797,31,1,24.99
3744,5797,32,1,79.99
3745,5797,33,2,99.99
3746,5798,28,3,99.99
3747,5798,29,1,89.99
3748,5798,31,3,24.99
3749,5799,27,1,119.99
3750,5799,26,1,39.99
3751,5799,28,2,99.99
3752,5799,29,3,89.99
3753,5800,24,2,79.99
3754,5801,22,2,149.99
3755,5802,21,1,249.99
3756,5802,20,1,249.99
3757,5803,17,2,699.99
3758,5803,18,1,449.99
3759,5804,15,1,549.99
3760,5804,16,1,349.99
3761,5805,13,1,999.99
3762,5805,14,1,1299.99
3763,5806,11,1,299.99
3764,5806,12,1,499.99
3765,5807,9,1,699.99
3766,5807,11,2,299.99
3767,5807,10,1,129.99
3768,5808,7,1,329.99
3769,5808,8,1,599.99
3770,5808,9,2,699.99
3771,5809,4,1,649.99
3772,5809,5,1,2199.99
3773,5809,6,2,179.99
3774,5809,7,2,329.99
3775,5810,2,1,1299.99
3776,5811,1,1,899.99
3777,5812,1,1,899.99
3778,5812,2,1,1299.99
3779,5813,1,1,899.99
3780,5813,2,1,1299.99
3781,5814,1,2,899.99
3782,5814,2,1,1299.99
3783,5815,50,1,49.99
3784,5815,1,1,899.99
3785,5816,49,3,19.99
3786,5816,48,1,59.99
3787,5817,46,2,49.99
3788,5817,47,3,69.99
3789,5817,49,1,19.99
3790,5818,44,1,119.99
3791,5818,45,2,199.99
3792,5818,46,1,49.99
3793,5819,42,1,99.99
3794,5819,41,1,59.99
3795,5819,43,2,179.99
3796,5819,44,1,119.99
3797,5820,39,1,179.99
3798,5821,37,1,199.99
3799,5822,35,3,29.99
3800,5822,37,1,199.99
3801,5823,33,3,99.99
3802,5823,34,1,69.99
3803,5824,31,1,24.99
3804,5824,32,1,79.99
3805,5825,28,3,99.99
3806,5825,29,1,89.99
3807,5826,27,1,119.99
3808,5826,26,3,39.99
3809,5827,24,2,79.99
3810,5827,27,3,119.99
3811,5827,25,2,229.99
3812,5828,22,2,149.99
3813,5828,23,1,299.99
3814,5828,24,1,79.99
3815,5829,21,1,249.99
3816,5829,20,1,249.99
3817,5829,22,1,149.99
3818,5829,23,2,299.99
3819,5830,18,1,449.99
3820,5831,15,2,549.99
3821,5832,13,1,999.99
3822,5832,14,1,1299.99
3823,5833,11,1,299.99
3824,5833,12,1,499.99
3825,5834,9,1,699.99
3826,5834,11,2,299.99
3827,5835,7,1,329.99
3828,5835,8,1,599.99
3829,5836,4,1,649.99
3830,5836,5,1,2199.99
3831,5837,2,1,1299.99
3832,5837,4,2,649.99
3833,5837,3,1,1799.99
3834,5838,1,1,899.99
3835,5838,2,2,1299.99
3836,5838,4,1,649.99
3837,5839,1,1,899.99
3838,5839,2,1,1299.99
3839,5839,4,1,649.99
3840,5839,3,2,1799.99
3841,5840,1,1,899.99
3842,5841,1,1,899.99
3843,5842,50,1,49.99
3844,5842,1,1,899.99
3845,5843,49,2,19.99
3846,5843,48,1,59.99
3847,5844,46,1,49.99
3848,5844,47,3,69.99
3849,5845,44,1,119.99
3850,5845,45,1,199.99
3851,5846,42,1,99.99
3852,5846,43,2,179.99
3853,5847,39,1,179.99
3854,5847,42,1,99.99
3855,5847,40,1,59.99
3856,5848,37,1,199.99
3857,5848,38,1,79.99
3858,5848,39,2,179.99
3859,5849,35,2,29.99
3860,5849,37,2,199.99
3861,5849,36,2,39.99
3862,5849,38,1,79.99
3863,5850,33,3,99.99
3864,5851,31,3,24.99
3865,5852,28,2,99.99
3866,5852,29,1,89.99
3867,5853,27,1,119.99
3868,5853,26,3,39.99
3869,5854,24,1,79.99
3870,5854,27,3,119.99
3871,5855,22,2,149.99
3872,5855,23,2,299.99
3873,5856,21,1,249.99
3874,5856,20,2,249.99
3875,5857,18,1,449.99
3876,5857,19,1,899.99
3877,5857,21,2,249.99
3878,5858,15,2,549.99
3879,5858,16,1,349.99
3880,5858,17,1,699.99
3881,5859,13,2,999.99
3882,5859,14,1,1299.99
3883,5859,15,1,549.99
3884,5859,16,2,349.99
3885,5860,11,1,299.99
3886,5861,9,2,699.99
3887,5862,7,1,329.99
3888,5862,8,1,599.99
3889,5863,5,1,2199.99
3890,5863,6,1,179.99
3891,5864,2,1,1299.99
3892,5864,4,1,649.99
3893,5865,1,1,899.99
3894,5865,2,2,1299.99
3895,5866,1,1,899.99
3896,5866,2,1,1299.99
3897,5867,1,2,899.99
3898,5867,2,1,1299.99
3899,5867,4,2,649.99
3900,5868,1,1,899.99
3901,5868,2,2,1299.99
3902,5868,4,1,649.99
3903,5869,50,1,49.99
3904,5869,1,1,899.99
3905,5869,2,1,1299.99
3906,5869,4,1,649.99
3907,5870,49,2,19.99
3908,5871,46,1,49.99
3909,5872,44,1,119.99
3910,5872,45,1,199.99
3911,5873,42,1,99.99
3912,5873,43,1,179.99
3913,5874,39,1,179.99
3914,5874,42,2,99.99
3915,5875,37,1,199.99
3916,5875,38,1,79.99
3917,5876,35,2,29.99
3918,5876,37,2,199.99
3919,5877,33,2,99.99
3920,5877,34,1,69.99
3921,5877,35,1,29.99
3922,5878,31,3,24.99
3923,5878,32,1,79.99
3924,5878,33,1,99.99
3925,5879,29,3,89.99
3926,5879,31,1,24.99
3927,5879,30,1,149.99
3928,5879,32,3,79.99
3929,5880,27,1,119.99
3930,5881,24,1,79.99
3931,5882,22,1,149.99
3932,5882,23,2,299.99
3933,5883,21,2,249.99
3934,5883,20,2,249.99
3935,5884,18,2,449.99
3936,5884,19,1,899.99
3937,5885,15,1,549.99
3938,5885,16,1,349.99
3939,5886,13,2,999.99
3940,5886,14,1,1299.99
3941,5887,11,2,299.99
3942,5887,12,1,499.99
3943,5887,13,1,999.99
3944,5888,9,2,699.99
3945,5888,11,1,299.99
3946,5888,10,1,129.99
3947,5889,7,2,329.99
3948,5889,8,1,599.99
3949,5889,9,1,699.99
3950,5889,11,1,299.99
3951,5890,5,1,2199.99
3952,5891,2,1,1299.99
3953,5892,1,1,899.99
3954,5892,2,1,1299.99
3955,5893,1,1,899.99
3956,5893,2,1,1299.99
3957,5894,1,2,899.99
3958,5894,2,1,1299.99
3959,5895,1,1,899.99
3960,5895,2,2,1299.99
3961,5896,50,1,49.99
3962,5896,1,1,899.99
3963,5897,49,1,19.99
3964,5897,48,1,59.99
3965,5897,50,3,49.99
3966,5898,46,1,49.99
3967,5898,47,2,69.99
3968,5898,49,1,19.99
3969,5899,44,1,119.99
3970,5899,45,1,199.99
3971,5899,46,1,49.99
3972,5899,47,1,69.99
3973,5900,42,1,99.99
3974,5901,39,2,179.99
3975,5902,37,1,199.99
3976,5902,38,1,79.99
3977,5903,35,1,29.99
3978,5903,37,2,199.99
3979,5904,33,2,99.99
3980,5904,34,3,69.99
3981,5905,31,2,24.99
3982,5905,32,1,79.99
3983,5906,29,3,89.99
3984,5906,31,1,24.99
3985,5907,27,3,119.99
3986,5907,26,2,39.99
3987,5907,28,1,99.99
3988,5908,24,1,79.99
3989,5908,27,2,119.99
3990,5908,25,2,229.99
3991,5909,22,1,149.99
3992,5909,23,2,299.99
3993,5909,24,1,79.99
3994,5909,27,1,119.99
3995,5910,21,2,249.99
3996,5911,18,2,449.99
3997,5912,16,2,349.99
3998,5912,17,1,699.99
3999,5913,13,1,999.99
4000,5913,14,1,1299.99
4001,5914,11,2,299.99
4002,5914,12,1,499.99
4003,5915,9,2,699.99
4004,5915,11,1,299.99
4005,5916,7,2,329.99
4006,5916,8,1,599.99
4007,5917,5,1,2199.99
4008,5917,6,1,179.99
4009,5917,7,1,329.99
4010,5918,2,2,1299.99
4011,5918,4,1,649.99
4012,5918,3,1,1799.99
4013,5919,1,1,899.99
4014,5919,2,1,1299.99
4015,5919,4,1,649.99
4016,5919,3,2,1799.99
4017,5920,1,1,899.99
4018,5921,1,1,899.99
4019,5922,1,1,899.99
4020,5922,2,1,1299.99
4021,5923,50,1,49.99
4022,5923,1,1,899.99
4023,5924,49,1,19.99
4024,5924,48,1,59.99
4025,5925,46,1,49.99
4026,5925,47,1,69.99
4027,5926,44,2,119.99
4028,5926,45,1,199.99
4029,5927,42,1,99.99
4030,5927,43,1,179.99
4031,5927,44,2,119.99
4032,5928,42,2,99.99
4033,5928,40,1,59.99
4034,5928,41,1,59.99
4035,5929,37,2,199.99
4036,5929,38,1,79.99
4037,5929,39,1,179.99
4038,5929,42,1,99.99
4039,5930,35,1,29.99
4040,5931,33,1,99.99
4041,5932,31,2,24.99
4042,5932,32,3,79.99
4043,5933,29,2,89.99
4044,5933,31,1,24.99
4045,5934,27,3,119.99
4046,5934,26,1,39.99
4047,5935,24,1,79.99
4048,5935,27,1,119.99
4049,5936,22,1,149.99
4050,5936,23,2,299.99
4051,5937,21,2,249.99
4052,5937,20,1,249.99
4053,5937,22,1,149.99
4054,5938,18,1,449.99
4055,5938,19,1,899.99
4056,5938,21,1,249.99
4057,5939,16,2,349.99
4058,5939,17,1,699.99
4059,5939,18,1,449.99
4060,5939,19,1,899.99
4061,5940,13,1,999.99
4062,5941,11,1,299.99
4063,5942,9,2,699.99
4064,5942,11,1,299.99
4065,5943,7,2,329.99
4066,5943,8,1,599.99
4067,5944,5,1,2199.99
4068,5944,6,1,179.99
4069,5945,4,1,649.99
4070,5945,3,1,1799.99
4071,5946,1,1,899.99
4072,5946,2,1,1299.99
4073,5947,1,2,899.99
4074,5947,2,1,1299.99
4075,5947,4,2,649.99
4076,5948,1,1,899.99
4077,5948,2,2,1299.99
4078,5948,4,1,649.99
4079,5949,1,1,899.99
4080,5949,2,1,1299.99
4081,5949,4,1,649.99
4082,5949,3,2,1799.99
4083,5950,50,3,49.99
4084,5951,49,1,19.99
4085,5952,46,1,49.99
4086,5952,47,1,69.99
4087,5953,44,2,119.99
4088,5953,45,1,199.99
4089,5954,42,2,99.99
4090,5954,43,1,179.99
4091,5955,42,2,99.99
4092,5955,40,1,59.99
4093,5956,37,2,199.99
4094,5956,38,1,79.99
4095,5957,35,1,29.99
4096,5957,37,1,199.99
4097,5957,36,1,39.99
4098,5958,33,1,99.99
4099,5958,34,2,69.99
4100,5958,35,1,29.99
4101,5959,31,1,24.99
4102,5959,32,3,79.99
4103,5959,33,1,99.99
4104,5959,34,1,69.99
4105,5960,29,2,89.99
4106,5961,27,2,119.99
4107,5962,24,1,79.99
4108,5962,27,1,119.99
4109,5963,22,1,149.99
4110,5963,23,1,299.99
4111,5964,21,2,249.99
4112,5964,20,1,249.99
4113,5965,18,1,449.99
4114,5965,19,2,899.99
4115,5966,16,1,349.99
4116,5966,17,1,699.99
4117,5967,13,1,999.99
4118,5967,14,2,1299.99
4119,5967,15,1,549.99
4120,5968,11,1,299.99
4121,5968,12,2,499.99
4122,5968,13,1,999.99
4123,5969,9,1,699.99
4124,5969,11,1,299.99
4125,5969,10,2,129.99
4126,5969,12,1,499.99
4127,5970,7,2,329.99
4128,5971,5,2,2199.99
4129,5972,4,1,649.99
4130,5972,3,1,1799.99
4131,5973,1,1,899.99
4132,5973,2,1,1299.99
4133,5974,1,2,899.99
4134,5974,2,1,1299.99
4135,5975,1,1,899.99
4136,5975,2,2,1299.99
4137,5976,1,1,899.99
4138,5976,2,1,1299.99
4139,5977,1,2,899.99
4140,5977,2,1,1299.99
4141,5977,4,2,649.99
4142,5978,49,1,19.99
4143,5978,48,3,59.99
4144,5978,50,1,49.99
4145,5979,46,1,49.99
4146,5979,47,1,69.99
4147,5979,49,3,19.99
4148,5979,48,2,59.99
4149,5980,44,2,119.99
4150,5981,42,2,99.99
4151,5982,42,1,99.99
4152,5982,40,2,59.99
4153,5983,37,2,199.99
4154,5983,38,1,79.99
4155,5984,35,1,29.99
4156,5984,37,1,199.99
4157,5985,33,1,99.99
4158,5985,34,2,69.99
4159,5986,31,1,24.99
4160,5986,32,2,79.99
4161,5987,29,1,89.99
4162,5987,31,1,24.99
4163,5987,30,3,149.99
4164,5988,27,2,119.99
4165,5988,28,3,99.99
4166,5988,29,1,89.99
4167,5989,24,1,79.99
4168,5989,27,1,119.99
4169,5989,25,1,229.99
4170,5989,26,1,39.99
4171,5990,22,1,149.99
4172,5991,21,1,249.99
4173,5992,18,1,449.99
4174,5992,19,2,899.99
4175,5993,16,1,349.99
4176,5993,17,2,699.99
4177,5994,14,1,1299.99
4178,5994,15,1,549.99
4179,5995,11,1,299.99
4180,5995,12,2,499.99
4181,5996,9,1,699.99
4182,5996,11,1,299.99
4183,5997,7,1,329.99
4184,5997,8,2,599.99
4185,5997,9,1,699.99
4186,5998,5,2,2199.99
4187,5998,6,2,179.99
4188,5998,7,1,329.99
4189,5999,4,1,649.99
4190,5999,3,2,1799.99
4191,5999,5,1,2199.99
4192,5999,6,2,179.99
4193,6000,1,1,899.99
4194,6001,1,1,899.99
4195,6002,1,1,899.99
4196,6002,2,1,1299.99
4197,6003,1,1,899.99
4198,6003,2,1,1299.99
4199,6004,1,2,899.99
4200,6004,2,1,1299.99
4201,6005,49,1,19.99
4202,6005,48,3,59.99
4203,6006,46,3,49.99
4204,6006,47,1,69.99
4205,6007,44,2,119.99
4206,6007,45,2,199.99
4207,6007,46,2,49.99
4208,6008,42,2,99.99
4209,6008,43,1,179.99
4210,6008,44,1,119.99
4211,6009,42,1,99.99
4212,6009,40,2,59.99
4213,6009,41,1,59.99
4214,6009,43,2,179.99
4215,6010,38,2,79.99
4216,6011,35,1,29.99
4217,6012,33,1,99.99
4218,6012,34,1,69.99
4219,6013,31,1,24.99
4220,6013,32,2,79.99
4221,6014,29,1,89.99
4222,6014,31,1,24.99
4223,6015,27,1,119.99
4224,6015,28,3,99.99
4225,6016,24,2,79.99
4226,6016,27,1,119.99
4227,6017,22,1,149.99
4228,6017,23,1,299.99
4229,6017,24,2,79.99
4230,6018,21,1,249.99
4231,6018,20,1,249.99
4232,6018,22,2,149.99
4233,6019,18,1,449.99
4234,6019,19,1,899.99
4235,6019,21,1,249.99
4236,6019,20,1,249.99
4237,6020,16,1,349.99
4238,6021,14,1,1299.99
4239,6022,11,1,299.99
4240,6022,12,1,499.99
4241,6023,9,1,699.99
4242,6023,11,1,299.99
4243,6024,7,1,329.99
4244,6024,8,2,599.99
4245,6025,5,1,2199.99
4246,6025,6,2,179.99
4247,6026,4,1,649.99
4248,6026,3,2,1799.99
4249,6027,1,2,899.99
4250,6027,2,1,1299.99
4251,6027,4,2,649.99
4252,6028,1,1,899.99
4253,6028,2,2,1299.99
4254,6028,4,1,649.99
4255,6029,1,1,899.99
4256,6029,2,1,1299.99
4257,6029,4,1,649.99
4258,6029,3,2,1799.99
4259,6030,1,1,899.99
4260,6031,1,1,899.99
4261,6032,49,1,19.99
4262,6032,48,2,59.99
4263,6033,46,3,49.99
4264,6033,47,1,69.99
4265,6034,44,1,119.99
4266,6034,45,2,199.99
4267,6035,42,2,99.99
4268,6035,43,2,179.99
4269,6036,42,1,99.99
4270,6036,40,2,59.99
4271,6037,38,2,79.99
4272,6037,39,1,179.99
4273,6037,42,1,99.99
4274,6038,35,1,29.99
4275,6038,37,1,199.99
4276,6038,36,2,39.99
4277,6039,33,1,99.99
4278,6039,34,1,69.99
4279,6039,35,2,29.99
4280,6039,37,2,199.99
4281,6040,31,1,24.99
4282,6041,29,1,89.99
4283,6042,27,1,119.99
4284,6042,28,2,99.99
4285,6043,27,1,119.99
4286,6043,25,1,229.99
4287,6044,22,2,149.99
4288,6044,23,1,299.99
4289,6045,21,1,249.99
4290,6045,20,1,249.99
4291,6046,18,1,449.99
4292,6046,19,1,899.99
4293,6047,16,1,349.99
4294,6047,17,1,699.99
4295,6047,18,1,449.99
4296,6048,14,1,1299.99
4297,6048,15,2,549.99
4298,6048,16,1,349.99
4299,6049,11,1,299.99
4300,6049,12,1,499.99
4301,6049,13,2,999.99
4302,6049,14,1,1299.99
4303,6050,9,1,699.99
4304,6051,7,1,329.99
4305,6052,5,1,2199.99
4306,6052,6,2,179.99
4307,6053,4,1,649.99
4308,6053,3,1,1799.99
4309,6054,1,2,899.99
4310,6054,2,1,1299.99
4311,6055,1,1,899.99
4312,6055,2,2,1299.99
4313,6056,1,1,899.99
4314,6056,2,1,1299.99
4315,6057,1,2,899.99
4316,6057,2,1,1299.99
4317,6057,4,2,649.99
4318,6058,1,1,899.99
4319,6058,2,2,1299.99
4320,6058,4,1,649.99
4321,6059,49,3,19.99
4322,6059,50,1,49.99
4323,6059,1,1,899.99
4324,6059,2,1,1299.99
4325,6060,46,2,49.99
4326,6061,44,1,119.99
4327,6062,42,1,99.99
4328,6062,43,2,179.99
4329,6063,42,1,99.99
4330,6063,40,2,59.99
4331,6064,38,2,79.99
4332,6064,39,1,179.99
4333,6065,35,3,29.99
4334,6065,37,1,199.99
4335,6066,33,1,99.99
4336,6066,34,1,69.99
4337,6067,31,1,24.99
4338,6067,32,1,79.99
4339,6067,33,2,99.99
4340,6068,29,1,89.99
4341,6068,31,3,24.99
4342,6068,30,1,149.99
4343,6069,27,1,119.99
4344,6069,28,2,99.99
4345,6069,29,3,89.99
4346,6069,31,1,24.99
4347,6070,27,1,119.99
4348,6071,22,2,149.99
4349,6072,21,1,249.99
4350,6072,20,1,249.99
4351,6073,18,1,449.99
4352,6073,19,1,899.99
4353,6074,16,1,349.99
4354,6074,17,1,699.99
4355,6075,14,1,1299.99
4356,6075,15,1,549.99
4357,6076,12,1,499.99
4358,6076,13,2,999.99
4359,6077,9,1,699.99
4360,6077,11,2,299.99
4361,6077,10,1,129.99
4362,6078,7,1,329.99
4363,6078,8,1,599.99
4364,6078,9,2,699.99
4365,6079,5,1,2199.99
4366,6079,6,2,179.99
4367,6079,7,2,329.99
4368,6079,8,1,599.99
4369,6080,4,2,649.99
4370,6081,1,1,899.99
4371,6082,1,1,899.99
4372,6082,2,1,1299.99
4373,6083,1,1,899.99
4374,6083,2,1,1299.99
4375,6084,1,2,899.99
4376,6084,2,1,1299.99
4377,6085,1,1,899.99
4378,6085,2,2,1299.99
4379,6086,49,3,19.99
4380,6086,50,1,49.99
4381,6087,46,2,49.99
4382,6087,47,3,69.99
4383,6087,49,1,19.99
4384,6088,44,1,119.99
4385,6088,45,2,199.99
4386,6088,46,1,49.99
4387,6089,42,1,99.99
4388,6089,43,2,179.99
4389,6089,44,1,119.99
4390,6089,45,1,199.99
4391,6090,42,1,99.99
4392,6091,38,2,79.99
4393,6092,37,1,199.99
4394,6092,36,2,39.99
4395,6093,33,3,99.99
4396,6093,34,1,69.99
4397,6094,31,1,24.99
4398,6094,32,1,79.99
4399,6095,29,1,89.99
4400,6095,31,2,24.99
4401,6096,27,1,119.99
4402,6096,28,1,99.99
4403,6097,27,3,119.99
4404,6097,25,2,229.99
4405,6097,26,2,39.99
4406,6098,22,2,149.99
4407,6098,23,1,299.99
4408,6098,24,1,79.99
4409,6099,21,1,249.99
4410,6099,20,1,249.99
4411,6099,22,1,149.99
4412,6099,23,2,299.99
4413,6100,18,1,449.99
4414,6101,16,1,349.99
4415,6102,14,1,1299.99
4416,6102,15,1,549.99
4417,6103,12,1,499.99
4418,6103,13,1,999.99
4419,6104,9,1,699.99
4420,6104,11,2,299.99
4421,6105,7,1,329.99
4422,6105,8,1,599.99
4423,6106,5,1,2199.99
4424,6106,6,1,179.99
4425,6107,4,2,649.99
4426,6107,3,1,1799.99
4427,6107,5,1,2199.99
4428,6108,1,1,899.99
4429,6108,2,2,1299.99
4430,6108,4,1,649.99
4431,6109,1,1,899.99
4432,6109,2,1,1299.99
4433,6109,4,1,649.99
4434,6109,3,2,1799.99
4435,6110,1,1,899.99
4436,6111,1,1,899.99
4437,6112,1,1,899.99
4438,6112,2,1,1299.99
4439,6113,49,2,19.99
4440,6113,50,1,49.99
4441,6114,46,1,49.99
4442,6114,47,3,69.99
4443,6115,44,1,119.99
4444,6115,45,1,199.99
4445,6116,42,1,99.99
4446,6116,43,2,179.99
4447,6117,42,1,99.99
4448,6117,40,1,59.99
4449,6117,41,2,59.99
4450,6118,38,1,79.99
4451,6118,39,2,179.99
4452,6118,42,2,99.99
4453,6119,37,2,199.99
4454,6119,36,2,39.99
4455,6119,38,1,79.99
4456,6119,39,1,179.99
4457,6120,33,3,99.99
4458,6121,31,3,24.99
4459,6122,29,1,89.99
4460,6122,31,2,24.99
4461,6123,27,1,119.99
4462,6123,28,1,99.99
4463,6124,27,3,119.99
4464,6124,25,2,229.99
4465,6125,23,2,299.99
4466,6125,24,1,79.99
4467,6126,21,1,249.99
4468,6126,20,2,249.99
4469,6127,18,1,449.99
4470,6127,19,1,899.99
4471,6127,21,2,249.99
4472,6128,16,1,349.99
4473,6128,17,1,699.99
4474,6128,18,1,449.99
4475,6129,14,1,1299.99
4476,6129,15,1,549.99
4477,6129,16,2,349.99
4478,6129,17,1,699.99
4479,6130,12,1,499.99
4480,6131,9,2,699.99
4481,6132,7,1,329.99
4482,6132,8,1,599.99
4483,6133,5,1,2199.99
4484,6133,6,1,179.99
4485,6134,4,1,649.99
4486,6134,3,1,1799.99
4487,6135,1,1,899.99
4488,6135,2,2,1299.99
4489,6136,1,1,899.99
4490,6136,2,1,1299.99
4491,6137,1,2,899.99
4492,6137,2,1,1299.99
4493,6137,4,2,649.99
4494,6138,1,1,899.99
4495,6138,2,2,1299.99
4496,6138,4,1,649.99
4497,6139,1,1,899.99
4498,6139,2,1,1299.99
4499,6139,4,1,649.99
4500,6139,3,2,1799.99
4501,6140,49,2,19.99
4502,6141,47,2,69.99
4503,6142,44,1,119.99
4504,6142,45,1,199.99
4505,6143,42,1,99.99
4506,6143,43,1,179.99
4507,6144,42,2,99.99
4508,6144,40,1,59.99
4509,6145,38,1,79.99
4510,6145,39,2,179.99
4511,6146,37,2,199.99
4512,6146,36,1,39.99
4513,6147,33,2,99.99
4514,6147,34,1,69.99
4515,6147,35,1,29.99
4516,6148,31,3,24.99
4517,6148,32,1,79.99
4518,6148,33,1,99.99
4519,6149,29,3,89.99
4520,6149,31,1,24.99
4521,6149,30,1,149.99
4522,6149,32,3,79.99
4523,6150,27,1,119.99
4524,6151,27,2,119.99
4525,6152,23,2,299.99
4526,6152,24,1,79.99
4527,6153,21,2,249.99
4528,6153,20,2,249.99
4529,6154,18,2,449.99
4530,6154,19,1,899.99
4531,6155,16,1,349.99
4532,6155,17,1,699.99
4533,6156,14,1,1299.99
4534,6156,15,1,549.99
4535,6157,12,1,499.99
4536,6157,13,1,999.99
4537,6157,14,2,1299.99
4538,6158,11,1,299.99
4539,6158,10,1,129.99
4540,6158,12,2,499.99
4541,6159,7,2,329.99
4542,6159,8,1,599.99
4543,6159,9,1,699.99
4544,6159,11,1,299.99
4545,6160,5,1,2199.99
4546,6161,4,1,649.99
4547,6162,1,1,899.99
4548,6162,2,1,1299.99
4549,6163,1,1,899.99
4550,6163,2,1,1299.99
4551,6164,1,2,899.99
4552,6164,2,1,1299.99
4553,6165,1,1,899.99
4554,6165,2,2,1299.99
4555,6166,1,1,899.99
4556,6166,2,1,1299.99
4557,6167,49,1,19.99
4558,6167,50,3,49.99
4559,6167,1,2,899.99
4560,6168,47,2,69.99
4561,6168,49,1,19.99
4562,6168,48,3,59.99
4563,6169,44,1,119.99
4564,6169,45,1,199.99
4565,6169,46,1,49.99
4566,6169,47,1,69.99
4567,6170,42,1,99.99
4568,6171,42,2,99.99
4569,6172,38,1,79.99
4570,6172,39,2,179.99
4571,6173,37,2,199.99
4572,6173,36,1,39.99
4573,6174,34,3,69.99
4574,6174,35,1,29.99
4575,6175,31,2,24.99
4576,6175,32,1,79.99
4577,6176,29,3,89.99
4578,6176,31,1,24.99
4579,6177,27,3,119.99
4580,6177,28,1,99.99
4581,6177,29,1,89.99
4582,6178,27,2,119.99
4583,6178,25,2,229.99
4584,6178,26,1,39.99
4585,6179,23,2,299.99
4586,6179,24,1,79.99
4587,6179,27,1,119.99
4588,6179,25,1,229.99
4589,6180,21,2,249.99
4590,6181,18,2,449.99
4591,6182,16,2,349.99
4592,6182,17,1,699.99
4593,6183,14,1,1299.99
4594,6183,15,1,549.99
4595,6184,12,1,499.99
4596,6184,13,1,999.99
4597,6185,11,1,299.99
4598,6185,10,1,129.99
4599,6186,7,2,329.99
4600,6186,8,1,599.99
4601,6187,5,1,2199.99
4602,6187,6,1,179.99
4603,6187,7,1,329.99
4604,6188,4,1,649.99
4605,6188,3,1,1799.99
4606,6188,5,2,2199.99
4607,6189,1,1,899.99
4608,6189,2,1,1299.99
4609,6189,4,1,649.99
4610,6189,3,2,1799.99
4611,6190,1,1,899.99
4612,6191,1,1,899.99
4613,6192,1,1,899.99
4614,6192,2,1,1299.99
4615,6193,1,1,899.99
4616,6193,2,1,1299.99
4617,6194,49,1,19.99
4618,6194,50,2,49.99
4619,6195,47,1,69.99
4620,6195,49,1,19.99
4621,6196,44,2,119.99
4622,6196,45,1,199.99
4623,6197,42,1,99.99
4624,6197,43,1,179.99
4625,6197,44,2,119.99
4626,6198,42,2,99.99
4627,6198,40,1,59.99
4628,6198,41,1,59.99
4629,6199,38,1,79.99
4630,6199,39,1,179.99
4631,6199,42,1,99.99
4632,6199,40,2,59.99
4633,6200,37,2,199.99
4634,6201,34,3,69.99
4635,6202,31,2,24.99
4636,6202,32,3,79.99
4637,6203,29,2,89.99
4638,6203,31,1,24.99
4639,6204,27,3,119.99
4640,6204,28,1,99.99
4641,6205,27,1,119.99
4642,6205,25,1,229.99
4643,6206,23,2,299.99
4644,6206,24,2,79.99
4645,6207,21,2,249.99
4646,6207,22,1,149.99
4647,6207,23,1,299.99
4648,6208,18,1,449.99
4649,6208,19,1,899.99
4650,6208,21,1,249.99
4651,6209,16,2,349.99
4652,6209,17,1,699.99
4653,6209,18,1,449.99
4654,6209,19,1,899.99
4655,6210,14,2,1299.99
4656,6211,12,1,499.99
4657,6212,11,1,299.99
4658,6212,10,2,129.99
4659,6213,7,2,329.99
4660,6213,8,1,599.99
4661,6214,5,1,2199.99
4662,6214,6,1,179.99
4663,6215,4,1,649.99
4664,6215,3,1,1799.99
4665,6216,1,1,899.99
4666,6216,2,1,1299.99
4667,6217,1,2,899.99
4668,6217,2,1,1299.99
4669,6217,4,2,649.99
4670,6218,1,1,899.99
4671,6218,2,2,1299.99
4672,6218,4,1,649.99
4673,6219,1,1,899.99
4674,6219,2,1,1299.99
4675,6219,4,1,649.99
4676,6219,3,2,1799.99
4677,6220,1,1,899.99
4678,6221,49,1,19.99
4679,6222,47,1,69.99
4680,6222,49,1,19.99
4681,6223,45,1,199.99
4682,6223,46,3,49.99
4683,6224,42,2,99.99
4684,6224,43,1,179.99
4685,6225,42,2,99.99
4686,6225,40,1,59.99
4687,6226,38,1,79.99
4688,6226,39,1,179.99
4689,6227,37,1,199.99
4690,6227,36,1,39.99
4691,6227,38,2,79.99
4692,6228,34,2,69.99
4693,6228,35,1,29.99
4694,6228,37,1,199.99
4695,6229,31,1,24.99
4696,6229,32,3,79.99
4697,6229,33,1,99.99
4698,6229,34,1,69.99
4699,6230,29,2,89.99
4700,6231,27,2,119.99
4701,6232,27,1,119.99
4702,6232,25,1,229.99
4703,6233,23,1,299.99
4704,6233,24,2,79.99
4705,6234,21,2,249.99
4706,6234,22,2,149.99
4707,6235,18,1,449.99
4708,6235,19,2,899.99
4709,6236,16,1,349.99
4710,6236,17,1,699.99
4711,6237,14,2,1299.99
4712,6237,15,1,549.99
4713,6237,16,1,349.99
4714,6238,12,2,499.99
4715,6238,13,1,999.99
4716,6238,14,1,1299.99
4717,6239,11,1,299.99
4718,6239,10,2,129.99
4719,6239,12,1,499.99
4720,6239,13,2,999.99
4721,6240,8,2,599.99
4722,6241,5,2,2199.99
4723,6242,4,1,649.99
4724,6242,3,1,1799.99
4725,6243,1,1,899.99
4726,6243,2,1,1299.99
4727,6244,1,2,899.99
4728,6244,2,1,1299.99
4729,6245,1,1,899.99
4730,6245,2,2,1299.99
4731,6246,1,1,899.99
4732,6246,2,1,1299.99
4733,6247,1,2,899.99
4734,6247,2,1,1299.99
4735,6247,4,2,649.99
4736,6248,49,1,19.99
4737,6248,50,1,49.99
4738,6248,1,1,899.99
4739,6249,47,1,69.99
4740,6249,49,3,19.99
4741,6249,48,2,59.99
4742,6249,50,1,49.99
4743,6250,45,1,199.99
4744,6251,42,2,99.99
4745,6252,42,1,99.99
4746,6252,40,2,59.99
4747,6253,38,1,79.99
4748,6253,39,1,179.99
4749,6254,37,1,199.99
4750,6254,36,1,39.99
4751,6255,34,2,69.99
4752,6255,35,3,29.99
4753,6256,32,2,79.99
4754,6256,33,1,99.99
4755,6257,29,1,89.99
4756,6257,31,1,24.99
4757,6257,30,3,149.99
4758,6258,27,2,119.99
4759,6258,28,3,99.99
4760,6258,29,1,89.99
4761,6259,27,1,119.99
4762,6259,25,1,229.99
4763,6259,26,1,39.99
4764,6259,28,2,99.99
4765,6260,23,1,299.99
4766,6261,21,1,249.99
4767,6262,18,1,449.99
4768,6262,19,2,899.99
4769,6263,16,1,349.99
4770,6263,17,2,699.99
4771,6264,14,1,1299.99
4772,6264,15,1,549.99
4773,6265,12,2,499.99
4774,6265,13,1,999.99
4775,6266,11,1,299.99
4776,6266,10,2,129.99
4777,6267,8,2,599.99
4778,6267,9,1,699.99
4779,6267,11,2,299.99
4780,6268,5,2,2199.99
4781,6268,6,2,179.99
4782,6268,7,1,329.99
4783,6269,4,1,649.99
4784,6269,3,2,1799.99
4785,6269,5,1,2199.99
4786,6269,6,2,179.99
4787,6270,1,1,899.99
4788,6271,1,1,899.99
4789,6272,1,1,899.99
4790,6272,2,1,1299.99
4791,6273,1,1,899.99
4792,6273,2,1,1299.99
4793,6274,1,2,899.99
4794,6274,2,1,1299.99
4795,6275,49,1,19.99
4796,6275,50,1,49.99
4797,6276,47,1,69.99
4798,6276,49,3,19.99
4799,6277,45,2,199.99
4800,6277,46,2,49.99
4801,6277,47,3,69.99
4802,6278,42,2,99.99
4803,6278,43,1,179.99
4804,6278,44,1,119.99
4805,6279,42,1,99.99
4806,6279,40,2,59.99
4807,6279,41,1,59.99
4808,6279,43,2,179.99
4809,6280,38,2,79.99
4810,6281,37,1,199.99
4811,6282,34,1,69.99
4812,6282,35,3,29.99
4813,6283,32,2,79.99
4814,6283,33,3,99.99
4815,6284,29,1,89.99
4816,6284,31,1,24.99
4817,6285,27,1,119.99
4818,6285,28,3,99.99
4819,6286,27,1,119.99
4820,6286,25,1,229.99
4821,6287,23,1,299.99
4822,6287,24,2,79.99
4823,6287,27,3,119.99
4824,6288,21,1,249.99
4825,6288,22,2,149.99
4826,6288,23,1,299.99
4827,6289,19,1,899.99
4828,6289,21,1,249.99
4829,6289,20,1,249.99
4830,6289,22,1,149.99
4831,6290,16,1,349.99
4832,6291,14,1,1299.99
4833,6292,12,1,499.99
4834,6292,13,1,999.99
4835,6293,11,1,299.99
4836,6293,10,2,129.99
4837,6294,8,2,599.99
4838,6294,9,1,699.99
4839,6295,5,1,2199.99
4840,6295,6,2,179.99
4841,6296,4,1,649.99
4842,6296,3,2,1799.99
4843,6297,1,2,899.99
4844,6297,2,1,1299.99
4845,6297,4,2,649.99
4846,6298,1,1,899.99
4847,6298,2,2,1299.99
4848,6298,4,1,649.99
4849,6299,1,1,899.99
4850,6299,2,1,1299.99
4851,6299,4,1,649.99
4852,6299,3,2,1799.99
4853,6300,1,1,899.99
4854,6301,1,1,899.99
4855,6302,49,1,19.99
4856,6302,50,1,49.99
4857,6303,47,1,69.99
4858,6303,49,2,19.99
4859,6304,45,2,199.99
4860,6304,46,1,49.99
4861,6305,43,2,179.99
4862,6305,44,1,119.99
4863,6306,42,1,99.99
4864,6306,40,2,59.99
4865,6307,38,2,79.99
4866,6307,39,1,179.99
4867,6307,42,1,99.99
4868,6308,37,1,199.99
4869,6308,36,2,39.99
4870,6308,38,1,79.99
4871,6309,34,1,69.99
4872,6309,35,2,29.99
4873,6309,37,2,199.99
4874,6309,36,2,39.99
4875,6310,32,1,79.99
4876,6311,29,1,89.99
4877,6312,27,1,119.99
4878,6312,28,2,99.99
4879,6313,27,1,119.99
4880,6313,25,1,229.99
4881,6314,23,1,299.99
4882,6314,24,1,79.99
4883,6315,21,1,249.99
4884,6315,22,2,149.99
4885,6316,19,1,899.99
4886,6316,21,1,249.99
4887,6317,16,1,349.99
4888,6317,17,1,699.99
4889,6317,18,1,449.99
4890,6318,14,1,1299.99
4891,6318,15,2,549.99
4892,6318,16,1,349.99
4893,6319,12,1,499.99
4894,6319,13,2,999.99
4895,6319,14,1,1299.99
4896,6319,15,1,549.99
4897,6320,11,1,299.99
4898,6321,8,2,599.99
4899,6322,6,2,179.99
4900,6322,7,1,329.99
4901,6323,4,1,649.99
4902,6323,3,1,1799.99
4903,6324,1,2,899.99
4904,6324,2,1,1299.99
4905,6325,1,1,899.99
4906,6325,2,2,1299.99
4907,6326,1,1,899.99
4908,6326,2,1,1299.99
4909,6327,1,2,899.99
4910,6327,2,1,1299.99
4911,6327,4,2,649.99
4912,6328,1,1,899.99
4913,6328,2,2,1299.99
4914,6328,4,1,649.99
4915,6329,49,3,19.99
4916,6329,50,1,49.99
4917,6329,1,1,899.99
4918,6329,2,1,1299.99
4919,6330,47,1,69.99
4920,6331,45,2,199.99
4921,6332,43,2,179.99
4922,6332,44,1,119.99
4923,6333,42,1,99.99
4924,6333,40,2,59.99
4925,6334,38,2,79.99
4926,6334,39,1,179.99
4927,6335,37,1,199.99
4928,6335,36,2,39.99
4929,6336,34,1,69.99
4930,6336,35,2,29.99
4931,6337,32,1,79.99
4932,6337,33,2,99.99
4933,6337,34,1,69.99
4934,6338,31,3,24.99
4935,6338,30,1,149.99
4936,6338,32,1,79.99
4937,6339,27,1,119.99
4938,6339,28,2,99.99
4939,6339,29,3,89.99
4940,6339,31,1,24.99
4941,6340,27,1,119.99
4942,6341,23,1,299.99
4943,6342,21,1,249.99
4944,6342,22,1,149.99
4945,6343,19,1,899.99
4946,6343,21,2,249.99
4947,6344,16,1,349.99
4948,6344,17,1,699.99
4949,6345,14,1,1299.99
4950,6345,15,1,549.99
4951,6346,12,1,499.99
4952,6346,13,2,999.99
4953,6347,11,2,299.99
4954,6347,10,1,129.99
4955,6347,12,1,499.99
4956,6348,8,1,599.99
4957,6348,9,2,699.99
4958,6348,11,1,299.99
4959,6349,6,2,179.99
4960,6349,7,2,329.99
4961,6349,8,1,599.99
4962,6349,9,1,699.99
4963,6350,4,2,649.99
4964,6351,1,1,899.99
4965,6352,1,1,899.99
4966,6352,2,1,1299.99
4967,6353,1,1,899.99
4968,6353,2,1,1299.99
4969,6354,1,2,899.99
4970,6354,2,1,1299.99
4971,6355,1,1,899.99
4972,6355,2,2,1299.99
4973,6356,49,3,19.99
4974,6356,50,1,49.99
4975,6357,47,3,69.99
4976,6357,49,1,19.99
4977,6357,48,1,59.99
4978,6358,45,2,199.99
4979,6358,46,1,49.99
4980,6358,47,2,69.99
4981,6359,43,2,179.99
4982,6359,44,1,119.99
4983,6359,45,1,199.99
4984,6359,46,1,49.99
4985,6360,42,1,99.99
4986,6361,38,2,79.99
4987,6362,37,1,199.99
4988,6362,36,2,39.99
4989,6363,34,1,69.99
4990,6363,35,1,29.99
4991,6364,32,1,79.99
4992,6364,33,2,99.99
4993,6365,31,2,24.99
4994,6365,30,1,149.99
4995,6366,27,1,119.99
4996,6366,28,1,99.99
4997,6367,27,3,119.99
4998,6367,25,2,229.99
4999,6367,26,2,39.99
5000,6368,23,1,299.99
5001,6368,24,1,79.99
5002,6368,27,2,119.99
5003,6369,21,1,249.99
5004,6369,22,1,149.99
5005,6369,23,2,299.99
5006,6369,24,1,79.99
5007,6370,19,1,899.99
5008,6371,17,1,699.99
5009,6372,14,1,1299.99
5010,6372,15,1,549.99
5011,6373,12,1,499.99
5012,6373,13,1,999.99
5013,6374,11,2,299.99
5014,6374,10,1,129.99
5015,6375,8,1,599.99
5016,6375,9,2,699.99
5017,6376,6,1,179.99
5018,6376,7,2,329.99
5019,6377,4,2,649.99
5020,6377,3,1,1799.99
5021,6377,5,1,2199.99
5022,6378,1,1,899.99
5023,6378,2,2,1299.99
5024,6378,4,1,649.99
5025,6379,1,1,899.99
5026,6379,2,1,1299.99
5027,6379,4,1,649.99
5028,6379,3,2,1799.99
5029,6380,1,1,899.99
5030,6381,1,1,899.99
5031,6382,1,1,899.99
5032,6382,2,1,1299.99
5033,6383,49,2,19.99
5034,6383,50,1,49.99
5035,6384,47,3,69.99
5036,6384,49,1,19.99
5037,6385,45,1,199.99
5038,6385,46,1,49.99
5039,6386,43,2,179.99
5040,6386,44,2,119.99
5041,6387,42,1,99.99
5042,6387,41,2,59.99
5043,6387,43,1,179.99
5044,6388,38,1,79.99
5045,6388,39,2,179.99
5046,6388,42,2,99.99
5047,6389,37,2,199.99
5048,6389,36,2,39.99
5049,6389,38,1,79.99
5050,6389,39,1,179.99
5051,6390,34,1,69.99
5052,6391,32,1,79.99
5053,6392,31,2,24.99
5054,6392,30,1,149.99
5055,6393,27,1,119.99
5056,6393,28,1,99.99
5057,6394,27,3,119.99
5058,6394,25,2,229.99
5059,6395,23,2,299.99
5060,6395,24,1,79.99
5061,6396,21,1,249.99
5062,6396,22,1,149.99
5063,6397,19,1,899.99
5064,6397,21,2,249.99
5065,6397,20,1,249.99
5066,6398,17,1,699.99
5067,6398,18,1,449.99
5068,6398,19,1,899.99
5069,6399,14,1,1299.99
5070,6399,15,1,549.99
5071,6399,16,2,349.99
5072,6399,17,1,699.99
5073,6400,12,1,499.99
5074,6401,11,1,299.99
5075,6402,8,1,599.99
5076,6402,9,2,699.99
5077,6403,6,1,179.99
5078,6403,7,2,329.99
5079,6404,4,1,649.99
5080,6404,5,1,2199.99
5081,6405,1,1,899.99
5082,6405,2,2,1299.99
5083,6406,1,1,899.99
5084,6406,2,1,1299.99
5085,6407,1,2,899.99
5086,6407,2,1,1299.99
5087,6407,4,2,649.99
5088,6408,1,1,899.99
5089,6408,2,2,1299.99
5090,6408,4,1,649.99
5091,6409,1,1,899.99
5092,6409,2,1,1299.99
5093,6409,4,1,649.99
5094,6409,3,2,1799.99
5095,6410,49,2,19.99
5096,6411,47,2,69.99
5097,6412,45,1,199.99
5098,6412,46,1,49.99
5099,6413,43,1,179.99
5100,6413,44,2,119.99
5101,6414,42,2,99.99
5102,6414,41,2,59.99
5103,6415,38,1,79.99
5104,6415,39,2,179.99
5105,6416,37,2,199.99
5106,6416,36,1,39.99
5107,6417,34,1,69.99
5108,6417,35,1,29.99
5109,6417,37,1,199.99
5110,6418,32,1,79.99
5111,6418,33,1,99.99
5112,6418,34,2,69.99
5113,6419,31,1,24.99
5114,6419,30,1,149.99
5115,6419,32,3,79.99
5116,6419,33,1,99.99
5117,6420,28,1,99.99
5118,6421,27,2,119.99
5119,6422,23,2,299.99
5120,6422,24,1,79.99
5121,6423,21,2,249.99
5122,6423,22,1,149.99
5123,6424,19,1,899.99
5124,6424,21,2,249.99
5125,6425,17,1,699.99
5126,6425,18,1,449.99
5127,6426,14,1,1299.99
5128,6426,15,1,549.99
5129,6427,12,1,499.99
5130,6427,13,1,999.99
5131,6427,14,2,1299.99
5132,6428,11,1,299.99
5133,6428,10,1,129.99
5134,6428,12,2,499.99
5135,6429,8,1,599.99
5136,6429,9,1,699.99
5137,6429,11,1,299.99
5138,6429,10,2,129.99
5139,6430,6,1,179.99
5140,6431,4,1,649.99
5141,6432,1,1,899.99
5142,6432,2,1,1299.99
5143,6433,1,1,899.99
5144,6433,2,1,1299.99
5145,6434,1,2,899.99
5146,6434,2,1,1299.99
5147,6435,1,1,899.99
5148,6435,2,2,1299.99
5149,6436,1,1,899.99
5150,6436,2,1,1299.99
5151,6437,49,1,19.99
5152,6437,50,3,49.99
5153,6437,1,2,899.99
5154,6438,47,2,69.99
5155,6438,49,1,19.99
5156,6438,48,3,59.99
5157,6439,45,1,199.99
5158,6439,46,1,49.99
5159,6439,47,1,69.99
5160,6439,49,3,19.99
5161,6440,43,1,179.99
5162,6441,42,2,99.99
5163,6442,38,1,79.99
5164,6442,39,2,179.99
5165,6443,37,2,199.99
5166,6443,36,1,39.99
5167,6444,34,3,69.99
5168,6444,35,1,29.99
5169,6445,32,1,79.99
5170,6445,33,1,99.99
5171,6446,31,1,24.99
5172,6446,30,1,149.99
5173,6447,28,1,99.99
5174,6447,29,1,89.99
5175,6447,31,1,24.99
5176,6448,27,2,119.99
5177,6448,25,2,229.99
5178,6448,26,1,39.99
5179,6449,23,2,299.99
5180,6449,24,1,79.99
5181,6449,27,1,119.99
5182,6449,25,1,229.99
5183,6450,21,2,249.99
5184,6451,19,1,899.99
5185,6452,17,1,699.99
5186,6452,18,1,449.99
5187,6453,15,1,549.99
5188,6453,16,1,349.99
5189,6454,12,1,499.99
5190,6454,13,1,999.99
5191,6455,11,1,299.99
5192,6455,10,1,129.99
5193,6456,8,1,599.99
5194,6456,9,1,699.99
5195,6457,6,1,179.99
5196,6457,7,1,329.99
5197,6457,8,2,599.99
5198,6458,4,1,649.99
5199,6458,5,2,2199.99
5200,6458,6,2,179.99
5201,6459,1,1,899.99
5202,6459,2,1,1299.99
5203,6459,4,1,649.99
5204,6459,3,2,1799.99
5205,6460,1,1,899.99
5206,6461,1,1,899.99
5207,6462,1,1,899.99
5208,6462,2,1,1299.99
5209,6463,1,1,899.99
5210,6463,2,1,1299.99
5211,6464,49,1,19.99
5212,6464,50,2,49.99
5213,6465,47,1,69.99
5214,6465,49,1,19.99
5215,6466,45,1,199.99
5216,6466,46,3,49.99
5217,6467,43,1,179.99
5218,6467,44,2,119.99
5219,6467,45,2,199.99
5220,6468,42,2,99.99
5221,6468,41,1,59.99
5222,6468,43,1,179.99
5223,6469,39,1,179.99
5224,6469,42,1,99.99
5225,6469,40,2,59.99
5226,6469,41,1,59.99
5227,6470,37,2,199.99
5228,6471,34,3,69.99
5229,6472,32,3,79.99
5230,6472,33,1,99.99
5231,6473,31,1,24.99
5232,6473,30,1,149.99
5233,6474,28,1,99.99
5234,6474,29,1,89.99
5235,6475,27,1,119.99
5236,6475,25,1,229.99
5237,6476,23,2,299.99
5238,6476,24,2,79.99
5239,6477,21,2,249.99
5240,6477,22,1,149.99
5241,6477,23,1,299.99
5242,6478,19,1,899.99
5243,6478,21,1,249.99
5244,6478,20,1,249.99
5245,6479,17,1,699.99
5246,6479,18,1,449.99
5247,6479,19,1,899.99
5248,6479,21,1,249.99
5249,6480,15,1,549.99
5250,6481,12,1,499.99
5251,6482,11,1,299.99
5252,6482,10,2,129.99
5253,6483,8,1,599.99
5254,6483,9,1,699.99
5255,6484,6,1,179.99
5256,6484,7,1,329.99
5257,6485,4,1,649.99
5258,6485,5,1,2199.99
5259,6486,2,1,1299.99
5260,6486,4,1,649.99
5261,6487,1,2,899.99
5262,6487,2,1,1299.99
5263,6487,4,2,649.99
5264,6488,1,1,899.99
5265,6488,2,2,1299.99
5266,6488,4,1,649.99
5267,6489,1,1,899.99
5268,6489,2,1,1299.99
5269,6489,4,1,649.99
5270,6489,3,2,1799.99
5271,6490,1,1,899.99
5272,6491,49,1,19.99
5273,6492,47,1,69.99
5274,6492,49,1,19.99
5275,6493,45,1,199.99
5276,6493,46,3,49.99
5277,6494,43,1,179.99
5278,6494,44,1,119.99
5279,6495,42,2,99.99
5280,6495,41,1,59.99
5281,6496,39,1,179.99
5282,6496,42,1,99.99
5283,6497,37,1,199.99
5284,6497,36,1,39.99
5285,6497,38,2,79.99
5286,6498,34,2,69.99
5287,6498,35,1,29.99
5288,6498,37,1,199.99
5289,6499,32,3,79.99
5290,6499,33,1,99.99
5291,6499,34,1,69.99
5292,6499,35,2,29.99
5293,6500,31,1,24.99
5294,6501,28,1,99.99
5295,6502,27,1,119.99
5296,6502,26,1,39.99
5297,6503,23,1,299.99
5298,6503,24,2,79.99
5299,6504,21,2,249.99
5300,6504,22,2,149.99
5301,6505,19,2,899.99
5302,6505,21,1,249.99
5303,6506,17,1,699.99
5304,6506,18,1,449.99
5305,6507,15,1,549.99
5306,6507,16,1,349.99
5307,6507,17,1,699.99
5308,6508,12,2,499.99
5309,6508,13,1,999.99
5310,6508,14,1,1299.99
5311,6509,11,1,299.99
5312,6509,10,2,129.99
5313,6509,12,1,499.99
5314,6509,13,2,999.99
5315,6510,8,2,599.99
5316,6511,6,1,179.99
5317,6512,4,1,649.99
5318,6512,5,1,2199.99
5319,6513,2,1,1299.99
5320,6513,4,1,649.99
5321,6514,1,2,899.99
5322,6514,2,1,1299.99
5323,6515,1,1,899.99
5324,6515,2,2,1299.99
5325,6516,1,1,899.99
5326,6516,2,1,1299.99
5327,6517,1,2,899.99
5328,6517,2,1,1299.99
5329,6517,4,2,649.99
5330,6518,50,1,49.99
5331,6518,1,1,899.99
5332,6518,2,2,1299.99
5333,6519,47,1,69.99
5334,6519,49,3,19.99
5335,6519,48,2,59.99
5336,6519,50,1,49.99
5337,6520,45,1,199.99
5338,6521,43,1,179.99
5339,6522,42,1,99.99
5340,6522,41,1,59.99
5341,6523,39,1,179.99
5342,6523,42,1,99.99
5343,6524,37,1,199.99
5344,6524,36,1,39.99
5345,6525,34,2,69.99
5346,6525,35,3,29.99
5347,6526,32,2,79.99
5348,6526,33,1,99.99
5349,6527,31,1,24.99
5350,6527,30,3,149.99
5351,6527,32,1,79.99
5352,6528,28,3,99.99
5353,6528,29,1,89.99
5354,6528,31,3,24.99
5355,6529,27,1,119.99
5356,6529,26,1,39.99
5357,6529,28,2,99.99
5358,6529,29,3,89.99
5359,6530,23,1,299.99
5360,6531,21,1,249.99
5361,6532,19,2,899.99
5362,6532,21,1,249.99
5363,6533,17,2,699.99
5364,6533,18,1,449.99
5365,6534,15,1,549.99
5366,6534,16,1,349.99
5367,6535,13,1,999.99
5368,6535,14,1,1299.99
5369,6536,11,1,299.99
5370,6536,10,2,129.99
5371,6537,8,2,599.99
5372,6537,9,1,699.99
5373,6537,11,2,299.99
5374,6538,6,2,179.99
5375,6538,7,1,329.99
5376,6538,8,1,599.99
5377,6539,4,1,649.99
5378,6539,5,1,2199.99
5379,6539,6,2,179.99
5380,6539,7,2,329.99
5381,6540,2,1,1299.99
5382,6541,1,1,899.99
5383,6542,1,1,899.99
5384,6542,2,1,1299.99
5385,6543,1,1,899.99
5386,6543,2,1,1299.99
5387,6544,1,2,899.99
5388,6544,2,1,1299.99
5389,6545,50,1,49.99
5390,6545,1,1,899.99
5391,6546,47,1,69.99
5392,6546,49,3,19.99
5393,6547,45,2,199.99
5394,6547,46,2,49.99
5395,6547,47,3,69.99
5396,6548,43,1,179.99
5397,6548,44,1,119.99
5398,6548,45,2,199.99
5399,6549,42,1,99.99
5400,6549,41,1,59.99
5401,6549,43,2,179.99
5402,6549,44,1,119.99
5403,6550,39,1,179.99
5404,6551,37,1,199.99
5405,6552,34,1,69.99
5406,6552,35,3,29.99
5407,6553,32,2,79.99
5408,6553,33,3,99.99
5409,6554,31,1,24.99
5410,6554,30,2,149.99
5411,6555,28,3,99.99
5412,6555,29,1,89.99
5413,6556,27,1,119.99
5414,6556,26,3,39.99
5415,6557,23,1,299.99
5416,6557,24,2,79.99
5417,6557,27,3,119.99
5418,6558,21,1,249.99
5419,6558,22,2,149.99
5420,6558,23,1,299.99
5421,6559,19,1,899.99
5422,6559,21,1,249.99
5423,6559,20,1,249.99
5424,6559,22,1,149.99
5425,6560,17,2,699.99
5426,6561,15,2,549.99
5427,6562,13,1,999.99
5428,6562,14,1,1299.99
5429,6563,11,1,299.99
5430,6563,10,2,129.99
5431,6564,8,2,599.99
5432,6564,9,1,699.99
5433,6565,6,2,179.99
5434,6565,7,1,329.99
5435,6566,4,1,649.99
5436,6566,5,1,2199.99
5437,6567,2,1,1299.99
5438,6567,4,2,649.99
5439,6567,3,1,1799.99
5440,6568,1,1,899.99
5441,6568,2,2,1299.99
5442,6568,4,1,649.99
5443,6569,1,1,899.99
5444,6569,2,1,1299.99
5445,6569,4,1,649.99
5446,6569,3,2,1799.99
5447,6570,1,1,899.99
5448,6571,1,1,899.99
5449,6572,50,1,49.99
5450,6572,1,1,899.99
5451,6573,47,1,69.99
5452,6573,49,2,19.99
5453,6574,45,2,199.99
5454,6574,46,1,49.99
5455,6575,43,2,179.99
5456,6575,44,1,119.99
5457,6576,42,1,99.99
5458,6576,41,1,59.99
5459,6577,39,1,179.99
5460,6577,42,1,99.99
5461,6577,40,1,59.99
5462,6578,37,1,199.99
5463,6578,38,1,79.99
5464,6578,39,2,179.99
5465,6579,34,1,69.99
5466,6579,35,2,29.99
5467,6579,37,2,199.99
5468,6579,36,2,39.99
5469,6580,32,1,79.99
5470,6581,31,3,24.99
5471,6582,28,2,99.99
5472,6582,29,1,89.99
5473,6583,27,1,119.99
5474,6583,26,3,39.99
5475,6584,24,1,79.99
5476,6584,27,3,119.99
5477,6585,21,1,249.99
5478,6585,22,2,149.99
5479,6586,19,1,899.99
5480,6586,21,1,249.99
5481,6587,17,1,699.99
5482,6587,18,1,449.99
5483,6587,19,1,899.99
5484,6588,15,2,549.99
5485,6588,16,1,349.99
5486,6588,17,1,699.99
5487,6589,13,2,999.99
5488,6589,14,1,1299.99
5489,6589,15,1,549.99
5490,6589,16,2,349.99
5491,6590,11,1,299.99
5492,6591,8,2,599.99
5493,6592,6,2,179.99
5494,6592,7,1,329.99
5495,6593,4,1,649.99
5496,6593,5,1,2199.99
5497,6594,2,1,1299.99
5498,6594,4,1,649.99
5499,6595,1,1,899.99
5500,6595,2,2,1299.99
5501,6596,1,1,899.99
5502,6596,2,1,1299.99
5503,6597,1,2,899.99
5504,6597,2,1,1299.99
5505,6597,4,2,649.99
5506,6598,1,1,899.99
5507,6598,2,2,1299.99
5508,6598,4,1,649.99
5509,6599,50,1,49.99
5510,6599,1,1,899.99
5511,6599,2,1,1299.99
5512,6599,4,1,649.99
5513,6600,49,2,19.99
5514,6601,45,2,199.99
5515,6602,43,2,179.99
5516,6602,44,1,119.99
5517,6603,42,1,99.99
5518,6603,41,2,59.99
5519,6604,39,1,179.99
5520,6604,42,2,99.99
5521,6605,37,1,199.99
5522,6605,38,1,79.99
5523,6606,34,1,69.99
5524,6606,35,2,29.99
5525,6607,32,1,79.99
5526,6607,33,2,99.99
5527,6607,34,1,69.99
5528,6608,31,3,24.99
5529,6608,30,1,149.99
5530,6608,32,1,79.99
5531,6609,28,2,99.99
5532,6609,29,3,89.99
5533,6609,31,1,24.99
5534,6609,30,1,149.99
5535,6610,27,1,119.99
5536,6611,24,1,79.99
5537,6612,21,1,249.99
5538,6612,22,1,149.99
5539,6613,19,1,899.99
5540,6613,21,2,249.99
5541,6614,17,1,699.99
5542,6614,18,2,449.99
5543,6615,15,1,549.99
5544,6615,16,1,349.99
5545,6616,13,2,999.99
5546,6616,14,1,1299.99
5547,6617,11,2,299.99
5548,6617,12,1,499.99
5549,6617,13,1,999.99
5550,6618,8,1,599.99
5551,6618,9,2,699.99
5552,6618,11,1,299.99
5553,6619,6,2,179.99
5554,6619,7,2,329.99
5555,6619,8,1,599.99
5556,6619,9,1,699.99
5557,6620,4,2,649.99
5558,6621,2,1,1299.99
5559,6622,1,1,899.99
5560,6622,2,1,1299.99
5561,6623,1,1,899.99
5562,6623,2,1,1299.99
5563,6624,1,2,899.99
5564,6624,2,1,1299.99
5565,6625,1,1,899.99
5566,6625,2,2,1299.99
5567,6626,50,1,49.99
5568,6626,1,1,899.99
5569,6627,49,1,19.99
5570,6627,48,1,59.99
5571,6627,50,3,49.99
5572,6628,45,2,199.99
5573,6628,46,1,49.99
5574,6628,47,2,69.99
5575,6629,43,2,179.99
5576,6629,44,1,119.99
5577,6629,45,1,199.99
5578,6629,46,1,49.99
5579,6630,42,1,99.99
5580,6631,39,2,179.99
5581,6632,37,1,199.99
5582,6632,38,1,79.99
5583,6633,35,1,29.99
5584,6633,37,2,199.99
5585,6634,32,1,79.99
5586,6634,33,2,99.99
5587,6635,31,2,24.99
5588,6635,30,1,149.99
5589,6636,28,1,99.99
5590,6636,29,3,89.99
5591,6637,27,3,119.99
5592,6637,26,2,39.99
5593,6637,28,1,99.99
5594,6638,24,1,79.99
5595,6638,27,2,119.99
5596,6638,25,2,229.99
5597,6639,21,1,249.99
5598,6639,22,1,149.99
5599,6639,23,2,299.99
5600,6639,24,1,79.99
5601,6640,19,1,899.99
5602,6641,17,1,699.99
5603,6642,15,1,549.99
5604,6642,16,2,349.99
5605,6643,13,1,999.99
5606,6643,14,1,1299.99
5607,6644,11,2,299.99
5608,6644,12,1,499.99
5609,6645,8,1,599.99
5610,6645,9,2,699.99
5611,6646,6,1,179.99
5612,6646,7,2,329.99
5613,6647,4,2,649.99
5614,6647,5,1,2199.99
5615,6647,6,1,179.99
5616,6648,2,2,1299.99
5617,6648,4,1,649.99
5618,6648,3,1,1799.99
5619,6649,1,1,899.99
5620,6649,2,1,1299.99
5621,6649,4,1,649.99
5622,6649,3,2,1799.99
5623,6650,1,1,899.99
5624,6651,1,1,899.99
5625,6652,1,1,899.99
5626,6652,2,1,1299.99
5627,6653,50,1,49.99
5628,6653,1,1,899.99
5629,6654,49,1,19.99
5630,6654,48,1,59.99
5631,6655,45,1,199.99
5632,6655,46,1,49.99
5633,6656,43,2,179.99
5634,6656,44,2,119.99
5635,6657,42,1,99.99
5636,6657,41,2,59.99
5637,6657,43,1,179.99
5638,6658,39,2,179.99
5639,6658,42,2,99.99
5640,6658,40,1,59.99
5641,6659,37,2,199.99
5642,6659,38,1,79.99
5643,6659,39,1,179.99
5644,6659,42,1,99.99
5645,6660,35,1,29.99
5646,6661,32,1,79.99
5647,6662,31,2,24.99
5648,6662,30,1,149.99
5649,6663,28,1,99.99
5650,6663,29,2,89.99
5651,6664,27,3,119.99
5652,6664,26,1,39.99
5653,6665,24,1,79.99
5654,6665,27,1,119.99
5655,6666,22,1,149.99
5656,6666,23,2,299.99
5657,6667,19,1,899.99
5658,6667,21,2,249.99
5659,6667,20,1,249.99
5660,6668,17,1,699.99
5661,6668,18,1,449.99
5662,6668,19,1,899.99
5663,6669,15,1,549.99
5664,6669,16,2,349.99
5665,6669,17,1,699.99
5666,6669,18,1,449.99
5667,6670,13,1,999.99
5668,6671,11,1,299.99
5669,6672,8,1,599.99
5670,6672,9,2,699.99
5671,6673,6,1,179.99
5672,6673,7,2,329.99
5673,6674,4,1,649.99
5674,6674,5,1,2199.99
5675,6675,2,2,1299.99
5676,6675,4,1,649.99
5677,6676,1,1,899.99
5678,6676,2,1,1299.99
5679,6677,1,2,899.99
5680,6677,2,1,1299.99
5681,6677,4,2,649.99
5682,6678,1,1,899.99
5683,6678,2,2,1299.99
5684,6678,4,1,649.99
5685,6679,1,1,899.99
5686,6679,2,1,1299.99
5687,6679,4,1,649.99
5688,6679,3,2,1799.99
5689,6680,50,3,49.99
5690,6681,49,1,19.99
5691,6682,46,1,49.99
5692,6682,47,1,69.99
5693,6683,43,1,179.99
5694,6683,44,2,119.99
5695,6684,42,2,99.99
5696,6684,41,2,59.99
5697,6685,39,2,179.99
5698,6685,42,2,99.99
5699,6686,37,2,199.99
5700,6686,38,1,79.99
5701,6687,35,1,29.99
5702,6687,37,1,199.99
5703,6687,36,1,39.99
5704,6688,32,1,79.99
5705,6688,33,1,99.99
5706,6688,34,2,69.99
5707,6689,31,1,24.99
5708,6689,30,1,149.99
5709,6689,32,3,79.99
5710,6689,33,1,99.99
5711,6690,28,1,99.99
5712,6691,27,2,119.99
5713,6692,24,1,79.99
5714,6692,27,1,119.99
5715,6693,22,1,149.99
5716,6693,23,1,299.99
5717,6694,19,1,899.99
5718,6694,21,2,249.99
5719,6695,17,1,699.99
5720,6695,18,1,449.99
5721,6696,15,1,549.99
5722,6696,16,1,349.99
5723,6697,13,1,999.99
5724,6697,14,2,1299.99
5725,6697,15,1,549.99
5726,6698,11,1,299.99
5727,6698,12,2,499.99
5728,6698,13,1,999.99
5729,6699,9,1,699.99
5730,6699,11,1,299.99
5731,6699,10,2,129.99
5732,6699,12,1,499.99
5733,6700,6,1,179.99
5734,6701,4,1,649.99
5735,6702,2,1,1299.99
5736,6702,4,1,649.99
5737,6703,1,1,899.99
5738,6703,2,1,1299.99
5739,6704,1,2,899.99
5740,6704,2,1,1299.99
5741,6705,1,1,899.99
5742,6705,2,2,1299.99
5743,6706,1,1,899.99
5744,6706,2,1,1299.99
5745,6707,50,3,49.99
5746,6707,1,2,899.99
5747,6707,2,1,1299.99
5748,6708,49,1,19.99
5749,6708,48,3,59.99
5750,6708,50,1,49.99
5751,6709,46,1,49.99
5752,6709,47,1,69.99
5753,6709,49,3,19.99
5754,6709,48,2,59.99
5755,6710,43,1,179.99
5756,6711,42,2,99.99
5757,6712,39,2,179.99
5758,6712,42,1,99.99
5759,6713,37,2,199.99
5760,6713,38,1,79.99
5761,6714,35,1,29.99
5762,6714,37,1,199.99
5763,6715,33,1,99.99
5764,6715,34,2,69.99
5765,6716,31,1,24.99
5766,6716,30,1,149.99
5767,6717,28,1,99.99
5768,6717,29,1,89.99
5769,6717,31,1,24.99
5770,6718,27,2,119.99
5771,6718,26,1,39.99
5772,6718,28,3,99.99
5773,6719,24,1,79.99
5774,6719,27,1,119.99
5775,6719,25,1,229.99
5776,6719,26,1,39.99
5777,6720,22,1,149.99
5778,6721,19,1,899.99
5779,6722,17,1,699.99
5780,6722,18,1,449.99
5781,6723,15,1,549.99
5782,6723,16,1,349.99
5783,6724,13,1,999.99
5784,6724,14,1,1299.99
5785,6725,11,1,299.99
5786,6725,12,2,499.99
5787,6726,9,1,699.99
5788,6726,11,1,299.99
5789,6727,6,1,179.99
5790,6727,7,1,329.99
5791,6727,8,2,599.99
5792,6728,4,1,649.99
5793,6728,5,2,2199.99
5794,6728,6,2,179.99
5795,6729,2,1,1299.99
5796,6729,4,1,649.99
5797,6729,3,2,1799.99
5798,6729,5,1,2199.99
5799,6730,1,1,899.99
5800,6731,1,1,899.99
5801,6732,1,1,899.99
5802,6732,2,1,1299.99
5803,6733,1,1,899.99
5804,6733,2,1,1299.99
5805,6734,50,2,49.99
5806,6734,1,2,899.99
5807,6735,49,1,19.99
5808,6735,48,3,59.99
5809,6736,46,3,49.99
5810,6736,47,1,69.99
5811,6737,43,1,179.99
5812,6737,44,2,119.99
5813,6737,45,2,199.99
5814,6738,42,2,99.99
5815,6738,41,1,59.99
5816,6738,43,1,179.99
5817,6739,39,1,179.99
5818,6739,42,1,99.99
5819,6739,40,2,59.99
5820,6739,41,1,59.99
5821,6740,37,2,199.99
5822,6741,35,1,29.99
5823,6742,33,1,99.99
5824,6742,34,1,69.99
5825,6743,31,1,24.99
5826,6743,30,1,149.99
5827,6744,28,1,99.99
5828,6744,29,1,89.99
5829,6745,27,1,119.99
5830,6745,26,1,39.99
5831,6746,24,2,79.99
5832,6746,27,1,119.99
5833,6747,22,1,149.99
5834,6747,23,1,299.99
5835,6747,24,2,79.99
5836,6748,21,1,249.99
5837,6748,20,1,249.99
5838,6748,22,2,149.99
5839,6749,17,1,699.99
5840,6749,18,1,449.99
5841,6749,19,1,899.99
5842,6749,21,1,249.99
5843,6750,15,1,549.99
5844,6751,13,1,999.99
5845,6752,11,1,299.99
5846,6752,12,1,499.99
5847,6753,9,1,699.99
5848,6753,11,1,299.99
5849,6754,6,1,179.99
5850,6754,7,1,329.99
5851,6755,4,1,649.99
5852,6755,5,1,2199.99
5853,6756,2,1,1299.99
5854,6756,4,1,649.99
5855,6757,1,2,899.99
5856,6757,2,1,1299.99
5857,6757,4,2,649.99
5858,6758,1,1,899.99
5859,6758,2,2,1299.99
5860,6758,4,1,649.99
5861,6759,1,1,899.99
5862,6759,2,1,1299.99
5863,6759,4,1,649.99
5864,6759,3,2,1799.99
5865,6760,1,1,899.99
5866,6761,50,2,49.99
5867,6762,49,1,19.99
5868,6762,48,2,59.99
5869,6763,46,3,49.99
5870,6763,47,1,69.99
5871,6764,44,1,119.99
5872,6764,45,2,199.99
5873,6765,42,2,99.99
5874,6765,41,1,59.99
5875,6766,39,1,179.99
5876,6766,42,1,99.99
5877,6767,37,1,199.99
5878,6767,38,2,79.99
5879,6767,39,1,179.99
5880,6768,35,1,29.99
5881,6768,37,1,199.99
5882,6768,36,2,39.99
5883,6769,33,1,99.99
5884,6769,34,1,69.99
5885,6769,35,2,29.99
5886,6769,37,2,199.99
5887,6770,31,1,24.99
5888,6771,28,1,99.99
5889,6772,27,1,119.99
5890,6772,26,1,39.99
5891,6773,24,2,79.99
5892,6773,27,1,119.99
5893,6774,22,2,149.99
5894,6774,23,1,299.99
5895,6775,21,1,249.99
5896,6775,20,1,249.99
5897,6776,17,1,699.99
5898,6776,18,1,449.99
5899,6777,15,1,549.99
5900,6777,16,1,349.99
5901,6777,17,1,699.99
5902,6778,13,1,999.99
5903,6778,14,1,1299.99
5904,6778,15,2,549.99
5905,6779,11,1,299.99
5906,6779,12,1,499.99
5907,6779,13,2,999.99
5908,6779,14,1,1299.99
5909,6780,9,1,699.99
5910,6781,7,1,329.99
5911,6782,4,1,649.99
5912,6782,5,1,2199.99
5913,6783,2,1,1299.99
5914,6783,4,1,649.99
5915,6784,1,2,899.99
5916,6784,2,1,1299.99
5917,6785,1,1,899.99
5918,6785,2,2,1299.99
5919,6786,1,1,899.99
5920,6786,2,1,1299.99
5921,6787,1,2,899.99
5922,6787,2,1,1299.99
5923,6787,4,2,649.99
5924,6788,50,1,49.99
5925,6788,1,1,899.99
5926,6788,2,2,1299.99
5927,6789,49,3,19.99
5928,6789,48,2,59.99
5929,6789,50,1,49.99
5930,6789,1,1,899.99
5931,6790,46,2,49.99
5932,6791,44,1,119.99
5933,6792,42,1,99.99
5934,6792,41,1,59.99
5935,6793,39,1,179.99
5936,6793,42,1,99.99
5937,6794,37,1,199.99
5938,6794,38,2,79.99
5939,6795,35,3,29.99
5940,6795,37,1,199.99
5941,6796,33,1,99.99
5942,6796,34,1,69.99
5943,6797,31,1,24.99
5944,6797,32,1,79.99
5945,6797,33,2,99.99
5946,6798,28,3,99.99
5947,6798,29,1,89.99
5948,6798,31,3,24.99
5949,6799,27,1,119.99
5950,6799,26,1,39.99
5951,6799,28,2,99.99
5952,6799,29,3,89.99
5953,6800,24,2,79.99
5954,6801,22,2,149.99
5955,6802,21,1,249.99
5956,6802,20,1,249.99
5957,6803,17,2,699.99
5958,6803,18,1,449.99
5959,6804,15,1,549.99
5960,6804,16,1,349.99
5961,6805,13,1,999.99
5962,6805,14,1,1299.99
5963,6806,11,1,299.99
5964,6806,12,1,499.99
5965,6807,9,1,699.99
5966,6807,11,2,299.99
5967,6807,10,1,129.99
5968,6808,7,1,329.99
5969,6808,8,1,599.99
5970,6808,9,2,699.99
5971,6809,4,1,649.99
5972,6809,5,1,2199.99
5973,6809,6,2,179.99
5974,6809,7,2,329.99
5975,6810,2,1,1299.99
5976,6811,1,1,899.99
5977,6812,1,1,899.99
5978,6812,2,1,1299.99
5979,6813,1,1,899.99
5980,6813,2,1,1299.99
5981,6814,1,2,899.99
5982,6814,2,1,1299.99
5983,6815,50,1,49.99
5984,6815,1,1,899.99
5985,6816,49,3,19.99
5986,6816,48,1,59.99
5987,6817,46,2,49.99
5988,6817,47,3,69.99
5989,6817,49,1,19.99
5990,6818,44,1,119.99
5991,6818,45,2,199.99
5992,6818,46,1,49.99
5993,6819,42,1,99.99
5994,6819,41,1,59.99
5995,6819,43,2,179.99
5996,6819,44,1,119.99
5997,6820,39,1,179.99
5998,6821,37,1,199.99
5999,6822,35,3,29.99
6000,6822,37,1,199.99
6001,6823,33,3,99.99
6002,6823,34,1,69.99
6003,6824,31,1,24.99
6004,6824,32,1,79.99
6005,6825,28,3,99.99
6006,6825,29,1,89.99
6007,6826,27,1,119.99
6008,6826,26,3,39.99
6009,6827,24,2,79.99
6010,6827,27,3,119.99
6011,6827,25,2,229.99
6012,6828,22,2,149.99
6013,6828,23,1,299.99
6014,6828,24,1,79.99
6015,6829,21,1,249.99
6016,6829,20,1,249.99
6017,6829,22,1,149.99
6018,6829,23,2,299.99
6019,6830,18,1,449.99
6020,6831,15,2,549.99
6021,6832,13,1,999.99
6022,6832,14,1,1299.99
6023,6833,11,1,299.99
6024,6833,12,1,499.99
6025,6834,9,1,699.99
6026,6834,11,2,299.99
6027,6835,7,1,329.99
6028,6835,8,1,599.99
6029,6836,4,1,649.99
6030,6836,5,1,2199.99
6031,6837,2,1,1299.99
6032,6837,4,2,649.99
6033,6837,3,1,1799.99
6034,6838,1,1,899.99
6035,6838,2,2,1299.99
6036,6838,4,1,649.99
6037,6839,1,1,899.99
6038,6839,2,1,1299.99
6039,6839,4,1,649.99
6040,6839,3,2,1799.99
6041,6840,1,1,899.99
6042,6841,1,1,899.99
6043,6842,50,1,49.99
6044,6842,1,1,899.99
6045,6843,49,2,19.99
6046,6843,48,1,59.99
6047,6844,46,1,49.99
6048,6844,47,3,69.99
6049,6845,44,1,119.99
6050,6845,45,1,199.99
6051,6846,42,1,99.99
6052,6846,43,2,179.99
6053,6847,39,1,179.99
6054,6847,42,1,99.99
6055,6847,40,1,59.99
6056,6848,37,1,199.99
6057,6848,38,1,79.99
6058,6848,39,2,179.99
6059,6849,35,2,29.99
6060,6849,37,2,199.99
6061,6849,36,2,39.99
6062,6849,38,1,79.99
6063,6850,33,3,99.99
6064,6851,31,3,24.99
6065,6852,28,2,99.99
6066,6852,29,1,89.99
6067,6853,27,1,119.99
6068,6853,26,3,39.99
6069,6854,24,1,79.99
6070,6854,27,3,119.99
6071,6855,22,2,149.99
6072,6855,23,2,299.99
6073,6856,21,1,249.99
6074,6856,20,2,249.99
6075,6857,18,1,449.99
6076,6857,19,1,899.99
6077,6857,21,2,249.99
6078,6858,15,2,549.99
6079,6858,16,1,349.99
6080,6858,17,1,699.99
6081,6859,13,2,999.99
6082,6859,14,1,1299.99
6083,6859,15,1,549.99
6084,6859,16,2,349.99
6085,6860,11,1,299.99
6086,6861,9,2,699.99
6087,6862,7,1,329.99
6088,6862,8,1,599.99
6089,6863,5,1,2199.99
6090,6863,6,1,179.99
6091,6864,2,1,1299.99
6092,6864,4,1,649.99
6093,6865,1,1,899.99
6094,6865,2,2,1299.99
6095,6866,1,1,899.99
6096,6866,2,1,1299.99
6097,6867,1,2,899.99
6098,6867,2,1,1299.99
6099,6867,4,2,649.99
6100,6868,1,1,899.99
6101,6868,2,2,1299.99
6102,6868,4,1,649.99
6103,6869,50,1,49.99
6104,6869,1,1,899.99
6105,6869,2,1,1299.99
6106,6869,4,1,649.99
6107,6870,49,2,19.99
6108,6871,46,1,49.99
6109,6872,44,1,119.99
6110,6872,45,1,199.99
6111,6873,42,1,99.99
6112,6873,43,1,179.99
6113,6874,39,1,179.99
6114,6874,42,2,99.99
6115,6875,37,1,199.99
6116,6875,38,1,79.99
6117,6876,35,2,29.99
6118,6876,37,2,199.99
6119,6877,33,2,99.99
6120,6877,34,1,69.99
6121,6877,35,1,29.99
6122,6878,31,3,24.99
6123,6878,32,1,79.99
6124,6878,33,1,99.99
6125,6879,29,3,89.99
6126,6879,31,1,24.99
6127,6879,30,1,149.99
6128,6879,32,3,79.99
6129,6880,27,1,119.99
6130,6881,24,1,79.99
6131,6882,22,1,149.99
6132,6882,23,2,299.99
6133,6883,21,2,249.99
6134,6883,20,2,249.99
6135,6884,18,2,449.99
6136,6884,19,1,899.99
6137,6885,15,1,549.99
6138,6885,16,1,349.99
6139,6886,13,2,999.99
6140,6886,14,1,1299.99
6141,6887,11,2,299.99
6142,6887,12,1,499.99
6143,6887,13,1,999.99
6144,6888,9,2,699.99
6145,6888,11,1,299.99
6146,6888,10,1,129.99
6147,6889,7,2,329.99
6148,6889,8,1,599.99
6149,6889,9,1,699.99
6150,6889,11,1,299.99
6151,6890,5,1,2199.99
6152,6891,2,1,1299.99
6153,6892,1,1,899.99
6154,6892,2,1,1299.99
6155,6893,1,1,899.99
6156,6893,2,1,1299.99
6157,6894,1,2,899.99
6158,6894,2,1,1299.99
6159,6895,1,1,899.99
6160,6895,2,2,1299.99
6161,6896,50,1,49.99
6162,6896,1,1,899.99
6163,6897,49,1,19.99
6164,6897,48,1,59.99
6165,6897,50,3,49.99
6166,6898,46,1,49.99
6167,6898,47,2,69.99
6168,6898,49,1,19.99
6169,6899,44,1,119.99
6170,6899,45,1,199.99
6171,6899,46,1,49.99
6172,6899,47,1,69.99
6173,6900,42,1,99.99
6174,6901,39,2,179.99
6175,6902,37,1,199.99
6176,6902,38,1,79.99
6177,6903,35,1,29.99
6178,6903,37,2,199.99
6179,6904,33,2,99.99
6180,6904,34,3,69.99
6181,6905,31,2,24.99
6182,6905,32,1,79.99
6183,6906,29,3,89.99
6184,6906,31,1,24.99
6185,6907,27,3,119.99
6186,6907,26,2,39.99
6187,6907,28,1,99.99
6188,6908,24,1,79.99
6189,6908,27,2,119.99
6190,6908,25,2,229.99
6191,6909,22,1,149.99
6192,6909,23,2,299.99
6193,6909,24,1,79.99
6194,6909,27,1,119.99
6195,6910,21,2,249.99
6196,6911,18,2,449.99
6197,6912,16,2,349.99
6198,6912,17,1,699.99
6199,6913,13,1,999.99
6200,6913,14,1,1299.99
6201,6914,11,2,299.99
6202,6914,12,1,499.99
6203,6915,9,2,699.99
6204,6915,11,1,299.99
6205,6916,7,2,329.99
6206,6916,8,1,599.99
6207,6917,5,1,2199.99
6208,6917,6,1,179.99
6209,6917,7,1,329.99
6210,6918,2,2,1299.99
6211,6918,4,1,649.99
6212,6918,3,1,1799.99
6213,6919,1,1,899.99
6214,6919,2,1,1299.99
6215,6919,4,1,649.99
6216,6919,3,2,1799.99
6217,6920,1,1,899.99
6218,6921,1,1,899.99
6219,6922,1,1,899.99
6220,6922,2,1,1299.99
6221,6923,50,1,49.99
6222,6923,1,1,899.99
6223,6924,49,1,19.99
6224,6924,48,1,59.99
6225,6925,46,1,49.99
6226,6925,47,1,69.99
6227,6926,44,2,119.99
6228,6926,45,1,199.99
6229,6927,42,1,99.99
6230,6927,43,1,179.99
6231,6927,44,2,119.99
6232,6928,42,2,99.99
6233,6928,40,1,59.99
6234,6928,41,1,59.99
6235,6929,37,2,199.99
6236,6929,38,1,79.99
6237,6929,39,1,179.99
6238,6929,42,1,99.99
6239,6930,35,1,29.99
6240,6931,33,1,99.99
6241,6932,31,2,24.99
6242,6932,32,3,79.99
6243,6933,29,2,89.99
6244,6933,31,1,24.99
6245,6934,27,3,119.99
6246,6934,26,1,39.99
6247,6935,24,1,79.99
6248,6935,27,1,119.99
6249,6936,22,1,149.99
6250,6936,23,2,299.99
6251,6937,21,2,249.99
6252,6937,20,1,249.99
6253,6937,22,1,149.99
6254,6938,18,1,449.99
6255,6938,19,1,899.99
6256,6938,21,1,249.99
6257,6939,16,2,349.99
6258,6939,17,1,699.99
6259,6939,18,1,449.99
6260,6939,19,1,899.99
6261,6940,13,1,999.99
6262,6941,11,1,299.99
6263,6942,9,2,699.99
6264,6942,11,1,299.99
6265,6943,7,2,329.99
6266,6943,8,1,599.99
6267,6944,5,1,2199.99
6268,6944,6,1,179.99
6269,6945,4,1,649.99
6270,6945,3,1,1799.99
6271,6946,1,1,899.99
6272,6946,2,1,1299.99
6273,6947,1,2,899.99
6274,6947,2,1,1299.99
6275,6947,4,2,649.99
6276,6948,1,1,899.99
6277,6948,2,2,1299.99
6278,6948,4,1,649.99
6279,6949,1,1,899.99
6280,6949,2,1,1299.99
6281,6949,4,1,649.99
6282,6949,3,2,1799.99
6283,6950,50,3,49.99
6284,6951,49,1,19.99
6285,6952,46,1,49.99
6286,6952,47,1,69.99
6287,6953,44,2,119.99
6288,6953,45,1,199.99
6289,6954,42,2,99.99
6290,6954,43,1,179.99
6291,6955,42,2,99.99
6292,6955,40,1,59.99
6293,6956,37,2,199.99
6294,6956,38,1,79.99
6295,6957,35,1,29.99
6296,6957,37,1,199.99
6297,6957,36,1,39.99
6298,6958,33,1,99.99
6299,6958,34,2,69.99
6300,6958,35,1,29.99
6301,6959,31,1,24.99
6302,6959,32,3,79.99
6303,6959,33,1,99.99
6304,6959,34,1,69.99
6305,6960,29,2,89.99
6306,6961,27,2,119.99
6307,6962,24,1,79.99
6308,6962,27,1,119.99
6309,6963,22,1,149.99
6310,6963,23,1,299.99
6311,6964,21,2,249.99
6312,6964,20,1,249.99
6313,6965,18,1,449.99
6314,6965,19,2,899.99
6315,6966,16,1,349.99
6316,6966,17,1,699.99
6317,6967,13,1,999.99
6318,6967,14,2,1299.99
6319,6967,15,1,549.99
6320,6968,11,1,299.99
6321,6968,12,2,499.99
6322,6968,13,1,999.99
6323,6969,9,1,699.99
6324,6969,11,1,299.99
6325,6969,10,2,129.99
6326,6969,12,1,499.99
6327,6970,7,2,329.99
6328,6971,5,2,2199.99
6329,6972,4,1,649.99
6330,6972,3,1,1799.99
6331,6973,1,1,899.99
6332,6973,2,1,1299.99
6333,6974,1,2,899.99
6334,6974,2,1,1299.99
6335,6975,1,1,899.99
6336,6975,2,2,1299.99
6337,6976,1,1,899.99
6338,6976,2,1,1299.99
6339,6977,1,2,899.99
6340,6977,2,1,1299.99
6341,6977,4,2,649.99
6342,6978,49,1,19.99
6343,6978,48,3,59.99
6344,6978,50,1,49.99
6345,6979,46,1,49.99
6346,6979,47,1,69.99
6347,6979,49,3,19.99
6348,6979,48,2,59.99
6349,6980,44,2,119.99
6350,6981,42,2,99.99
6351,6982,42,1,99.99
6352,6982,40,2,59.99
6353,6983,37,2,199.99
6354,6983,38,1,79.99
6355,6984,35,1,29.99
6356,6984,37,1,199.99
6357,6985,33,1,99.99
6358,6985,34,2,69.99
6359,6986,31,1,24.99
6360,6986,32,2,79.99
6361,6987,29,1,89.99
6362,6987,31,1,24.99
6363,6987,30,3,149.99
6364,6988,27,2,119.99
6365,6988,28,3,99.99
6366,6988,29,1,89.99
6367,6989,24,1,79.99
6368,6989,27,1,119.99
6369,6989,25,1,229.99
6370,6989,26,1,39.99
6371,6990,22,1,149.99
6372,6991,21,1,249.99
6373,6992,18,1,449.99
6374,6992,19,2,899.99
6375,6993,16,1,349.99
6376,6993,17,2,699.99
6377,6994,14,1,1299.99
6378,6994,15,1,549.99
6379,6995,11,1,299.99
6380,6995,12,2,499.99
6381,6996,9,1,699.99
6382,6996,11,1,299.99
6383,6997,7,1,329.99
6384,6997,8,2,599.99
6385,6997,9,1,699.99
6386,6998,5,2,2199.99
6387,6998,6,2,179.99
6388,6998,7,1,329.99
6389,6999,4,1,649.99
6390,6999,3,2,1799.99
6391,6999,5,1,2199.99
6392,6999,6,2,179.99
6393,7000,1,1,899.99
6394,7001,1,1,899.99
6395,7002,1,1,899.99
6396,7002,2,1,1299.99
6397,7003,1,1,899.99
6398,7003,2,1,1299.99
6399,7004,1,2,899.99
6400,7004,2,1,1299.99
6401,7005,49,1,19.99
6402,7005,48,3,59.99
6403,7006,46,3,49.99
6404,7006,47,1,69.99
6405,7007,44,2,119.99
6406,7007,45,2,199.99
6407,7007,46,2,49.99
6408,7008,42,2,99.99
6409,7008,43,1,179.99
6410,7008,44,1,119.99
6411,7009,42,1,99.99
6412,7009,40,2,59.99
6413,7009,41,1,59.99
6414,7009,43,2,179.99
6415,7010,38,2,79.99
6416,7011,35,1,29.99
6417,7012,33,1,99.99
6418,7012,34,1,69.99
6419,7013,31,1,24.99
6420,7013,32,2,79.99
6421,7014,29,1,89.99
6422,7014,31,1,24.99
6423,7015,27,1,119.99
6424,7015,28,3,99.99
6425,7016,24,2,79.99
6426,7016,27,1,119.99
6427,7017,22,1,149.99
6428,7017,23,1,299.99
6429,7017,24,2,79.99
6430,7018,21,1,249.99
6431,7018,20,1,249.99
6432,7018,22,2,149.99
6433,7019,18,1,449.99
6434,7019,19,1,899.99
6435,7019,21,1,249.99
6436,7019,20,1,249.99
6437,7020,16,1,349.99
6438,7021,14,1,1299.99
6439,7022,11,1,299.99
6440,7022,12,1,499.99
6441,7023,9,1,699.99
6442,7023,11,1,299.99
6443,7024,7,1,329.99
6444,7024,8,2,599.99
6445,7025,5,1,2199.99
6446,7025,6,2,179.99
6447,7026,4,1,649.99
6448,7026,3,2,1799.99
6449,7027,1,2,899.99
6450,7027,2,1,1299.99
6451,7027,4,2,649.99
6452,7028,1,1,899.99
6453,7028,2,2,1299.99
6454,7028,4,1,649.99
6455,7029,1,1,899.99
6456,7029,2,1,1299.99
6457,7029,4,1,649.99
6458,7029,3,2,1799.99
6459,7030,1,1,899.99
6460,7031,1,1,899.99
6461,7032,49,1,19.99
6462,7032,48,2,59.99
6463,7033,46,3,49.99
6464,7033,47,1,69.99
6465,7034,44,1,119.99
6466,7034,45,2,199.99
6467,7035,42,2,99.99
6468,7035,43,2,179.99
6469,7036,42,1,99.99
6470,7036,40,2,59.99
6471,7037,38,2,79.99
6472,7037,39,1,179.99
6473,7037,42,1,99.99
6474,7038,35,1,29.99
6475,7038,37,1,199.99
6476,7038,36,2,39.99
6477,7039,33,1,99.99
6478,7039,34,1,69.99
6479,7039,35,2,29.99
6480,7039,37,2,199.99
6481,7040,31,1,24.99
6482,7041,29,1,89.99
6483,7042,27,1,119.99
6484,7042,28,2,99.99
6485,7043,27,1,119.99
6486,7043,25,1,229.99
6487,7044,22,2,149.99
6488,7044,23,1,299.99
6489,7045,21,1,249.99
6490,7045,20,1,249.99
6491,7046,18,1,449.99
6492,7046,19,1,899.99
6493,7047,16,1,349.99
6494,7047,17,1,699.99
6495,7047,18,1,449.99
6496,7048,14,1,1299.99
6497,7048,15,2,549.99
6498,7048,16,1,349.99
6499,7049,11,1,299.99
6500,7049,12,1,499.99
6501,7049,13,2,999.99
6502,7049,14,1,1299.99
6503,7050,9,1,699.99
6504,7051,7,1,329.99
6505,7052,5,1,2199.99
6506,7052,6,2,179.99
6507,7053,4,1,649.99
6508,7053,3,1,1799.99
6509,7054,1,2,899.99
6510,7054,2,1,1299.99
6511,7055,1,1,899.99
6512,7055,2,2,1299.99
6513,7056,1,1,899.99
6514,7056,2,1,1299.99
6515,7057,1,2,899.99
6516,7057,2,1,1299.99
6517,7057,4,2,649.99
6518,7058,1,1,899.99
6519,7058,2,2,1299.99
6520,7058,4,1,649.99
6521,7059,49,3,19.99
6522,7059,50,1,49.99
6523,7059,1,1,899.99
6524,7059,2,1,1299.99
6525,7060,46,2,49.99
6526,7061,44,1,119.99
6527,7062,42,1,99.99
6528,7062,43,2,179.99
6529,7063,42,1,99.99
6530,7063,40,2,59.99
6531,7064,38,2,79.99
6532,7064,39,1,179.99
6533,7065,35,3,29.99
6534,7065,37,1,199.99
6535,7066,33,1,99.99
6536,7066,34,1,69.99
6537,7067,31,1,24.99
6538,7067,32,1,79.99
6539,7067,33,2,99.99
6540,7068,29,1,89.99
6541,7068,31,3,24.99
6542,7068,30,1,149.99
6543,7069,27,1,119.99
6544,7069,28,2,99.99
6545,7069,29,3,89.99
6546,7069,31,1,24.99
6547,7070,27,1,119.99
6548,7071,22,2,149.99
6549,7072,21,1,249.99
6550,7072,20,1,249.99
6551,7073,18,1,449.99
6552,7073,19,1,899.99
6553,7074,16,1,349.99
6554,7074,17,1,699.99
6555,7075,14,1,1299.99
6556,7075,15,1,549.99
6557,7076,12,1,499.99
6558,7076,13,2,999.99
6559,7077,9,1,699.99
6560,7077,11,2,299.99
6561,7077,10,1,129.99
6562,7078,7,1,329.99
6563,7078,8,1,599.99
6564,7078,9,2,699.99
6565,7079,5,1,2199.99
6566,7079,6,2,179.99
6567,7079,7,2,329.99
6568,7079,8,1,599.99
6569,7080,4,2,649.99
6570,7081,1,1,899.99
6571,7082,1,1,899.99
6572,7082,2,1,1299.99
6573,7083,1,1,899.99
6574,7083,2,1,1299.99
6575,7084,1,2,899.99
6576,7084,2,1,1299.99
6577,7085,1,1,899.99
6578,7085,2,2,1299.99
6579,7086,49,3,19.99
6580,7086,50,1,49.99
6581,7087,46,2,49.99
6582,7087,47,3,69.99
6583,7087,49,1,19.99
6584,7088,44,1,119.99
6585,7088,45,2,199.99
6586,7088,46,1,49.99
6587,7089,42,1,99.99
6588,7089,43,2,179.99
6589,7089,44,1,119.99
6590,7089,45,1,199.99
6591,7090,42,1,99.99
6592,7091,38,2,79.99
6593,7092,37,1,199.99
6594,7092,36,2,39.99
6595,7093,33,3,99.99
6596,7093,34,1,69.99
6597,7094,31,1,24.99
6598,7094,32,1,79.99
6599,7095,29,1,89.99
6600,7095,31,2,24.99
6601,7096,27,1,119.99
6602,7096,28,1,99.99
6603,7097,27,3,119.99
6604,7097,25,2,229.99
6605,7097,26,2,39.99
6606,7098,22,2,149.99
6607,7098,23,1,299.99
6608,7098,24,1,79.99
6609,7099,21,1,249.99
6610,7099,20,1,249.99
6611,7099,22,1,149.99
6612,7099,23,2,299.99
6613,7100,18,1,449.99
6614,7101,16,1,349.99
6615,7102,14,1,1299.99
6616,7102,15,1,549.99
6617,7103,12,1,499.99
6618,7103,13,1,999.99
6619,7104,9,1,699.99
6620,7104,11,2,299.99
6621,7105,7,1,329.99
6622,7105,8,1,599.99
6623,7106,5,1,2199.99
6624,7106,6,1,179.99
6625,7107,4,2,649.99
6626,7107,3,1,1799.99
6627,7107,5,1,2199.99
6628,7108,1,1,899.99
6629,7108,2,2,1299.99
6630,7108,4,1,649.99
6631,7109,1,1,899.99
6632,7109,2,1,1299.99
6633,7109,4,1,649.99
6634,7109,3,2,1799.99
6635,7110,1,1,899.99
6636,7111,1,1,899.99
6637,7112,1,1,899.99
6638,7112,2,1,1299.99
6639,7113,49,2,19.99
6640,7113,50,1,49.99
6641,7114,46,1,49.99
6642,7114,47,3,69.99
6643,7115,44,1,119.99
6644,7115,45,1,199.99
6645,7116,42,1,99.99
6646,7116,43,2,179.99
6647,7117,42,1,99.99
6648,7117,40,1,59.99
6649,7117,41,2,59.99
6650,7118,38,1,79.99
6651,7118,39,2,179.99
6652,7118,42,2,99.99
6653,7119,37,2,199.99
6654,7119,36,2,39.99
6655,7119,38,1,79.99
6656,7119,39,1,179.99
6657,7120,33,3,99.99
6658,7121,31,3,24.99
6659,7122,29,1,89.99
6660,7122,31,2,24.99
6661,7123,27,1,119.99
6662,7123,28,1,99.99
6663,7124,27,3,119.99
6664,7124,25,2,229.99
6665,7125,23,2,299.99
6666,7125,24,1,79.99
6667,7126,21,1,249.99
6668,7126,20,2,249.99
6669,7127,18,1,449.99
6670,7127,19,1,899.99
6671,7127,21,2,249.99
6672,7128,16,1,349.99
6673,7128,17,1,699.99
6674,7128,18,1,449.99
6675,7129,14,1,1299.99
6676,7129,15,1,549.99
6677,7129,16,2,349.99
6678,7129,17,1,699.99
6679,7130,12,1,499.99
6680,7131,9,2,699.99
6681,7132,7,1,329.99
6682,7132,8,1,599.99
6683,7133,5,1,2199.99
6684,7133,6,1,179.99
6685,7134,4,1,649.99
6686,7134,3,1,1799.99
6687,7135,1,1,899.99
6688,7135,2,2,1299.99
6689,7136,1,1,899.99
6690,7136,2,1,1299.99
6691,7137,1,2,899.99
6692,7137,2,1,1299.99
6693,7137,4,2,649.99
6694,7138,1,1,899.99
6695,7138,2,2,1299.99
6696,7138,4,1,649.99
6697,7139,1,1,899.99
6698,7139,2,1,1299.99
6699,7139,4,1,649.99
6700,7139,3,2,1799.99
6701,7140,49,2,19.99
6702,7141,47,2,69.99
6703,7142,44,1,119.99
6704,7142,45,1,199.99
6705,7143,42,1,99.99
6706,7143,43,1,179.99
6707,7144,42,2,99.99
6708,7144,40,1,59.99
6709,7145,38,1,79.99
6710,7145,39,2,179.99
6711,7146,37,2,199.99
6712,7146,36,1,39.99
6713,7147,33,2,99.99
6714,7147,34,1,69.99
6715,7147,35,1,29.99
6716,7148,31,3,24.99
6717,7148,32,1,79.99
6718,7148,33,1,99.99
6719,7149,29,3,89.99
6720,7149,31,1,24.99
6721,7149,30,1,149.99
6722,7149,32,3,79.99
6723,7150,27,1,119.99
6724,7151,27,2,119.99
6725,7152,23,2,299.99
6726,7152,24,1,79.99
6727,7153,21,2,249.99
6728,7153,20,2,249.99
6729,7154,18,2,449.99
6730,7154,19,1,899.99
6731,7155,16,1,349.99
6732,7155,17,1,699.99
6733,7156,14,1,1299.99
6734,7156,15,1,549.99
6735,7157,12,1,499.99
6736,7157,13,1,999.99
6737,7157,14,2,1299.99
6738,7158,11,1,299.99
6739,7158,10,1,129.99
6740,7158,12,2,499.99
6741,7159,7,2,329.99
6742,7159,8,1,599.99
6743,7159,9,1,699.99
6744,7159,11,1,299.99
6745,7160,5,1,2199.99
6746,7161,4,1,649.99
6747,7162,1,1,899.99
6748,7162,2,1,1299.99
6749,7163,1,1,899.99
6750,7163,2,1,1299.99
6751,7164,1,2,899.99
6752,7164,2,1,1299.99
6753,7165,1,1,899.99
6754,7165,2,2,1299.99
6755,7166,1,1,899.99
6756,7166,2,1,1299.99
6757,7167,49,1,19.99
6758,7167,50,3,49.99
6759,7167,1,2,899.99
6760,7168,47,2,69.99
6761,7168,49,1,19.99
6762,7168,48,3,59.99
6763,7169,44,1,119.99
6764,7169,45,1,199.99
6765,7169,46,1,49.99
6766,7169,47,1,69.99
6767,7170,42,1,99.99
6768,7171,42,2,99.99
6769,7172,38,1,79.99
6770,7172,39,2,179.99
6771,7173,37,2,199.99
6772,7173,36,1,39.99
6773,7174,34,3,69.99
6774,7174,35,1,29.99
6775,7175,31,2,24.99
6776,7175,32,1,79.99
6777,7176,29,3,89.99
6778,7176,31,1,24.99
6779,7177,27,3,119.99
6780,7177,28,1,99.99
6781,7177,29,1,89.99
6782,7178,27,2,119.99
6783,7178,25,2,229.99
6784,7178,26,1,39.99
6785,7179,23,2,299.99
6786,7179,24,1,79.99
6787,7179,27,1,119.99
6788,7179,25,1,229.99
6789,7180,21,2,249.99
6790,7181,18,2,449.99
6791,7182,16,2,349.99
6792,7182,17,1,699.99
6793,7183,14,1,1299.99
6794,7183,15,1,549.99
6795,7184,12,1,499.99
6796,7184,13,1,999.99
6797,7185,11,1,299.99
6798,7185,10,1,129.99
6799,7186,7,2,329.99
6800,7186,8,1,599.99
6801,7187,5,1,2199.99
6802,7187,6,1,179.99
6803,7187,7,1,329.99
6804,7188,4,1,649.99
6805,7188,3,1,1799.99
6806,7188,5,2,2199.99
6807,7189,1,1,899.99
6808,7189,2,1,1299.99
6809,7189,4,1,649.99
6810,7189,3,2,1799.99
6811,7190,1,1,899.99
6812,7191,1,1,899.99
6813,7192,1,1,899.99
6814,7192,2,1,1299.99
6815,7193,1,1,899.99
6816,7193,2,1,1299.99
6817,7194,49,1,19.99
6818,7194,50,2,49.99
6819,7195,47,1,69.99
6820,7195,49,1,19.99
6821,7196,44,2,119.99
6822,7196,45,1,199.99
6823,7197,42,1,99.99
6824,7197,43,1,179.99
6825,7197,44,2,119.99
6826,7198,42,2,99.99
6827,7198,40,1,59.99
6828,7198,41,1,59.99
6829,7199,38,1,79.99
6830,7199,39,1,179.99
6831,7199,42,1,99.99
6832,7199,40,2,59.99
6833,7200,37,2,199.99
6834,7201,34,3,69.99
6835,7202,31,2,24.99
6836,7202,32,3,79.99
6837,7203,29,2,89.99
6838,7203,31,1,24.99
6839,7204,27,3,119.99
6840,7204,28,1,99.99
6841,7205,27,1,119.99
6842,7205,25,1,229.99
6843,7206,23,2,299.99
6844,7206,24,2,79.99
6845,7207,21,2,249.99
6846,7207,22,1,149.99
6847,7207,23,1,299.99
6848,7208,18,1,449.99
6849,7208,19,1,899.99
6850,7208,21,1,249.99
6851,7209,16,2,349.99
6852,7209,17,1,699.99
6853,7209,18,1,449.99
6854,7209,19,1,899.99
6855,7210,14,2,1299.99
6856,7211,12,1,499.99
6857,7212,11,1,299.99
6858,7212,10,2,129.99
6859,7213,7,2,329.99
6860,7213,8,1,599.99
6861,7214,5,1,2199.99
6862,7214,6,1,179.99
6863,7215,4,1,649.99
6864,7215,3,1,1799.99
6865,7216,1,1,899.99
6866,7216,2,1,1299.99
6867,7217,1,2,899.99
6868,7217,2,1,1299.99
6869,7217,4,2,649.99
6870,7218,1,1,899.99
6871,7218,2,2,1299.99
6872,7218,4,1,649.99
6873,7219,1,1,899.99
6874,7219,2,1,1299.99
6875,7219,4,1,649.99
6876,7219,3,2,1799.99
6877,7220,1,1,899.99
6878,7221,49,1,19.99
6879,7222,47,1,69.99
6880,7222,49,1,19.99
6881,7223,45,1,199.99
6882,7223,46,3,49.99
6883,7224,42,2,99.99
6884,7224,43,1,179.99
6885,7225,42,2,99.99
6886,7225,40,1,59.99
6887,7226,38,1,79.99
6888,7226,39,1,179.99
6889,7227,37,1,199.99
6890,7227,36,1,39.99
6891,7227,38,2,79.99
6892,7228,34,2,69.99
6893,7228,35,1,29.99
6894,7228,37,1,199.99
6895,7229,31,1,24.99
6896,7229,32,3,79.99
6897,7229,33,1,99.99
6898,7229,34,1,69.99
6899,7230,29,2,89.99
6900,7231,27,2,119.99
6901,7232,27,1,119.99
6902,7232,25,1,229.99
6903,7233,23,1,299.99
6904,7233,24,2,79.99
6905,7234,21,2,249.99
6906,7234,22,2,149.99
6907,7235,18,1,449.99
6908,7235,19,2,899.99
6909,7236,16,1,349.99
6910,7236,17,1,699.99
6911,7237,14,2,1299.99
6912,7237,15,1,549.99
6913,7237,16,1,349.99
6914,7238,12,2,499.99
6915,7238,13,1,999.99
6916,7238,14,1,1299.99
6917,7239,11,1,299.99
6918,7239,10,2,129.99
6919,7239,12,1,499.99
6920,7239,13,2,999.99
6921,7240,8,2,599.99
6922,7241,5,2,2199.99
6923,7242,4,1,649.99
6924,7242,3,1,1799.99
6925,7243,1,1,899.99
6926,7243,2,1,1299.99
6927,7244,1,2,899.99
6928,7244,2,1,1299.99
6929,7245,1,1,899.99
6930,7245,2,2,1299.99
6931,7246,1,1,899.99
6932,7246,2,1,1299.99
6933,7247,1,2,899.99
6934,7247,2,1,1299.99
6935,7247,4,2,649.99
6936,7248,49,1,19.99
6937,7248,50,1,49.99
6938,7248,1,1,899.99
6939,7249,47,1,69.99
6940,7249,49,3,19.99
6941,7249,48,2,59.99
6942,7249,50,1,49.99
6943,7250,45,1,199.99
6944,7251,42,2,99.99
6945,7252,42,1,99.99
6946,7252,40,2,59.99
6947,7253,38,1,79.99
6948,7253,39,1,179.99
6949,7254,37,1,199.99
6950,7254,36,1,39.99
6951,7255,34,2,69.99
6952,7255,35,3,29.99
6953,7256,32,2,79.99
6954,7256,33,1,99.99
6955,7257,29,1,89.99
6956,7257,31,1,24.99
6957,7257,30,3,149.99
6958,7258,27,2,119.99
6959,7258,28,3,99.99
6960,7258,29,1,89.99
6961,7259,27,1,119.99
6962,7259,25,1,229.99
6963,7259,26,1,39.99
6964,7259,28,2,99.99
6965,7260,23,1,299.99
6966,7261,21,1,249.99
6967,7262,18,1,449.99
6968,7262,19,2,899.99
6969,7263,16,1,349.99
6970,7263,17,2,699.99
6971,7264,14,1,1299.99
6972,7264,15,1,549.99
6973,7265,12,2,499.99
6974,7265,13,1,999.99
6975,7266,11,1,299.99
6976,7266,10,2,129.99
6977,7267,8,2,599.99
6978,7267,9,1,699.99
6979,7267,11,2,299.99
6980,7268,5,2,2199.99
6981,7268,6,2,179.99
6982,7268,7,1,329.99
6983,7269,4,1,649.99
6984,7269,3,2,1799.99
6985,7269,5,1,2199.99
6986,7269,6,2,179.99
6987,7270,1,1,899.99
6988,7271,1,1,899.99
6989,7272,1,1,899.99
6990,7272,2,1,1299.99
6991,7273,1,1,899.99
6992,7273,2,1,1299.99
6993,7274,1,2,899.99
6994,7274,2,1,1299.99
6995,7275,49,1,19.99
6996,7275,50,1,49.99
6997,7276,47,1,69.99
6998,7276,49,3,19.99
6999,7277,45,2,199.99
7000,7277,46,2,49.99
7001,7277,47,3,69.99
7002,7278,42,2,99.99
7003,7278,43,1,179.99
7004,7278,44,1,119.99
7005,7279,42,1,99.99
7006,7279,40,2,59.99
7007,7279,41,1,59.99
7008,7279,43,2,179.99
7009,7280,38,2,79.99
7010,7281,37,1,199.99
7011,7282,34,1,69.99
7012,7282,35,3,29.99
7013,7283,32,2,79.99
7014,7283,33,3,99.99
7015,7284,29,1,89.99
7016,7284,31,1,24.99
7017,7285,27,1,119.99
7018,7285,28,3,99.99
7019,7286,27,1,119.99
7020,7286,25,1,229.99
7021,7287,23,1,299.99
7022,7287,24,2,79.99
7023,7287,27,3,119.99
7024,7288,21,1,249.99
7025,7288,22,2,149.99
7026,7288,23,1,299.99
7027,7289,19,1,899.99
7028,7289,21,1,249.99
7029,7289,20,1,249.99
7030,7289,22,1,149.99
7031,7290,16,1,349.99
7032,7291,14,1,1299.99
7033,7292,12,1,499.99
7034,7292,13,1,999.99
7035,7293,11,1,299.99
7036,7293,10,2,129.99
7037,7294,8,2,599.99
7038,7294,9,1,699.99
7039,7295,5,1,2199.99
7040,7295,6,2,179.99
7041,7296,4,1,649.99
7042,7296,3,2,1799.99
7043,7297,1,2,899.99
7044,7297,2,1,1299.99
7045,7297,4,2,649.99
7046,7298,1,1,899.99
7047,7298,2,2,1299.99
7048,7298,4,1,649.99
7049,7299,1,1,899.99
7050,7299,2,1,1299.99
7051,7299,4,1,649.99
7052,7299,3,2,1799.99
7053,7300,1,1,899.99
7054,7301,1,1,899.99
7055,7302,49,1,19.99
7056,7302,50,1,49.99
7057,7303,47,1,69.99
7058,7303,49,2,19.99
7059,7304,45,2,199.99
7060,7304,46,1,49.99
7061,7305,43,2,179.99
7062,7305,44,1,119.99
7063,7306,42,1,99.99
7064,7306,40,2,59.99
7065,7307,38,2,79.99
7066,7307,39,1,179.99
7067,7307,42,1,99.99
7068,7308,37,1,199.99
7069,7308,36,2,39.99
7070,7308,38,1,79.99
7071,7309,34,1,69.99
7072,7309,35,2,29.99
7073,7309,37,2,199.99
7074,7309,36,2,39.99
7075,7310,32,1,79.99
7076,7311,29,1,89.99
7077,7312,27,1,119.99
7078,7312,28,2,99.99
7079,7313,27,1,119.99
7080,7313,25,1,229.99
7081,7314,23,1,299.99
7082,7314,24,1,79.99
7083,7315,21,1,249.99
7084,7315,22,2,149.99
7085,7316,19,1,899.99
7086,7316,21,1,249.99
7087,7317,16,1,349.99
7088,7317,17,1,699.99
7089,7317,18,1,449.99
7090,7318,14,1,1299.99
7091,7318,15,2,549.99
7092,7318,16,1,349.99
7093,7319,12,1,499.99
7094,7319,13,2,999.99
7095,7319,14,1,1299.99
7096,7319,15,1,549.99
7097,7320,11,1,299.99
7098,7321,8,2,599.99
7099,7322,6,2,179.99
7100,7322,7,1,329.99
7101,7323,4,1,649.99
7102,7323,3,1,1799.99
7103,7324,1,2,899.99
7104,7324,2,1,1299.99
7105,7325,1,1,899.99
7106,7325,2,2,1299.99
7107,7326,1,1,899.99
7108,7326,2,1,1299.99
7109,7327,1,2,899.99
7110,7327,2,1,1299.99
7111,7327,4,2,649.99
7112,7328,1,1,899.99
7113,7328,2,2,1299.99
7114,7328,4,1,649.99
7115,7329,49,3,19.99
7116,7329,50,1,49.99
7117,7329,1,1,899.99
7118,7329,2,1,1299.99
7119,7330,47,1,69.99
7120,7331,45,2,199.99
7121,7332,43,2,179.99
7122,7332,44,1,119.99
7123,7333,42,1,99.99
7124,7333,40,2,59.99
7125,7334,38,2,79.99
7126,7334,39,1,179.99
7127,7335,37,1,199.99
7128,7335,36,2,39.99
7129,7336,34,1,69.99
7130,7336,35,2,29.99
7131,7337,32,1,79.99
7132,7337,33,2,99.99
7133,7337,34,1,69.99
7134,7338,31,3,24.99
7135,7338,30,1,149.99
7136,7338,32,1,79.99
7137,7339,27,1,119.99
7138,7339,28,2,99.99
7139,7339,29,3,89.99
7140,7339,31,1,24.99
7141,7340,27,1,119.99
7142,7341,23,1,299.99
7143,7342,21,1,249.99
7144,7342,22,1,149.99
7145,7343,19,1,899.99
7146,7343,21,2,249.99
7147,7344,16,1,349.99
7148,7344,17,1,699.99
7149,7345,14,1,1299.99
7150,7345,15,1,549.99
7151,7346,12,1,499.99
7152,7346,13,2,999.99
7153,7347,11,2,299.99
7154,7347,10,1,129.99
7155,7347,12,1,499.99
7156,7348,8,1,599.99
7157,7348,9,2,699.99
7158,7348,11,1,299.99
7159,7349,6,2,179.99
7160,7349,7,2,329.99
7161,7349,8,1,599.99
7162,7349,9,1,699.99
7163,7350,4,2,649.99
7164,7351,1,1,899.99
7165,7352,1,1,899.99
7166,7352,2,1,1299.99
7167,7353,1,1,899.99
7168,7353,2,1,1299.99
7169,7354,1,2,899.99
7170,7354,2,1,1299.99
7171,7355,1,1,899.99
7172,7355,2,2,1299.99
7173,7356,49,3,19.99
7174,7356,50,1,49.99
7175,7357,47,3,69.99
7176,7357,49,1,19.99
7177,7357,48,1,59.99
7178,7358,45,2,199.99
7179,7358,46,1,49.99
7180,7358,47,2,69.99
7181,7359,43,2,179.99
7182,7359,44,1,119.99
7183,7359,45,1,199.99
7184,7359,46,1,49.99
7185,7360,42,1,99.99
7186,7361,38,2,79.99
7187,7362,37,1,199.99
7188,7362,36,2,39.99
7189,7363,34,1,69.99
7190,7363,35,1,29.99
7191,7364,32,1,79.99
7192,7364,33,2,99.99
7193,7365,31,2,24.99
7194,7365,30,1,149.99
7195,7366,27,1,119.99
7196,7366,28,1,99.99
7197,7367,27,3,119.99
7198,7367,25,2,229.99
7199,7367,26,2,39.99
7200,7368,23,1,299.99
7201,7368,24,1,79.99
7202,7368,27,2,119.99
7203,7369,21,1,249.99
7204,7369,22,1,149.99
7205,7369,23,2,299.99
7206,7369,24,1,79.99
7207,7370,19,1,899.99
7208,7371,17,1,699.99
7209,7372,14,1,1299.99
7210,7372,15,1,549.99
7211,7373,12,1,499.99
7212,7373,13,1,999.99
7213,7374,11,2,299.99
7214,7374,10,1,129.99
7215,7375,8,1,599.99
7216,7375,9,2,699.99
7217,7376,6,1,179.99
7218,7376,7,2,329.99
7219,7377,4,2,649.99
7220,7377,3,1,1799.99
7221,7377,5,1,2199.99
7222,7378,1,1,899.99
7223,7378,2,2,1299.99
7224,7378,4,1,649.99
7225,7379,1,1,899.99
7226,7379,2,1,1299.99
7227,7379,4,1,649.99
7228,7379,3,2,1799.99
7229,7380,1,1,899.99
7230,7381,1,1,899.99
7231,7382,1,1,899.99
7232,7382,2,1,1299.99
7233,7383,49,2,19.99
7234,7383,50,1,49.99
7235,7384,47,3,69.99
7236,7384,49,1,19.99
7237,7385,45,1,199.99
7238,7385,46,1,49.99
7239,7386,43,2,179.99
7240,7386,44,2,119.99
7241,7387,42,1,99.99
7242,7387,41,2,59.99
7243,7387,43,1,179.99
7244,7388,38,1,79.99
7245,7388,39,2,179.99
7246,7388,42,2,99.99
7247,7389,37,2,199.99
7248,7389,36,2,39.99
7249,7389,38,1,79.99
7250,7389,39,1,179.99
7251,7390,34,1,69.99
7252,7391,32,1,79.99
7253,7392,31,2,24.99
7254,7392,30,1,149.99
7255,7393,27,1,119.99
7256,7393,28,1,99.99
7257,7394,27,3,119.99
7258,7394,25,2,229.99
7259,7395,23,2,299.99
7260,7395,24,1,79.99
7261,7396,21,1,249.99
7262,7396,22,1,149.99
7263,7397,19,1,899.99
7264,7397,21,2,249.99
7265,7397,20,1,249.99
7266,7398,17,1,699.99
7267,7398,18,1,449.99
7268,7398,19,1,899.99
7269,7399,14,1,1299.99
7270,7399,15,1,549.99
7271,7399,16,2,349.99
7272,7399,17,1,699.99
7273,7400,12,1,499.99
7274,7401,11,1,299.99
7275,7402,8,1,599.99
7276,7402,9,2,699.99
7277,7403,6,1,179.99
7278,7403,7,2,329.99
7279,7404,4,1,649.99
7280,7404,5,1,2199.99
7281,7405,1,1,899.99
7282,7405,2,2,1299.99
7283,7406,1,1,899.99
7284,7406,2,1,1299.99
7285,7407,1,2,899.99
7286,7407,2,1,1299.99
7287,7407,4,2,649.99
7288,7408,1,1,899.99
7289,7408,2,2,1299.99
7290,7408,4,1,649.99
7291,7409,1,1,899.99
7292,7409,2,1,1299.99
7293,7409,4,1,649.99
7294,7409,3,2,1799.99
7295,7410,49,2,19.99
7296,7411,47,2,69.99
7297,7412,45,1,199.99
7298,7412,46,1,49.99
7299,7413,43,1,179.99
7300,7413,44,2,119.99
7301,7414,42,2,99.99
7302,7414,41,2,59.99
7303,7415,38,1,79.99
7304,7415,39,2,179.99
7305,7416,37,2,199.99
7306,7416,36,1,39.99
7307,7417,34,1,69.99
7308,7417,35,1,29.99
7309,7417,37,1,199.99
7310,7418,32,1,79.99
7311,7418,33,1,99.99
7312,7418,34,2,69.99
7313,7419,31,1,24.99
7314,7419,30,1,149.99
7315,7419,32,3,79.99
7316,7419,33,1,99.99
7317,7420,28,1,99.99
7318,7421,27,2,119.99
7319,7422,23,2,299.99
7320,7422,24,1,79.99
7321,7423,21,2,249.99
7322,7423,22,1,149.99
7323,7424,19,1,899.99
7324,7424,21,2,249.99
7325,7425,17,1,699.99
7326,7425,18,1,449.99
7327,7426,14,1,1299.99
7328,7426,15,1,549.99
7329,7427,12,1,499.99
7330,7427,13,1,999.99
7331,7427,14,2,1299.99
7332,7428,11,1,299.99
7333,7428,10,1,129.99
7334,7428,12,2,499.99
7335,7429,8,1,599.99
7336,7429,9,1,699.99
7337,7429,11,1,299.99
7338,7429,10,2,129.99
7339,7430,6,1,179.99
7340,7431,4,1,649.99
7341,7432,1,1,899.99
7342,7432,2,1,1299.99
7343,7433,1,1,899.99
7344,7433,2,1,1299.99
7345,7434,1,2,899.99
7346,7434,2,1,1299.99
7347,7435,1,1,899.99
7348,7435,2,2,1299.99
7349,7436,1,1,899.99
7350,7436,2,1,1299.99
7351,7437,49,1,19.99
7352,7437,50,3,49.99
7353,7437,1,2,899.99
7354,7438,47,2,69.99
7355,7438,49,1,19.99
7356,7438,48,3,59.99
7357,7439,45,1,199.99
7358,7439,46,1,49.99
7359,7439,47,1,69.99
7360,7439,49,3,19.99
7361,7440,43,1,179.99
7362,7441,42,2,99.99
7363,7442,38,1,79.99
7364,7442,39,2,179.99
7365,7443,37,2,199.99
7366,7443,36,1,39.99
7367,7444,34,3,69.99
7368,7444,35,1,29.99
7369,7445,32,1,79.99
7370,7445,33,1,99.99
7371,7446,31,1,24.99
7372,7446,30,1,149.99
7373,7447,28,1,99.99
7374,7447,29,1,89.99
7375,7447,31,1,24.99
7376,7448,27,2,119.99
7377,7448,25,2,229.99
7378,7448,26,1,39.99
7379,7449,23,2,299.99
7380,7449,24,1,79.99
7381,7449,27,1,119.99
7382,7449,25,1,229.99
7383,7450,21,2,249.99
7384,7451,19,1,899.99
7385,7452,17,1,699.99
7386,7452,18,1,449.99
7387,7453,15,1,549.99
7388,7453,16,1,349.99
7389,7454,12,1,499.99
7390,7454,13,1,999.99
7391,7455,11,1,299.99
7392,7455,10,1,129.99
7393,7456,8,1,599.99
7394,7456,9,1,699.99
7395,7457,6,1,179.99
7396,7457,7,1,329.99
7397,7457,8,2,599.99
7398,7458,4,1,649.99
7399,7458,5,2,2199.99
7400,7458,6,2,179.99
7401,7459,1,1,899.99
7402,7459,2,1,1299.99
7403,7459,4,1,649.99
7404,7459,3,2,1799.99
7405,7460,1,1,899.99
7406,7461,1,1,899.99
7407,7462,1,1,899.99
7408,7462,2,1,1299.99
7409,7463,1,1,899.99
7410,7463,2,1,1299.99
7411,7464,49,1,19.99
7412,7464,50,2,49.99
7413,7465,47,1,69.99
7414,7465,49,1,19.99
7415,7466,45,1,199.99
7416,7466,46,3,49.99
7417,7467,43,1,179.99
7418,7467,44,2,119.99
7419,7467,45,2,199.99
7420,7468,42,2,99.99
7421,7468,41,1,59.99
7422,7468,43,1,179.99
7423,7469,39,1,179.99
7424,7469,42,1,99.99
7425,7469,40,2,59.99
7426,7469,41,1,59.99
7427,7470,37,2,199.99
7428,7471,34,3,69.99
7429,7472,32,3,79.99
7430,7472,33,1,99.99
7431,7473,31,1,24.99
7432,7473,30,1,149.99
7433,7474,28,1,99.99
7434,7474,29,1,89.99
7435,7475,27,1,119.99
7436,7475,25,1,229.99
7437,7476,23,2,299.99
7438,7476,24,2,79.99
7439,7477,21,2,249.99
7440,7477,22,1,149.99
7441,7477,23,1,299.99
7442,7478,19,1,899.99
7443,7478,21,1,249.99
7444,7478,20,1,249.99
7445,7479,17,1,699.99
7446,7479,18,1,449.99
7447,7479,19,1,899.99
7448,7479,21,1,249.99
7449,7480,15,1,549.99
7450,7481,12,1,499.99
7451,7482,11,1,299.99
7452,7482,10,2,129.99
7453,7483,8,1,599.99
7454,7483,9,1,699.99
7455,7484,6,1,179.99
7456,7484,7,1,329.99
7457,7485,4,1,649.99
7458,7485,5,1,2199.99
7459,7486,2,1,1299.99
7460,7486,4,1,649.99
7461,7487,1,2,899.99
7462,7487,2,1,1299.99
7463,7487,4,2,649.99
7464,7488,1,1,899.99
7465,7488,2,2,1299.99
7466,7488,4,1,649.99
7467,7489,1,1,899.99
7468,7489,2,1,1299.99
7469,7489,4,1,649.99
7470,7489,3,2,1799.99
7471,7490,1,1,899.99
7472,7491,49,1,19.99
7473,7492,47,1,69.99
7474,7492,49,1,19.99
7475,7493,45,1,199.99
7476,7493,46,3,49.99
7477,7494,43,1,179.99
7478,7494,44,1,119.99
7479,7495,42,2,99.99
7480,7495,41,1,59.99
7481,7496,39,1,179.99
7482,7496,42,1,99.99
7483,7497,37,1,199.99
7484,7497,36,1,39.99
7485,7497,38,2,79.99
7486,7498,34,2,69.99
7487,7498,35,1,29.99
7488,7498,37,1,199.99
7489,7499,32,3,79.99
7490,7499,33,1,99.99
7491,7499,34,1,69.99
7492,7499,35,2,29.99
7493,7500,31,1,24.99
7494,7501,28,1,99.99
7495,7502,27,1,119.99
7496,7502,26,1,39.99
7497,7503,23,1,299.99
7498,7503,24,2,79.99
7499,7504,21,2,249.99
7500,7504,22,2,149.99
7501,7505,19,2,899.99
7502,7505,21,1,249.99
7503,7506,17,1,699.99
7504,7506,18,1,449.99
7505,7507,15,1,549.99
7506,7507,16,1,349.99
7507,7507,17,1,699.99
7508,7508,12,2,499.99
7509,7508,13,1,999.99
7510,7508,14,1,1299.99
7511,7509,11,1,299.99
7512,7509,10,2,129.99
7513,7509,12,1,499.99
7514,7509,13,2,999.99
7515,7510,8,2,599.99
7516,7511,6,1,179.99
7517,7512,4,1,649.99
7518,7512,5,1,2199.99
7519,7513,2,1,1299.99
7520,7513,4,1,649.99
7521,7514,1,2,899.99
7522,7514,2,1,1299.99
7523,7515,1,1,899.99
7524,7515,2,2,1299.99
7525,7516,1,1,899.99
7526,7516,2,1,1299.99
7527,7517,1,2,899.99
7528,7517,2,1,1299.99
7529,7517,4,2,649.99
7530,7518,50,1,49.99
7531,7518,1,1,899.99
7532,7518,2,2,1299.99
7533,7519,47,1,69.99
7534,7519,49,3,19.99
7535,7519,48,2,59.99
7536,7519,50,1,49.99
7537,7520,45,1,199.99
7538,7521,43,1,179.99
7539,7522,42,1,99.99
7540,7522,41,1,59.99
7541,7523,39,1,179.99
7542,7523,42,1,99.99
7543,7524,37,1,199.99
7544,7524,36,1,39.99
7545,7525,34,2,69.99
7546,7525,35,3,29.99
7547,7526,32,2,79.99
7548,7526,33,1,99.99
7549,7527,31,1,24.99
7550,7527,30,3,149.99
7551,7527,32,1,79.99
7552,7528,28,3,99.99
7553,7528,29,1,89.99
7554,7528,31,3,24.99
7555,7529,27,1,119.99
7556,7529,26,1,39.99
7557,7529,28,2,99.99
7558,7529,29,3,89.99
7559,7530,23,1,299.99
7560,7531,21,1,249.99
7561,7532,19,2,899.99
7562,7532,21,1,249.99
7563,7533,17,2,699.99
7564,7533,18,1,449.99
7565,7534,15,1,549.99
7566,7534,16,1,349.99
7567,7535,13,1,999.99
7568,7535,14,1,1299.99
7569,7536,11,1,299.99
7570,7536,10,2,129.99
7571,7537,8,2,599.99
7572,7537,9,1,699.99
7573,7537,11,2,299.99
7574,7538,6,2,179.99
7575,7538,7,1,329.99
7576,7538,8,1,599.99
7577,7539,4,1,649.99
7578,7539,5,1,2199.99
7579,7539,6,2,179.99
7580,7539,7,2,329.99
7581,7540,2,1,1299.99
7582,7541,1,1,899.99
7583,7542,1,1,899.99
7584,7542,2,1,1299.99
7585,7543,1,1,899.99
7586,7543,2,1,1299.99
7587,7544,1,2,899.99
7588,7544,2,1,1299.99
7589,7545,50,1,49.99
7590,7545,1,1,899.99
7591,7546,47,1,69.99
7592,7546,49,3,19.99
7593,7547,45,2,199.99
7594,7547,46,2,49.99
7595,7547,47,3,69.99
7596,7548,43,1,179.99
7597,7548,44,1,119.99
7598,7548,45,2,199.99
7599,7549,42,1,99.99
7600,7549,41,1,59.99
7601,7549,43,2,179.99
7602,7549,44,1,119.99
7603,7550,39,1,179.99
7604,7551,37,1,199.99
7605,7552,34,1,69.99
7606,7552,35,3,29.99
7607,7553,32,2,79.99
7608,7553,33,3,99.99
7609,7554,31,1,24.99
7610,7554,30,2,149.99
7611,7555,28,3,99.99
7612,7555,29,1,89.99
7613,7556,27,1,119.99
7614,7556,26,3,39.99
7615,7557,23,1,299.99
7616,7557,24,2,79.99
7617,7557,27,3,119.99
7618,7558,21,1,249.99
7619,7558,22,2,149.99
7620,7558,23,1,299.99
7621,7559,19,1,899.99
7622,7559,21,1,249.99
7623,7559,20,1,249.99
7624,7559,22,1,149.99
7625,7560,17,2,699.99
7626,7561,15,2,549.99
7627,7562,13,1,999.99
7628,7562,14,1,1299.99
7629,7563,11,1,299.99
7630,7563,10,2,129.99
7631,7564,8,2,599.99
7632,7564,9,1,699.99
7633,7565,6,2,179.99
7634,7565,7,1,329.99
7635,7566,4,1,649.99
7636,7566,5,1,2199.99
7637,7567,2,1,1299.99
7638,7567,4,2,649.99
7639,7567,3,1,1799.99
7640,7568,1,1,899.99
7641,7568,2,2,1299.99
7642,7568,4,1,649.99
7643,7569,1,1,899.99
7644,7569,2,1,1299.99
7645,7569,4,1,649.99
7646,7569,3,2,1799.99
7647,7570,1,1,899.99
7648,7571,1,1,899.99
7649,7572,50,1,49.99
7650,7572,1,1,899.99
7651,7573,47,1,69.99
7652,7573,49,2,19.99
7653,7574,45,2,199.99
7654,7574,46,1,49.99
7655,7575,43,2,179.99
7656,7575,44,1,119.99
7657,7576,42,1,99.99
7658,7576,41,1,59.99
7659,7577,39,1,179.99
7660,7577,42,1,99.99
7661,7577,40,1,59.99
7662,7578,37,1,199.99
7663,7578,38,1,79.99
7664,7578,39,2,179.99
7665,7579,34,1,69.99
7666,7579,35,2,29.99
7667,7579,37,2,199.99
7668,7579,36,2,39.99
7669,7580,32,1,79.99
7670,7581,31,3,24.99
7671,7582,28,2,99.99
7672,7582,29,1,89.99
7673,7583,27,1,119.99
7674,7583,26,3,39.99
7675,7584,24,1,79.99
7676,7584,27,3,119.99
7677,7585,21,1,249.99
7678,7585,22,2,149.99
7679,7586,19,1,899.99
7680,7586,21,1,249.99
7681,7587,17,1,699.99
7682,7587,18,1,449.99
7683,7587,19,1,899.99
7684,7588,15,2,549.99
7685,7588,16,1,349.99
7686,7588,17,1,699.99
7687,7589,13,2,999.99
7688,7589,14,1,1299.99
7689,7589,15,1,549.99
7690,7589,16,2,349.99
7691,7590,11,1,299.99
7692,7591,8,2,599.99
7693,7592,6,2,179.99
7694,7592,7,1,329.99
7695,7593,4,1,649.99
7696,7593,5,1,2199.99
7697,7594,2,1,1299.99
7698,7594,4,1,649.99
7699,7595,1,1,899.99
7700,7595,2,2,1299.99
7701,7596,1,1,899.99
7702,7596,2,1,1299.99
7703,7597,1,2,899.99
7704,7597,2,1,1299.99
7705,7597,4,2,649.99
7706,7598,1,1,899.99
7707,7598,2,2,1299.99
7708,7598,4,1,649.99
7709,7599,50,1,49.99
7710,7599,1,1,899.99
7711,7599,2,1,1299.99
7712,7599,4,1,649.99
7713,7600,49,2,19.99
7714,7601,45,2,199.99
7715,7602,43,2,179.99
7716,7602,44,1,119.99
7717,7603,42,1,99.99
7718,7603,41,2,59.99
7719,7604,39,1,179.99
7720,7604,42,2,99.99
7721,7605,37,1,199.99
7722,7605,38,1,79.99
7723,7606,34,1,69.99
7724,7606,35,2,29.99
7725,7607,32,1,79.99
7726,7607,33,2,99.99
7727,7607,34,1,69.99
7728,7608,31,3,24.99
7729,7608,30,1,149.99
7730,7608,32,1,79.99
7731,7609,28,2,99.99
7732,7609,29,3,89.99
7733,7609,31,1,24.99
7734,7609,30,1,149.99
7735,7610,27,1,119.99
7736,7611,24,1,79.99
7737,7612,21,1,249.99
7738,7612,22,1,149.99
7739,7613,19,1,899.99
7740,7613,21,2,249.99
7741,7614,17,1,699.99
7742,7614,18,2,449.99
7743,7615,15,1,549.99
7744,7615,16,1,349.99
7745,7616,13,2,999.99
7746,7616,14,1,1299.99
7747,7617,11,2,299.99
7748,7617,12,1,499.99
7749,7617,13,1,999.99
7750,7618,8,1,599.99
7751,7618,9,2,699.99
7752,7618,11,1,299.99
7753,7619,6,2,179.99
7754,7619,7,2,329.99
7755,7619,8,1,599.99
7756,7619,9,1,699.99
7757,7620,4,2,649.99
7758,7621,2,1,1299.99
7759,7622,1,1,899.99
7760,7622,2,1,1299.99
7761,7623,1,1,899.99
7762,7623,2,1,1299.99
7763,7624,1,2,899.99
7764,7624,2,1,1299.99
7765,7625,1,1,899.99
7766,7625,2,2,1299.99
7767,7626,50,1,49.99
7768,7626,1,1,899.99
7769,7627,49,1,19.99
7770,7627,48,1,59.99
7771,7627,50,3,49.99
7772,7628,45,2,199.99
7773,7628,46,1,49.99
7774,7628,47,2,69.99
7775,7629,43,2,179.99
7776,7629,44,1,119.99
7777,7629,45,1,199.99
7778,7629,46,1,49.99
7779,7630,42,1,99.99
7780,7631,39,2,179.99
7781,7632,37,1,199.99
7782,7632,38,1,79.99
7783,7633,35,1,29.99
7784,7633,37,2,199.99
7785,7634,32,1,79.99
7786,7634,33,2,99.99
7787,7635,31,2,24.99
7788,7635,30,1,149.99
7789,7636,28,1,99.99
7790,7636,29,3,89.99
7791,7637,27,3,119.99
7792,7637,26,2,39.99
7793,7637,28,1,99.99
7794,7638,24,1,79.99
7795,7638,27,2,119.99
7796,7638,25,2,229.99
7797,7639,21,1,249.99
7798,7639,22,1,149.99
7799,7639,23,2,299.99
7800,7639,24,1,79.99
7801,7640,19,1,899.99
7802,7641,17,1,699.99
7803,7642,15,1,549.99
7804,7642,16,2,349.99
7805,7643,13,1,999.99
7806,7643,14,1,1299.99
7807,7644,11,2,299.99
7808,7644,12,1,499.99
7809,7645,8,1,599.99
7810,7645,9,2,699.99
7811,7646,6,1,179.99
7812,7646,7,2,329.99
7813,7647,4,2,649.99
7814,7647,5,1,2199.99
7815,7647,6,1,179.99
7816,7648,2,2,1299.99
7817,7648,4,1,649.99
7818,7648,3,1,1799.99
7819,7649,1,1,899.99
7820,7649,2,1,1299.99
7821,7649,4,1,649.99
7822,7649,3,2,1799.99
7823,7650,1,1,899.99
7824,7651,1,1,899.99
7825,7652,1,1,899.99
7826,7652,2,1,1299.99
7827,7653,50,1,49.99
7828,7653,1,1,899.99
7829,7654,49,1,19.99
7830,7654,48,1,59.99
7831,7655,45,1,199.99
7832,7655,46,1,49.99
7833,7656,43,2,179.99
7834,7656,44,2,119.99
7835,7657,42,1,99.99
7836,7657,41,2,59.99
7837,7657,43,1,179.99
7838,7658,39,2,179.99
7839,7658,42,2,99.99
7840,7658,40,1,59.99
7841,7659,37,2,199.99
7842,7659,38,1,79.99
7843,7659,39,1,179.99
7844,7659,42,1,99.99
7845,7660,35,1,29.99
7846,7661,32,1,79.99
7847,7662,31,2,24.99
7848,7662,30,1,149.99
7849,7663,28,1,99.99
7850,7663,29,2,89.99
7851,7664,27,3,119.99
7852,7664,26,1,39.99
7853,7665,24,1,79.99
7854,7665,27,1,119.99
7855,7666,22,1,149.99
7856,7666,23,2,299.99
7857,7667,19,1,899.99
7858,7667,21,2,249.99
7859,7667,20,1,249.99
7860,7668,17,1,699.99
7861,7668,18,1,449.99
7862,7668,19,1,899.99
7863,7669,15,1,549.99
7864,7669,16,2,349.99
7865,7669,17,1,699.99
7866,7669,18,1,449.99
7867,7670,13,1,999.99
7868,7671,11,1,299.99
7869,7672,8,1,599.99
7870,7672,9,2,699.99
7871,7673,6,1,179.99
7872,7673,7,2,329.99
7873,7674,4,1,649.99
7874,7674,5,1,2199.99
7875,7675,2,2,1299.99
7876,7675,4,1,649.99
7877,7676,1,1,899.99
7878,7676,2,1,1299.99
7879,7677,1,2,899.99
7880,7677,2,1,1299.99
7881,7677,4,2,649.99
7882,7678,1,1,899.99
7883,7678,2,2,1299.99
7884,7678,4,1,649.99
7885,7679,1,1,899.99
7886,7679,2,1,1299.99
7887,7679,4,1,649.99
7888,7679,3,2,1799.99
7889,7680,50,3,49.99
7890,7681,49,1,19.99
7891,7682,46,1,49.99
7892,7682,47,1,69.99
7893,7683,43,1,179.99
7894,7683,44,2,119.99
7895,7684,42,2,99.99
7896,7684,41,2,59.99
7897,7685,39,2,179.99
7898,7685,42,2,99.99
7899,7686,37,2,199.99
7900,7686,38,1,79.99
7901,7687,35,1,29.99
7902,7687,37,1,199.99
7903,7687,36,1,39.99
7904,7688,32,1,79.99
7905,7688,33,1,99.99
7906,7688,34,2,69.99
7907,7689,31,1,24.99
7908,7689,30,1,149.99
7909,7689,32,3,79.99
7910,7689,33,1,99.99
7911,7690,28,1,99.99
7912,7691,27,2,119.99
7913,7692,24,1,79.99
7914,7692,27,1,119.99
7915,7693,22,1,149.99
7916,7693,23,1,299.99
7917,7694,19,1,899.99
7918,7694,21,2,249.99
7919,7695,17,1,699.99
7920,7695,18,1,449.99
7921,7696,15,1,549.99
7922,7696,16,1,349.99
7923,7697,13,1,999.99
7924,7697,14,2,1299.99
7925,7697,15,1,549.99
7926,7698,11,1,299.99
7927,7698,12,2,499.99
7928,7698,13,1,999.99
7929,7699,9,1,699.99
7930,7699,11,1,299.99
7931,7699,10,2,129.99
7932,7699,12,1,499.99
7933,7700,6,1,179.99
7934,7701,4,1,649.99
7935,7702,2,1,1299.99
7936,7702,4,1,649.99
7937,7703,1,1,899.99
7938,7703,2,1,1299.99
7939,7704,1,2,899.99
7940,7704,2,1,1299.99
7941,7705,1,1,899.99
7942,7705,2,2,1299.99
7943,7706,1,1,899.99
7944,7706,2,1,1299.99
7945,7707,50,3,49.99
7946,7707,1,2,899.99
7947,7707,2,1,1299.99
7948,7708,49,1,19.99
7949,7708,48,3,59.99
7950,7708,50,1,49.99
7951,7709,46,1,49.99
7952,7709,47,1,69.99
7953,7709,49,3,19.99
7954,7709,48,2,59.99
7955,7710,43,1,179.99
7956,7711,42,2,99.99
7957,7712,39,2,179.99
7958,7712,42,1,99.99
7959,7713,37,2,199.99
7960,7713,38,1,79.99
7961,7714,35,1,29.99
7962,7714,37,1,199.99
7963,7715,33,1,99.99
7964,7715,34,2,69.99
7965,7716,31,1,24.99
7966,7716,30,1,149.99
7967,7717,28,1,99.99
7968,7717,29,1,89.99
7969,7717,31,1,24.99
7970,7718,27,2,119.99
7971,7718,26,1,39.99
7972,7718,28,3,99.99
7973,7719,24,1,79.99
7974,7719,27,1,119.99
7975,7719,25,1,229.99
7976,7719,26,1,39.99
7977,7720,22,1,149.99
7978,7721,19,1,899.99
7979,7722,17,1,699.99
7980,7722,18,1,449.99
7981,7723,15,1,549.99
7982,7723,16,1,349.99
7983,7724,13,1,999.99
7984,7724,14,1,1299.99
7985,7725,11,1,299.99
7986,7725,12,2,499.99
7987,7726,9,1,699.99
7988,7726,11,1,299.99
7989,7727,6,1,179.99
7990,7727,7,1,329.99
7991,7727,8,2,599.99
7992,7728,4,1,649.99
7993,7728,5,2,2199.99
7994,7728,6,2,179.99
7995,7729,2,1,1299.99
7996,7729,4,1,649.99
7997,7729,3,2,1799.99
7998,7729,5,1,2199.99
7999,7730,1,1,899.99
8000,7731,1,1,899.99
8001,7732,1,1,899.99
8002,7732,2,1,1299.99
8003,7733,1,1,899.99
8004,7733,2,1,1299.99
8005,7734,50,2,49.99
8006,7734,1,2,899.99
8007,7735,49,1,19.99
8008,7735,48,3,59.99
8009,7736,46,3,49.99
8010,7736,47,1,69.99
8011,7737,43,1,179.99
8012,7737,44,2,119.99
8013,7737,45,2,199.99
8014,7738,42,2,99.99
8015,7738,41,1,59.99
8016,7738,43,1,179.99
8017,7739,39,1,179.99
8018,7739,42,1,99.99
8019,7739,40,2,59.99
8020,7739,41,1,59.99
8021,7740,37,2,199.99
8022,7741,35,1,29.99
8023,7742,33,1,99.99
8024,7742,34,1,69.99
8025,7743,31,1,24.99
8026,7743,30,1,149.99
8027,7744,28,1,99.99
8028,7744,29,1,89.99
8029,7745,27,1,119.99
8030,7745,26,1,39.99
8031,7746,24,2,79.99
8032,7746,27,1,119.99
8033,7747,22,1,149.99
8034,7747,23,1,299.99
8035,7747,24,2,79.99
8036,7748,21,1,249.99
8037,7748,20,1,249.99
8038,7748,22,2,149.99
8039,7749,17,1,699.99
8040,7749,18,1,449.99
8041,7749,19,1,899.99
8042,7749,21,1,249.99
8043,7750,15,1,549.99
8044,7751,13,1,999.99
8045,7752,11,1,299.99
8046,7752,12,1,499.99
8047,7753,9,1,699.99
8048,7753,11,1,299.99
8049,7754,6,1,179.99
8050,7754,7,1,329.99
8051,7755,4,1,649.99
8052,7755,5,1,2199.99
8053,7756,2,1,1299.99
8054,7756,4,1,649.99
8055,7757,1,2,899.99
8056,7757,2,1,1299.99
8057,7757,4,2,649.99
8058,7758,1,1,899.99
8059,7758,2,2,1299.99
8060,7758,4,1,649.99
8061,7759,1,1,899.99
8062,7759,2,1,1299.99
8063,7759,4,1,649.99
8064,7759,3,2,1799.99
8065,7760,1,1,899.99
8066,7761,50,2,49.99
8067,7762,49,1,19.99
8068,7762,48,2,59.99
8069,7763,46,3,49.99
8070,7763,47,1,69.99
8071,7764,44,1,119.99
8072,7764,45,2,199.99
8073,7765,42,2,99.99
8074,7765,41,1,59.99
8075,7766,39,1,179.99
8076,7766,42,1,99.99
8077,7767,37,1,199.99
8078,7767,38,2,79.99
8079,7767,39,1,179.99
8080,7768,35,1,29.99
8081,7768,37,1,199.99
8082,7768,36,2,39.99
8083,7769,33,1,99.99
8084,7769,34,1,69.99
8085,7769,35,2,29.99
8086,7769,37,2,199.99
8087,7770,31,1,24.99
8088,7771,28,1,99.99
8089,7772,27,1,119.99
8090,7772,26,1,39.99
8091,7773,24,2,79.99
8092,7773,27,1,119.99
8093,7774,22,2,149.99
8094,7774,23,1,299.99
8095,7775,21,1,249.99
8096,7775,20,1,249.99
8097,7776,17,1,699.99
8098,7776,18,1,449.99
8099,7777,15,1,549.99
8100,7777,16,1,349.99
8101,7777,17,1,699.99
8102,7778,13,1,999.99
8103,7778,14,1,1299.99
8104,7778,15,2,549.99
8105,7779,11,1,299.99
8106,7779,12,1,499.99
8107,7779,13,2,999.99
8108,7779,14,1,1299.99
8109,7780,9,1,699.99
8110,7781,7,1,329.99
8111,7782,4,1,649.99
8112,7782,5,1,2199.99
8113,7783,2,1,1299.99
8114,7783,4,1,649.99
8115,7784,1,2,899.99
8116,7784,2,1,1299.99
8117,7785,1,1,899.99
8118,7785,2,2,1299.99
8119,7786,1,1,899.99
8120,7786,2,1,1299.99
8121,7787,1,2,899.99
8122,7787,2,1,1299.99
8123,7787,4,2,649.99
8124,7788,50,1,49.99
8125,7788,1,1,899.99
8126,7788,2,2,1299.99
8127,7789,49,3,19.99
8128,7789,48,2,59.99
8129,7789,50,1,49.99
8130,7789,1,1,899.99
8131,7790,46,2,49.99
8132,7791,44,1,119.99
8133,7792,42,1,99.99
8134,7792,41,1,59.99
8135,7793,39,1,179.99
8136,7793,42,1,99.99
8137,7794,37,1,199.99
8138,7794,38,2,79.99
8139,7795,35,3,29.99
8140,7795,37,1,199.99
8141,7796,33,1,99.99
8142,7796,34,1,69.99
8143,7797,31,1,24.99
8144,7797,32,1,79.99
8145,7797,33,2,99.99
8146,7798,28,3,99.99
8147,7798,29,1,89.99
8148,7798,31,3,24.99
8149,7799,27,1,119.99
8150,7799,26,1,39.99
8151,7799,28,2,99.99
8152,7799,29,3,89.99
8153,7800,24,2,79.99
8154,7801,22,2,149.99
8155,7802,21,1,249.99
8156,7802,20,1,249.99
8157,7803,17,2,699.99
8158,7803,18,1,449.99
8159,7804,15,1,549.99
8160,7804,16,1,349.99
8161,7805,13,1,999.99
8162,7805,14,1,1299.99
8163,7806,11,1,299.99
8164,7806,12,1,499.99
8165,7807,9,1,699.99
8166,7807,11,2,299.99
8167,7807,10,1,129.99
8168,7808,7,1,329.99
8169,7808,8,1,599.99
8170,7808,9,2,699.99
8171,7809,4,1,649.99
8172,7809,5,1,2199.99
8173,7809,6,2,179.99
8174,7809,7,2,329.99
8175,7810,2,1,1299.99
8176,7811,1,1,899.99
8177,7812,1,1,899.99
8178,7812,2,1,1299.99
8179,7813,1,1,899.99
8180,7813,2,1,1299.99
8181,7814,1,2,899.99
8182,7814,2,1,1299.99
8183,7815,50,1,49.99
8184,7815,1,1,899.99
8185,7816,49,3,19.99
8186,7816,48,1,59.99
8187,7817,46,2,49.99
8188,7817,47,3,69.99
8189,7817,49,1,19.99
8190,7818,44,1,119.99
8191,7818,45,2,199.99
8192,7818,46,1,49.99
8193,7819,42,1,99.99
8194,7819,41,1,59.99
8195,7819,43,2,179.99
8196,7819,44,1,119.99
8197,7820,39,1,179.99
8198,7821,37,1,199.99
8199,7822,35,3,29.99
8200,7822,37,1,199.99
8201,7823,33,3,99.99
8202,7823,34,1,69.99
8203,7824,31,1,24.99
8204,7824,32,1,79.99
8205,7825,28,3,99.99
8206,7825,29,1,89.99
8207,7826,27,1,119.99
8208,7826,26,3,39.99
8209,7827,24,2,79.99
8210,7827,27,3,119.99
8211,7827,25,2,229.99
8212,7828,22,2,149.99
8213,7828,23,1,299.99
8214,7828,24,1,79.99
8215,7829,21,1,249.99
8216,7829,20,1,249.99
8217,7829,22,1,149.99
8218,7829,23,2,299.99
8219,7830,18,1,449.99
8220,7831,15,2,549.99
8221,7832,13,1,999.99
8222,7832,14,1,1299.99
8223,7833,11,1,299.99
8224,7833,12,1,499.99
8225,7834,9,1,699.99
8226,7834,11,2,299.99
8227,7835,7,1,329.99
8228,7835,8,1,599.99
8229,7836,4,1,649.99
8230,7836,5,1,2199.99
8231,7837,2,1,1299.99
8232,7837,4,2,649.99
8233,7837,3,1,1799.99
8234,7838,1,1,899.99
8235,7838,2,2,1299.99
8236,7838,4,1,649.99
8237,7839,1,1,899.99
8238,7839,2,1,1299.99
8239,7839,4,1,649.99
8240,7839,3,2,1799.99
8241,7840,1,1,899.99
8242,7841,1,1,899.99
8243,7842,50,1,49.99
8244,7842,1,1,899.99
8245,7843,49,2,19.99
8246,7843,48,1,59.99
8247,7844,46,1,49.99
8248,7844,47,3,69.99
8249,7845,44,1,119.99
8250,7845,45,1,199.99
8251,7846,42,1,99.99
8252,7846,43,2,179.99
8253,7847,39,1,179.99
8254,7847,42,1,99.99
8255,7847,40,1,59.99
8256,7848,37,1,199.99
8257,7848,38,1,79.99
8258,7848,39,2,179.99
8259,7849,35,2,29.99
8260,7849,37,2,199.99
8261,7849,36,2,39.99
8262,7849,38,1,79.99
8263,7850,33,3,99.99
8264,7851,31,3,24.99
8265,7852,28,2,99.99
8266,7852,29,1,89.99
8267,7853,27,1,119.99
8268,7853,26,3,39.99
8269,7854,24,1,79.99
8270,7854,27,3,119.99
8271,7855,22,2,149.99
8272,7855,23,2,299.99
8273,7856,21,1,249.99
8274,7856,20,2,249.99
8275,7857,18,1,449.99
8276,7857,19,1,899.99
8277,7857,21,2,249.99
8278,7858,15,2,549.99
8279,7858,16,1,349.99
8280,7858,17,1,699.99
8281,7859,13,2,999.99
8282,7859,14,1,1299.99
8283,7859,15,1,549.99
8284,7859,16,2,349.99
8285,7860,11,1,299.99
8286,7861,9,2,699.99
8287,7862,7,1,329.99
8288,7862,8,1,599.99
8289,7863,5,1,2199.99
8290,7863,6,1,179.99
8291,7864,2,1,1299.99
8292,7864,4,1,649.99
8293,7865,1,1,899.99
8294,7865,2,2,1299.99
8295,7866,1,1,899.99
8296,7866,2,1,1299.99
8297,7867,1,2,899.99
8298,7867,2,1,1299.99
8299,7867,4,2,649.99
8300,7868,1,1,899.99
8301,7868,2,2,1299.99
8302,7868,4,1,649.99
8303,7869,50,1,49.99
8304,7869,1,1,899.99
8305,7869,2,1,1299.99
8306,7869,4,1,649.99
8307,7870,49,2,19.99
8308,7871,46,1,49.99
8309,7872,44,1,119.99
8310,7872,45,1,199.99
8311,7873,42,1,99.99
8312,7873,43,1,179.99
8313,7874,39,1,179.99
8314,7874,42,2,99.99
8315,7875,37,1,199.99
8316,7875,38,1,79.99
8317,7876,35,2,29.99
8318,7876,37,2,199.99
8319,7877,33,2,99.99
8320,7877,34,1,69.99
8321,7877,35,1,29.99
8322,7878,31,3,24.99
8323,7878,32,1,79.99
8324,7878,33,1,99.99
8325,7879,29,3,89.99
8326,7879,31,1,24.99
8327,7879,30,1,149.99
8328,7879,32,3,79.99
8329,7880,27,1,119.99
8330,7881,24,1,79.99
8331,7882,22,1,149.99
8332,7882,23,2,299.99
8333,7883,21,2,249.99
8334,7883,20,2,249.99
8335,7884,18,2,449.99
8336,7884,19,1,899.99
8337,7885,15,1,549.99
8338,7885,16,1,349.99
8339,7886,13,2,999.99
8340,7886,14,1,1299.99
8341,7887,11,2,299.99
8342,7887,12,1,499.99
8343,7887,13,1,999.99
8344,7888,9,2,699.99
8345,7888,11,1,299.99
8346,7888,10,1,129.99
8347,7889,7,2,329.99
8348,7889,8,1,599.99
8349,7889,9,1,699.99
8350,7889,11,1,299.99
8351,7890,5,1,2199.99
8352,7891,2,1,1299.99
8353,7892,1,1,899.99
8354,7892,2,1,1299.99
8355,7893,1,1,899.99
8356,7893,2,1,1299.99
8357,7894,1,2,899.99
8358,7894,2,1,1299.99
8359,7895,1,1,899.99
8360,7895,2,2,1299.99
8361,7896,50,1,49.99
8362,7896,1,1,899.99
8363,7897,49,1,19.99
8364,7897,48,1,59.99
8365,7897,50,3,49.99
8366,7898,46,1,49.99
8367,7898,47,2,69.99
8368,7898,49,1,19.99
8369,7899,44,1,119.99
8370,7899,45,1,199.99
8371,7899,46,1,49.99
8372,7899,47,1,69.99
8373,7900,42,1,99.99
8374,7901,39,2,179.99
8375,7902,37,1,199.99
8376,7902,38,1,79.99
8377,7903,35,1,29.99
8378,7903,37,2,199.99
8379,7904,33,2,99.99
8380,7904,34,3,69.99
8381,7905,31,2,24.99
8382,7905,32,1,79.99
8383,7906,29,3,89.99
8384,7906,31,1,24.99
8385,7907,27,3,119.99
8386,7907,26,2,39.99
8387,7907,28,1,99.99
8388,7908,24,1,79.99
8389,7908,27,2,119.99
8390,7908,25,2,229.99
8391,7909,22,1,149.99
8392,7909,23,2,299.99
8393,7909,24,1,79.99
8394,7909,27,1,119.99
8395,7910,21,2,249.99
8396,7911,18,2,449.99
8397,7912,16,2,349.99
8398,7912,17,1,699.99
8399,7913,13,1,999.99
8400,7913,14,1,1299.99
8401,7914,11,2,299.99
8402,7914,12,1,499.99
8403,7915,9,2,699.99
8404,7915,11,1,299.99
8405,7916,7,2,329.99
8406,7916,8,1,599.99
8407,7917,5,1,2199.99
8408,7917,6,1,179.99
8409,7917,7,1,329.99
8410,7918,2,2,1299.99
8411,7918,4,1,649.99
8412,7918,3,1,1799.99
8413,7919,1,1,899.99
8414,7919,2,1,1299.99
8415,7919,4,1,649.99
8416,7919,3,2,1799.99
8417,7920,1,1,899.99
8418,7921,1,1,899.99
8419,7922,1,1,899.99
8420,7922,2,1,1299.99
8421,7923,50,1,49.99
8422,7923,1,1,899.99
8423,7924,49,1,19.99
8424,7924,48,1,59.99
8425,7925,46,1,49.99
8426,7925,47,1,69.99
8427,7926,44,2,119.99
8428,7926,45,1,199.99
8429,7927,42,1,99.99
8430,7927,43,1,179.99
8431,7927,44,2,119.99
8432,7928,42,2,99.99
8433,7928,40,1,59.99
8434,7928,41,1,59.99
8435,7929,37,2,199.99
8436,7929,38,1,79.99
8437,7929,39,1,179.99
8438,7929,42,1,99.99
8439,7930,35,1,29.99
8440,7931,33,1,99.99
8441,7932,31,2,24.99
8442,7932,32,3,79.99
8443,7933,29,2,89.99
8444,7933,31,1,24.99
8445,7934,27,3,119.99
8446,7934,26,1,39.99
8447,7935,24,1,79.99
8448,7935,27,1,119.99
8449,7936,22,1,149.99
8450,7936,23,2,299.99
8451,7937,21,2,249.99
8452,7937,20,1,249.99
8453,7937,22,1,149.99
8454,7938,18,1,449.99
8455,7938,19,1,899.99
8456,7938,21,1,249.99
8457,7939,16,2,349.99
8458,7939,17,1,699.99
8459,7939,18,1,449.99
8460,7939,19,1,899.99
8461,7940,13,1,999.99
8462,7941,11,1,299.99
8463,7942,9,2,699.99
8464,7942,11,1,299.99
8465,7943,7,2,329.99
8466,7943,8,1,599.99
8467,7944,5,1,2199.99
8468,7944,6,1,179.99
8469,7945,4,1,649.99
8470,7945,3,1,1799.99
8471,7946,1,1,899.99
8472,7946,2,1,1299.99
8473,7947,1,2,899.99
8474,7947,2,1,1299.99
8475,7947,4,2,649.99
8476,7948,1,1,899.99
8477,7948,2,2,1299.99
8478,7948,4,1,649.99
8479,7949,1,1,899.99
8480,7949,2,1,1299.99
8481,7949,4,1,649.99
8482,7949,3,2,1799.99
8483,7950,50,3,49.99
8484,7951,49,1,19.99
8485,7952,46,1,49.99
8486,7952,47,1,69.99
8487,7953,44,2,119.99
8488,7953,45,1,199.99
8489,7954,42,2,99.99
8490,7954,43,1,179.99
8491,7955,42,2,99.99
8492,7955,40,1,59.99
8493,7956,37,2,199.99
8494,7956,38,1,79.99
8495,7957,35,1,29.99
8496,7957,37,1,199.99
8497,7957,36,1,39.99
8498,7958,33,1,99.99
8499,7958,34,2,69.99
8500,7958,35,1,29.99
8501,7959,31,1,24.99
8502,7959,32,3,79.99
8503,7959,33,1,99.99
8504,7959,34,1,69.99
8505,7960,29,2,89.99
8506,7961,27,2,119.99
8507,7962,24,1,79.99
8508,7962,27,1,119.99
8509,7963,22,1,149.99
8510,7963,23,1,299.99
8511,7964,21,2,249.99
8512,7964,20,1,249.99
8513,7965,18,1,449.99
8514,7965,19,2,899.99
8515,7966,16,1,349.99
8516,7966,17,1,699.99
8517,7967,13,1,999.99
8518,7967,14,2,1299.99
8519,7967,15,1,549.99
8520,7968,11,1,299.99
8521,7968,12,2,499.99
8522,7968,13,1,999.99
8523,7969,9,1,699.99
8524,7969,11,1,299.99
8525,7969,10,2,129.99
8526,7969,12,1,499.99
8527,7970,7,2,329.99
8528,7971,5,2,2199.99
8529,7972,4,1,649.99
8530,7972,3,1,1799.99
8531,7973,1,1,899.99
8532,7973,2,1,1299.99
8533,7974,1,2,899.99
8534,7974,2,1,1299.99
8535,7975,1,1,899.99
8536,7975,2,2,1299.99
8537,7976,1,1,899.99
8538,7976,2,1,1299.99
8539,7977,1,2,899.99
8540,7977,2,1,1299.99
8541,7977,4,2,649.99
8542,7978,49,1,19.99
8543,7978,48,3,59.99
8544,7978,50,1,49.99
8545,7979,46,1,49.99
8546,7979,47,1,69.99
8547,7979,49,3,19.99
8548,7979,48,2,59.99
8549,7980,44,2,119.99
8550,7981,42,2,99.99
8551,7982,42,1,99.99
8552,7982,40,2,59.99
8553,7983,37,2,199.99
8554,7983,38,1,79.99
8555,7984,35,1,29.99
8556,7984,37,1,199.99
8557,7985,33,1,99.99
8558,7985,34,2,69.99
8559,7986,31,1,24.99
8560,7986,32,2,79.99
8561,7987,29,1,89.99
8562,7987,31,1,24.99
8563,7987,30,3,149.99
8564,7988,27,2,119.99
8565,7988,28,3,99.99
8566,7988,29,1,89.99
8567,7989,24,1,79.99
8568,7989,27,1,119.99
8569,7989,25,1,229.99
8570,7989,26,1,39.99
8571,7990,22,1,149.99
8572,7991,21,1,249.99
8573,7992,18,1,449.99
8574,7992,19,2,899.99
8575,7993,16,1,349.99
8576,7993,17,2,699.99
8577,7994,14,1,1299.99
8578,7994,15,1,549.99
8579,7995,11,1,299.99
8580,7995,12,2,499.99
8581,7996,9,1,699.99
8582,7996,11,1,299.99
8583,7997,7,1,329.99
8584,7997,8,2,599.99
8585,7997,9,1,699.99
8586,7998,5,2,2199.99
8587,7998,6,2,179.99
8588,7998,7,1,329.99
8589,7999,4,1,649.99
8590,7999,3,2,1799.99
8591,7999,5,1,2199.99
8592,7999,6,2,179.99
8593,8000,1,1,899.99
8594,8001,1,1,899.99
8595,8002,1,1,899.99
8596,8002,2,1,1299.99
8597,8003,1,1,899.99
8598,8003,2,1,1299.99
8599,8004,1,2,899.99
8600,8004,2,1,1299.99
8601,8005,49,1,19.99
8602,8005,48,3,59.99
8603,8006,46,3,49.99
8604,8006,47,1,69.99
8605,8007,44,2,119.99
8606,8007,45,2,199.99
8607,8007,46,2,49.99
8608,8008,42,2,99.99
8609,8008,43,1,179.99
8610,8008,44,1,119.99
8611,8009,42,1,99.99
8612,8009,40,2,59.99
8613,8009,41,1,59.99
8614,8009,43,2,179.99
8615,8010,38,2,79.99
8616,8011,35,1,29.99
8617,8012,33,1,99.99
8618,8012,34,1,69.99
8619,8013,31,1,24.99
8620,8013,32,2,79.99
8621,8014,29,1,89.99
8622,8014,31,1,24.99
8623,8015,27,1,119.99
8624,8015,28,3,99.99
8625,8016,24,2,79.99
8626,8016,27,1,119.99
8627,8017,22,1,149.99
8628,8017,23,1,299.99
8629,8017,24,2,79.99
8630,8018,21,1,249.99
8631,8018,20,1,249.99
8632,8018,22,2,149.99
8633,8019,18,1,449.99
8634,8019,19,1,899.99
8635,8019,21,1,249.99
8636,8019,20,1,249.99
8637,8020,16,1,349.99
8638,8021,14,1,1299.99
8639,8022,11,1,299.99
8640,8022,12,1,499.99
8641,8023,9,1,699.99
8642,8023,11,1,299.99
8643,8024,7,1,329.99
8644,8024,8,2,599.99
8645,8025,5,1,2199.99
8646,8025,6,2,179.99
8647,8026,4,1,649.99
8648,8026,3,2,1799.99
8649,8027,1,2,899.99
8650,8027,2,1,1299.99
8651,8027,4,2,649.99
8652,8028,1,1,899.99
8653,8028,2,2,1299.99
8654,8028,4,1,649.99
8655,8029,1,1,899.99
8656,8029,2,1,1299.99
8657,8029,4,1,649.99
8658,8029,3,2,1799.99
8659,8030,1,1,899.99
8660,8031,1,1,899.99
8661,8032,49,1,19.99
8662,8032,48,2,59.99
8663,8033,46,3,49.99
8664,8033,47,1,69.99
8665,8034,44,1,119.99
8666,8034,45,2,199.99
8667,8035,42,2,99.99
8668,8035,43,2,179.99
8669,8036,42,1,99.99
8670,8036,40,2,59.99
8671,8037,38,2,79.99
8672,8037,39,1,179.99
8673,8037,42,1,99.99
8674,8038,35,1,29.99
8675,8038,37,1,199.99
8676,8038,36,2,39.99
8677,8039,33,1,99.99
8678,8039,34,1,69.99
8679,8039,35,2,29.99
8680,8039,37,2,199.99
8681,8040,31,1,24.99
8682,8041,29,1,89.99
8683,8042,27,1,119.99
8684,8042,28,2,99.99
8685,8043,27,1,119.99
8686,8043,25,1,229.99
8687,8044,22,2,149.99
8688,8044,23,1,299.99
8689,8045,21,1,249.99
8690,8045,20,1,249.99
8691,8046,18,1,449.99
8692,8046,19,1,899.99
8693,8047,16,1,349.99
8694,8047,17,1,699.99
8695,8047,18,1,449.99
8696,8048,14,1,1299.99
8697,8048,15,2,549.99
8698,8048,16,1,349.99
8699,8049,11,1,299.99
8700,8049,12,1,499.99
8701,8049,13,2,999.99
8702,8049,14,1,1299.99
8703,8050,9,1,699.99
8704,8051,7,1,329.99
8705,8052,5,1,2199.99
8706,8052,6,2,179.99
8707,8053,4,1,649.99
8708,8053,3,1,1799.99
8709,8054,1,2,899.99
8710,8054,2,1,1299.99
8711,8055,1,1,899.99
8712,8055,2,2,1299.99
8713,8056,1,1,899.99
8714,8056,2,1,1299.99
8715,8057,1,2,899.99
8716,8057,2,1,1299.99
8717,8057,4,2,649.99
8718,8058,1,1,899.99
8719,8058,2,2,1299.99
8720,8058,4,1,649.99
8721,8059,49,3,19.99
8722,8059,50,1,49.99
8723,8059,1,1,899.99
8724,8059,2,1,1299.99
8725,8060,46,2,49.99
8726,8061,44,1,119.99
8727,8062,42,1,99.99
8728,8062,43,2,179.99
8729,8063,42,1,99.99
8730,8063,40,2,59.99
8731,8064,38,2,79.99
8732,8064,39,1,179.99
8733,8065,35,3,29.99
8734,8065,37,1,199.99
8735,8066,33,1,99.99
8736,8066,34,1,69.99
8737,8067,31,1,24.99
8738,8067,32,1,79.99
8739,8067,33,2,99.99
8740,8068,29,1,89.99
8741,8068,31,3,24.99
8742,8068,30,1,149.99
8743,8069,27,1,119.99
8744,8069,28,2,99.99
8745,8069,29,3,89.99
8746,8069,31,1,24.99
8747,8070,27,1,119.99
8748,8071,22,2,149.99
8749,8072,21,1,249.99
8750,8072,20,1,249.99
8751,8073,18,1,449.99
8752,8073,19,1,899.99
8753,8074,16,1,349.99
8754,8074,17,1,699.99
8755,8075,14,1,1299.99
8756,8075,15,1,549.99
8757,8076,12,1,499.99
8758,8076,13,2,999.99
8759,8077,9,1,699.99
8760,8077,11,2,299.99
8761,8077,10,1,129.99
8762,8078,7,1,329.99
8763,8078,8,1,599.99
8764,8078,9,2,699.99
8765,8079,5,1,2199.99
8766,8079,6,2,179.99
8767,8079,7,2,329.99
8768,8079,8,1,599.99
8769,8080,4,2,649.99
8770,8081,1,1,899.99
8771,8082,1,1,899.99
8772,8082,2,1,1299.99
8773,8083,1,1,899.99
8774,8083,2,1,1299.99
8775,8084,1,2,899.99
8776,8084,2,1,1299.99
8777,8085,1,1,899.99
8778,8085,2,2,1299.99
8779,8086,49,3,19.99
8780,8086,50,1,49.99
8781,8087,46,2,49.99
8782,8087,47,3,69.99
8783,8087,49,1,19.99
8784,8088,44,1,119.99
8785,8088,45,2,199.99
8786,8088,46,1,49.99
8787,8089,42,1,99.99
8788,8089,43,2,179.99
8789,8089,44,1,119.99
8790,8089,45,1,199.99
8791,8090,42,1,99.99
8792,8091,38,2,79.99
8793,8092,37,1,199.99
8794,8092,36,2,39.99
8795,8093,33,3,99.99
8796,8093,34,1,69.99
8797,8094,31,1,24.99
8798,8094,32,1,79.99
8799,8095,29,1,89.99
8800,8095,31,2,24.99
8801,8096,27,1,119.99
8802,8096,28,1,99.99
8803,8097,27,3,119.99
8804,8097,25,2,229.99
8805,8097,26,2,39.99
8806,8098,22,2,149.99
8807,8098,23,1,299.99
8808,8098,24,1,79.99
8809,8099,21,1,249.99
8810,8099,20,1,249.99
8811,8099,22,1,149.99
8812,8099,23,2,299.99
8813,8100,18,1,449.99
8814,8101,16,1,349.99
8815,8102,14,1,1299.99
8816,8102,15,1,549.99
8817,8103,12,1,499.99
8818,8103,13,1,999.99
8819,8104,9,1,699.99
8820,8104,11,2,299.99
8821,8105,7,1,329.99
8822,8105,8,1,599.99
8823,8106,5,1,2199.99
8824,8106,6,1,179.99
8825,8107,4,2,649.99
8826,8107,3,1,1799.99
8827,8107,5,1,2199.99
8828,8108,1,1,899.99
8829,8108,2,2,1299.99
8830,8108,4,1,649.99
8831,8109,1,1,899.99
8832,8109,2,1,1299.99
8833,8109,4,1,649.99
8834,8109,3,2,1799.99
8835,8110,1,1,899.99
8836,8111,1,1,899.99
8837,8112,1,1,899.99
8838,8112,2,1,1299.99
8839,8113,49,2,19.99
8840,8113,50,1,49.99
8841,8114,46,1,49.99
8842,8114,47,3,69.99
8843,8115,44,1,119.99
8844,8115,45,1,199.99
8845,8116,42,1,99.99
8846,8116,43,2,179.99
8847,8117,42,1,99.99
8848,8117,40,1,59.99
8849,8117,41,2,59.99
8850,8118,38,1,79.99
8851,8118,39,2,179.99
8852,8118,42,2,99.99
8853,8119,37,2,199.99
8854,8119,36,2,39.99
8855,8119,38,1,79.99
8856,8119,39,1,179.99
8857,8120,33,3,99.99
8858,8121,31,3,24.99
8859,8122,29,1,89.99
8860,8122,31,2,24.99
8861,8123,27,1,119.99
8862,8123,28,1,99.99
8863,8124,27,3,119.99
8864,8124,25,2,229.99
8865,8125,23,2,299.99
8866,8125,24,1,79.99
8867,8126,21,1,249.99
8868,8126,20,2,249.99
8869,8127,18,1,449.99
8870,8127,19,1,899.99
8871,8127,21,2,249.99
8872,8128,16,1,349.99
8873,8128,17,1,699.99
8874,8128,18,1,449.99
8875,8129,14,1,1299.99
8876,8129,15,1,549.99
8877,8129,16,2,349.99
8878,8129,17,1,699.99
8879,8130,12,1,499.99
8880,8131,9,2,699.99
8881,8132,7,1,329.99
8882,8132,8,1,599.99
8883,8133,5,1,2199.99
8884,8133,6,1,179.99
8885,8134,4,1,649.99
8886,8134,3,1,1799.99
8887,8135,1,1,899.99
8888,8135,2,2,1299.99
8889,8136,1,1,899.99
8890,8136,2,1,1299.99
8891,8137,1,2,899.99
8892,8137,2,1,1299.99
8893,8137,4,2,649.99
8894,8138,1,1,899.99
8895,8138,2,2,1299.99
8896,8138,4,1,649.99
8897,8139,1,1,899.99
8898,8139,2,1,1299.99
8899,8139,4,1,649.99
8900,8139,3,2,1799.99
8901,8140,49,2,19.99
8902,8141,47,2,69.99
8903,8142,44,1,119.99
8904,8142,45,1,199.99
8905,8143,42,1,99.99
8906,8143,43,1,179.99
8907,8144,42,2,99.99
8908,8144,40,1,59.99
8909,8145,38,1,79.99
8910,8145,39,2,179.99
8911,8146,37,2,199.99
8912,8146,36,1,39.99
8913,8147,33,2,99.99
8914,8147,34,1,69.99
8915,8147,35,1,29.99
8916,8148,31,3,24.99
8917,8148,32,1,79.99
8918,8148,33,1,99.99
8919,8149,29,3,89.99
8920,8149,31,1,24.99
8921,8149,30,1,149.99
8922,8149,32,3,79.99
8923,8150,27,1,119.99
8924,8151,27,2,119.99
8925,8152,23,2,299.99
8926,8152,24,1,79.99
8927,8153,21,2,249.99
8928,8153,20,2,249.99
8929,8154,18,2,449.99
8930,8154,19,1,899.99
8931,8155,16,1,349.99
8932,8155,17,1,699.99
8933,8156,14,1,1299.99
8934,8156,15,1,549.99
8935,8157,12,1,499.99
8936,8157,13,1,999.99
8937,8157,14,2,1299.99
8938,8158,11,1,299.99
8939,8158,10,1,129.99
8940,8158,12,2,499.99
8941,8159,7,2,329.99
8942,8159,8,1,599.99
8943,8159,9,1,699.99
8944,8159,11,1,299.99
8945,8160,5,1,2199.99
8946,8161,4,1,649.99
8947,8162,1,1,899.99
8948,8162,2,1,1299.99
8949,8163,1,1,899.99
8950,8163,2,1,1299.99
8951,8164,1,2,899.99
8952,8164,2,1,1299.99
8953,8165,1,1,899.99
8954,8165,2,2,1299.99
8955,8166,1,1,899.99
8956,8166,2,1,1299.99
8957,8167,49,1,19.99
8958,8167,50,3,49.99
8959,8167,1,2,899.99
8960,8168,47,2,69.99
8961,8168,49,1,19.99
8962,8168,48,3,59.99
8963,8169,44,1,119.99
8964,8169,45,1,199.99
8965,8169,46,1,49.99
8966,8169,47,1,69.99
8967,8170,42,1,99.99
8968,8171,42,2,99.99
8969,8172,38,1,79.99
8970,8172,39,2,179.99
8971,8173,37,2,199.99
8972,8173,36,1,39.99
8973,8174,34,3,69.99
8974,8174,35,1,29.99
8975,8175,31,2,24.99
8976,8175,32,1,79.99
8977,8176,29,3,89.99
8978,8176,31,1,24.99
8979,8177,27,3,119.99
8980,8177,28,1,99.99
8981,8177,29,1,89.99
8982,8178,27,2,119.99
8983,8178,25,2,229.99
8984,8178,26,1,39.99
8985,8179,23,2,299.99
8986,8179,24,1,79.99
8987,8179,27,1,119.99
8988,8179,25,1,229.99
8989,8180,21,2,249.99
8990,8181,18,2,449.99
8991,8182,16,2,349.99
8992,8182,17,1,699.99
8993,8183,14,1,1299.99
8994,8183,15,1,549.99
8995,8184,12,1,499.99
8996,8184,13,1,999.99
8997,8185,11,1,299.99
8998,8185,10,1,129.99
8999,8186,7,2,329.99
9000,8186,8,1,599.99
9001,8187,5,1,2199.99
9002,8187,6,1,179.99
9003,8187,7,1,329.99
9004,8188,4,1,649.99
9005,8188,3,1,1799.99
9006,8188,5,2,2199.99
9007,8189,1,1,899.99
9008,8189,2,1,1299.99
9009,8189,4,1,649.99
9010,8189,3,2,1799.99
9011,8190,1,1,899.99
9012,8191,1,1,899.99
9013,8192,1,1,899.99
9014,8192,2,1,1299.99
9015,8193,1,1,899.99
9016,8193,2,1,1299.99
9017,8194,49,1,19.99
9018,8194,50,2,49.99
9019,8195,47,1,69.99
9020,8195,49,1,19.99
9021,8196,44,2,119.99
9022,8196,45,1,199.99
9023,8197,42,1,99.99
9024,8197,43,1,179.99
9025,8197,44,2,119.99
9026,8198,42,2,99.99
9027,8198,40,1,59.99
9028,8198,41,1,59.99
9029,8199,38,1,79.99
9030,8199,39,1,179.99
9031,8199,42,1,99.99
9032,8199,40,2,59.99
9033,8200,37,2,199.99
9034,8201,34,3,69.99
9035,8202,31,2,24.99
9036,8202,32,3,79.99
9037,8203,29,2,89.99
9038,8203,31,1,24.99
9039,8204,27,3,119.99
9040,8204,28,1,99.99
9041,8205,27,1,119.99
9042,8205,25,1,229.99
9043,8206,23,2,299.99
9044,8206,24,2,79.99
9045,8207,21,2,249.99
9046,8207,22,1,149.99
9047,8207,23,1,299.99
9048,8208,18,1,449.99
9049,8208,19,1,899.99
9050,8208,21,1,249.99
9051,8209,16,2,349.99
9052,8209,17,1,699.99
9053,8209,18,1,449.99
9054,8209,19,1,899.99
9055,8210,14,2,1299.99
9056,8211,12,1,499.99
9057,8212,11,1,299.99
9058,8212,10,2,129.99
9059,8213,7,2,329.99
9060,8213,8,1,599.99
9061,8214,5,1,2199.99
9062,8214,6,1,179.99
9063,8215,4,1,649.99
9064,8215,3,1,1799.99
9065,8216,1,1,899.99
9066,8216,2,1,1299.99
9067,8217,1,2,899.99
9068,8217,2,1,1299.99
9069,8217,4,2,649.99
9070,8218,1,1,899.99
9071,8218,2,2,1299.99
9072,8218,4,1,649.99
9073,8219,1,1,899.99
9074,8219,2,1,1299.99
9075,8219,4,1,649.99
9076,8219,3,2,1799.99
9077,8220,1,1,899.99
9078,8221,49,1,19.99
9079,8222,47,1,69.99
9080,8222,49,1,19.99
9081,8223,45,1,199.99
9082,8223,46,3,49.99
9083,8224,42,2,99.99
9084,8224,43,1,179.99
9085,8225,42,2,99.99
9086,8225,40,1,59.99
9087,8226,38,1,79.99
9088,8226,39,1,179.99
9089,8227,37,1,199.99
9090,8227,36,1,39.99
9091,8227,38,2,79.99
9092,8228,34,2,69.99
9093,8228,35,1,29.99
9094,8228,37,1,199.99
9095,8229,31,1,24.99
9096,8229,32,3,79.99
9097,8229,33,1,99.99
9098,8229,34,1,69.99
9099,8230,29,2,89.99
9100,8231,27,2,119.99
9101,8232,27,1,119.99
9102,8232,25,1,229.99
9103,8233,23,1,299.99
9104,8233,24,2,79.99
9105,8234,21,2,249.99
9106,8234,22,2,149.99
9107,8235,18,1,449.99
9108,8235,19,2,899.99
9109,8236,16,1,349.99
9110,8236,17,1,699.99
9111,8237,14,2,1299.99
9112,8237,15,1,549.99
9113,8237,16,1,349.99
9114,8238,12,2,499.99
9115,8238,13,1,999.99
9116,8238,14,1,1299.99
9117,8239,11,1,299.99
9118,8239,10,2,129.99
9119,8239,12,1,499.99
9120,8239,13,2,999.99
9121,8240,8,2,599.99
9122,8241,5,2,2199.99
9123,8242,4,1,649.99
9124,8242,3,1,1799.99
9125,8243,1,1,899.99
9126,8243,2,1,1299.99
9127,8244,1,2,899.99
9128,8244,2,1,1299.99
9129,8245,1,1,899.99
9130,8245,2,2,1299.99
9131,8246,1,1,899.99
9132,8246,2,1,1299.99
9133,8247,1,2,899.99
9134,8247,2,1,1299.99
9135,8247,4,2,649.99
9136,8248,49,1,19.99
9137,8248,50,1,49.99
9138,8248,1,1,899.99
9139,8249,47,1,69.99
9140,8249,49,3,19.99
9141,8249,48,2,59.99
9142,8249,50,1,49.99
9143,8250,45,1,199.99
9144,8251,42,2,99.99
9145,8252,42,1,99.99
9146,8252,40,2,59.99
9147,8253,38,1,79.99
9148,8253,39,1,179.99
9149,8254,37,1,199.99
9150,8254,36,1,39.99
9151,8255,34,2,69.99
9152,8255,35,3,29.99
9153,8256,32,2,79.99
9154,8256,33,1,99.99
9155,8257,29,1,89.99
9156,8257,31,1,24.99
9157,8257,30,3,149.99
9158,8258,27,2,119.99
9159,8258,28,3,99.99
9160,8258,29,1,89.99
9161,8259,27,1,119.99
9162,8259,25,1,229.99
9163,8259,26,1,39.99
9164,8259,28,2,99.99
9165,8260,23,1,299.99
9166,8261,21,1,249.99
9167,8262,18,1,449.99
9168,8262,19,2,899.99
9169,8263,16,1,349.99
9170,8263,17,2,699.99
9171,8264,14,1,1299.99
9172,8264,15,1,549.99
9173,8265,12,2,499.99
9174,8265,13,1,999.99
9175,8266,11,1,299.99
9176,8266,10,2,129.99
9177,8267,8,2,599.99
9178,8267,9,1,699.99
9179,8267,11,2,299.99
9180,8268,5,2,2199.99
9181,8268,6,2,179.99
9182,8268,7,1,329.99
9183,8269,4,1,649.99
9184,8269,3,2,1799.99
9185,8269,5,1,2199.99
9186,8269,6,2,179.99
9187,8270,1,1,899.99
9188,8271,1,1,899.99
9189,8272,1,1,899.99
9190,8272,2,1,1299.99
9191,8273,1,1,899.99
9192,8273,2,1,1299.99
9193,8274,1,2,899.99
9194,8274,2,1,1299.99
9195,8275,49,1,19.99
9196,8275,50,1,49.99
9197,8276,47,1,69.99
9198,8276,49,3,19.99
9199,8277,45,2,199.99
9200,8277,46,2,49.99
9201,8277,47,3,69.99
9202,8278,42,2,99.99
9203,8278,43,1,179.99
9204,8278,44,1,119.99
9205,8279,42,1,99.99
9206,8279,40,2,59.99
9207,8279,41,1,59.99
9208,8279,43,2,179.99
9209,8280,38,2,79.99
9210,8281,37,1,199.99
9211,8282,34,1,69.99
9212,8282,35,3,29.99
9213,8283,32,2,79.99
9214,8283,33,3,99.99
9215,8284,29,1,89.99
9216,8284,31,1,24.99
9217,8285,27,1,119.99
9218,8285,28,3,99.99
9219,8286,27,1,119.99
9220,8286,25,1,229.99
9221,8287,23,1,299.99
9222,8287,24,2,79.99
9223,8287,27,3,119.99
9224,8288,21,1,249.99
9225,8288,22,2,149.99
9226,8288,23,1,299.99
9227,8289,19,1,899.99
9228,8289,21,1,249.99
9229,8289,20,1,249.99
9230,8289,22,1,149.99
9231,8290,16,1,349.99
9232,8291,14,1,1299.99
9233,8292,12,1,499.99
9234,8292,13,1,999.99
9235,8293,11,1,299.99
9236,8293,10,2,129.99
9237,8294,8,2,599.99
9238,8294,9,1,699.99
9239,8295,5,1,2199.99
9240,8295,6,2,179.99
9241,8296,4,1,649.99
9242,8296,3,2,1799.99
9243,8297,1,2,899.99
9244,8297,2,1,1299.99
9245,8297,4,2,649.99
9246,8298,1,1,899.99
9247,8298,2,2,1299.99
9248,8298,4,1,649.99
9249,8299,1,1,899.99
9250,8299,2,1,1299.99
9251,8299,4,1,649.99
9252,8299,3,2,1799.99
9253,8300,1,1,899.99
9254,8301,1,1,899.99
9255,8302,49,1,19.99
9256,8302,50,1,49.99
9257,8303,47,1,69.99
9258,8303,49,2,19.99
9259,8304,45,2,199.99
9260,8304,46,1,49.99
9261,8305,43,2,179.99
9262,8305,44,1,119.99
9263,8306,42,1,99.99
9264,8306,40,2,59.99
9265,8307,38,2,79.99
9266,8307,39,1,179.99
9267,8307,42,1,99.99
9268,8308,37,1,199.99
9269,8308,36,2,39.99
9270,8308,38,1,79.99
9271,8309,34,1,69.99
9272,8309,35,2,29.99
9273,8309,37,2,199.99
9274,8309,36,2,39.99
9275,8310,32,1,79.99
9276,8311,29,1,89.99
9277,8312,27,1,119.99
9278,8312,28,2,99.99
9279,8313,27,1,119.99
9280,8313,25,1,229.99
9281,8314,23,1,299.99
9282,8314,24,1,79.99
9283,8315,21,1,249.99
9284,8315,22,2,149.99
9285,8316,19,1,899.99
9286,8316,21,1,249.99
9287,8317,16,1,349.99
9288,8317,17,1,699.99
9289,8317,18,1,449.99
9290,8318,14,1,1299.99
9291,8318,15,2,549.99
9292,8318,16,1,349.99
9293,8319,12,1,499.99
9294,8319,13,2,999.99
9295,8319,14,1,1299.99
9296,8319,15,1,549.99
9297,8320,11,1,299.99
9298,8321,8,2,599.99
9299,8322,6,2,179.99
9300,8322,7,1,329.99
9301,8323,4,1,649.99
9302,8323,3,1,1799.99
9303,8324,1,2,899.99
9304,8324,2,1,1299.99
9305,8325,1,1,899.99
9306,8325,2,2,1299.99
9307,8326,1,1,899.99
9308,8326,2,1,1299.99
9309,8327,1,2,899.99
9310,8327,2,1,1299.99
9311,8327,4,2,649.99
9312,8328,1,1,899.99
9313,8328,2,2,1299.99
9314,8328,4,1,649.99
9315,8329,49,3,19.99
9316,8329,50,1,49.99
9317,8329,1,1,899.99
9318,8329,2,1,1299.99
9319,8330,47,1,69.99
9320,8331,45,2,199.99
9321,8332,43,2,179.99
9322,8332,44,1,119.99
9323,8333,42,1,99.99
9324,8333,40,2,59.99
9325,8334,38,2,79.99
9326,8334,39,1,179.99
9327,8335,37,1,199.99
9328,8335,36,2,39.99
9329,8336,34,1,69.99
9330,8336,35,2,29.99
9331,8337,32,1,79.99
9332,8337,33,2,99.99
9333,8337,34,1,69.99
9334,8338,31,3,24.99
9335,8338,30,1,149.99
9336,8338,32,1,79.99
9337,8339,27,1,119.99
9338,8339,28,2,99.99
9339,8339,29,3,89.99
9340,8339,31,1,24.99
9341,8340,27,1,119.99
9342,8341,23,1,299.99
9343,8342,21,1,249.99
9344,8342,22,1,149.99
9345,8343,19,1,899.99
9346,8343,21,2,249.99
9347,8344,16,1,349.99
9348,8344,17,1,699.99
9349,8345,14,1,1299.99
9350,8345,15,1,549.99
9351,8346,12,1,499.99
9352,8346,13,2,999.99
9353,8347,11,2,299.99
9354,8347,10,1,129.99
9355,8347,12,1,499.99
9356,8348,8,1,599.99
9357,8348,9,2,699.99
9358,8348,11,1,299.99
9359,8349,6,2,179.99
9360,8349,7,2,329.99
9361,8349,8,1,599.99
9362,8349,9,1,699.99
9363,8350,4,2,649.99
9364,8351,1,1,899.99
9365,8352,1,1,899.99
9366,8352,2,1,1299.99
9367,8353,1,1,899.99
9368,8353,2,1,1299.99
9369,8354,1,2,899.99
9370,8354,2,1,1299.99
9371,8355,1,1,899.99
9372,8355,2,2,1299.99
9373,8356,49,3,19.99
9374,8356,50,1,49.99
9375,8357,47,3,69.99
9376,8357,49,1,19.99
9377,8357,48,1,59.99
9378,8358,45,2,199.99
9379,8358,46,1,49.99
9380,8358,47,2,69.99
9381,8359,43,2,179.99
9382,8359,44,1,119.99
9383,8359,45,1,199.99
9384,8359,46,1,49.99
9385,8360,42,1,99.99
9386,8361,38,2,79.99
9387,8362,37,1,199.99
9388,8362,36,2,39.99
9389,8363,34,1,69.99
9390,8363,35,1,29.99
9391,8364,32,1,79.99
9392,8364,33,2,99.99
9393,8365,31,2,24.99
9394,8365,30,1,149.99
9395,8366,27,1,119.99
9396,8366,28,1,99.99
9397,8367,27,3,119.99
9398,8367,25,2,229.99
9399,8367,26,2,39.99
9400,8368,23,1,299.99
9401,8368,24,1,79.99
9402,8368,27,2,119.99
9403,8369,21,1,249.99
9404,8369,22,1,149.99
9405,8369,23,2,299.99
9406,8369,24,1,79.99
9407,8370,19,1,899.99
9408,8371,17,1,699.99
9409,8372,14,1,1299.99
9410,8372,15,1,549.99
9411,8373,12,1,499.99
9412,8373,13,1,999.99
9413,8374,11,2,299.99
9414,8374,10,1,129.99
9415,8375,8,1,599.99
9416,8375,9,2,699.99
9417,8376,6,1,179.99
9418,8376,7,2,329.99
9419,8377,4,2,649.99
9420,8377,3,1,1799.99
9421,8377,5,1,2199.99
9422,8378,1,1,899.99
9423,8378,2,2,1299.99
9424,8378,4,1,649.99
9425,8379,1,1,899.99
9426,8379,2,1,1299.99
9427,8379,4,1,649.99
9428,8379,3,2,1799.99
9429,8380,1,1,899.99
9430,8381,1,1,899.99
9431,8382,1,1,899.99
9432,8382,2,1,1299.99
9433,8383,49,2,19.99
9434,8383,50,1,49.99
9435,8384,47,3,69.99
9436,8384,49,1,19.99
9437,8385,45,1,199.99
9438,8385,46,1,49.99
9439,8386,43,2,179.99
9440,8386,44,2,119.99
9441,8387,42,1,99.99
9442,8387,41,2,59.99
9443,8387,43,1,179.99
9444,8388,38,1,79.99
9445,8388,39,2,179.99
9446,8388,42,2,99.99
9447,8389,37,2,199.99
9448,8389,36,2,39.99
9449,8389,38,1,79.99
9450,8389,39,1,179.99
9451,8390,34,1,69.99
9452,8391,32,1,79.99
9453,8392,31,2,24.99
9454,8392,30,1,149.99
9455,8393,27,1,119.99
9456,8393,28,1,99.99
9457,8394,27,3,119.99
9458,8394,25,2,229.99
9459,8395,23,2,299.99
9460,8395,24,1,79.99
9461,8396,21,1,249.99
9462,8396,22,1,149.99
9463,8397,19,1,899.99
9464,8397,21,2,249.99
9465,8397,20,1,249.99
9466,8398,17,1,699.99
9467,8398,18,1,449.99
9468,8398,19,1,899.99
9469,8399,14,1,1299.99
9470,8399,15,1,549.99
9471,8399,16,2,349.99
9472,8399,17,1,699.99
9473,8400,12,1,499.99
9474,8401,11,1,299.99
9475,8402,8,1,599.99
9476,8402,9,2,699.99
9477,8403,6,1,179.99
9478,8403,7,2,329.99
9479,8404,4,1,649.99
9480,8404,5,1,2199.99
9481,8405,1,1,899.99
9482,8405,2,2,1299.99
9483,8406,1,1,899.99
9484,8406,2,1,1299.99
9485,8407,1,2,899.99
9486,8407,2,1,1299.99
9487,8407,4,2,649.99
9488,8408,1,1,899.99
9489,8408,2,2,1299.99
9490,8408,4,1,649.99
9491,8409,1,1,899.99
9492,8409,2,1,1299.99
9493,8409,4,1,649.99
9494,8409,3,2,1799.99
9495,8410,49,2,19.99
9496,8411,47,2,69.99
9497,8412,45,1,199.99
9498,8412,46,1,49.99
9499,8413,43,1,179.99
9500,8413,44,2,119.99
9501,8414,42,2,99.99
9502,8414,41,2,59.99
9503,8415,38,1,79.99
9504,8415,39,2,179.99
9505,8416,37,2,199.99
9506,8416,36,1,39.99
9507,8417,34,1,69.99
9508,8417,35,1,29.99
9509,8417,37,1,199.99
9510,8418,32,1,79.99
9511,8418,33,1,99.99
9512,8418,34,2,69.99
9513,8419,31,1,24.99
9514,8419,30,1,149.99
9515,8419,32,3,79.99
9516,8419,33,1,99.99
9517,8420,28,1,99.99
9518,8421,27,2,119.99
9519,8422,23,2,299.99
9520,8422,24,1,79.99
9521,8423,21,2,249.99
9522,8423,22,1,149.99
9523,8424,19,1,899.99
9524,8424,21,2,249.99
9525,8425,17,1,699.99
9526,8425,18,1,449.99
9527,8426,14,1,1299.99
9528,8426,15,1,549.99
9529,8427,12,1,499.99
9530,8427,13,1,999.99
9531,8427,14,2,1299.99
9532,8428,11,1,299.99
9533,8428,10,1,129.99
9534,8428,12,2,499.99
9535,8429,8,1,599.99
9536,8429,9,1,699.99
9537,8429,11,1,299.99
9538,8429,10,2,129.99
9539,8430,6,1,179.99
9540,8431,4,1,649.99
9541,8432,1,1,899.99
9542,8432,2,1,1299.99
9543,8433,1,1,899.99
9544,8433,2,1,1299.99
9545,8434,1,2,899.99
9546,8434,2,1,1299.99
9547,8435,1,1,899.99
9548,8435,2,2,1299.99
9549,8436,1,1,899.99
9550,8436,2,1,1299.99
9551,8437,49,1,19.99
9552,8437,50,3,49.99
9553,8437,1,2,899.99
9554,8438,47,2,69.99
9555,8438,49,1,19.99
9556,8438,48,3,59.99
9557,8439,45,1,199.99
9558,8439,46,1,49.99
9559,8439,47,1,69.99
9560,8439,49,3,19.99
9561,8440,43,1,179.99
9562,8441,42,2,99.99
9563,8442,38,1,79.99
9564,8442,39,2,179.99
9565,8443,37,2,199.99
9566,8443,36,1,39.99
9567,8444,34,3,69.99
9568,8444,35,1,29.99
9569,8445,32,1,79.99
9570,8445,33,1,99.99
9571,8446,31,1,24.99
9572,8446,30,1,149.99
9573,8447,28,1,99.99
9574,8447,29,1,89.99
9575,8447,31,1,24.99
9576,8448,27,2,119.99
9577,8448,25,2,229.99
9578,8448,26,1,39.99
9579,8449,23,2,299.99
9580,8449,24,1,79.99
9581,8449,27,1,119.99
9582,8449,25,1,229.99
9583,8450,21,2,249.99
9584,8451,19,1,899.99
9585,8452,17,1,699.99
9586,8452,18,1,449.99
9587,8453,15,1,549.99
9588,8453,16,1,349.99
9589,8454,12,1,499.99
9590,8454,13,1,999.99
9591,8455,11,1,299.99
9592,8455,10,1,129.99
9593,8456,8,1,599.99
9594,8456,9,1,699.99
9595,8457,6,1,179.99
9596,8457,7,1,329.99
9597,8457,8,2,599.99
9598,8458,4,1,649.99
9599,8458,5,2,2199.99
9600,8458,6,2,179.99
9601,8459,1,1,899.99
9602,8459,2,1,1299.99
9603,8459,4,1,649.99
9604,8459,3,2,1799.99
9605,8460,1,1,899.99
9606,8461,1,1,899.99
9607,8462,1,1,899.99
9608,8462,2,1,1299.99
9609,8463,1,1,899.99
9610,8463,2,1,1299.99
9611,8464,49,1,19.99
9612,8464,50,2,49.99
9613,8465,47,1,69.99
9614,8465,49,1,19.99
9615,8466,45,1,199.99
9616,8466,46,3,49.99
9617,8467,43,1,179.99
9618,8467,44,2,119.99
9619,8467,45,2,199.99
9620,8468,42,2,99.99
9621,8468,41,1,59.99
9622,8468,43,1,179.99
9623,8469,39,1,179.99
9624,8469,42,1,99.99
9625,8469,40,2,59.99
9626,8469,41,1,59.99
9627,8470,37,2,199.99
9628,8471,34,3,69.99
9629,8472,32,3,79.99
9630,8472,33,1,99.99
9631,8473,31,1,24.99
9632,8473,30,1,149.99
9633,8474,28,1,99.99
9634,8474,29,1,89.99
9635,8475,27,1,119.99
9636,8475,25,1,229.99
9637,8476,23,2,299.99
9638,8476,24,2,79.99
9639,8477,21,2,249.99
9640,8477,22,1,149.99
9641,8477,23,1,299.99
9642,8478,19,1,899.99
9643,8478,21,1,249.99
9644,8478,20,1,249.99
9645,8479,17,1,699.99
9646,8479,18,1,449.99
9647,8479,19,1,899.99
9648,8479,21,1,249.99
9649,8480,15,1,549.99
9650,8481,12,1,499.99
9651,8482,11,1,299.99
9652,8482,10,2,129.99
9653,8483,8,1,599.99
9654,8483,9,1,699.99
9655,8484,6,1,179.99
9656,8484,7,1,329.99
9657,8485,4,1,649.99
9658,8485,5,1,2199.99
9659,8486,2,1,1299.99
9660,8486,4,1,649.99
9661,8487,1,2,899.99
9662,8487,2,1,1299.99
9663,8487,4,2,649.99
9664,8488,1,1,899.99
9665,8488,2,2,1299.99
9666,8488,4,1,649.99
9667,8489,1,1,899.99
9668,8489,2,1,1299.99
9669,8489,4,1,649.99
9670,8489,3,2,1799.99
9671,8490,1,1,899.99
9672,8491,49,1,19.99
9673,8492,47,1,69.99
9674,8492,49,1,19.99
9675,8493,45,1,199.99
9676,8493,46,3,49.99
9677,8494,43,1,179.99
9678,8494,44,1,119.99
9679,8495,42,2,99.99
9680,8495,41,1,59.99
9681,8496,39,1,179.99
9682,8496,42,1,99.99
9683,8497,37,1,199.99
9684,8497,36,1,39.99
9685,8497,38,2,79.99
9686,8498,34,2,69.99
9687,8498,35,1,29.99
9688,8498,37,1,199.99
9689,8499,32,3,79.99
9690,8499,33,1,99.99
9691,8499,34,1,69.99
9692,8499,35,2,29.99
9693,8500,31,1,24.99
9694,8501,28,1,99.99
9695,8502,27,1,119.99
9696,8502,26,1,39.99
9697,8503,23,1,299.99
9698,8503,24,2,79.99
9699,8504,21,2,249.99
9700,8504,22,2,149.99
9701,8505,19,2,899.99
9702,8505,21,1,249.99
9703,8506,17,1,699.99
9704,8506,18,1,449.99
9705,8507,15,1,549.99
9706,8507,16,1,349.99
9707,8507,17,1,699.99
9708,8508,12,2,499.99
9709,8508,13,1,999.99
9710,8508,14,1,1299.99
9711,8509,11,1,299.99
9712,8509,10,2,129.99
9713,8509,12,1,499.99
9714,8509,13,2,999.99
9715,8510,8,2,599.99
9716,8511,6,1,179.99
9717,8512,4,1,649.99
9718,8512,5,1,2199.99
9719,8513,2,1,1299.99
9720,8513,4,1,649.99
9721,8514,1,2,899.99
9722,8514,2,1,1299.99
9723,8515,1,1,899.99
9724,8515,2,2,1299.99
9725,8516,1,1,899.99
9726,8516,2,1,1299.99
9727,8517,1,2,899.99
9728,8517,2,1,1299.99
9729,8517,4,2,649.99
9730,8518,50,1,49.99
9731,8518,1,1,899.99
9732,8518,2,2,1299.99
9733,8519,47,1,69.99
9734,8519,49,3,19.99
9735,8519,48,2,59.99
9736,8519,50,1,49.99
9737,8520,45,1,199.99
9738,8521,43,1,179.99
9739,8522,42,1,99.99
9740,8522,41,1,59.99
9741,8523,39,1,179.99
9742,8523,42,1,99.99
9743,8524,37,1,199.99
9744,8524,36,1,39.99
9745,8525,34,2,69.99
9746,8525,35,3,29.99
9747,8526,32,2,79.99
9748,8526,33,1,99.99
9749,8527,31,1,24.99
9750,8527,30,3,149.99
9751,8527,32,1,79.99
9752,8528,28,3,99.99
9753,8528,29,1,89.99
9754,8528,31,3,24.99
9755,8529,27,1,119.99
9756,8529,26,1,39.99
9757,8529,28,2,99.99
9758,8529,29,3,89.99
9759,8530,23,1,299.99
9760,8531,21,1,249.99
9761,8532,19,2,899.99
9762,8532,21,1,249.99
9763,8533,17,2,699.99
9764,8533,18,1,449.99
9765,8534,15,1,549.99
9766,8534,16,1,349.99
9767,8535,13,1,999.99
9768,8535,14,1,1299.99
9769,8536,11,1,299.99
9770,8536,10,2,129.99
9771,8537,8,2,599.99
9772,8537,9,1,699.99
9773,8537,11,2,299.99
9774,8538,6,2,179.99
9775,8538,7,1,329.99
9776,8538,8,1,599.99
9777,8539,4,1,649.99
9778,8539,5,1,2199.99
9779,8539,6,2,179.99
9780,8539,7,2,329.99
9781,8540,2,1,1299.99
9782,8541,1,1,899.99
9783,8542,1,1,899.99
9784,8542,2,1,1299.99
9785,8543,1,1,899.99
9786,8543,2,1,1299.99
9787,8544,1,2,899.99
9788,8544,2,1,1299.99
9789,8545,50,1,49.99
9790,8545,1,1,899.99
9791,8546,47,1,69.99
9792,8546,49,3,19.99
9793,8547,45,2,199.99
9794,8547,46,2,49.99
9795,8547,47,3,69.99
9796,8548,43,1,179.99
9797,8548,44,1,119.99
9798,8548,45,2,199.99
9799,8549,42,1,99.99
9800,8549,41,1,59.99
9801,8549,43,2,179.99
9802,8549,44,1,119.99
9803,8550,39,1,179.99
9804,8551,37,1,199.99
9805,8552,34,1,69.99
9806,8552,35,3,29.99
9807,8553,32,2,79.99
9808,8553,33,3,99.99
9809,8554,31,1,24.99
9810,8554,30,2,149.99
9811,8555,28,3,99.99
9812,8555,29,1,89.99
9813,8556,27,1,119.99
9814,8556,26,3,39.99
9815,8557,23,1,299.99
9816,8557,24,2,79.99
9817,8557,27,3,119.99
9818,8558,21,1,249.99
9819,8558,22,2,149.99
9820,8558,23,1,299.99
9821,8559,19,1,899.99
9822,8559,21,1,249.99
9823,8559,20,1,249.99
9824,8559,22,1,149.99
9825,8560,17,2,699.99
9826,8561,15,2,549.99
9827,8562,13,1,999.99
9828,8562,14,1,1299.99
9829,8563,11,1,299.99
9830,8563,10,2,129.99
9831,8564,8,2,599.99
9832,8564,9,1,699.99
9833,8565,6,2,179.99
9834,8565,7,1,329.99
9835,8566,4,1,649.99
9836,8566,5,1,2199.99
9837,8567,2,1,1299.99
9838,8567,4,2,649.99
9839,8567,3,1,1799.99
9840,8568,1,1,899.99
9841,8568,2,2,1299.99
9842,8568,4,1,649.99
9843,8569,1,1,899.99
9844,8569,2,1,1299.99
9845,8569,4,1,649.99
9846,8569,3,2,1799.99
9847,8570,1,1,899.99
9848,8571,1,1,899.99
9849,8572,50,1,49.99
9850,8572,1,1,899.99
9851,8573,47,1,69.99
9852,8573,49,2,19.99
9853,8574,45,2,199.99
9854,8574,46,1,49.99
9855,8575,43,2,179.99
9856,8575,44,1,119.99
9857,8576,42,1,99.99
9858,8576,41,1,59.99
9859,8577,39,1,179.99
9860,8577,42,1,99.99
9861,8577,40,1,59.99
9862,8578,37,1,199.99
9863,8578,38,1,79.99
9864,8578,39,2,179.99
9865,8579,34,1,69.99
9866,8579,35,2,29.99
9867,8579,37,2,199.99
9868,8579,36,2,39.99
9869,8580,32,1,79.99
9870,8581,31,3,24.99
9871,8582,28,2,99.99
9872,8582,29,1,89.99
9873,8583,27,1,119.99
9874,8583,26,3,39.99
9875,8584,24,1,79.99
9876,8584,27,3,119.99
9877,8585,21,1,249.99
9878,8585,22,2,149.99
9879,8586,19,1,899.99
9880,8586,21,1,249.99
9881,8587,17,1,699.99
9882,8587,18,1,449.99
9883,8587,19,1,899.99
9884,8588,15,2,549.99
9885,8588,16,1,349.99
9886,8588,17,1,699.99
9887,8589,13,2,999.99
9888,8589,14,1,1299.99
9889,8589,15,1,549.99
9890,8589,16,2,349.99
9891,8590,11,1,299.99
9892,8591,8,2,599.99
9893,8592,6,2,179.99
9894,8592,7,1,329.99
9895,8593,4,1,649.99
9896,8593,5,1,2199.99
9897,8594,2,1,1299.99
9898,8594,4,1,649.99
9899,8595,1,1,899.99
9900,8595,2,2,1299.99
9901,8596,1,1,899.99
9902,8596,2,1,1299.99
9903,8597,1,2,899.99
9904,8597,2,1,1299.99
9905,8597,4,2,649.99
9906,8598,1,1,899.99
9907,8598,2,2,1299.99
9908,8598,4,1,649.99
9909,8599,50,1,49.99
9910,8599,1,1,899.99
9911,8599,2,1,1299.99
9912,8599,4,1,649.99
9913,8600,49,2,19.99
9914,8601,45,2,199.99
9915,8602,43,2,179.99
9916,8602,44,1,119.99
9917,8603,42,1,99.99
9918,8603,41,2,59.99
9919,8604,39,1,179.99
9920,8604,42,2,99.99
9921,8605,37,1,199.99
9922,8605,38,1,79.99
9923,8606,34,1,69.99
9924,8606,35,2,29.99
9925,8607,32,1,79.99
9926,8607,33,2,99.99
9927,8607,34,1,69.99
9928,8608,31,3,24.99
9929,8608,30,1,149.99
9930,8608,32,1,79.99
9931,8609,28,2,99.99
9932,8609,29,3,89.99
9933,8609,31,1,24.99
9934,8609,30,1,149.99
9935,8610,27,1,119.99
9936,8611,24,1,79.99
9937,8612,21,1,249.99
9938,8612,22,1,149.99
9939,8613,19,1,899.99
9940,8613,21,2,249.99
9941,8614,17,1,699.99
9942,8614,18,2,449.99
9943,8615,15,1,549.99
9944,8615,16,1,349.99
9945,8616,13,2,999.99
9946,8616,14,1,1299.99
9947,8617,11,2,299.99
9948,8617,12,1,499.99
9949,8617,13,1,999.99
9950,8618,8,1,599.99
9951,8618,9,2,699.99
9952,8618,11,1,299.99
9953,8619,6,2,179.99
9954,8619,7,2,329.99
9955,8619,8,1,599.99
9956,8619,9,1,699.99
9957,8620,4,2,649.99
9958,8621,2,1,1299.99
9959,8622,1,1,899.99
9960,8622,2,1,1299.99
9961,8623,1,1,899.99
9962,8623,2,1,1299.99
9963,8624,1,2,899.99
9964,8624,2,1,1299.99
9965,8625,1,1,899.99
9966,8625,2,2,1299.99
9967,8626,50,1,49.99
9968,8626,1,1,899.99
9969,8627,49,1,19.99
9970,8627,48,1,59.99
9971,8627,50,3,49.99
9972,8628,45,2,199.99
9973,8628,46,1,49.99
9974,8628,47,2,69.99
9975,8629,43,2,179.99
9976,8629,44,1,119.99
9977,8629,45,1,199.99
9978,8629,46,1,49.99
9979,8630,42,1,99.99
9980,8631,39,2,179.99
9981,8632,37,1,199.99
9982,8632,38,1,79.99
9983,8633,35,1,29.99
9984,8633,37,2,199.99
9985,8634,32,1,79.99
9986,8634,33,2,99.99
9987,8635,31,2,24.99
9988,8635,30,1,149.99
9989,8636,28,1,99.99
9990,8636,29,3,89.99
9991,8637,27,3,119.99
9992,8637,26,2,39.99
9993,8637,28,1,99.99
9994,8638,24,1,79.99
9995,8638,27,2,119.99
9996,8638,25,2,229.99
9997,8639,21,1,249.99
9998,8639,22,1,149.99
9999,8639,23,2,299.99
10000,8639,24,1,79.99
10001,8640,19,1,899.99
10002,8641,17,1,699.99
10003,8642,15,1,549.99
10004,8642,16,2,349.99
10005,8643,13,1,999.99
10006,8643,14,1,1299.99
10007,8644,11,2,299.99
10008,8644,12,1,499.99
10009,8645,8,1,599.99
10010,8645,9,2,699.99
10011,8646,6,1,179.99
10012,8646,7,2,329.99
10013,8647,4,2,649.99
10014,8647,5,1,2199.99
10015,8647,6,1,179.99
10016,8648,2,2,1299.99
10017,8648,4,1,649.99
10018,8648,3,1,1799.99
10019,8649,1,1,899.99
10020,8649,2,1,1299.99
10021,8649,4,1,649.99
10022,8649,3,2,1799.99
10023,8650,1,1,899.99
10024,8651,1,1,899.99
10025,8652,1,1,899.99
10026,8652,2,1,1299.99
10027,8653,50,1,49.99
10028,8653,1,1,899.99
10029,8654,49,1,19.99
10030,8654,48,1,59.99
10031,8655,45,1,199.99
10032,8655,46,1,49.99
10033,8656,43,2,179.99
10034,8656,44,2,119.99
10035,8657,42,1,99.99
10036,8657,41,2,59.99
10037,8657,43,1,179.99
10038,8658,39,2,179.99
10039,8658,42,2,99.99
10040,8658,40,1,59.99
10041,8659,37,2,199.99
10042,8659,38,1,79.99
10043,8659,39,1,179.99
10044,8659,42,1,99.99
10045,8660,35,1,29.99
10046,8661,32,1,79.99
10047,8662,31,2,24.99
10048,8662,30,1,149.99
10049,8663,28,1,99.99
10050,8663,29,2,89.99
10051,8664,27,3,119.99
10052,8664,26,1,39.99
10053,8665,24,1,79.99
10054,8665,27,1,119.99
10055,8666,22,1,149.99
10056,8666,23,2,299.99
10057,8667,19,1,899.99
10058,8667,21,2,249.99
10059,8667,20,1,249.99
10060,8668,17,1,699.99
10061,8668,18,1,449.99
10062,8668,19,1,899.99
10063,8669,15,1,549.99
10064,8669,16,2,349.99
10065,8669,17,1,699.99
10066,8669,18,1,449.99
10067,8670,13,1,999.99
10068,8671,11,1,299.99
10069,8672,8,1,599.99
10070,8672,9,2,699.99
10071,8673,6,1,179.99
10072,8673,7,2,329.99
10073,8674,4,1,649.99
10074,8674,5,1,2199.99
10075,8675,2,2,1299.99
10076,8675,4,1,649.99
10077,8676,1,1,899.99
10078,8676,2,1,1299.99
10079,8677,1,2,899.99
10080,8677,2,1,1299.99
10081,8677,4,2,649.99
10082,8678,1,1,899.99
10083,8678,2,2,1299.99
10084,8678,4,1,649.99
10085,8679,1,1,899.99
10086,8679,2,1,1299.99
10087,8679,4,1,649.99
10088,8679,3,2,1799.99
10089,8680,50,3,49.99
10090,8681,49,1,19.99
10091,8682,46,1,49.99
10092,8682,47,1,69.99
10093,8683,43,1,179.99
10094,8683,44,2,119.99
10095,8684,42,2,99.99
10096,8684,41,2,59.99
10097,8685,39,2,179.99
10098,8685,42,2,99.99
10099,8686,37,2,199.99
10100,8686,38,1,79.99
10101,8687,35,1,29.99
10102,8687,37,1,199.99
10103,8687,36,1,39.99
10104,8688,32,1,79.99
10105,8688,33,1,99.99
10106,8688,34,2,69.99
10107,8689,31,1,24.99
10108,8689,30,1,149.99
10109,8689,32,3,79.99
10110,8689,33,1,99.99
10111,8690,28,1,99.99
10112,8691,27,2,119.99
10113,8692,24,1,79.99
10114,8692,27,1,119.99
10115,8693,22,1,149.99
10116,8693,23,1,299.99
10117,8694,19,1,899.99
10118,8694,21,2,249.99
10119,8695,17,1,699.99
10120,8695,18,1,449.99
10121,8696,15,1,549.99
10122,8696,16,1,349.99
10123,8697,13,1,999.99
10124,8697,14,2,1299.99
10125,8697,15,1,549.99
10126,8698,11,1,299.99
10127,8698,12,2,499.99
10128,8698,13,1,999.99
10129,8699,9,1,699.99
10130,8699,11,1,299.99
10131,8699,10,2,129.99
10132,8699,12,1,499.99
10133,8700,6,1,179.99
10134,8701,4,1,649.99
10135,8702,2,1,1299.99
10136,8702,4,1,649.99
10137,8703,1,1,899.99
10138,8703,2,1,1299.99
10139,8704,1,2,899.99
10140,8704,2,1,1299.99
10141,8705,1,1,899.99
10142,8705,2,2,1299.99
10143,8706,1,1,899.99
10144,8706,2,1,1299.99
10145,8707,50,3,49.99
10146,8707,1,2,899.99
10147,8707,2,1,1299.99
10148,8708,49,1,19.99
10149,8708,48,3,59.99
10150,8708,50,1,49.99
10151,8709,46,1,49.99
10152,8709,47,1,69.99
10153,8709,49,3,19.99
10154,8709,48,2,59.99
10155,8710,43,1,179.99
10156,8711,42,2,99.99
10157,8712,39,2,179.99
10158,8712,42,1,99.99
10159,8713,37,2,199.99
10160,8713,38,1,79.99
10161,8714,35,1,29.99
10162,8714,37,1,199.99
10163,8715,33,1,99.99
10164,8715,34,2,69.99
10165,8716,31,1,24.99
10166,8716,30,1,149.99
10167,8717,28,1,99.99
10168,8717,29,1,89.99
10169,8717,31,1,24.99
10170,8718,27,2,119.99
10171,8718,26,1,39.99
10172,8718,28,3,99.99
10173,8719,24,1,79.99
10174,8719,27,1,119.99
10175,8719,25,1,229.99
10176,8719,26,1,39.99
10177,8720,22,1,149.99
10178,8721,19,1,899.99
10179,8722,17,1,699.99
10180,8722,18,1,449.99
10181,8723,15,1,549.99
10182,8723,16,1,349.99
10183,8724,13,1,999.99
10184,8724,14,1,1299.99
10185,8725,11,1,299.99
10186,8725,12,2,499.99
10187,8726,9,1,699.99
10188,8726,11,1,299.99
10189,8727,6,1,179.99
10190,8727,7,1,329.99
10191,8727,8,2,599.99
10192,8728,4,1,649.99
10193,8728,5,2,2199.99
10194,8728,6,2,179.99
10195,8729,2,1,1299.99
10196,8729,4,1,649.99
10197,8729,3,2,1799.99
10198,8729,5,1,2199.99
10199,8730,1,1,899.99
10200,8731,1,1,899.99
10201,8732,1,1,899.99
10202,8732,2,1,1299.99
10203,8733,1,1,899.99
10204,8733,2,1,1299.99
10205,8734,50,2,49.99
10206,8734,1,2,899.99
10207,8735,49,1,19.99
10208,8735,48,3,59.99
10209,8736,46,3,49.99
10210,8736,47,1,69.99
10211,8737,43,1,179.99
10212,8737,44,2,119.99
10213,8737,45,2,199.99
10214,8738,42,2,99.99
10215,8738,41,1,59.99
10216,8738,43,1,179.99
10217,8739,39,1,179.99
10218,8739,42,1,99.99
10219,8739,40,2,59.99
10220,8739,41,1,59.99
10221,8740,37,2,199.99
10222,8741,35,1,29.99
10223,8742,33,1,99.99
10224,8742,34,1,69.99
10225,8743,31,1,24.99
10226,8743,30,1,149.99
10227,8744,28,1,99.99
10228,8744,29,1,89.99
10229,8745,27,1,119.99
10230,8745,26,1,39.99
10231,8746,24,2,79.99
10232,8746,27,1,119.99
10233,8747,22,1,149.99
10234,8747,23,1,299.99
10235,8747,24,2,79.99
10236,8748,21,1,249.99
10237,8748,20,1,249.99
10238,8748,22,2,149.99
10239,8749,17,1,699.99
10240,8749,18,1,449.99
10241,8749,19,1,899.99
10242,8749,21,1,249.99
10243,8750,15,1,549.99
10244,8751,13,1,999.99
10245,8752,11,1,299.99
10246,8752,12,1,499.99
10247,8753,9,1,699.99
10248,8753,11,1,299.99
10249,8754,6,1,179.99
10250,8754,7,1,329.99
10251,8755,4,1,649.99
10252,8755,5,1,2199.99
10253,8756,2,1,1299.99
10254,8756,4,1,649.99
10255,8757,1,2,899.99
10256,8757,2,1,1299.99
10257,8757,4,2,649.99
10258,8758,1,1,899.99
10259,8758,2,2,1299.99
10260,8758,4,1,649.99
10261,8759,1,1,899.99
10262,8759,2,1,1299.99
10263,8759,4,1,649.99
10264,8759,3,2,1799.99
10265,8760,1,1,899.99
10266,8761,50,2,49.99
10267,8762,49,1,19.99
10268,8762,48,2,59.99
10269,8763,46,3,49.99
10270,8763,47,1,69.99
10271,8764,44,1,119.99
10272,8764,45,2,199.99
10273,8765,42,2,99.99
10274,8765,41,1,59.99
10275,8766,39,1,179.99
10276,8766,42,1,99.99
10277,8767,37,1,199.99
10278,8767,38,2,79.99
10279,8767,39,1,179.99
10280,8768,35,1,29.99
10281,8768,37,1,199.99
10282,8768,36,2,39.99
10283,8769,33,1,99.99
10284,8769,34,1,69.99
10285,8769,35,2,29.99
10286,8769,37,2,199.99
10287,8770,31,1,24.99
10288,8771,28,1,99.99
10289,8772,27,1,119.99
10290,8772,26,1,39.99
10291,8773,24,2,79.99
10292,8773,27,1,119.99
10293,8774,22,2,149.99
10294,8774,23,1,299.99
10295,8775,21,1,249.99
10296,8775,20,1,249.99
10297,8776,17,1,699.99
10298,8776,18,1,449.99
10299,8777,15,1,549.99
10300,8777,16,1,349.99
10301,8777,17,1,699.99
10302,8778,13,1,999.99
10303,8778,14,1,1299.99
10304,8778,15,2,549.99
10305,8779,11,1,299.99
10306,8779,12,1,499.99
10307,8779,13,2,999.99
10308,8779,14,1,1299.99
10309,8780,9,1,699.99
10310,8781,7,1,329.99
10311,8782,4,1,649.99
10312,8782,5,1,2199.99
10313,8783,2,1,1299.99
10314,8783,4,1,649.99
10315,8784,1,2,899.99
10316,8784,2,1,1299.99
10317,8785,1,1,899.99
10318,8785,2,2,1299.99
10319,8786,1,1,899.99
10320,8786,2,1,1299.99
10321,8787,1,2,899.99
10322,8787,2,1,1299.99
10323,8787,4,2,649.99
10324,8788,50,1,49.99
10325,8788,1,1,899.99
10326,8788,2,2,1299.99
10327,8789,49,3,19.99
10328,8789,48,2,59.99
10329,8789,50,1,49.99
10330,8789,1,1,899.99
10331,8790,46,2,49.99
10332,8791,44,1,119.99
10333,8792,42,1,99.99
10334,8792,41,1,59.99
10335,8793,39,1,179.99
10336,8793,42,1,99.99
10337,8794,37,1,199.99
10338,8794,38,2,79.99
10339,8795,35,3,29.99
10340,8795,37,1,199.99
10341,8796,33,1,99.99
10342,8796,34,1,69.99
10343,8797,31,1,24.99
10344,8797,32,1,79.99
10345,8797,33,2,99.99
10346,8798,28,3,99.99
10347,8798,29,1,89.99
10348,8798,31,3,24.99
10349,8799,27,1,119.99
10350,8799,26,1,39.99
10351,8799,28,2,99.99
10352,8799,29,3,89.99
10353,8800,24,2,79.99
10354,8801,22,2,149.99
10355,8802,21,1,249.99
10356,8802,20,1,249.99
10357,8803,17,2,699.99
10358,8803,18,1,449.99
10359,8804,15,1,549.99
10360,8804,16,1,349.99
10361,8805,13,1,999.99
10362,8805,14,1,1299.99
10363,8806,11,1,299.99
10364,8806,12,1,499.99
10365,8807,9,1,699.99
10366,8807,11,2,299.99
10367,8807,10,1,129.99
10368,8808,7,1,329.99
10369,8808,8,1,599.99
10370,8808,9,2,699.99
10371,8809,4,1,649.99
10372,8809,5,1,2199.99
10373,8809,6,2,179.99
10374,8809,7,2,329.99
10375,8810,2,1,1299.99
10376,8811,1,1,899.99
10377,8812,1,1,899.99
10378,8812,2,1,1299.99
10379,8813,1,1,899.99
10380,8813,2,1,1299.99
10381,8814,1,2,899.99
10382,8814,2,1,1299.99
10383,8815,50,1,49.99
10384,8815,1,1,899.99
10385,8816,49,3,19.99
10386,8816,48,1,59.99
10387,8817,46,2,49.99
10388,8817,47,3,69.99
10389,8817,49,1,19.99
10390,8818,44,1,119.99
10391,8818,45,2,199.99
10392,8818,46,1,49.99
10393,8819,42,1,99.99
10394,8819,41,1,59.99
10395,8819,43,2,179.99
10396,8819,44,1,119.99
10397,8820,39,1,179.99
10398,8821,37,1,199.99
10399,8822,35,3,29.99
10400,8822,37,1,199.99
10401,8823,33,3,99.99
10402,8823,34,1,69.99
10403,8824,31,1,24.99
10404,8824,32,1,79.99
10405,8825,28,3,99.99
10406,8825,29,1,89.99
10407,8826,27,1,119.99
10408,8826,26,3,39.99
10409,8827,24,2,79.99
10410,8827,27,3,119.99
10411,8827,25,2,229.99
10412,8828,22,2,149.99
10413,8828,23,1,299.99
10414,8828,24,1,79.99
10415,8829,21,1,249.99
10416,8829,20,1,249.99
10417,8829,22,1,149.99
10418,8829,23,2,299.99
10419,8830,18,1,449.99
10420,8831,15,2,549.99
10421,8832,13,1,999.99
10422,8832,14,1,1299.99
10423,8833,11,1,299.99
10424,8833,12,1,499.99
10425,8834,9,1,699.99
10426,8834,11,2,299.99
10427,8835,7,1,329.99
10428,8835,8,1,599.99
10429,8836,4,1,649.99
10430,8836,5,1,2199.99
10431,8837,2,1,1299.99
10432,8837,4,2,649.99
10433,8837,3,1,1799.99
10434,8838,1,1,899.99
10435,8838,2,2,1299.99
10436,8838,4,1,649.99
10437,8839,1,1,899.99
10438,8839,2,1,1299.99
10439,8839,4,1,649.99
10440,8839,3,2,1799.99
10441,8840,1,1,899.99
10442,8841,1,1,899.99
10443,8842,50,1,49.99
10444,8842,1,1,899.99
10445,8843,49,2,19.99
10446,8843,48,1,59.99
10447,8844,46,1,49.99
10448,8844,47,3,69.99
10449,8845,44,1,119.99
10450,8845,45,1,199.99
10451,8846,42,1,99.99
10452,8846,43,2,179.99
10453,8847,39,1,179.99
10454,8847,42,1,99.99
10455,8847,40,1,59.99
10456,8848,37,1,199.99
10457,8848,38,1,79.99
10458,8848,39,2,179.99
10459,8849,35,2,29.99
10460,8849,37,2,199.99
10461,8849,36,2,39.99
10462,8849,38,1,79.99
10463,8850,33,3,99.99
10464,8851,31,3,24.99
10465,8852,28,2,99.99
10466,8852,29,1,89.99
10467,8853,27,1,119.99
10468,8853,26,3,39.99
10469,8854,24,1,79.99
10470,8854,27,3,119.99
10471,8855,22,2,149.99
10472,8855,23,2,299.99
10473,8856,21,1,249.99
10474,8856,20,2,249.99
10475,8857,18,1,449.99
10476,8857,19,1,899.99
10477,8857,21,2,249.99
10478,8858,15,2,549.99
10479,8858,16,1,349.99
10480,8858,17,1,699.99
10481,8859,13,2,999.99
10482,8859,14,1,1299.99
10483,8859,15,1,549.99
10484,8859,16,2,349.99
10485,8860,11,1,299.99
10486,8861,9,2,699.99
10487,8862,7,1,329.99
10488,8862,8,1,599.99
10489,8863,5,1,2199.99
10490,8863,6,1,179.99
10491,8864,2,1,1299.99
10492,8864,4,1,649.99
10493,8865,1,1,899.99
10494,8865,2,2,1299.99
10495,8866,1,1,899.99
10496,8866,2,1,1299.99
10497,8867,1,2,899.99
10498,8867,2,1,1299.99
10499,8867,4,2,649.99
10500,8868,1,1,899.99
10501,8868,2,2,1299.99
10502,8868,4,1,649.99
10503,8869,50,1,49.99
10504,8869,1,1,899.99
10505,8869,2,1,1299.99
10506,8869,4,1,649.99
10507,8870,49,2,19.99
10508,8871,46,1,49.99
10509,8872,44,1,119.99
10510,8872,45,1,199.99
10511,8873,42,1,99.99
10512,8873,43,1,179.99
10513,8874,39,1,179.99
10514,8874,42,2,99.99
10515,8875,37,1,199.99
10516,8875,38,1,79.99
10517,8876,35,2,29.99
10518,8876,37,2,199.99
10519,8877,33,2,99.99
10520,8877,34,1,69.99
10521,8877,35,1,29.99
10522,8878,31,3,24.99
10523,8878,32,1,79.99
10524,8878,33,1,99.99
10525,8879,29,3,89.99
10526,8879,31,1,24.99
10527,8879,30,1,149.99
10528,8879,32,3,79.99
10529,8880,27,1,119.99
10530,8881,24,1,79.99
10531,8882,22,1,149.99
10532,8882,23,2,299.99
10533,8883,21,2,249.99
10534,8883,20,2,249.99
10535,8884,18,2,449.99
10536,8884,19,1,899.99
10537,8885,15,1,549.99
10538,8885,16,1,349.99
10539,8886,13,2,999.99
10540,8886,14,1,1299.99
10541,8887,11,2,299.99
10542,8887,12,1,499.99
10543,8887,13,1,999.99
10544,8888,9,2,699.99
10545,8888,11,1,299.99
10546,8888,10,1,129.99
10547,8889,7,2,329.99
10548,8889,8,1,599.99
10549,8889,9,1,699.99
10550,8889,11,1,299.99
10551,8890,5,1,2199.99
10552,8891,2,1,1299.99
10553,8892,1,1,899.99
10554,8892,2,1,1299.99
10555,8893,1,1,899.99
10556,8893,2,1,1299.99
10557,8894,1,2,899.99
10558,8894,2,1,1299.99
10559,8895,1,1,899.99
10560,8895,2,2,1299.99
10561,8896,50,1,49.99
10562,8896,1,1,899.99
10563,8897,49,1,19.99
10564,8897,48,1,59.99
10565,8897,50,3,49.99
10566,8898,46,1,49.99
10567,8898,47,2,69.99
10568,8898,49,1,19.99
10569,8899,44,1,119.99
10570,8899,45,1,199.99
10571,8899,46,1,49.99
10572,8899,47,1,69.99
10573,8900,42,1,99.99
10574,8901,39,2,179.99
10575,8902,37,1,199.99
10576,8902,38,1,79.99
10577,8903,35,1,29.99
10578,8903,37,2,199.99
10579,8904,33,2,99.99
10580,8904,34,3,69.99
10581,8905,31,2,24.99
10582,8905,32,1,79.99
10583,8906,29,3,89.99
10584,8906,31,1,24.99
10585,8907,27,3,119.99
10586,8907,26,2,39.99
10587,8907,28,1,99.99
10588,8908,24,1,79.99
10589,8908,27,2,119.99
10590,8908,25,2,229.99
10591,8909,22,1,149.99
10592,8909,23,2,299.99
10593,8909,24,1,79.99
10594,8909,27,1,119.99
10595,8910,21,2,249.99
10596,8911,18,2,449.99
10597,8912,16,2,349.99
10598,8912,17,1,699.99
10599,8913,13,1,999.99
10600,8913,14,1,1299.99
10601,8914,11,2,299.99
10602,8914,12,1,499.99
10603,8915,9,2,699.99
10604,8915,11,1,299.99
10605,8916,7,2,329.99
10606,8916,8,1,599.99
10607,8917,5,1,2199.99
10608,8917,6,1,179.99
10609,8917,7,1,329.99
10610,8918,2,2,1299.99
10611,8918,4,1,649.99
10612,8918,3,1,1799.99
10613,8919,1,1,899.99
10614,8919,2,1,1299.99
10615,8919,4,1,649.99
10616,8919,3,2,1799.99
10617,8920,1,1,899.99
10618,8921,1,1,899.99
10619,8922,1,1,899.99
10620,8922,2,1,1299.99
10621,8923,50,1,49.99
10622,8923,1,1,899.99
10623,8924,49,1,19.99
10624,8924,48,1,59.99
10625,8925,46,1,49.99
10626,8925,47,1,69.99
10627,8926,44,2,119.99
10628,8926,45,1,199.99
10629,8927,42,1,99.99
10630,8927,43,1,179.99
10631,8927,44,2,119.99
10632,8928,42,2,99.99
10633,8928,40,1,59.99
10634,8928,41,1,59.99
10635,8929,37,2,199.99
10636,8929,38,1,79.99
10637,8929,39,1,179.99
10638,8929,42,1,99.99
10639,8930,35,1,29.99
10640,8931,33,1,99.99
10641,8932,31,2,24.99
10642,8932,32,3,79.99
10643,8933,29,2,89.99
10644,8933,31,1,24.99
10645,8934,27,3,119.99
10646,8934,26,1,39.99
10647,8935,24,1,79.99
10648,8935,27,1,119.99
10649,8936,22,1,149.99
10650,8936,23,2,299.99
10651,8937,21,2,249.99
10652,8937,20,1,249.99
10653,8937,22,1,149.99
10654,8938,18,1,449.99
10655,8938,19,1,899.99
10656,8938,21,1,249.99
10657,8939,16,2,349.99
10658,8939,17,1,699.99
10659,8939,18,1,449.99
10660,8939,19,1,899.99
10661,8940,13,1,999.99
10662,8941,11,1,299.99
10663,8942,9,2,699.99
10664,8942,11,1,299.99
10665,8943,7,2,329.99
10666,8943,8,1,599.99
10667,8944,5,1,2199.99
10668,8944,6,1,179.99
10669,8945,4,1,649.99
10670,8945,3,1,1799.99
10671,8946,1,1,899.99
10672,8946,2,1,1299.99
10673,8947,1,2,899.99
10674,8947,2,1,1299.99
10675,8947,4,2,649.99
10676,8948,1,1,899.99
10677,8948,2,2,1299.99
10678,8948,4,1,649.99
10679,8949,1,1,899.99
10680,8949,2,1,1299.99
10681,8949,4,1,649.99
10682,8949,3,2,1799.99
10683,8950,50,3,49.99
10684,8951,49,1,19.99
10685,8952,46,1,49.99
10686,8952,47,1,69.99
10687,8953,44,2,119.99
10688,8953,45,1,199.99
10689,8954,42,2,99.99
10690,8954,43,1,179.99
10691,8955,42,2,99.99
10692,8955,40,1,59.99
10693,8956,37,2,199.99
10694,8956,38,1,79.99
10695,8957,35,1,29.99
10696,8957,37,1,199.99
10697,8957,36,1,39.99
10698,8958,33,1,99.99
10699,8958,34,2,69.99
10700,8958,35,1,29.99
10701,8959,31,1,24.99
10702,8959,32,3,79.99
10703,8959,33,1,99.99
10704,8959,34,1,69.99
10705,8960,29,2,89.99
10706,8961,27,2,119.99
10707,8962,24,1,79.99
10708,8962,27,1,119.99
10709,8963,22,1,149.99
10710,8963,23,1,299.99
10711,8964,21,2,249.99
10712,8964,20,1,249.99
10713,8965,18,1,449.99
10714,8965,19,2,899.99
10715,8966,16,1,349.99
10716,8966,17,1,699.99
10717,8967,13,1,999.99
10718,8967,14,2,1299.99
10719,8967,15,1,549.99
10720,8968,11,1,299.99
10721,8968,12,2,499.99
10722,8968,13,1,999.99
10723,8969,9,1,699.99
10724,8969,11,1,299.99
10725,8969,10,2,129.99
10726,8969,12,1,499.99
10727,8970,7,2,329.99
10728,8971,5,2,2199.99
10729,8972,4,1,649.99
10730,8972,3,1,1799.99
10731,8973,1,1,899.99
10732,8973,2,1,1299.99
10733,8974,1,2,899.99
10734,8974,2,1,1299.99
10735,8975,1,1,899.99
10736,8975,2,2,1299.99
10737,8976,1,1,899.99
10738,8976,2,1,1299.99
10739,8977,1,2,899.99
10740,8977,2,1,1299.99
10741,8977,4,2,649.99
10742,8978,49,1,19.99
10743,8978,48,3,59.99
10744,8978,50,1,49.99
10745,8979,46,1,49.99
10746,8979,47,1,69.99
10747,8979,49,3,19.99
10748,8979,48,2,59.99
10749,8980,44,2,119.99
10750,8981,42,2,99.99
10751,8982,42,1,99.99
10752,8982,40,2,59.99
10753,8983,37,2,199.99
10754,8983,38,1,79.99
10755,8984,35,1,29.99
10756,8984,37,1,199.99
10757,8985,33,1,99.99
10758,8985,34,2,69.99
10759,8986,31,1,24.99
10760,8986,32,2,79.99
10761,8987,29,1,89.99
10762,8987,31,1,24.99
10763,8987,30,3,149.99
10764,8988,27,2,119.99
10765,8988,28,3,99.99
10766,8988,29,1,89.99
10767,8989,24,1,79.99
10768,8989,27,1,119.99
10769,8989,25,1,229.99
10770,8989,26,1,39.99
10771,8990,22,1,149.99
10772,8991,21,1,249.99
10773,8992,18,1,449.99
10774,8992,19,2,899.99
10775,8993,16,1,349.99
10776,8993,17,2,699.99
10777,8994,14,1,1299.99
10778,8994,15,1,549.99
10779,8995,11,1,299.99
10780,8995,12,2,499.99
10781,8996,9,1,699.99
10782,8996,11,1,299.99
10783,8997,7,1,329.99
10784,8997,8,2,599.99
10785,8997,9,1,699.99
10786,8998,5,2,2199.99
10787,8998,6,2,179.99
10788,8998,7,1,329.99
10789,8999,4,1,649.99
10790,8999,3,2,1799.99
10791,8999,5,1,2199.99
10792,8999,6,2,179.99
10793,9000,1,1,899.99
10794,9001,1,1,899.99
10795,9002,1,1,899.99
10796,9002,2,1,1299.99
10797,9003,1,1,899.99
10798,9003,2,1,1299.99
10799,9004,1,2,899.99
10800,9004,2,1,1299.99
10801,9005,49,1,19.99
10802,9005,48,3,59.99
10803,9006,46,3,49.99
10804,9006,47,1,69.99
10805,9007,44,2,119.99
10806,9007,45,2,199.99
10807,9007,46,2,49.99
10808,9008,42,2,99.99
10809,9008,43,1,179.99
10810,9008,44,1,119.99
10811,9009,42,1,99.99
10812,9009,40,2,59.99
10813,9009,41,1,59.99
10814,9009,43,2,179.99
10815,9010,38,2,79.99
10816,9011,35,1,29.99
10817,9012,33,1,99.99
10818,9012,34,1,69.99
10819,9013,31,1,24.99
10820,9013,32,2,79.99
10821,9014,29,1,89.99
10822,9014,31,1,24.99
10823,9015,27,1,119.99
10824,9015,28,3,99.99
10825,9016,24,2,79.99
10826,9016,27,1,119.99
10827,9017,22,1,149.99
10828,9017,23,1,299.99
10829,9017,24,2,79.99
10830,9018,21,1,249.99
10831,9018,20,1,249.99
10832,9018,22,2,149.99
10833,9019,18,1,449.99
10834,9019,19,1,899.99
10835,9019,21,1,249.99
10836,9019,20,1,249.99
10837,9020,16,1,349.99
10838,9021,14,1,1299.99
10839,9022,11,1,299.99
10840,9022,12,1,499.99
10841,9023,9,1,699.99
10842,9023,11,1,299.99
10843,9024,7,1,329.99
10844,9024,8,2,599.99
10845,9025,5,1,2199.99
10846,9025,6,2,179.99
10847,9026,4,1,649.99
10848,9026,3,2,1799.99
10849,9027,1,2,899.99
10850,9027,2,1,1299.99
10851,9027,4,2,649.99
10852,9028,1,1,899.99
10853,9028,2,2,1299.99
10854,9028,4,1,649.99
10855,9029,1,1,899.99
10856,9029,2,1,1299.99
10857,9029,4,1,649.99
10858,9029,3,2,1799.99
10859,9030,1,1,899.99
10860,9031,1,1,899.99
10861,9032,49,1,19.99
10862,9032,48,2,59.99
10863,9033,46,3,49.99
10864,9033,47,1,69.99
10865,9034,44,1,119.99
10866,9034,45,2,199.99
10867,9035,42,2,99.99
10868,9035,43,2,179.99
10869,9036,42,1,99.99
10870,9036,40,2,59.99
10871,9037,38,2,79.99
10872,9037,39,1,179.99
10873,9037,42,1,99.99
10874,9038,35,1,29.99
10875,9038,37,1,199.99
10876,9038,36,2,39.99
10877,9039,33,1,99.99
10878,9039,34,1,69.99
10879,9039,35,2,29.99
10880,9039,37,2,199.99
10881,9040,31,1,24.99
10882,9041,29,1,89.99
10883,9042,27,1,119.99
10884,9042,28,2,99.99
10885,9043,27,1,119.99
10886,9043,25,1,229.99
10887,9044,22,2,149.99
10888,9044,23,1,299.99
10889,9045,21,1,249.99
10890,9045,20,1,249.99
10891,9046,18,1,449.99
10892,9046,19,1,899.99
10893,9047,16,1,349.99
10894,9047,17,1,699.99
10895,9047,18,1,449.99
10896,9048,14,1,1299.99
10897,9048,15,2,549.99
10898,9048,16,1,349.99
10899,9049,11,1,299.99
10900,9049,12,1,499.99
10901,9049,13,2,999.99
10902,9049,14,1,1299.99
10903,9050,9,1,699.99
10904,9051,7,1,329.99
10905,9052,5,1,2199.99
10906,9052,6,2,179.99
10907,9053,4,1,649.99
10908,9053,3,1,1799.99
10909,9054,1,2,899.99
10910,9054,2,1,1299.99
10911,9055,1,1,899.99
10912,9055,2,2,1299.99
10913,9056,1,1,899.99
10914,9056,2,1,1299.99
10915,9057,1,2,899.99
10916,9057,2,1,1299.99
10917,9057,4,2,649.99
10918,9058,1,1,899.99
10919,9058,2,2,1299.99
10920,9058,4,1,649.99
10921,9059,49,3,19.99
10922,9059,50,1,49.99
10923,9059,1,1,899.99
10924,9059,2,1,1299.99
10925,9060,46,2,49.99
10926,9061,44,1,119.99
10927,9062,42,1,99.99
10928,9062,43,2,179.99
10929,9063,42,1,99.99
10930,9063,40,2,59.99
10931,9064,38,2,79.99
10932,9064,39,1,179.99
10933,9065,35,3,29.99
10934,9065,37,1,199.99
10935,9066,33,1,99.99
10936,9066,34,1,69.99
10937,9067,31,1,24.99
10938,9067,32,1,79.99
10939,9067,33,2,99.99
10940,9068,29,1,89.99
10941,9068,31,3,24.99
10942,9068,30,1,149.99
10943,9069,27,1,119.99
10944,9069,28,2,99.99
10945,9069,29,3,89.99
10946,9069,31,1,24.99
10947,9070,27,1,119.99
10948,9071,22,2,149.99
10949,9072,21,1,249.99
10950,9072,20,1,249.99
10951,9073,18,1,449.99
10952,9073,19,1,899.99
10953,9074,16,1,349.99
10954,9074,17,1,699.99
10955,9075,14,1,1299.99
10956,9075,15,1,549.99
10957,9076,12,1,499.99
10958,9076,13,2,999.99
10959,9077,9,1,699.99
10960,9077,11,2,299.99
10961,9077,10,1,129.99
10962,9078,7,1,329.99
10963,9078,8,1,599.99
10964,9078,9,2,699.99
10965,9079,5,1,2199.99
10966,9079,6,2,179.99
10967,9079,7,2,329.99
10968,9079,8,1,599.99
10969,9080,4,2,649.99
10970,9081,1,1,899.99
10971,9082,1,1,899.99
10972,9082,2,1,1299.99
10973,9083,1,1,899.99
10974,9083,2,1,1299.99
10975,9084,1,2,899.99
10976,9084,2,1,1299.99
10977,9085,1,1,899.99
10978,9085,2,2,1299.99
10979,9086,49,3,19.99
10980,9086,50,1,49.99
10981,9087,46,2,49.99
10982,9087,47,3,69.99
10983,9087,49,1,19.99
10984,9088,44,1,119.99
10985,9088,45,2,199.99
10986,9088,46,1,49.99
10987,9089,42,1,99.99
10988,9089,43,2,179.99
10989,9089,44,1,119.99
10990,9089,45,1,199.99
10991,9090,42,1,99.99
10992,9091,38,2,79.99
10993,9092,37,1,199.99
10994,9092,36,2,39.99
10995,9093,33,3,99.99
10996,9093,34,1,69.99
10997,9094,31,1,24.99
10998,9094,32,1,79.99
10999,9095,29,1,89.99
11000,9095,31,2,24.99
