"payment_id","order_id","payment_method","amount","payment_status","payment_date"
1,4096,Credit Card,219.98,Successful,"2025-12-14 12:00:00"
2,4097,Debit Card,899.93,Successful,"2025-08-06 12:00:00"
3,4098,PayPal,679.96,Successful,"2025-03-29 12:00:00"
4,4099,Bank Transfer,1249.95,Successful,"2024-11-19 12:00:00"
5,4100,Credit Card,449.99,Successful,"2024-07-12 12:00:00"
6,4101,Debit Card,349.99,Successful,"2025-12-27 12:00:00"
7,4102,PayPal,1849.98,Successful,"2025-08-19 12:00:00"
8,4103,Bank Transfer,1499.98,Successful,"2025-04-11 12:00:00"
9,4104,Credit Card,1299.97,Successful,"2024-12-02 12:00:00"
10,4105,Debit Card,929.98,Successful,"2024-07-25 12:00:00"
11,4106,PayPal,2379.98,Successful,"2026-01-09 12:00:00"
12,4107,Bank Transfer,5299.96,Successful,"2025-09-01 12:00:00"
13,4108,Credit Card,4149.96,Successful,"2025-04-24 12:00:00"
14,4109,Debit Card,6449.95,Successful,"2024-12-15 12:00:00"
15,4110,PayPal,899.99,Successful,"2024-08-07 12:00:00"
16,4111,Bank Transfer,899.99,Successful,"2026-01-22 12:00:00"
17,4112,Credit Card,2199.98,Successful,"2025-09-14 12:00:00"
18,4113,Debit Card,89.97,Successful,"2025-05-07 12:00:00"
19,4114,PayPal,259.96,Successful,"2024-12-28 12:00:00"
20,4115,Bank Transfer,319.98,Successful,"2024-08-20 12:00:00"
21,4116,Credit Card,459.97,Successful,"2026-02-04 12:00:00"
22,4117,Debit Card,279.96,Successful,"2025-09-27 12:00:00"
23,4118,PayPal,639.95,Successful,"2025-05-20 12:00:00"
24,4119,Bank Transfer,739.94,Successful,"2025-01-10 12:00:00"
25,4120,Credit Card,299.97,Successful,"2024-09-02 12:00:00"
26,4121,Debit Card,74.97,Successful,"2026-02-17 12:00:00"
27,4122,PayPal,139.97,Pending,"2025-10-10 12:00:00"
28,4123,Bank Transfer,219.98,Successful,"2025-06-02 12:00:00"
29,4124,Credit Card,819.95,Successful,"2025-01-23 12:00:00"
30,4125,Debit Card,679.97,Successful,"2024-09-15 12:00:00"
31,4126,PayPal,749.97,Successful,"2026-03-02 12:00:00"
32,4127,Bank Transfer,1849.96,Successful,"2025-10-23 12:00:00"
33,4128,Credit Card,1499.97,Successful,"2025-06-15 12:00:00"
34,4129,Debit Card,3249.95,Successful,"2025-02-05 12:00:00"
35,4130,PayPal,499.99,Successful,"2024-09-28 12:00:00"
36,4131,Bank Transfer,1399.98,Successful,"2026-03-15 12:00:00"
37,4132,Credit Card,929.98,Successful,"2025-11-05 12:00:00"
38,4133,Debit Card,2379.98,Successful,"2025-06-28 12:00:00"
39,4134,PayPal,2449.98,Pending,"2025-02-18 12:00:00"
40,4135,Bank Transfer,3499.97,Successful,"2024-10-11 12:00:00"
41,4136,Credit Card,2199.98,Successful,"2026-03-28 12:00:00"
42,4137,Debit Card,4399.95,Successful,"2025-11-18 12:00:00"
43,4138,PayPal,4149.96,Successful,"2025-07-11 12:00:00"
44,4139,Bank Transfer,6449.95,Successful,"2025-03-03 12:00:00"
45,4140,Credit Card,39.98,Successful,"2024-10-24 12:00:00"
46,4141,Debit Card,139.98,Failed,"2026-04-10 12:00:00"
47,4142,PayPal,319.98,Failed,"2025-12-01 12:00:00"
48,4143,Bank Transfer,279.98,Failed,"2025-07-24 12:00:00"
49,4144,Credit Card,259.97,Failed,"2025-03-16 12:00:00"
50,4145,Debit Card,439.97,Failed,"2024-11-06 12:00:00"
51,4146,PayPal,439.97,Successful,"2025-08-06 12:00:00"
52,4147,Bank Transfer,299.96,Successful,"2025-03-29 12:00:00"
53,4148,Credit Card,254.95,Successful,"2024-11-19 12:00:00"
54,4149,Debit Card,684.92,Successful,"2024-07-12 12:00:00"
55,4150,PayPal,119.99,Successful,"2024-03-04 12:00:00"
56,4151,Bank Transfer,239.98,Successful,"2025-08-19 12:00:00"
57,4152,Credit Card,679.97,Successful,"2025-04-11 12:00:00"
58,4153,Debit Card,999.96,Successful,"2024-12-02 12:00:00"
59,4154,PayPal,1799.97,Successful,"2024-07-25 12:00:00"
60,4155,Bank Transfer,1049.98,Successful,"2024-03-17 12:00:00"
61,4156,Credit Card,1849.98,Successful,"2025-09-01 12:00:00"
62,4157,Debit Card,4099.96,Successful,"2025-04-24 12:00:00"
63,4158,PayPal,1429.96,Successful,"2024-12-15 12:00:00"
64,4159,Bank Transfer,2259.95,Successful,"2024-08-07 12:00:00"
65,4160,Credit Card,2199.99,Successful,"2024-03-30 12:00:00"
66,4161,Debit Card,649.99,Successful,"2025-09-14 12:00:00"
67,4162,PayPal,2199.98,Successful,"2025-05-07 12:00:00"
68,4163,Bank Transfer,2199.98,Successful,"2024-12-28 12:00:00"
69,4164,Credit Card,3099.97,Successful,"2024-08-20 12:00:00"
70,4165,Debit Card,3499.97,Successful,"2024-04-12 12:00:00"
71,4166,PayPal,2199.98,Successful,"2025-09-27 12:00:00"
72,4167,Bank Transfer,1969.94,Successful,"2025-05-20 12:00:00"
73,4168,Credit Card,339.94,Successful,"2025-01-10 12:00:00"
74,4169,Debit Card,439.96,Successful,"2024-09-02 12:00:00"
75,4170,PayPal,99.99,Successful,"2024-04-25 12:00:00"
76,4171,Bank Transfer,199.98,Pending,"2025-10-10 12:00:00"
77,4172,Credit Card,439.97,Successful,"2025-06-02 12:00:00"
78,4173,Debit Card,439.97,Successful,"2025-01-23 12:00:00"
79,4174,PayPal,239.96,Successful,"2024-09-15 12:00:00"
80,4175,Bank Transfer,129.97,Successful,"2024-05-08 12:00:00"
81,4176,Credit Card,294.96,Successful,"2025-10-23 12:00:00"
82,4177,Debit Card,549.95,Successful,"2025-06-15 12:00:00"
83,4178,PayPal,739.95,Successful,"2025-02-05 12:00:00"
84,4179,Bank Transfer,1029.95,Successful,"2024-09-28 12:00:00"
85,4180,Credit Card,499.98,Successful,"2024-05-21 12:00:00"
86,4181,Debit Card,899.98,Successful,"2025-11-05 12:00:00"
87,4182,PayPal,1399.97,Successful,"2025-06-28 12:00:00"
88,4183,Bank Transfer,1849.98,Pending,"2025-02-18 12:00:00"
89,4184,Credit Card,1499.98,Successful,"2024-10-11 12:00:00"
90,4185,Debit Card,429.98,Successful,"2024-06-03 12:00:00"
91,4186,PayPal,1259.97,Successful,"2025-11-18 12:00:00"
92,4187,Bank Transfer,2709.97,Successful,"2025-07-11 12:00:00"
93,4188,Credit Card,6849.96,Successful,"2025-03-03 12:00:00"
94,4189,Debit Card,6449.95,Successful,"2024-10-24 12:00:00"
95,4190,PayPal,899.99,Successful,"2024-06-16 12:00:00"
96,4191,Bank Transfer,899.99,Successful,"2025-12-01 12:00:00"
97,4192,Credit Card,2199.98,Successful,"2025-07-24 12:00:00"
98,4193,Debit Card,2199.98,Successful,"2025-03-16 12:00:00"
99,4194,PayPal,119.97,Successful,"2024-11-06 12:00:00"
100,4195,Bank Transfer,89.98,Pending,"2024-06-29 12:00:00"
101,4196,Credit Card,439.97,Successful,"2025-03-29 12:00:00"
102,4197,Debit Card,519.96,Successful,"2024-11-19 12:00:00"
103,4198,PayPal,319.96,Successful,"2024-07-12 12:00:00"
104,4199,Bank Transfer,479.95,Successful,"2024-03-04 12:00:00"
105,4200,Credit Card,399.98,Successful,"2026-07-12 12:00:00"
106,4201,Debit Card,209.97,Successful,"2025-04-11 12:00:00"
107,4202,PayPal,289.95,Successful,"2024-12-02 12:00:00"
108,4203,Bank Transfer,204.97,Successful,"2024-07-25 12:00:00"
109,4204,Credit Card,459.96,Successful,"2024-03-17 12:00:00"
110,4205,Debit Card,349.98,Pending,"2026-07-25 12:00:00"
111,4206,PayPal,759.96,Successful,"2025-04-24 12:00:00"
112,4207,Bank Transfer,949.96,Successful,"2024-12-15 12:00:00"
113,4208,Credit Card,1599.97,Successful,"2024-08-07 12:00:00"
114,4209,Debit Card,2749.95,Successful,"2024-03-30 12:00:00"
115,4210,PayPal,2599.98,Successful,"2026-08-07 12:00:00"
116,4211,Bank Transfer,499.99,Successful,"2025-05-07 12:00:00"
117,4212,Credit Card,559.97,Successful,"2024-12-28 12:00:00"
118,4213,Debit Card,1259.97,Successful,"2024-08-20 12:00:00"
119,4214,PayPal,2379.98,Successful,"2024-04-12 12:00:00"
120,4215,Bank Transfer,2449.98,Successful,"2026-08-20 12:00:00"
121,4216,Credit Card,2199.98,Successful,"2025-05-20 12:00:00"
122,4217,Debit Card,4399.95,Successful,"2025-01-10 12:00:00"
123,4218,PayPal,4149.96,Successful,"2024-09-02 12:00:00"
124,4219,Bank Transfer,6449.95,Successful,"2024-04-25 12:00:00"
125,4220,Credit Card,899.99,Successful,"2026-09-02 12:00:00"
126,4221,Debit Card,19.99,Successful,"2025-06-02 12:00:00"
127,4222,PayPal,89.98,Successful,"2025-01-23 12:00:00"
128,4223,Bank Transfer,349.96,Successful,"2024-09-15 12:00:00"
129,4224,Credit Card,379.97,Successful,"2024-05-08 12:00:00"
130,4225,Debit Card,259.97,Successful,"2026-09-15 12:00:00"
131,4226,PayPal,259.98,Successful,"2025-06-15 12:00:00"
132,4227,Bank Transfer,399.96,Successful,"2025-02-05 12:00:00"
133,4228,Credit Card,369.96,Successful,"2024-09-28 12:00:00"
134,4229,Debit Card,434.94,Successful,"2024-05-21 12:00:00"
135,4230,PayPal,179.98,Successful,"2024-01-12 12:00:00"
136,4231,Bank Transfer,239.98,Successful,"2025-06-28 12:00:00"
137,4232,Credit Card,349.98,Pending,"2025-02-18 12:00:00"
138,4233,Debit Card,459.97,Successful,"2024-10-11 12:00:00"
139,4234,PayPal,799.96,Successful,"2024-06-03 12:00:00"
140,4235,Bank Transfer,2249.97,Successful,"2024-01-25 12:00:00"
141,4236,Credit Card,1049.98,Successful,"2025-07-11 12:00:00"
142,4237,Debit Card,3499.96,Successful,"2025-03-03 12:00:00"
143,4238,PayPal,3299.96,Successful,"2024-10-24 12:00:00"
144,4239,Bank Transfer,3059.94,Successful,"2024-06-16 12:00:00"
145,4240,Credit Card,1199.98,Successful,"2024-02-07 12:00:00"
146,4241,Debit Card,4399.98,Failed,"2025-07-24 12:00:00"
147,4242,PayPal,2449.98,Failed,"2025-03-16 12:00:00"
148,4243,Bank Transfer,2199.98,Failed,"2024-11-06 12:00:00"
149,4244,Credit Card,3099.97,Failed,"2024-06-29 12:00:00"
150,4245,Debit Card,3499.97,Failed,"2024-02-20 12:00:00"
151,4246,PayPal,2199.98,Successful,"2024-11-19 12:00:00"
152,4247,Bank Transfer,4399.95,Successful,"2024-07-12 12:00:00"
153,4248,Credit Card,969.97,Successful,"2024-03-04 12:00:00"
154,4249,Debit Card,299.93,Successful,"2026-07-12 12:00:00"
155,4250,PayPal,199.99,Successful,"2026-03-04 12:00:00"
156,4251,Bank Transfer,199.98,Successful,"2024-12-02 12:00:00"
157,4252,Credit Card,219.97,Successful,"2024-07-25 12:00:00"
158,4253,Debit Card,259.98,Successful,"2024-03-17 12:00:00"
159,4254,PayPal,239.98,Pending,"2026-07-25 12:00:00"
160,4255,Bank Transfer,229.95,Successful,"2026-03-17 12:00:00"
161,4256,Credit Card,259.97,Successful,"2024-12-15 12:00:00"
162,4257,Debit Card,564.95,Successful,"2024-08-07 12:00:00"
163,4258,PayPal,629.94,Successful,"2024-03-30 12:00:00"
164,4259,Bank Transfer,589.95,Successful,"2026-08-07 12:00:00"
165,4260,Credit Card,299.99,Successful,"2026-03-30 12:00:00"
166,4261,Debit Card,249.99,Successful,"2024-12-28 12:00:00"
167,4262,PayPal,2249.97,Successful,"2024-08-20 12:00:00"
168,4263,Bank Transfer,1749.97,Successful,"2024-04-12 12:00:00"
169,4264,Credit Card,1849.98,Successful,"2026-08-20 12:00:00"
170,4265,Debit Card,1999.97,Successful,"2026-04-12 12:00:00"
171,4266,PayPal,559.97,Successful,"2025-01-10 12:00:00"
172,4267,Bank Transfer,2499.95,Successful,"2024-09-02 12:00:00"
173,4268,Credit Card,5089.95,Successful,"2024-04-25 12:00:00"
174,4269,Debit Card,6809.94,Successful,"2026-09-02 12:00:00"
175,4270,PayPal,899.99,Successful,"2026-04-25 12:00:00"
176,4271,Bank Transfer,899.99,Successful,"2025-01-23 12:00:00"
177,4272,Credit Card,2199.98,Successful,"2024-09-15 12:00:00"
178,4273,Debit Card,2199.98,Successful,"2024-05-08 12:00:00"
179,4274,PayPal,3099.97,Successful,"2026-09-15 12:00:00"
180,4275,Bank Transfer,69.98,Successful,"2026-05-08 12:00:00"
181,4276,Credit Card,129.96,Successful,"2025-02-05 12:00:00"
182,4277,Debit Card,709.93,Successful,"2024-09-28 12:00:00"
183,4278,PayPal,499.96,Successful,"2024-05-21 12:00:00"
184,4279,Bank Transfer,639.94,Successful,"2024-01-12 12:00:00"
185,4280,Credit Card,159.98,Successful,"2026-05-21 12:00:00"
186,4281,Debit Card,199.99,Pending,"2025-02-18 12:00:00"
187,4282,PayPal,159.96,Successful,"2024-10-11 12:00:00"
188,4283,Bank Transfer,459.95,Successful,"2024-06-03 12:00:00"
189,4284,Credit Card,114.98,Successful,"2024-01-25 12:00:00"
190,4285,Debit Card,419.96,Successful,"2026-06-03 12:00:00"
191,4286,PayPal,349.98,Successful,"2025-03-03 12:00:00"
192,4287,Bank Transfer,819.94,Successful,"2024-10-24 12:00:00"
193,4288,Credit Card,849.96,Successful,"2024-06-16 12:00:00"
194,4289,Debit Card,1549.96,Successful,"2024-02-07 12:00:00"
195,4290,PayPal,349.99,Successful,"2026-06-16 12:00:00"
196,4291,Bank Transfer,1299.99,Successful,"2025-03-16 12:00:00"
197,4292,Credit Card,1499.98,Successful,"2024-11-06 12:00:00"
198,4293,Debit Card,559.97,Pending,"2024-06-29 12:00:00"
199,4294,PayPal,1899.97,Successful,"2024-02-20 12:00:00"
200,4295,Bank Transfer,2559.97,Successful,"2026-06-29 12:00:00"
201,4296,Credit Card,4249.97,Successful,"2024-07-12 12:00:00"
202,4297,Debit Card,4399.95,Successful,"2024-03-04 12:00:00"
203,4298,PayPal,4149.96,Successful,"2026-07-12 12:00:00"
204,4299,Bank Transfer,6449.95,Successful,"2026-03-04 12:00:00"
205,4300,Credit Card,899.99,Successful,"2025-10-25 12:00:00"
206,4301,Debit Card,899.99,Successful,"2024-07-25 12:00:00"
207,4302,PayPal,69.98,Successful,"2024-03-17 12:00:00"
208,4303,Bank Transfer,109.97,Pending,"2026-07-25 12:00:00"
209,4304,Credit Card,449.97,Successful,"2026-03-17 12:00:00"
210,4305,Debit Card,479.97,Successful,"2025-11-07 12:00:00"
211,4306,PayPal,219.97,Successful,"2024-08-07 12:00:00"
212,4307,Bank Transfer,439.96,Successful,"2024-03-30 12:00:00"
213,4308,Credit Card,359.96,Successful,"2026-08-07 12:00:00"
214,4309,Debit Card,609.93,Successful,"2026-03-30 12:00:00"
215,4310,PayPal,79.99,Successful,"2025-11-20 12:00:00"
216,4311,Bank Transfer,89.99,Successful,"2024-08-20 12:00:00"
217,4312,Credit Card,319.97,Successful,"2024-04-12 12:00:00"
218,4313,Debit Card,349.98,Successful,"2026-08-20 12:00:00"
219,4314,PayPal,379.98,Successful,"2026-04-12 12:00:00"
220,4315,Bank Transfer,549.97,Pending,"2025-12-03 12:00:00"
221,4316,Credit Card,1149.98,Successful,"2024-09-02 12:00:00"
222,4317,Debit Card,1499.97,Successful,"2024-04-25 12:00:00"
223,4318,PayPal,2749.96,Successful,"2026-09-02 12:00:00"
224,4319,Bank Transfer,4349.95,Successful,"2026-04-25 12:00:00"
225,4320,Credit Card,299.99,Successful,"2025-12-16 12:00:00"
226,4321,Debit Card,1199.98,Successful,"2024-09-15 12:00:00"
227,4322,PayPal,689.97,Successful,"2024-05-08 12:00:00"
228,4323,Bank Transfer,2449.98,Successful,"2026-09-15 12:00:00"
229,4324,Credit Card,3099.97,Successful,"2026-05-08 12:00:00"
230,4325,Debit Card,3499.97,Successful,"2025-12-29 12:00:00"
231,4326,PayPal,2199.98,Successful,"2024-09-28 12:00:00"
232,4327,Bank Transfer,4399.95,Successful,"2024-05-21 12:00:00"
233,4328,Credit Card,4149.96,Successful,"2024-01-12 12:00:00"
234,4329,Debit Card,2309.94,Successful,"2026-05-21 12:00:00"
235,4330,PayPal,69.99,Successful,"2026-01-11 12:00:00"
236,4331,Bank Transfer,399.98,Successful,"2024-10-11 12:00:00"
237,4332,Credit Card,479.97,Successful,"2024-06-03 12:00:00"
238,4333,Debit Card,219.97,Successful,"2024-01-25 12:00:00"
239,4334,PayPal,339.97,Successful,"2026-06-03 12:00:00"
240,4335,Bank Transfer,279.97,Successful,"2026-01-24 12:00:00"
241,4336,Credit Card,129.97,Successful,"2024-10-24 12:00:00"
242,4337,Debit Card,349.96,Successful,"2024-06-16 12:00:00"
243,4338,PayPal,304.95,Successful,"2024-02-07 12:00:00"
244,4339,Bank Transfer,614.93,Successful,"2026-06-16 12:00:00"
245,4340,Credit Card,119.99,Successful,"2026-02-06 12:00:00"
246,4341,Debit Card,299.99,Failed,"2024-11-06 12:00:00"
247,4342,PayPal,399.98,Failed,"2024-06-29 12:00:00"
248,4343,Bank Transfer,1399.97,Failed,"2024-02-20 12:00:00"
249,4344,Credit Card,1049.98,Failed,"2026-06-29 12:00:00"
250,4345,Debit Card,1849.98,Failed,"2026-02-19 12:00:00"
251,4346,PayPal,2499.97,Successful,"2024-03-04 12:00:00"
252,4347,Bank Transfer,1229.96,Successful,"2026-07-12 12:00:00"
253,4348,Credit Card,2299.96,Successful,"2026-03-04 12:00:00"
254,4349,Debit Card,2319.94,Successful,"2025-10-25 12:00:00"
255,4350,PayPal,1299.98,Successful,"2025-06-17 12:00:00"
256,4351,Bank Transfer,899.99,Successful,"2024-03-17 12:00:00"
257,4352,Credit Card,2199.98,Pending,"2026-07-25 12:00:00"
258,4353,Debit Card,2199.98,Successful,"2026-03-17 12:00:00"
259,4354,PayPal,3099.97,Successful,"2025-11-07 12:00:00"
260,4355,Bank Transfer,3499.97,Successful,"2025-06-30 12:00:00"
261,4356,Credit Card,109.96,Successful,"2024-03-30 12:00:00"
262,4357,Debit Card,289.95,Successful,"2026-08-07 12:00:00"
263,4358,PayPal,589.95,Successful,"2026-03-30 12:00:00"
264,4359,Bank Transfer,729.95,Successful,"2025-11-20 12:00:00"
265,4360,Credit Card,99.99,Successful,"2025-07-13 12:00:00"
266,4361,Debit Card,159.98,Successful,"2024-04-12 12:00:00"
267,4362,PayPal,279.97,Successful,"2026-08-20 12:00:00"
268,4363,Bank Transfer,99.98,Successful,"2026-04-12 12:00:00"
269,4364,Credit Card,279.97,Pending,"2025-12-03 12:00:00"
270,4365,Debit Card,199.97,Successful,"2025-07-26 12:00:00"
271,4366,PayPal,219.98,Successful,"2024-04-25 12:00:00"
272,4367,Bank Transfer,899.93,Successful,"2026-09-02 12:00:00"
273,4368,Credit Card,619.96,Successful,"2026-04-25 12:00:00"
274,4369,Debit Card,1079.95,Successful,"2025-12-16 12:00:00"
275,4370,PayPal,899.99,Successful,"2025-08-08 12:00:00"
276,4371,Bank Transfer,699.99,Successful,"2024-05-08 12:00:00"
277,4372,Credit Card,1849.98,Successful,"2026-09-15 12:00:00"
278,4373,Debit Card,1499.98,Successful,"2026-05-08 12:00:00"
279,4374,PayPal,729.97,Successful,"2025-12-29 12:00:00"
280,4375,Bank Transfer,1999.97,Successful,"2025-08-21 12:00:00"
281,4376,Credit Card,839.97,Successful,"2024-05-21 12:00:00"
282,4377,Debit Card,5299.96,Successful,"2024-01-12 12:00:00"
283,4378,PayPal,4149.96,Successful,"2026-05-21 12:00:00"
284,4379,Bank Transfer,6449.95,Successful,"2026-01-11 12:00:00"
285,4380,Credit Card,899.99,Successful,"2025-09-03 12:00:00"
286,4381,Debit Card,899.99,Successful,"2024-06-03 12:00:00"
287,4382,PayPal,2199.98,Successful,"2024-01-25 12:00:00"
288,4383,Bank Transfer,89.97,Successful,"2026-06-03 12:00:00"
289,4384,Credit Card,229.96,Successful,"2026-01-24 12:00:00"
290,4385,Debit Card,249.98,Successful,"2025-09-16 12:00:00"
291,4386,PayPal,599.96,Successful,"2024-06-16 12:00:00"
292,4387,Bank Transfer,399.96,Successful,"2024-02-07 12:00:00"
293,4388,Credit Card,639.95,Successful,"2026-06-16 12:00:00"
294,4389,Debit Card,739.94,Successful,"2026-02-06 12:00:00"
295,4390,PayPal,69.99,Successful,"2025-09-29 12:00:00"
296,4391,Bank Transfer,79.99,Pending,"2024-06-29 12:00:00"
297,4392,Credit Card,199.97,Successful,"2024-02-20 12:00:00"
298,4393,Debit Card,219.98,Successful,"2026-06-29 12:00:00"
299,4394,PayPal,819.95,Successful,"2026-02-19 12:00:00"
300,4395,Bank Transfer,679.97,Successful,"2025-10-12 12:00:00"
301,4396,Credit Card,399.98,Successful,"2026-07-12 12:00:00"
302,4397,Debit Card,1649.96,Successful,"2026-03-04 12:00:00"
303,4398,PayPal,2049.97,Successful,"2025-10-25 12:00:00"
304,4399,Bank Transfer,3249.95,Successful,"2025-06-17 12:00:00"
305,4400,Credit Card,499.99,Successful,"2025-02-07 12:00:00"
306,4401,Debit Card,299.99,Pending,"2026-07-25 12:00:00"
307,4402,PayPal,1999.97,Successful,"2026-03-17 12:00:00"
308,4403,Bank Transfer,839.97,Successful,"2025-11-07 12:00:00"
309,4404,Credit Card,2849.98,Successful,"2025-06-30 12:00:00"
310,4405,Debit Card,3499.97,Successful,"2025-02-20 12:00:00"
311,4406,PayPal,2199.98,Successful,"2026-08-07 12:00:00"
312,4407,Bank Transfer,4399.95,Successful,"2026-03-30 12:00:00"
313,4408,Credit Card,4149.96,Successful,"2025-11-20 12:00:00"
314,4409,Debit Card,6449.95,Successful,"2025-07-13 12:00:00"
315,4410,PayPal,39.98,Successful,"2025-03-05 12:00:00"
316,4411,Bank Transfer,139.98,Successful,"2026-08-20 12:00:00"
317,4412,Credit Card,249.98,Successful,"2026-04-12 12:00:00"
318,4413,Debit Card,419.97,Pending,"2025-12-03 12:00:00"
319,4414,PayPal,319.96,Successful,"2025-07-26 12:00:00"
320,4415,Bank Transfer,439.97,Successful,"2025-03-18 12:00:00"
321,4416,Credit Card,439.97,Successful,"2026-09-02 12:00:00"
322,4417,Debit Card,299.97,Successful,"2026-04-25 12:00:00"
323,4418,PayPal,319.96,Successful,"2025-12-16 12:00:00"
324,4419,Bank Transfer,514.94,Successful,"2025-08-08 12:00:00"
325,4420,Credit Card,99.99,Successful,"2025-03-31 12:00:00"
326,4421,Debit Card,239.98,Successful,"2026-09-15 12:00:00"
327,4422,PayPal,679.97,Successful,"2026-05-08 12:00:00"
328,4423,Bank Transfer,649.97,Successful,"2025-12-29 12:00:00"
329,4424,Credit Card,1399.97,Successful,"2025-08-21 12:00:00"
330,4425,Debit Card,1149.98,Pending,"2025-04-13 12:00:00"
331,4426,PayPal,1849.98,Successful,"2024-01-12 12:00:00"
332,4427,Bank Transfer,4099.96,Successful,"2026-05-21 12:00:00"
333,4428,Credit Card,1429.96,Successful,"2026-01-11 12:00:00"
334,4429,Debit Card,1859.95,Successful,"2025-09-03 12:00:00"
335,4430,PayPal,179.99,Successful,"2025-04-26 12:00:00"
336,4431,Bank Transfer,649.99,Successful,"2024-01-25 12:00:00"
337,4432,Credit Card,2199.98,Successful,"2026-06-03 12:00:00"
338,4433,Debit Card,2199.98,Successful,"2026-01-24 12:00:00"
339,4434,PayPal,3099.97,Successful,"2025-09-16 12:00:00"
340,4435,Bank Transfer,3499.97,Successful,"2025-05-09 12:00:00"
341,4436,Credit Card,2199.98,Successful,"2024-02-07 12:00:00"
342,4437,Debit Card,1969.94,Successful,"2026-06-16 12:00:00"
343,4438,PayPal,339.94,Successful,"2026-02-06 12:00:00"
344,4439,Bank Transfer,379.94,Successful,"2025-09-29 12:00:00"
345,4440,Credit Card,179.99,Successful,"2025-05-22 12:00:00"
346,4441,Debit Card,199.98,Failed,"2024-02-20 12:00:00"
347,4442,PayPal,439.97,Failed,"2026-06-29 12:00:00"
348,4443,Bank Transfer,439.97,Failed,"2026-02-19 12:00:00"
349,4444,Credit Card,239.96,Failed,"2025-10-12 12:00:00"
350,4445,Debit Card,179.98,Failed,"2025-06-04 12:00:00"
351,4446,PayPal,174.98,Successful,"2026-03-04 12:00:00"
352,4447,Bank Transfer,214.97,Successful,"2025-10-25 12:00:00"
353,4448,Credit Card,739.95,Successful,"2025-06-17 12:00:00"
354,4449,Debit Card,1029.95,Successful,"2025-02-07 12:00:00"
355,4450,PayPal,499.98,Successful,"2024-09-30 12:00:00"
356,4451,Bank Transfer,899.99,Successful,"2026-03-17 12:00:00"
357,4452,Credit Card,1149.98,Successful,"2025-11-07 12:00:00"
358,4453,Debit Card,899.98,Successful,"2025-06-30 12:00:00"
359,4454,PayPal,1499.98,Successful,"2025-02-20 12:00:00"
360,4455,Bank Transfer,429.98,Successful,"2024-10-13 12:00:00"
361,4456,Credit Card,1299.98,Successful,"2026-03-30 12:00:00"
362,4457,Debit Card,1709.96,Successful,"2025-11-20 12:00:00"
363,4458,PayPal,5409.95,Successful,"2025-07-13 12:00:00"
364,4459,Bank Transfer,6449.95,Successful,"2025-03-05 12:00:00"
365,4460,Credit Card,899.99,Successful,"2024-10-26 12:00:00"
366,4461,Debit Card,899.99,Successful,"2026-04-12 12:00:00"
367,4462,PayPal,2199.98,Pending,"2025-12-03 12:00:00"
368,4463,Bank Transfer,2199.98,Successful,"2025-07-26 12:00:00"
369,4464,Credit Card,119.97,Successful,"2025-03-18 12:00:00"
370,4465,Debit Card,89.98,Successful,"2024-11-08 12:00:00"
371,4466,PayPal,349.96,Successful,"2026-04-25 12:00:00"
372,4467,Bank Transfer,819.95,Successful,"2025-12-16 12:00:00"
373,4468,Credit Card,439.96,Successful,"2025-08-08 12:00:00"
374,4469,Debit Card,459.95,Successful,"2025-03-31 12:00:00"
375,4470,PayPal,399.98,Successful,"2024-11-21 12:00:00"
376,4471,Bank Transfer,209.97,Successful,"2026-05-08 12:00:00"
377,4472,Credit Card,339.96,Successful,"2025-12-29 12:00:00"
378,4473,Debit Card,174.98,Successful,"2025-08-21 12:00:00"
379,4474,PayPal,189.98,Pending,"2025-04-13 12:00:00"
380,4475,Bank Transfer,349.98,Successful,"2024-12-04 12:00:00"
381,4476,Credit Card,759.96,Successful,"2026-05-21 12:00:00"
382,4477,Debit Card,949.96,Successful,"2026-01-11 12:00:00"
383,4478,PayPal,1399.97,Successful,"2025-09-03 12:00:00"
384,4479,Bank Transfer,2299.96,Successful,"2025-04-26 12:00:00"
385,4480,Credit Card,549.99,Successful,"2024-12-17 12:00:00"
386,4481,Debit Card,499.99,Successful,"2026-06-03 12:00:00"
387,4482,PayPal,559.97,Successful,"2026-01-24 12:00:00"
388,4483,Bank Transfer,1299.98,Successful,"2025-09-16 12:00:00"
389,4484,Credit Card,509.98,Successful,"2025-05-09 12:00:00"
390,4485,Debit Card,2849.98,Successful,"2024-12-30 12:00:00"
391,4486,PayPal,1949.98,Successful,"2026-06-16 12:00:00"
392,4487,Bank Transfer,4399.95,Successful,"2026-02-06 12:00:00"
393,4488,Credit Card,4149.96,Successful,"2025-09-29 12:00:00"
394,4489,Debit Card,6449.95,Successful,"2025-05-22 12:00:00"
395,4490,PayPal,899.99,Successful,"2025-01-12 12:00:00"
396,4491,Bank Transfer,19.99,Successful,"2026-06-29 12:00:00"
397,4492,Credit Card,89.98,Successful,"2026-02-19 12:00:00"
398,4493,Debit Card,349.96,Successful,"2025-10-12 12:00:00"
399,4494,PayPal,299.98,Successful,"2025-06-04 12:00:00"
400,4495,Bank Transfer,259.97,Successful,"2025-01-25 12:00:00"
401,4496,Credit Card,279.98,Successful,"2025-10-25 12:00:00"
402,4497,Debit Card,399.96,Successful,"2025-06-17 12:00:00"
403,4498,PayPal,369.96,Successful,"2025-02-07 12:00:00"
404,4499,Bank Transfer,469.93,Successful,"2024-09-30 12:00:00"
405,4500,Credit Card,24.99,Successful,"2024-05-23 12:00:00"
406,4501,Debit Card,99.99,Successful,"2025-11-07 12:00:00"
407,4502,PayPal,159.98,Successful,"2025-06-30 12:00:00"
408,4503,Bank Transfer,459.97,Successful,"2025-02-20 12:00:00"
409,4504,Credit Card,799.96,Successful,"2024-10-13 12:00:00"
410,4505,Debit Card,2049.97,Successful,"2024-06-05 12:00:00"
411,4506,PayPal,1149.98,Successful,"2025-11-20 12:00:00"
412,4507,Bank Transfer,1599.97,Successful,"2025-07-13 12:00:00"
413,4508,Credit Card,3299.96,Successful,"2025-03-05 12:00:00"
414,4509,Debit Card,3059.94,Successful,"2024-10-26 12:00:00"
415,4510,PayPal,1199.98,Successful,"2024-06-18 12:00:00"
416,4511,Bank Transfer,179.99,Pending,"2025-12-03 12:00:00"
417,4512,Credit Card,2849.98,Successful,"2025-07-26 12:00:00"
418,4513,Debit Card,1949.98,Successful,"2025-03-18 12:00:00"
419,4514,PayPal,3099.97,Successful,"2024-11-08 12:00:00"
420,4515,Bank Transfer,3499.97,Successful,"2024-07-01 12:00:00"
421,4516,Credit Card,2199.98,Successful,"2025-12-16 12:00:00"
422,4517,Debit Card,4399.95,Successful,"2025-08-08 12:00:00"
423,4518,PayPal,3549.96,Successful,"2025-03-31 12:00:00"
424,4519,Bank Transfer,299.93,Successful,"2024-11-21 12:00:00"
425,4520,Credit Card,199.99,Successful,"2024-07-14 12:00:00"
426,4521,Debit Card,179.99,Successful,"2025-12-29 12:00:00"
427,4522,PayPal,159.98,Successful,"2025-08-21 12:00:00"
428,4523,Bank Transfer,279.98,Pending,"2025-04-13 12:00:00"
429,4524,Credit Card,239.98,Successful,"2024-12-04 12:00:00"
430,4525,Debit Card,229.95,Successful,"2024-07-27 12:00:00"
431,4526,PayPal,259.97,Successful,"2026-01-11 12:00:00"
432,4527,Bank Transfer,554.95,Successful,"2025-09-03 12:00:00"
433,4528,Credit Card,464.93,Successful,"2025-04-26 12:00:00"
434,4529,Debit Card,629.93,Successful,"2024-12-17 12:00:00"
435,4530,PayPal,299.99,Successful,"2024-08-09 12:00:00"
436,4531,Bank Transfer,249.99,Successful,"2026-01-24 12:00:00"
437,4532,Credit Card,2049.97,Successful,"2025-09-16 12:00:00"
438,4533,Debit Card,1849.97,Successful,"2025-05-09 12:00:00"
439,4534,PayPal,899.98,Successful,"2024-12-30 12:00:00"
440,4535,Bank Transfer,2299.98,Pending,"2024-08-22 12:00:00"
441,4536,Credit Card,559.97,Successful,"2026-02-06 12:00:00"
442,4537,Debit Card,2499.95,Successful,"2025-09-29 12:00:00"
443,4538,PayPal,1289.96,Successful,"2025-05-22 12:00:00"
444,4539,Bank Transfer,3869.94,Successful,"2025-01-12 12:00:00"
445,4540,Credit Card,1299.99,Successful,"2024-09-04 12:00:00"
446,4541,Debit Card,899.99,Failed,"2026-02-19 12:00:00"
447,4542,PayPal,2199.98,Failed,"2025-10-12 12:00:00"
448,4543,Bank Transfer,2199.98,Failed,"2025-06-04 12:00:00"
449,4544,Credit Card,3099.97,Failed,"2025-01-25 12:00:00"
450,4545,Debit Card,949.98,Failed,"2024-09-17 12:00:00"
451,4546,PayPal,129.96,Successful,"2025-06-17 12:00:00"
452,4547,Bank Transfer,709.93,Successful,"2025-02-07 12:00:00"
453,4548,Credit Card,699.96,Successful,"2024-09-30 12:00:00"
454,4549,Debit Card,639.95,Successful,"2024-05-23 12:00:00"
455,4550,PayPal,179.99,Successful,"2024-01-14 12:00:00"
456,4551,Bank Transfer,199.99,Successful,"2025-06-30 12:00:00"
457,4552,Credit Card,159.96,Successful,"2025-02-20 12:00:00"
458,4553,Debit Card,459.95,Successful,"2024-10-13 12:00:00"
459,4554,PayPal,324.97,Successful,"2024-06-05 12:00:00"
460,4555,Bank Transfer,389.96,Successful,"2024-01-27 12:00:00"
461,4556,Credit Card,239.96,Successful,"2025-07-13 12:00:00"
462,4557,Debit Card,819.94,Successful,"2025-03-05 12:00:00"
463,4558,PayPal,849.96,Successful,"2024-10-26 12:00:00"
464,4559,Bank Transfer,1549.96,Successful,"2024-06-18 12:00:00"
465,4560,Credit Card,1399.98,Successful,"2024-02-09 12:00:00"
466,4561,Debit Card,1099.98,Successful,"2025-07-26 12:00:00"
467,4562,PayPal,2299.98,Successful,"2025-03-18 12:00:00"
468,4563,Bank Transfer,559.97,Successful,"2024-11-08 12:00:00"
469,4564,Credit Card,1899.97,Successful,"2024-07-01 12:00:00"
470,4565,Debit Card,689.97,Successful,"2024-02-22 12:00:00"
471,4566,PayPal,2849.98,Successful,"2025-08-08 12:00:00"
472,4567,Bank Transfer,4399.96,Successful,"2025-03-31 12:00:00"
473,4568,Credit Card,4149.96,Successful,"2024-11-21 12:00:00"
474,4569,Debit Card,6449.95,Successful,"2024-07-14 12:00:00"
475,4570,PayPal,899.99,Successful,"2024-03-06 12:00:00"
476,4571,Bank Transfer,899.99,Successful,"2025-08-21 12:00:00"
477,4572,Credit Card,949.98,Pending,"2025-04-13 12:00:00"
478,4573,Debit Card,109.97,Successful,"2024-12-04 12:00:00"
479,4574,PayPal,449.97,Successful,"2024-07-27 12:00:00"
480,4575,Bank Transfer,479.97,Successful,"2024-03-19 12:00:00"
481,4576,Credit Card,159.98,Successful,"2025-09-03 12:00:00"
482,4577,Debit Card,339.97,Successful,"2025-04-26 12:00:00"
483,4578,PayPal,639.96,Successful,"2024-12-17 12:00:00"
484,4579,Bank Transfer,609.93,Successful,"2024-08-09 12:00:00"
485,4580,Credit Card,79.99,Successful,"2024-04-01 12:00:00"
486,4581,Debit Card,74.97,Successful,"2025-09-16 12:00:00"
487,4582,PayPal,289.97,Successful,"2025-05-09 12:00:00"
488,4583,Bank Transfer,239.96,Successful,"2024-12-30 12:00:00"
489,4584,Credit Card,439.96,Pending,"2024-08-22 12:00:00"
490,4585,Debit Card,549.97,Successful,"2024-04-14 12:00:00"
491,4586,PayPal,1149.98,Successful,"2025-09-29 12:00:00"
492,4587,Bank Transfer,2049.97,Successful,"2025-05-22 12:00:00"
493,4588,Credit Card,2149.96,Successful,"2025-01-12 12:00:00"
494,4589,Debit Card,4549.94,Successful,"2024-09-04 12:00:00"
495,4590,PayPal,299.99,Successful,"2024-04-27 12:00:00"
496,4591,Bank Transfer,1199.98,Successful,"2025-10-12 12:00:00"
497,4592,Credit Card,689.97,Successful,"2025-06-04 12:00:00"
498,4593,Debit Card,2849.98,Successful,"2025-01-25 12:00:00"
499,4594,PayPal,1949.98,Successful,"2024-09-17 12:00:00"
500,4595,Bank Transfer,3499.97,Successful,"2024-05-10 12:00:00"
501,4596,Credit Card,2199.98,Successful,"2024-02-03 12:00:00"
502,4597,Debit Card,4399.95,Successful,"2026-06-12 12:00:00"
503,4598,PayPal,4149.96,Successful,"2026-02-02 12:00:00"
504,4599,Bank Transfer,2899.96,Successful,"2025-09-25 12:00:00"
505,4600,Credit Card,39.98,Successful,"2025-05-18 12:00:00"
506,4601,Debit Card,399.98,Successful,"2024-02-16 12:00:00"
507,4602,PayPal,479.97,Successful,"2026-06-25 12:00:00"
508,4603,Bank Transfer,219.97,Successful,"2026-02-15 12:00:00"
509,4604,Credit Card,379.97,Successful,"2025-10-08 12:00:00"
510,4605,Debit Card,279.98,Successful,"2025-05-31 12:00:00"
511,4606,PayPal,129.97,Successful,"2024-02-29 12:00:00"
512,4607,Bank Transfer,349.96,Successful,"2026-07-08 12:00:00"
513,4608,Credit Card,304.95,Successful,"2026-02-28 12:00:00"
514,4609,Debit Card,644.93,Successful,"2025-10-21 12:00:00"
515,4610,PayPal,119.99,Successful,"2025-06-13 12:00:00"
516,4611,Bank Transfer,79.99,Pending,"2024-03-13 12:00:00"
517,4612,Credit Card,399.98,Successful,"2026-07-21 12:00:00"
518,4613,Debit Card,1399.97,Successful,"2026-03-13 12:00:00"
519,4614,PayPal,1599.97,Successful,"2025-11-03 12:00:00"
520,4615,Bank Transfer,899.98,Successful,"2025-06-26 12:00:00"
521,4616,Credit Card,3299.97,Successful,"2024-03-26 12:00:00"
522,4617,Debit Card,2099.96,Successful,"2026-08-03 12:00:00"
523,4618,PayPal,2299.96,Successful,"2026-03-26 12:00:00"
524,4619,Bank Transfer,2319.94,Successful,"2025-11-16 12:00:00"
525,4620,Credit Card,1299.98,Successful,"2025-07-09 12:00:00"
526,4621,Debit Card,1299.99,Successful,"2024-04-08 12:00:00"
527,4622,PayPal,2199.98,Successful,"2026-08-16 12:00:00"
528,4623,Bank Transfer,2199.98,Pending,"2026-04-08 12:00:00"
529,4624,Credit Card,3099.97,Successful,"2025-11-29 12:00:00"
530,4625,Debit Card,3499.97,Successful,"2025-07-22 12:00:00"
531,4626,PayPal,949.98,Successful,"2024-04-21 12:00:00"
532,4627,Bank Transfer,229.95,Successful,"2026-08-29 12:00:00"
533,4628,Credit Card,589.95,Successful,"2026-04-21 12:00:00"
534,4629,Debit Card,729.95,Successful,"2025-12-12 12:00:00"
535,4630,PayPal,99.99,Successful,"2025-08-04 12:00:00"
536,4631,Bank Transfer,359.98,Successful,"2024-05-04 12:00:00"
537,4632,Credit Card,279.98,Successful,"2026-09-11 12:00:00"
538,4633,Debit Card,429.97,Successful,"2026-05-04 12:00:00"
539,4634,PayPal,279.97,Successful,"2025-12-25 12:00:00"
540,4635,Bank Transfer,199.97,Pending,"2025-08-17 12:00:00"
541,4636,Credit Card,369.96,Successful,"2024-05-17 12:00:00"
542,4637,Debit Card,539.94,Successful,"2024-01-08 12:00:00"
543,4638,PayPal,779.95,Successful,"2026-05-17 12:00:00"
544,4639,Bank Transfer,1079.95,Successful,"2026-01-07 12:00:00"
545,4640,Credit Card,899.99,Successful,"2025-08-30 12:00:00"
546,4641,Debit Card,699.99,Failed,"2024-05-30 12:00:00"
547,4642,PayPal,1249.97,Failed,"2024-01-21 12:00:00"
548,4643,Bank Transfer,2299.98,Failed,"2026-05-30 12:00:00"
549,4644,Credit Card,1099.97,Failed,"2026-01-20 12:00:00"
550,4645,Debit Card,1999.97,Failed,"2025-09-12 12:00:00"
551,4646,PayPal,839.97,Successful,"2026-06-12 12:00:00"
552,4647,Bank Transfer,3679.96,Successful,"2026-02-02 12:00:00"
553,4648,Credit Card,5049.96,Successful,"2025-09-25 12:00:00"
554,4649,Debit Card,6449.95,Successful,"2025-05-18 12:00:00"
555,4650,PayPal,899.99,Successful,"2025-01-08 12:00:00"
556,4651,Bank Transfer,899.99,Successful,"2026-06-25 12:00:00"
557,4652,Credit Card,2199.98,Successful,"2026-02-15 12:00:00"
558,4653,Debit Card,949.98,Successful,"2025-10-08 12:00:00"
559,4654,PayPal,79.98,Successful,"2025-05-31 12:00:00"
560,4655,Bank Transfer,249.98,Successful,"2025-01-21 12:00:00"
561,4656,Credit Card,599.96,Successful,"2026-07-08 12:00:00"
562,4657,Debit Card,399.96,Successful,"2026-02-28 12:00:00"
563,4658,PayPal,619.95,Successful,"2025-10-21 12:00:00"
564,4659,Bank Transfer,759.95,Successful,"2025-06-13 12:00:00"
565,4660,Credit Card,29.99,Successful,"2025-02-03 12:00:00"
566,4661,Debit Card,79.99,Successful,"2026-07-21 12:00:00"
567,4662,PayPal,199.97,Successful,"2026-03-13 12:00:00"
568,4663,Bank Transfer,279.97,Successful,"2025-11-03 12:00:00"
569,4664,Credit Card,399.96,Successful,"2025-06-26 12:00:00"
570,4665,Debit Card,199.98,Successful,"2025-02-16 12:00:00"
571,4666,PayPal,749.97,Successful,"2026-08-03 12:00:00"
572,4667,Bank Transfer,1649.96,Successful,"2026-03-26 12:00:00"
573,4668,Credit Card,2049.97,Successful,"2025-11-16 12:00:00"
574,4669,Debit Card,2399.95,Successful,"2025-07-09 12:00:00"
575,4670,PayPal,999.99,Successful,"2025-03-01 12:00:00"
576,4671,Bank Transfer,299.99,Successful,"2026-08-16 12:00:00"
577,4672,Credit Card,1999.97,Pending,"2026-04-08 12:00:00"
578,4673,Debit Card,839.97,Successful,"2025-11-29 12:00:00"
579,4674,PayPal,2849.98,Successful,"2025-07-22 12:00:00"
580,4675,Bank Transfer,3249.97,Successful,"2025-03-14 12:00:00"
581,4676,Credit Card,2199.98,Successful,"2026-08-29 12:00:00"
582,4677,Debit Card,4399.95,Successful,"2026-04-21 12:00:00"
583,4678,PayPal,4149.96,Successful,"2025-12-12 12:00:00"
584,4679,Bank Transfer,6449.95,Successful,"2025-08-04 12:00:00"
585,4680,Credit Card,149.97,Successful,"2025-03-27 12:00:00"
586,4681,Debit Card,19.99,Successful,"2026-09-11 12:00:00"
587,4682,PayPal,119.98,Successful,"2026-05-04 12:00:00"
588,4683,Bank Transfer,419.97,Successful,"2025-12-25 12:00:00"
589,4684,Credit Card,319.96,Pending,"2025-08-17 12:00:00"
590,4685,Debit Card,559.96,Successful,"2025-04-09 12:00:00"
591,4686,PayPal,479.97,Successful,"2024-01-08 12:00:00"
592,4687,Bank Transfer,269.97,Successful,"2026-05-17 12:00:00"
593,4688,Credit Card,319.96,Successful,"2026-01-07 12:00:00"
594,4689,Debit Card,514.94,Successful,"2025-08-30 12:00:00"
595,4690,PayPal,99.99,Successful,"2025-04-22 12:00:00"
596,4691,Bank Transfer,239.98,Successful,"2024-01-21 12:00:00"
597,4692,Credit Card,199.98,Successful,"2026-05-30 12:00:00"
598,4693,Debit Card,449.98,Successful,"2026-01-20 12:00:00"
599,4694,PayPal,1399.97,Successful,"2025-09-12 12:00:00"
600,4695,Bank Transfer,1149.98,Successful,"2025-05-05 12:00:00"
601,4696,Credit Card,899.98,Successful,"2026-02-02 12:00:00"
602,4697,Debit Card,4149.96,Successful,"2025-09-25 12:00:00"
603,4698,PayPal,2299.96,Successful,"2025-05-18 12:00:00"
604,4699,Bank Transfer,1759.95,Successful,"2025-01-08 12:00:00"
605,4700,Credit Card,179.99,Successful,"2024-08-31 12:00:00"
606,4701,Debit Card,649.99,Successful,"2026-02-15 12:00:00"
607,4702,PayPal,1949.98,Successful,"2025-10-08 12:00:00"
608,4703,Bank Transfer,2199.98,Successful,"2025-05-31 12:00:00"
609,4704,Credit Card,3099.97,Successful,"2025-01-21 12:00:00"
610,4705,Debit Card,3499.97,Successful,"2024-09-13 12:00:00"
611,4706,PayPal,2199.98,Successful,"2026-02-28 12:00:00"
612,4707,Bank Transfer,3249.94,Successful,"2025-10-21 12:00:00"
613,4708,Credit Card,249.95,Successful,"2025-06-13 12:00:00"
614,4709,Debit Card,299.93,Successful,"2025-02-03 12:00:00"
615,4710,PayPal,179.99,Successful,"2024-09-26 12:00:00"
616,4711,Bank Transfer,199.98,Successful,"2026-03-13 12:00:00"
617,4712,Credit Card,459.97,Successful,"2025-11-03 12:00:00"
618,4713,Debit Card,479.97,Successful,"2025-06-26 12:00:00"
619,4714,PayPal,229.98,Successful,"2025-02-16 12:00:00"
620,4715,Bank Transfer,239.97,Successful,"2024-10-09 12:00:00"
621,4716,Credit Card,174.98,Successful,"2026-03-26 12:00:00"
622,4717,Debit Card,214.97,Successful,"2025-11-16 12:00:00"
623,4718,PayPal,579.94,Successful,"2025-07-09 12:00:00"
624,4719,Bank Transfer,469.96,Successful,"2025-03-01 12:00:00"
625,4720,Credit Card,149.99,Successful,"2024-10-22 12:00:00"
626,4721,Debit Card,899.99,Pending,"2026-04-08 12:00:00"
627,4722,PayPal,1149.98,Successful,"2025-11-29 12:00:00"
628,4723,Bank Transfer,899.98,Successful,"2025-07-22 12:00:00"
629,4724,Credit Card,2299.98,Successful,"2025-03-14 12:00:00"
630,4725,Debit Card,1299.97,Successful,"2024-11-04 12:00:00"
631,4726,PayPal,999.98,Successful,"2026-04-21 12:00:00"
632,4727,Bank Transfer,1709.96,Successful,"2025-12-12 12:00:00"
633,4728,Credit Card,5409.95,Successful,"2025-08-04 12:00:00"
634,4729,Debit Card,7749.95,Successful,"2025-03-27 12:00:00"
635,4730,PayPal,899.99,Successful,"2024-11-17 12:00:00"
636,4731,Bank Transfer,899.99,Successful,"2026-05-04 12:00:00"
637,4732,Credit Card,2199.98,Successful,"2025-12-25 12:00:00"
638,4733,Debit Card,2199.98,Pending,"2025-08-17 12:00:00"
639,4734,PayPal,1899.96,Successful,"2025-04-09 12:00:00"
640,4735,Bank Transfer,199.96,Successful,"2024-11-30 12:00:00"
641,4736,Credit Card,219.96,Successful,"2026-05-17 12:00:00"
642,4737,Debit Card,819.95,Successful,"2026-01-07 12:00:00"
643,4738,PayPal,439.96,Successful,"2025-08-30 12:00:00"
644,4739,Bank Transfer,459.95,Successful,"2025-04-22 12:00:00"
645,4740,Credit Card,399.98,Successful,"2024-12-13 12:00:00"
646,4741,Debit Card,29.99,Failed,"2026-05-30 12:00:00"
647,4742,PayPal,169.98,Failed,"2026-01-20 12:00:00"
648,4743,Bank Transfer,174.98,Failed,"2025-09-12 12:00:00"
649,4744,Credit Card,189.98,Failed,"2025-05-05 12:00:00"
650,4745,Debit Card,159.98,Failed,"2024-12-26 12:00:00"
651,4746,PayPal,279.97,Successful,"2025-09-25 12:00:00"
652,4747,Bank Transfer,609.96,Successful,"2025-05-18 12:00:00"
653,4748,Credit Card,799.96,Successful,"2025-01-08 12:00:00"
654,4749,Debit Card,2299.96,Successful,"2024-08-31 12:00:00"
655,4750,PayPal,549.99,Successful,"2024-04-23 12:00:00"
656,4751,Bank Transfer,999.99,Successful,"2025-10-08 12:00:00"
657,4752,Credit Card,799.98,Successful,"2025-05-31 12:00:00"
658,4753,Debit Card,999.98,Successful,"2025-01-21 12:00:00"
659,4754,PayPal,509.98,Successful,"2024-09-13 12:00:00"
660,4755,Bank Transfer,2849.98,Pending,"2024-05-06 12:00:00"
661,4756,Credit Card,1949.98,Successful,"2025-10-21 12:00:00"
662,4757,Debit Card,4399.95,Successful,"2025-06-13 12:00:00"
663,4758,PayPal,4149.96,Successful,"2025-02-03 12:00:00"
664,4759,Bank Transfer,6449.95,Successful,"2024-09-26 12:00:00"
665,4760,Credit Card,899.99,Successful,"2024-05-19 12:00:00"
666,4761,Debit Card,99.98,Successful,"2025-11-03 12:00:00"
667,4762,PayPal,139.97,Successful,"2025-06-26 12:00:00"
668,4763,Bank Transfer,219.96,Successful,"2025-02-16 12:00:00"
669,4764,Credit Card,519.97,Successful,"2024-10-09 12:00:00"
670,4765,Debit Card,259.97,Successful,"2024-06-01 12:00:00"
671,4766,PayPal,279.98,Successful,"2025-11-16 12:00:00"
672,4767,Bank Transfer,539.96,Successful,"2025-07-09 12:00:00"
673,4768,Credit Card,309.96,Successful,"2025-03-01 12:00:00"
674,4769,Debit Card,629.94,Successful,"2024-10-22 12:00:00"
675,4770,PayPal,24.99,Successful,"2024-06-14 12:00:00"
676,4771,Bank Transfer,99.99,Successful,"2025-11-29 12:00:00"
677,4772,Credit Card,159.98,Successful,"2025-07-22 12:00:00"
678,4773,Debit Card,279.97,Successful,"2025-03-14 12:00:00"
679,4774,PayPal,599.97,Successful,"2024-11-04 12:00:00"
680,4775,Bank Transfer,499.98,Successful,"2024-06-27 12:00:00"
681,4776,Credit Card,1149.98,Successful,"2025-12-12 12:00:00"
682,4777,Debit Card,1599.97,Successful,"2025-08-04 12:00:00"
683,4778,PayPal,3399.96,Successful,"2025-03-27 12:00:00"
684,4779,Bank Transfer,4099.95,Successful,"2024-11-17 12:00:00"
685,4780,Credit Card,699.99,Successful,"2024-07-10 12:00:00"
686,4781,Debit Card,329.99,Successful,"2025-12-25 12:00:00"
687,4782,PayPal,2849.98,Pending,"2025-08-17 12:00:00"
688,4783,Bank Transfer,1949.98,Successful,"2025-04-09 12:00:00"
689,4784,Credit Card,3099.97,Successful,"2024-11-30 12:00:00"
690,4785,Debit Card,3499.97,Successful,"2024-07-23 12:00:00"
691,4786,PayPal,2199.98,Successful,"2026-01-07 12:00:00"
692,4787,Bank Transfer,4399.95,Successful,"2025-08-30 12:00:00"
693,4788,Credit Card,3549.96,Successful,"2025-04-22 12:00:00"
694,4789,Debit Card,1129.93,Successful,"2024-12-13 12:00:00"
695,4790,PayPal,99.98,Successful,"2024-08-05 12:00:00"
696,4791,Bank Transfer,119.99,Successful,"2026-01-20 12:00:00"
697,4792,Credit Card,159.98,Successful,"2025-09-12 12:00:00"
698,4793,Debit Card,279.98,Successful,"2025-05-05 12:00:00"
699,4794,PayPal,359.97,Pending,"2024-12-26 12:00:00"
700,4795,Bank Transfer,289.96,Successful,"2024-08-18 12:00:00"
701,4796,Credit Card,169.98,Successful,"2025-05-18 12:00:00"
702,4797,Debit Card,304.96,Successful,"2025-01-08 12:00:00"
703,4798,PayPal,464.93,Successful,"2024-08-31 12:00:00"
704,4799,Bank Transfer,629.93,Successful,"2024-04-23 12:00:00"
705,4800,Credit Card,159.98,Successful,"2026-08-31 12:00:00"
706,4801,Debit Card,299.98,Successful,"2025-05-31 12:00:00"
707,4802,PayPal,499.98,Successful,"2025-01-21 12:00:00"
708,4803,Bank Transfer,1849.97,Successful,"2024-09-13 12:00:00"
709,4804,Credit Card,899.98,Pending,"2024-05-06 12:00:00"
710,4805,Debit Card,2299.98,Successful,"2026-09-13 12:00:00"
711,4806,PayPal,799.98,Successful,"2025-06-13 12:00:00"
712,4807,Bank Transfer,1429.96,Successful,"2025-02-03 12:00:00"
713,4808,Credit Card,2329.96,Successful,"2024-09-26 12:00:00"
714,4809,Debit Card,3869.94,Successful,"2024-05-19 12:00:00"
715,4810,PayPal,1299.99,Successful,"2024-01-10 12:00:00"
716,4811,Bank Transfer,899.99,Successful,"2025-06-26 12:00:00"
717,4812,Credit Card,2199.98,Successful,"2025-02-16 12:00:00"
718,4813,Debit Card,2199.98,Successful,"2024-10-09 12:00:00"
719,4814,PayPal,3099.97,Successful,"2024-06-01 12:00:00"
720,4815,Bank Transfer,949.98,Successful,"2024-01-23 12:00:00"
721,4816,Credit Card,119.96,Successful,"2025-07-09 12:00:00"
722,4817,Debit Card,329.94,Successful,"2025-03-01 12:00:00"
723,4818,PayPal,569.96,Successful,"2024-10-22 12:00:00"
724,4819,Bank Transfer,639.95,Successful,"2024-06-14 12:00:00"
725,4820,Credit Card,179.99,Successful,"2024-02-05 12:00:00"
726,4821,Debit Card,199.99,Successful,"2025-07-22 12:00:00"
727,4822,PayPal,289.96,Successful,"2025-03-14 12:00:00"
728,4823,Bank Transfer,369.96,Successful,"2024-11-04 12:00:00"
729,4824,Credit Card,104.98,Successful,"2024-06-27 12:00:00"
730,4825,Debit Card,389.96,Successful,"2024-02-18 12:00:00"
731,4826,PayPal,239.96,Successful,"2025-08-04 12:00:00"
732,4827,Bank Transfer,979.93,Successful,"2025-03-27 12:00:00"
733,4828,Credit Card,679.96,Successful,"2024-11-17 12:00:00"
734,4829,Debit Card,1249.95,Successful,"2024-07-10 12:00:00"
735,4830,PayPal,449.99,Successful,"2024-03-02 12:00:00"
736,4831,Bank Transfer,1099.98,Pending,"2025-08-17 12:00:00"
737,4832,Credit Card,2299.98,Successful,"2025-04-09 12:00:00"
738,4833,Debit Card,799.98,Successful,"2024-11-30 12:00:00"
739,4834,PayPal,1299.97,Successful,"2024-07-23 12:00:00"
740,4835,Bank Transfer,929.98,Successful,"2024-03-15 12:00:00"
741,4836,Credit Card,2849.98,Successful,"2025-08-30 12:00:00"
742,4837,Debit Card,4399.96,Successful,"2025-04-22 12:00:00"
743,4838,PayPal,4149.96,Successful,"2024-12-13 12:00:00"
744,4839,Bank Transfer,6449.95,Successful,"2024-08-05 12:00:00"
745,4840,Credit Card,899.99,Successful,"2024-03-28 12:00:00"
746,4841,Debit Card,899.99,Failed,"2025-09-12 12:00:00"
747,4842,PayPal,949.98,Failed,"2025-05-05 12:00:00"
748,4843,Bank Transfer,99.97,Failed,"2024-12-26 12:00:00"
749,4844,Credit Card,259.96,Failed,"2024-08-18 12:00:00"
750,4845,Debit Card,319.98,Failed,"2024-04-10 12:00:00"
751,4846,PayPal,459.97,Successful,"2025-01-08 12:00:00"
752,4847,Bank Transfer,339.97,Successful,"2024-08-31 12:00:00"
753,4848,Credit Card,639.96,Successful,"2024-04-23 12:00:00"
754,4849,Debit Card,619.93,Successful,"2026-08-31 12:00:00"
755,4850,PayPal,299.97,Successful,"2026-04-23 12:00:00"
756,4851,Bank Transfer,74.97,Successful,"2025-01-21 12:00:00"
757,4852,Credit Card,289.97,Successful,"2024-09-13 12:00:00"
758,4853,Debit Card,239.96,Pending,"2024-05-06 12:00:00"
759,4854,PayPal,439.96,Successful,"2026-09-13 12:00:00"
760,4855,Bank Transfer,899.96,Successful,"2026-05-06 12:00:00"
761,4856,Credit Card,749.97,Successful,"2025-02-03 12:00:00"
762,4857,Debit Card,1849.96,Successful,"2024-09-26 12:00:00"
763,4858,PayPal,2149.96,Successful,"2024-05-19 12:00:00"
764,4859,Bank Transfer,4549.94,Successful,"2024-01-10 12:00:00"
765,4860,Credit Card,299.99,Successful,"2026-05-19 12:00:00"
766,4861,Debit Card,1399.98,Successful,"2025-02-16 12:00:00"
767,4862,PayPal,929.98,Successful,"2024-10-09 12:00:00"
768,4863,Bank Transfer,2379.98,Successful,"2024-06-01 12:00:00"
769,4864,Credit Card,1949.98,Successful,"2024-01-23 12:00:00"
770,4865,Debit Card,3499.97,Pending,"2026-06-01 12:00:00"
771,4866,PayPal,2199.98,Successful,"2025-03-01 12:00:00"
772,4867,Bank Transfer,4399.95,Successful,"2024-10-22 12:00:00"
773,4868,Credit Card,4149.96,Successful,"2024-06-14 12:00:00"
774,4869,Debit Card,2899.96,Successful,"2024-02-05 12:00:00"
775,4870,PayPal,39.98,Successful,"2026-06-14 12:00:00"
776,4871,Bank Transfer,49.99,Successful,"2025-03-14 12:00:00"
777,4872,Credit Card,319.98,Successful,"2024-11-04 12:00:00"
778,4873,Debit Card,279.98,Successful,"2024-06-27 12:00:00"
779,4874,PayPal,379.97,Successful,"2024-02-18 12:00:00"
780,4875,Bank Transfer,279.98,Successful,"2026-06-27 12:00:00"
781,4876,Credit Card,459.96,Successful,"2025-03-27 12:00:00"
782,4877,Debit Card,299.96,Successful,"2024-11-17 12:00:00"
783,4878,PayPal,254.95,Successful,"2024-07-10 12:00:00"
784,4879,Bank Transfer,684.92,Successful,"2024-03-02 12:00:00"
785,4880,Credit Card,119.99,Successful,"2026-07-10 12:00:00"
786,4881,Debit Card,79.99,Successful,"2025-04-09 12:00:00"
787,4882,PayPal,749.97,Successful,"2024-11-30 12:00:00"
788,4883,Bank Transfer,999.96,Successful,"2024-07-23 12:00:00"
789,4884,Credit Card,1799.97,Successful,"2024-03-15 12:00:00"
790,4885,Debit Card,899.98,Successful,"2026-07-23 12:00:00"
791,4886,PayPal,3299.97,Successful,"2025-04-22 12:00:00"
792,4887,Bank Transfer,2099.96,Successful,"2024-12-13 12:00:00"
793,4888,Credit Card,1829.96,Successful,"2024-08-05 12:00:00"
794,4889,Debit Card,2259.95,Successful,"2024-03-28 12:00:00"
795,4890,PayPal,2199.99,Successful,"2026-08-05 12:00:00"
796,4891,Bank Transfer,1299.99,Successful,"2025-05-05 12:00:00"
797,4892,Credit Card,2199.98,Pending,"2024-12-26 12:00:00"
798,4893,Debit Card,2199.98,Successful,"2024-08-18 12:00:00"
799,4894,PayPal,3099.97,Successful,"2024-04-10 12:00:00"
800,4895,Bank Transfer,3499.97,Successful,"2026-08-18 12:00:00"
801,4896,Credit Card,949.98,Successful,"2024-08-31 12:00:00"
802,4897,Debit Card,229.95,Successful,"2024-04-23 12:00:00"
803,4898,PayPal,209.96,Successful,"2026-08-31 12:00:00"
804,4899,Bank Transfer,439.96,Successful,"2026-04-23 12:00:00"
805,4900,Credit Card,99.99,Successful,"2025-12-14 12:00:00"
806,4901,Debit Card,359.98,Successful,"2024-09-13 12:00:00"
807,4902,PayPal,279.98,Pending,"2024-05-06 12:00:00"
808,4903,Bank Transfer,429.97,Successful,"2026-09-13 12:00:00"
809,4904,Credit Card,409.95,Successful,"2026-05-06 12:00:00"
810,4905,Debit Card,129.97,Successful,"2025-12-27 12:00:00"
811,4906,PayPal,294.96,Successful,"2024-09-26 12:00:00"
812,4907,Bank Transfer,539.94,Successful,"2024-05-19 12:00:00"
813,4908,Credit Card,779.95,Successful,"2024-01-10 12:00:00"
814,4909,Debit Card,949.95,Successful,"2026-05-19 12:00:00"
815,4910,PayPal,499.98,Successful,"2026-01-09 12:00:00"
816,4911,Bank Transfer,899.98,Successful,"2024-10-09 12:00:00"
817,4912,Credit Card,1399.97,Successful,"2024-06-01 12:00:00"
818,4913,Debit Card,2299.98,Successful,"2024-01-23 12:00:00"
819,4914,PayPal,1099.97,Pending,"2026-06-01 12:00:00"
820,4915,Bank Transfer,1699.97,Successful,"2026-01-22 12:00:00"
821,4916,Credit Card,1259.97,Successful,"2024-10-22 12:00:00"
822,4917,Debit Card,2709.97,Successful,"2024-06-14 12:00:00"
823,4918,PayPal,5049.96,Successful,"2024-02-05 12:00:00"
824,4919,Bank Transfer,6449.95,Successful,"2026-06-14 12:00:00"
825,4920,Credit Card,899.99,Successful,"2026-02-04 12:00:00"
826,4921,Debit Card,899.99,Successful,"2024-11-04 12:00:00"
827,4922,PayPal,2199.98,Successful,"2024-06-27 12:00:00"
828,4923,Bank Transfer,949.98,Successful,"2024-02-18 12:00:00"
829,4924,Credit Card,79.98,Successful,"2026-06-27 12:00:00"
830,4925,Debit Card,119.98,Successful,"2026-02-17 12:00:00"
831,4926,PayPal,439.97,Successful,"2024-11-17 12:00:00"
832,4927,Bank Transfer,519.96,Successful,"2024-07-10 12:00:00"
833,4928,Credit Card,319.96,Successful,"2024-03-02 12:00:00"
834,4929,Debit Card,759.95,Successful,"2026-07-10 12:00:00"
835,4930,PayPal,29.99,Successful,"2026-03-02 12:00:00"
836,4931,Bank Transfer,99.99,Successful,"2024-11-30 12:00:00"
837,4932,Credit Card,289.95,Successful,"2024-07-23 12:00:00"
838,4933,Debit Card,204.97,Successful,"2024-03-15 12:00:00"
839,4934,PayPal,399.96,Successful,"2026-07-23 12:00:00"
840,4935,Bank Transfer,199.98,Successful,"2026-03-15 12:00:00"
841,4936,Credit Card,749.97,Successful,"2024-12-13 12:00:00"
842,4937,Debit Card,899.96,Successful,"2024-08-05 12:00:00"
843,4938,PayPal,1599.97,Successful,"2024-03-28 12:00:00"
844,4939,Bank Transfer,2749.95,Successful,"2026-08-05 12:00:00"
845,4940,Credit Card,999.99,Successful,"2026-03-28 12:00:00"
846,4941,Debit Card,299.99,Failed,"2024-12-26 12:00:00"
847,4942,PayPal,1699.97,Failed,"2024-08-18 12:00:00"
848,4943,Bank Transfer,1259.97,Failed,"2024-04-10 12:00:00"
849,4944,Credit Card,2379.98,Failed,"2026-08-18 12:00:00"
850,4945,Debit Card,2449.98,Failed,"2026-04-10 12:00:00"
851,4946,PayPal,2199.98,Successful,"2024-04-23 12:00:00"
852,4947,Bank Transfer,4399.95,Successful,"2026-08-31 12:00:00"
853,4948,Credit Card,4149.96,Successful,"2026-04-23 12:00:00"
854,4949,Debit Card,6449.95,Successful,"2025-12-14 12:00:00"
855,4950,PayPal,149.97,Successful,"2025-08-06 12:00:00"
856,4951,Bank Transfer,19.99,Pending,"2024-05-06 12:00:00"
857,4952,Credit Card,119.98,Successful,"2026-09-13 12:00:00"
858,4953,Debit Card,439.97,Successful,"2026-05-06 12:00:00"
859,4954,PayPal,379.97,Successful,"2025-12-27 12:00:00"
860,4955,Bank Transfer,259.97,Successful,"2025-08-19 12:00:00"
861,4956,Credit Card,479.97,Successful,"2024-05-19 12:00:00"
862,4957,Debit Card,269.97,Successful,"2024-01-10 12:00:00"
863,4958,PayPal,269.96,Successful,"2026-05-19 12:00:00"
864,4959,Bank Transfer,434.94,Successful,"2026-01-09 12:00:00"
865,4960,Credit Card,179.98,Successful,"2025-09-01 12:00:00"
866,4961,Debit Card,239.98,Successful,"2024-06-01 12:00:00"
867,4962,PayPal,199.98,Successful,"2024-01-23 12:00:00"
868,4963,Bank Transfer,449.98,Pending,"2026-06-01 12:00:00"
869,4964,Credit Card,749.97,Successful,"2026-01-22 12:00:00"
870,4965,Debit Card,2249.97,Successful,"2025-09-14 12:00:00"
871,4966,PayPal,1049.98,Successful,"2024-06-14 12:00:00"
872,4967,Bank Transfer,4149.96,Successful,"2024-02-05 12:00:00"
873,4968,Credit Card,2299.96,Successful,"2026-06-14 12:00:00"
874,4969,Debit Card,1759.95,Successful,"2026-02-04 12:00:00"
875,4970,PayPal,659.98,Successful,"2025-09-27 12:00:00"
876,4971,Bank Transfer,4399.98,Successful,"2024-06-27 12:00:00"
877,4972,Credit Card,2449.98,Successful,"2024-02-18 12:00:00"
878,4973,Debit Card,2199.98,Successful,"2026-06-27 12:00:00"
879,4974,PayPal,3099.97,Successful,"2026-02-17 12:00:00"
880,4975,Bank Transfer,3499.97,Pending,"2025-10-10 12:00:00"
881,4976,Credit Card,2199.98,Successful,"2024-07-10 12:00:00"
882,4977,Debit Card,4399.95,Successful,"2024-03-02 12:00:00"
883,4978,PayPal,249.95,Successful,"2026-07-10 12:00:00"
884,4979,Bank Transfer,299.93,Successful,"2026-03-02 12:00:00"
885,4980,Credit Card,239.98,Successful,"2025-10-23 12:00:00"
886,4981,Debit Card,199.98,Successful,"2024-07-23 12:00:00"
887,4982,PayPal,219.97,Successful,"2024-03-15 12:00:00"
888,4983,Bank Transfer,479.97,Successful,"2026-07-23 12:00:00"
889,4984,Credit Card,229.98,Successful,"2026-03-15 12:00:00"
890,4985,Debit Card,239.97,Successful,"2025-11-05 12:00:00"
891,4986,PayPal,184.97,Successful,"2024-08-05 12:00:00"
892,4987,Bank Transfer,564.95,Successful,"2024-03-28 12:00:00"
893,4988,Credit Card,629.94,Successful,"2026-08-05 12:00:00"
894,4989,Debit Card,469.96,Successful,"2026-03-28 12:00:00"
895,4990,PayPal,149.99,Successful,"2025-11-18 12:00:00"
896,4991,Bank Transfer,249.99,Successful,"2024-08-18 12:00:00"
897,4992,Credit Card,2249.97,Successful,"2024-04-10 12:00:00"
898,4993,Debit Card,1749.97,Successful,"2026-08-18 12:00:00"
899,4994,PayPal,1849.98,Successful,"2026-04-10 12:00:00"
900,4995,Bank Transfer,1299.97,Successful,"2025-12-01 12:00:00"
901,4996,Credit Card,999.98,Successful,"2026-08-31 12:00:00"
902,4997,Debit Card,2229.96,Successful,"2026-04-23 12:00:00"
903,4998,PayPal,5089.95,Successful,"2025-12-14 12:00:00"
904,4999,Bank Transfer,6809.94,Successful,"2025-08-06 12:00:00"
905,5000,Credit Card,899.99,Successful,"2025-03-29 12:00:00"
906,5001,Debit Card,899.99,Successful,"2026-09-13 12:00:00"
907,5002,PayPal,2199.98,Successful,"2026-05-06 12:00:00"
908,5003,Bank Transfer,2199.98,Successful,"2025-12-27 12:00:00"
909,5004,Credit Card,3099.97,Successful,"2025-08-19 12:00:00"
910,5005,Debit Card,199.96,Successful,"2025-04-11 12:00:00"
911,5006,PayPal,219.96,Successful,"2024-01-10 12:00:00"
912,5007,Bank Transfer,739.94,Successful,"2026-05-19 12:00:00"
913,5008,Credit Card,499.96,Successful,"2026-01-09 12:00:00"
914,5009,Debit Card,639.94,Successful,"2025-09-01 12:00:00"
915,5010,PayPal,159.98,Successful,"2025-04-24 12:00:00"
916,5011,Bank Transfer,29.99,Successful,"2024-01-23 12:00:00"
917,5012,Credit Card,169.98,Pending,"2026-06-01 12:00:00"
918,5013,Debit Card,184.97,Successful,"2026-01-22 12:00:00"
919,5014,PayPal,114.98,Successful,"2025-09-14 12:00:00"
920,5015,Bank Transfer,419.96,Successful,"2025-05-07 12:00:00"
921,5016,Credit Card,279.97,Successful,"2024-02-05 12:00:00"
922,5017,Debit Card,609.96,Successful,"2026-06-14 12:00:00"
923,5018,PayPal,799.96,Successful,"2026-02-04 12:00:00"
924,5019,Bank Transfer,1849.96,Successful,"2025-09-27 12:00:00"
925,5020,Credit Card,349.99,Successful,"2025-05-20 12:00:00"
926,5021,Debit Card,1299.99,Successful,"2024-02-18 12:00:00"
927,5022,PayPal,799.98,Successful,"2026-06-27 12:00:00"
928,5023,Bank Transfer,999.98,Successful,"2026-02-17 12:00:00"
929,5024,Credit Card,1529.97,Pending,"2025-10-10 12:00:00"
930,5025,Debit Card,2559.97,Successful,"2025-06-02 12:00:00"
931,5026,PayPal,4249.97,Successful,"2024-03-02 12:00:00"
932,5027,Bank Transfer,4399.95,Successful,"2026-07-10 12:00:00"
933,5028,Credit Card,4149.96,Successful,"2026-03-02 12:00:00"
934,5029,Debit Card,6449.95,Successful,"2025-10-23 12:00:00"
935,5030,PayPal,899.99,Successful,"2025-06-15 12:00:00"
936,5031,Bank Transfer,899.99,Successful,"2024-03-15 12:00:00"
937,5032,Credit Card,139.97,Successful,"2026-07-23 12:00:00"
938,5033,Debit Card,219.96,Successful,"2026-03-15 12:00:00"
939,5034,PayPal,519.97,Successful,"2025-11-05 12:00:00"
940,5035,Bank Transfer,559.96,Successful,"2025-06-28 12:00:00"
941,5036,Credit Card,219.97,Successful,"2024-03-28 12:00:00"
942,5037,Debit Card,439.96,Successful,"2026-08-05 12:00:00"
943,5038,PayPal,309.96,Successful,"2026-03-28 12:00:00"
944,5039,Bank Transfer,629.94,Successful,"2025-11-18 12:00:00"
945,5040,Credit Card,24.99,Successful,"2025-07-11 12:00:00"
946,5041,Debit Card,89.99,Failed,"2024-04-10 12:00:00"
947,5042,PayPal,319.97,Failed,"2026-08-18 12:00:00"
948,5043,Bank Transfer,349.98,Failed,"2026-04-10 12:00:00"
949,5044,Credit Card,599.97,Failed,"2025-12-01 12:00:00"
950,5045,Debit Card,499.98,Failed,"2025-07-24 12:00:00"
951,5046,PayPal,1349.98,Successful,"2026-04-23 12:00:00"
952,5047,Bank Transfer,1499.97,Successful,"2025-12-14 12:00:00"
953,5048,Credit Card,2749.96,Successful,"2025-08-06 12:00:00"
954,5049,Debit Card,4099.95,Successful,"2025-03-29 12:00:00"
955,5050,PayPal,699.99,Successful,"2024-11-19 12:00:00"
956,5051,Bank Transfer,329.99,Successful,"2026-05-06 12:00:00"
957,5052,Credit Card,2559.97,Successful,"2025-12-27 12:00:00"
958,5053,Debit Card,2449.98,Successful,"2025-08-19 12:00:00"
959,5054,PayPal,3099.97,Successful,"2025-04-11 12:00:00"
960,5055,Bank Transfer,3499.97,Successful,"2024-12-02 12:00:00"
961,5056,Credit Card,2199.98,Successful,"2026-05-19 12:00:00"
962,5057,Debit Card,4399.95,Successful,"2026-01-09 12:00:00"
963,5058,PayPal,4149.96,Successful,"2025-09-01 12:00:00"
964,5059,Bank Transfer,2309.94,Successful,"2025-04-24 12:00:00"
965,5060,Credit Card,99.98,Successful,"2024-12-15 12:00:00"
966,5061,Debit Card,119.99,Pending,"2026-06-01 12:00:00"
967,5062,PayPal,459.97,Successful,"2026-01-22 12:00:00"
968,5063,Bank Transfer,219.97,Successful,"2025-09-14 12:00:00"
969,5064,Credit Card,339.97,Successful,"2025-05-07 12:00:00"
970,5065,Debit Card,289.96,Successful,"2024-12-28 12:00:00"
971,5066,PayPal,169.98,Successful,"2026-06-14 12:00:00"
972,5067,Bank Transfer,304.96,Successful,"2026-02-04 12:00:00"
973,5068,Credit Card,314.95,Successful,"2025-09-27 12:00:00"
974,5069,Debit Card,614.93,Successful,"2025-05-20 12:00:00"
975,5070,PayPal,119.99,Successful,"2025-01-10 12:00:00"
976,5071,Bank Transfer,299.98,Successful,"2026-06-27 12:00:00"
977,5072,Credit Card,499.98,Successful,"2026-02-17 12:00:00"
978,5073,Debit Card,1349.98,Pending,"2025-10-10 12:00:00"
979,5074,PayPal,1049.98,Successful,"2025-06-02 12:00:00"
980,5075,Bank Transfer,1849.98,Successful,"2025-01-23 12:00:00"
981,5076,Credit Card,2499.97,Successful,"2026-07-10 12:00:00"
982,5077,Debit Card,1429.96,Successful,"2026-03-02 12:00:00"
983,5078,PayPal,2329.96,Successful,"2025-10-23 12:00:00"
984,5079,Bank Transfer,3819.94,Successful,"2025-06-15 12:00:00"
985,5080,Credit Card,1299.98,Successful,"2025-02-05 12:00:00"
986,5081,Debit Card,899.99,Successful,"2026-07-23 12:00:00"
987,5082,PayPal,2199.98,Successful,"2026-03-15 12:00:00"
988,5083,Bank Transfer,2199.98,Successful,"2025-11-05 12:00:00"
989,5084,Credit Card,3099.97,Successful,"2025-06-28 12:00:00"
990,5085,Debit Card,3499.97,Pending,"2025-02-18 12:00:00"
991,5086,PayPal,109.96,Successful,"2026-08-05 12:00:00"
992,5087,Bank Transfer,329.94,Successful,"2026-03-28 12:00:00"
993,5088,Credit Card,569.96,Successful,"2025-11-18 12:00:00"
994,5089,Debit Card,779.95,Successful,"2025-07-11 12:00:00"
995,5090,PayPal,99.99,Successful,"2025-03-03 12:00:00"
996,5091,Bank Transfer,159.98,Successful,"2026-08-18 12:00:00"
997,5092,Credit Card,279.97,Successful,"2026-04-10 12:00:00"
998,5093,Debit Card,369.96,Successful,"2025-12-01 12:00:00"
999,5094,PayPal,104.98,Successful,"2025-07-24 12:00:00"
1000,5095,Bank Transfer,139.97,Successful,"2025-03-16 12:00:00"
1001,5096,Credit Card,219.98,Successful,"2024-12-09 12:00:00"
1002,5097,Debit Card,899.93,Successful,"2024-08-01 12:00:00"
1003,5098,PayPal,679.96,Successful,"2024-03-24 12:00:00"
1004,5099,Bank Transfer,1249.95,Successful,"2026-08-01 12:00:00"
1005,5100,Credit Card,449.99,Successful,"2026-03-24 12:00:00"
1006,5101,Debit Card,349.99,Successful,"2024-12-22 12:00:00"
1007,5102,PayPal,1849.98,Successful,"2024-08-14 12:00:00"
1008,5103,Bank Transfer,1499.98,Successful,"2024-04-06 12:00:00"
1009,5104,Credit Card,1299.97,Successful,"2026-08-14 12:00:00"
1010,5105,Debit Card,929.98,Successful,"2026-04-06 12:00:00"
1011,5106,PayPal,2379.98,Successful,"2025-01-04 12:00:00"
1012,5107,Bank Transfer,5299.96,Successful,"2024-08-27 12:00:00"
1013,5108,Credit Card,4149.96,Successful,"2024-04-19 12:00:00"
1014,5109,Debit Card,6449.95,Successful,"2026-08-27 12:00:00"
1015,5110,PayPal,899.99,Successful,"2026-04-19 12:00:00"
1016,5111,Bank Transfer,899.99,Successful,"2025-01-17 12:00:00"
1017,5112,Credit Card,2199.98,Pending,"2024-09-09 12:00:00"
1018,5113,Debit Card,89.97,Successful,"2024-05-02 12:00:00"
1019,5114,PayPal,259.96,Successful,"2026-09-09 12:00:00"
1020,5115,Bank Transfer,319.98,Successful,"2026-05-02 12:00:00"
1021,5116,Credit Card,459.97,Successful,"2025-01-30 12:00:00"
1022,5117,Debit Card,279.96,Successful,"2024-09-22 12:00:00"
1023,5118,PayPal,639.95,Successful,"2024-05-15 12:00:00"
1024,5119,Bank Transfer,739.94,Successful,"2024-01-06 12:00:00"
1025,5120,Credit Card,299.97,Successful,"2026-05-15 12:00:00"
1026,5121,Debit Card,74.97,Successful,"2025-02-12 12:00:00"
1027,5122,PayPal,139.97,Successful,"2024-10-05 12:00:00"
1028,5123,Bank Transfer,219.98,Successful,"2024-05-28 12:00:00"
1029,5124,Credit Card,819.95,Pending,"2024-01-19 12:00:00"
1030,5125,Debit Card,679.97,Successful,"2026-05-28 12:00:00"
1031,5126,PayPal,749.97,Successful,"2025-02-25 12:00:00"
1032,5127,Bank Transfer,1849.96,Successful,"2024-10-18 12:00:00"
1033,5128,Credit Card,1499.97,Successful,"2024-06-10 12:00:00"
1034,5129,Debit Card,3249.95,Successful,"2024-02-01 12:00:00"
1035,5130,PayPal,499.99,Successful,"2026-06-10 12:00:00"
1036,5131,Bank Transfer,1399.98,Successful,"2025-03-10 12:00:00"
1037,5132,Credit Card,929.98,Successful,"2024-10-31 12:00:00"
1038,5133,Debit Card,2379.98,Successful,"2024-06-23 12:00:00"
1039,5134,PayPal,2449.98,Successful,"2024-02-14 12:00:00"
1040,5135,Bank Transfer,3499.97,Successful,"2026-06-23 12:00:00"
1041,5136,Credit Card,2199.98,Successful,"2025-03-23 12:00:00"
1042,5137,Debit Card,4399.95,Successful,"2024-11-13 12:00:00"
1043,5138,PayPal,4149.96,Successful,"2024-07-06 12:00:00"
1044,5139,Bank Transfer,6449.95,Successful,"2024-02-27 12:00:00"
1045,5140,Credit Card,39.98,Successful,"2026-07-06 12:00:00"
1046,5141,Debit Card,139.98,Failed,"2025-04-05 12:00:00"
1047,5142,PayPal,319.98,Failed,"2024-11-26 12:00:00"
1048,5143,Bank Transfer,279.98,Failed,"2024-07-19 12:00:00"
1049,5144,Credit Card,259.97,Failed,"2024-03-11 12:00:00"
1050,5145,Debit Card,439.97,Failed,"2026-07-19 12:00:00"
1051,5146,PayPal,439.97,Successful,"2024-08-01 12:00:00"
1052,5147,Bank Transfer,299.96,Successful,"2024-03-24 12:00:00"
1053,5148,Credit Card,254.95,Successful,"2026-08-01 12:00:00"
1054,5149,Debit Card,684.92,Successful,"2026-03-24 12:00:00"
1055,5150,PayPal,119.99,Successful,"2025-11-14 12:00:00"
1056,5151,Bank Transfer,239.98,Successful,"2024-08-14 12:00:00"
1057,5152,Credit Card,679.97,Successful,"2024-04-06 12:00:00"
1058,5153,Debit Card,999.96,Successful,"2026-08-14 12:00:00"
1059,5154,PayPal,1799.97,Successful,"2026-04-06 12:00:00"
1060,5155,Bank Transfer,1049.98,Successful,"2025-11-27 12:00:00"
1061,5156,Credit Card,1849.98,Successful,"2024-08-27 12:00:00"
1062,5157,Debit Card,4099.96,Successful,"2024-04-19 12:00:00"
1063,5158,PayPal,1429.96,Successful,"2026-08-27 12:00:00"
1064,5159,Bank Transfer,2259.95,Successful,"2026-04-19 12:00:00"
1065,5160,Credit Card,2199.99,Successful,"2025-12-10 12:00:00"
1066,5161,Debit Card,649.99,Pending,"2024-09-09 12:00:00"
1067,5162,PayPal,2199.98,Successful,"2024-05-02 12:00:00"
1068,5163,Bank Transfer,2199.98,Successful,"2026-09-09 12:00:00"
1069,5164,Credit Card,3099.97,Successful,"2026-05-02 12:00:00"
1070,5165,Debit Card,3499.97,Successful,"2025-12-23 12:00:00"
1071,5166,PayPal,2199.98,Successful,"2024-09-22 12:00:00"
1072,5167,Bank Transfer,1969.94,Successful,"2024-05-15 12:00:00"
1073,5168,Credit Card,339.94,Successful,"2024-01-06 12:00:00"
1074,5169,Debit Card,439.96,Successful,"2026-05-15 12:00:00"
1075,5170,PayPal,99.99,Successful,"2026-01-05 12:00:00"
1076,5171,Bank Transfer,199.98,Successful,"2024-10-05 12:00:00"
1077,5172,Credit Card,439.97,Successful,"2024-05-28 12:00:00"
1078,5173,Debit Card,439.97,Pending,"2024-01-19 12:00:00"
1079,5174,PayPal,239.96,Successful,"2026-05-28 12:00:00"
1080,5175,Bank Transfer,129.97,Successful,"2026-01-18 12:00:00"
1081,5176,Credit Card,294.96,Successful,"2024-10-18 12:00:00"
1082,5177,Debit Card,549.95,Successful,"2024-06-10 12:00:00"
1083,5178,PayPal,739.95,Successful,"2024-02-01 12:00:00"
1084,5179,Bank Transfer,1029.95,Successful,"2026-06-10 12:00:00"
1085,5180,Credit Card,499.98,Successful,"2026-01-31 12:00:00"
1086,5181,Debit Card,899.98,Successful,"2024-10-31 12:00:00"
1087,5182,PayPal,1399.97,Successful,"2024-06-23 12:00:00"
1088,5183,Bank Transfer,1849.98,Successful,"2024-02-14 12:00:00"
1089,5184,Credit Card,1499.98,Successful,"2026-06-23 12:00:00"
1090,5185,Debit Card,429.98,Pending,"2026-02-13 12:00:00"
1091,5186,PayPal,1259.97,Successful,"2024-11-13 12:00:00"
1092,5187,Bank Transfer,2709.97,Successful,"2024-07-06 12:00:00"
1093,5188,Credit Card,6849.96,Successful,"2024-02-27 12:00:00"
1094,5189,Debit Card,6449.95,Successful,"2026-07-06 12:00:00"
1095,5190,PayPal,899.99,Successful,"2026-02-26 12:00:00"
1096,5191,Bank Transfer,899.99,Successful,"2024-11-26 12:00:00"
1097,5192,Credit Card,2199.98,Successful,"2024-07-19 12:00:00"
1098,5193,Debit Card,2199.98,Successful,"2024-03-11 12:00:00"
1099,5194,PayPal,119.97,Successful,"2026-07-19 12:00:00"
1100,5195,Bank Transfer,89.98,Successful,"2026-03-11 12:00:00"
1101,5196,Credit Card,439.97,Successful,"2024-03-24 12:00:00"
1102,5197,Debit Card,519.96,Successful,"2026-08-01 12:00:00"
1103,5198,PayPal,319.96,Successful,"2026-03-24 12:00:00"
1104,5199,Bank Transfer,479.95,Successful,"2025-11-14 12:00:00"
1105,5200,Credit Card,399.98,Successful,"2025-07-07 12:00:00"
1106,5201,Debit Card,209.97,Successful,"2024-04-06 12:00:00"
1107,5202,PayPal,289.95,Successful,"2026-08-14 12:00:00"
1108,5203,Bank Transfer,204.97,Successful,"2026-04-06 12:00:00"
1109,5204,Credit Card,459.96,Successful,"2025-11-27 12:00:00"
1110,5205,Debit Card,349.98,Successful,"2025-07-20 12:00:00"
1111,5206,PayPal,759.96,Successful,"2024-04-19 12:00:00"
1112,5207,Bank Transfer,949.96,Successful,"2026-08-27 12:00:00"
1113,5208,Credit Card,1599.97,Successful,"2026-04-19 12:00:00"
1114,5209,Debit Card,2749.95,Successful,"2025-12-10 12:00:00"
1115,5210,PayPal,2599.98,Successful,"2025-08-02 12:00:00"
1116,5211,Bank Transfer,499.99,Successful,"2024-05-02 12:00:00"
1117,5212,Credit Card,559.97,Successful,"2026-09-09 12:00:00"
1118,5213,Debit Card,1259.97,Successful,"2026-05-02 12:00:00"
1119,5214,PayPal,2379.98,Successful,"2025-12-23 12:00:00"
1120,5215,Bank Transfer,2449.98,Successful,"2025-08-15 12:00:00"
1121,5216,Credit Card,2199.98,Successful,"2024-05-15 12:00:00"
1122,5217,Debit Card,4399.95,Successful,"2024-01-06 12:00:00"
1123,5218,PayPal,4149.96,Successful,"2026-05-15 12:00:00"
1124,5219,Bank Transfer,6449.95,Successful,"2026-01-05 12:00:00"
1125,5220,Credit Card,899.99,Successful,"2025-08-28 12:00:00"
1126,5221,Debit Card,19.99,Successful,"2024-05-28 12:00:00"
1127,5222,PayPal,89.98,Pending,"2024-01-19 12:00:00"
1128,5223,Bank Transfer,349.96,Successful,"2026-05-28 12:00:00"
1129,5224,Credit Card,379.97,Successful,"2026-01-18 12:00:00"
1130,5225,Debit Card,259.97,Successful,"2025-09-10 12:00:00"
1131,5226,PayPal,259.98,Successful,"2024-06-10 12:00:00"
1132,5227,Bank Transfer,399.96,Successful,"2024-02-01 12:00:00"
1133,5228,Credit Card,369.96,Successful,"2026-06-10 12:00:00"
1134,5229,Debit Card,434.94,Successful,"2026-01-31 12:00:00"
1135,5230,PayPal,179.98,Successful,"2025-09-23 12:00:00"
1136,5231,Bank Transfer,239.98,Successful,"2024-06-23 12:00:00"
1137,5232,Credit Card,349.98,Successful,"2024-02-14 12:00:00"
1138,5233,Debit Card,459.97,Successful,"2026-06-23 12:00:00"
1139,5234,PayPal,799.96,Pending,"2026-02-13 12:00:00"
1140,5235,Bank Transfer,2249.97,Successful,"2025-10-06 12:00:00"
1141,5236,Credit Card,1049.98,Successful,"2024-07-06 12:00:00"
1142,5237,Debit Card,3499.96,Successful,"2024-02-27 12:00:00"
1143,5238,PayPal,3299.96,Successful,"2026-07-06 12:00:00"
1144,5239,Bank Transfer,3059.94,Successful,"2026-02-26 12:00:00"
1145,5240,Credit Card,1199.98,Successful,"2025-10-19 12:00:00"
1146,5241,Debit Card,4399.98,Failed,"2024-07-19 12:00:00"
1147,5242,PayPal,2449.98,Failed,"2024-03-11 12:00:00"
1148,5243,Bank Transfer,2199.98,Failed,"2026-07-19 12:00:00"
1149,5244,Credit Card,3099.97,Failed,"2026-03-11 12:00:00"
1150,5245,Debit Card,3499.97,Failed,"2025-11-01 12:00:00"
1151,5246,PayPal,2199.98,Successful,"2026-08-01 12:00:00"
1152,5247,Bank Transfer,4399.95,Successful,"2026-03-24 12:00:00"
1153,5248,Credit Card,969.97,Successful,"2025-11-14 12:00:00"
1154,5249,Debit Card,299.93,Successful,"2025-07-07 12:00:00"
1155,5250,PayPal,199.99,Successful,"2025-02-27 12:00:00"
1156,5251,Bank Transfer,199.98,Successful,"2026-08-14 12:00:00"
1157,5252,Credit Card,219.97,Successful,"2026-04-06 12:00:00"
1158,5253,Debit Card,259.98,Successful,"2025-11-27 12:00:00"
1159,5254,PayPal,239.98,Successful,"2025-07-20 12:00:00"
1160,5255,Bank Transfer,229.95,Successful,"2025-03-12 12:00:00"
1161,5256,Credit Card,259.97,Successful,"2026-08-27 12:00:00"
1162,5257,Debit Card,564.95,Successful,"2026-04-19 12:00:00"
1163,5258,PayPal,629.94,Successful,"2025-12-10 12:00:00"
1164,5259,Bank Transfer,589.95,Successful,"2025-08-02 12:00:00"
1165,5260,Credit Card,299.99,Successful,"2025-03-25 12:00:00"
1166,5261,Debit Card,249.99,Successful,"2026-09-09 12:00:00"
1167,5262,PayPal,2249.97,Successful,"2026-05-02 12:00:00"
1168,5263,Bank Transfer,1749.97,Successful,"2025-12-23 12:00:00"
1169,5264,Credit Card,1849.98,Successful,"2025-08-15 12:00:00"
1170,5265,Debit Card,1999.97,Successful,"2025-04-07 12:00:00"
1171,5266,PayPal,559.97,Successful,"2024-01-06 12:00:00"
1172,5267,Bank Transfer,2499.95,Successful,"2026-05-15 12:00:00"
1173,5268,Credit Card,5089.95,Successful,"2026-01-05 12:00:00"
1174,5269,Debit Card,6809.94,Successful,"2025-08-28 12:00:00"
1175,5270,PayPal,899.99,Successful,"2025-04-20 12:00:00"
1176,5271,Bank Transfer,899.99,Pending,"2024-01-19 12:00:00"
1177,5272,Credit Card,2199.98,Successful,"2026-05-28 12:00:00"
1178,5273,Debit Card,2199.98,Successful,"2026-01-18 12:00:00"
1179,5274,PayPal,3099.97,Successful,"2025-09-10 12:00:00"
1180,5275,Bank Transfer,69.98,Successful,"2025-05-03 12:00:00"
1181,5276,Credit Card,129.96,Successful,"2024-02-01 12:00:00"
1182,5277,Debit Card,709.93,Successful,"2026-06-10 12:00:00"
1183,5278,PayPal,499.96,Successful,"2026-01-31 12:00:00"
1184,5279,Bank Transfer,639.94,Successful,"2025-09-23 12:00:00"
1185,5280,Credit Card,159.98,Successful,"2025-05-16 12:00:00"
1186,5281,Debit Card,199.99,Successful,"2024-02-14 12:00:00"
1187,5282,PayPal,159.96,Successful,"2026-06-23 12:00:00"
1188,5283,Bank Transfer,459.95,Pending,"2026-02-13 12:00:00"
1189,5284,Credit Card,114.98,Successful,"2025-10-06 12:00:00"
1190,5285,Debit Card,419.96,Successful,"2025-05-29 12:00:00"
1191,5286,PayPal,349.98,Successful,"2024-02-27 12:00:00"
1192,5287,Bank Transfer,819.94,Successful,"2026-07-06 12:00:00"
1193,5288,Credit Card,849.96,Successful,"2026-02-26 12:00:00"
1194,5289,Debit Card,1549.96,Successful,"2025-10-19 12:00:00"
1195,5290,PayPal,349.99,Successful,"2025-06-11 12:00:00"
1196,5291,Bank Transfer,1299.99,Successful,"2024-03-11 12:00:00"
1197,5292,Credit Card,1499.98,Successful,"2026-07-19 12:00:00"
1198,5293,Debit Card,559.97,Successful,"2026-03-11 12:00:00"
1199,5294,PayPal,1899.97,Successful,"2025-11-01 12:00:00"
1200,5295,Bank Transfer,2559.97,Pending,"2025-06-24 12:00:00"
1201,5296,Credit Card,4249.97,Successful,"2026-03-24 12:00:00"
1202,5297,Debit Card,4399.95,Successful,"2025-11-14 12:00:00"
1203,5298,PayPal,4149.96,Successful,"2025-07-07 12:00:00"
1204,5299,Bank Transfer,6449.95,Successful,"2025-02-27 12:00:00"
1205,5300,Credit Card,899.99,Successful,"2024-10-20 12:00:00"
1206,5301,Debit Card,899.99,Successful,"2026-04-06 12:00:00"
1207,5302,PayPal,69.98,Successful,"2025-11-27 12:00:00"
1208,5303,Bank Transfer,109.97,Successful,"2025-07-20 12:00:00"
1209,5304,Credit Card,449.97,Successful,"2025-03-12 12:00:00"
1210,5305,Debit Card,479.97,Pending,"2024-11-02 12:00:00"
1211,5306,PayPal,219.97,Successful,"2026-04-19 12:00:00"
1212,5307,Bank Transfer,439.96,Successful,"2025-12-10 12:00:00"
1213,5308,Credit Card,359.96,Successful,"2025-08-02 12:00:00"
1214,5309,Debit Card,609.93,Successful,"2025-03-25 12:00:00"
1215,5310,PayPal,79.99,Successful,"2024-11-15 12:00:00"
1216,5311,Bank Transfer,89.99,Successful,"2026-05-02 12:00:00"
1217,5312,Credit Card,319.97,Successful,"2025-12-23 12:00:00"
1218,5313,Debit Card,349.98,Successful,"2025-08-15 12:00:00"
1219,5314,PayPal,379.98,Successful,"2025-04-07 12:00:00"
1220,5315,Bank Transfer,549.97,Successful,"2024-11-28 12:00:00"
1221,5316,Credit Card,1149.98,Successful,"2026-05-15 12:00:00"
1222,5317,Debit Card,1499.97,Successful,"2026-01-05 12:00:00"
1223,5318,PayPal,2749.96,Successful,"2025-08-28 12:00:00"
1224,5319,Bank Transfer,4349.95,Successful,"2025-04-20 12:00:00"
1225,5320,Credit Card,299.99,Successful,"2024-12-11 12:00:00"
1226,5321,Debit Card,1199.98,Successful,"2026-05-28 12:00:00"
1227,5322,PayPal,689.97,Successful,"2026-01-18 12:00:00"
1228,5323,Bank Transfer,2449.98,Successful,"2025-09-10 12:00:00"
1229,5324,Credit Card,3099.97,Successful,"2025-05-03 12:00:00"
1230,5325,Debit Card,3499.97,Successful,"2024-12-24 12:00:00"
1231,5326,PayPal,2199.98,Successful,"2026-06-10 12:00:00"
1232,5327,Bank Transfer,4399.95,Successful,"2026-01-31 12:00:00"
1233,5328,Credit Card,4149.96,Successful,"2025-09-23 12:00:00"
1234,5329,Debit Card,2309.94,Successful,"2025-05-16 12:00:00"
1235,5330,PayPal,69.99,Successful,"2025-01-06 12:00:00"
1236,5331,Bank Transfer,399.98,Successful,"2026-06-23 12:00:00"
1237,5332,Credit Card,479.97,Pending,"2026-02-13 12:00:00"
1238,5333,Debit Card,219.97,Successful,"2025-10-06 12:00:00"
1239,5334,PayPal,339.97,Successful,"2025-05-29 12:00:00"
1240,5335,Bank Transfer,279.97,Successful,"2025-01-19 12:00:00"
1241,5336,Credit Card,129.97,Successful,"2026-07-06 12:00:00"
1242,5337,Debit Card,349.96,Successful,"2026-02-26 12:00:00"
1243,5338,PayPal,304.95,Successful,"2025-10-19 12:00:00"
1244,5339,Bank Transfer,614.93,Successful,"2025-06-11 12:00:00"
1245,5340,Credit Card,119.99,Successful,"2025-02-01 12:00:00"
1246,5341,Debit Card,299.99,Failed,"2026-07-19 12:00:00"
1247,5342,PayPal,399.98,Failed,"2026-03-11 12:00:00"
1248,5343,Bank Transfer,1399.97,Failed,"2025-11-01 12:00:00"
1249,5344,Credit Card,1049.98,Failed,"2025-06-24 12:00:00"
1250,5345,Debit Card,1849.98,Failed,"2025-02-14 12:00:00"
1251,5346,PayPal,2499.97,Successful,"2025-11-14 12:00:00"
1252,5347,Bank Transfer,1229.96,Successful,"2025-07-07 12:00:00"
1253,5348,Credit Card,2299.96,Successful,"2025-02-27 12:00:00"
1254,5349,Debit Card,2319.94,Successful,"2024-10-20 12:00:00"
1255,5350,PayPal,1299.98,Successful,"2024-06-12 12:00:00"
1256,5351,Bank Transfer,899.99,Successful,"2025-11-27 12:00:00"
1257,5352,Credit Card,2199.98,Successful,"2025-07-20 12:00:00"
1258,5353,Debit Card,2199.98,Successful,"2025-03-12 12:00:00"
1259,5354,PayPal,3099.97,Pending,"2024-11-02 12:00:00"
1260,5355,Bank Transfer,3499.97,Successful,"2024-06-25 12:00:00"
1261,5356,Credit Card,109.96,Successful,"2025-12-10 12:00:00"
1262,5357,Debit Card,289.95,Successful,"2025-08-02 12:00:00"
1263,5358,PayPal,589.95,Successful,"2025-03-25 12:00:00"
1264,5359,Bank Transfer,729.95,Successful,"2024-11-15 12:00:00"
1265,5360,Credit Card,99.99,Successful,"2024-07-08 12:00:00"
1266,5361,Debit Card,159.98,Successful,"2025-12-23 12:00:00"
1267,5362,PayPal,279.97,Successful,"2025-08-15 12:00:00"
1268,5363,Bank Transfer,99.98,Successful,"2025-04-07 12:00:00"
1269,5364,Credit Card,279.97,Successful,"2024-11-28 12:00:00"
1270,5365,Debit Card,199.97,Successful,"2024-07-21 12:00:00"
1271,5366,PayPal,219.98,Successful,"2026-01-05 12:00:00"
1272,5367,Bank Transfer,899.93,Successful,"2025-08-28 12:00:00"
1273,5368,Credit Card,619.96,Successful,"2025-04-20 12:00:00"
1274,5369,Debit Card,1079.95,Successful,"2024-12-11 12:00:00"
1275,5370,PayPal,899.99,Successful,"2024-08-03 12:00:00"
1276,5371,Bank Transfer,699.99,Successful,"2026-01-18 12:00:00"
1277,5372,Credit Card,1849.98,Successful,"2025-09-10 12:00:00"
1278,5373,Debit Card,1499.98,Successful,"2025-05-03 12:00:00"
1279,5374,PayPal,729.97,Successful,"2024-12-24 12:00:00"
1280,5375,Bank Transfer,1999.97,Successful,"2024-08-16 12:00:00"
1281,5376,Credit Card,839.97,Successful,"2026-01-31 12:00:00"
1282,5377,Debit Card,5299.96,Successful,"2025-09-23 12:00:00"
1283,5378,PayPal,4149.96,Successful,"2025-05-16 12:00:00"
1284,5379,Bank Transfer,6449.95,Successful,"2025-01-06 12:00:00"
1285,5380,Credit Card,899.99,Successful,"2024-08-29 12:00:00"
1286,5381,Debit Card,899.99,Pending,"2026-02-13 12:00:00"
1287,5382,PayPal,2199.98,Successful,"2025-10-06 12:00:00"
1288,5383,Bank Transfer,89.97,Successful,"2025-05-29 12:00:00"
1289,5384,Credit Card,229.96,Successful,"2025-01-19 12:00:00"
1290,5385,Debit Card,249.98,Successful,"2024-09-11 12:00:00"
1291,5386,PayPal,599.96,Successful,"2026-02-26 12:00:00"
1292,5387,Bank Transfer,399.96,Successful,"2025-10-19 12:00:00"
1293,5388,Credit Card,639.95,Successful,"2025-06-11 12:00:00"
1294,5389,Debit Card,739.94,Successful,"2025-02-01 12:00:00"
1295,5390,PayPal,69.99,Successful,"2024-09-24 12:00:00"
1296,5391,Bank Transfer,79.99,Successful,"2026-03-11 12:00:00"
1297,5392,Credit Card,199.97,Successful,"2025-11-01 12:00:00"
1298,5393,Debit Card,219.98,Pending,"2025-06-24 12:00:00"
1299,5394,PayPal,819.95,Successful,"2025-02-14 12:00:00"
1300,5395,Bank Transfer,679.97,Successful,"2024-10-07 12:00:00"
1301,5396,Credit Card,399.98,Successful,"2025-07-07 12:00:00"
1302,5397,Debit Card,1649.96,Successful,"2025-02-27 12:00:00"
1303,5398,PayPal,2049.97,Successful,"2024-10-20 12:00:00"
1304,5399,Bank Transfer,3249.95,Successful,"2024-06-12 12:00:00"
1305,5400,Credit Card,499.99,Successful,"2024-02-03 12:00:00"
1306,5401,Debit Card,299.99,Successful,"2025-07-20 12:00:00"
1307,5402,PayPal,1999.97,Successful,"2025-03-12 12:00:00"
1308,5403,Bank Transfer,839.97,Pending,"2024-11-02 12:00:00"
1309,5404,Credit Card,2849.98,Successful,"2024-06-25 12:00:00"
1310,5405,Debit Card,3499.97,Successful,"2024-02-16 12:00:00"
1311,5406,PayPal,2199.98,Successful,"2025-08-02 12:00:00"
1312,5407,Bank Transfer,4399.95,Successful,"2025-03-25 12:00:00"
1313,5408,Credit Card,4149.96,Successful,"2024-11-15 12:00:00"
1314,5409,Debit Card,6449.95,Successful,"2024-07-08 12:00:00"
1315,5410,PayPal,39.98,Successful,"2024-02-29 12:00:00"
1316,5411,Bank Transfer,139.98,Successful,"2025-08-15 12:00:00"
1317,5412,Credit Card,249.98,Successful,"2025-04-07 12:00:00"
1318,5413,Debit Card,419.97,Successful,"2024-11-28 12:00:00"
1319,5414,PayPal,319.96,Successful,"2024-07-21 12:00:00"
1320,5415,Bank Transfer,439.97,Pending,"2024-03-13 12:00:00"
1321,5416,Credit Card,439.97,Successful,"2025-08-28 12:00:00"
1322,5417,Debit Card,299.97,Successful,"2025-04-20 12:00:00"
1323,5418,PayPal,319.96,Successful,"2024-12-11 12:00:00"
1324,5419,Bank Transfer,514.94,Successful,"2024-08-03 12:00:00"
1325,5420,Credit Card,99.99,Successful,"2024-03-26 12:00:00"
1326,5421,Debit Card,239.98,Successful,"2025-09-10 12:00:00"
1327,5422,PayPal,679.97,Successful,"2025-05-03 12:00:00"
1328,5423,Bank Transfer,649.97,Successful,"2024-12-24 12:00:00"
1329,5424,Credit Card,1399.97,Successful,"2024-08-16 12:00:00"
1330,5425,Debit Card,1149.98,Successful,"2024-04-08 12:00:00"
1331,5426,PayPal,1849.98,Successful,"2025-09-23 12:00:00"
1332,5427,Bank Transfer,4099.96,Successful,"2025-05-16 12:00:00"
1333,5428,Credit Card,1429.96,Successful,"2025-01-06 12:00:00"
1334,5429,Debit Card,1859.95,Successful,"2024-08-29 12:00:00"
1335,5430,PayPal,179.99,Successful,"2024-04-21 12:00:00"
1336,5431,Bank Transfer,649.99,Successful,"2025-10-06 12:00:00"
1337,5432,Credit Card,2199.98,Successful,"2025-05-29 12:00:00"
1338,5433,Debit Card,2199.98,Successful,"2025-01-19 12:00:00"
1339,5434,PayPal,3099.97,Successful,"2024-09-11 12:00:00"
1340,5435,Bank Transfer,3499.97,Successful,"2024-05-04 12:00:00"
1341,5436,Credit Card,2199.98,Successful,"2025-10-19 12:00:00"
1342,5437,Debit Card,1969.94,Successful,"2025-06-11 12:00:00"
1343,5438,PayPal,339.94,Successful,"2025-02-01 12:00:00"
1344,5439,Bank Transfer,379.94,Successful,"2024-09-24 12:00:00"
1345,5440,Credit Card,179.99,Successful,"2024-05-17 12:00:00"
1346,5441,Debit Card,199.98,Failed,"2025-11-01 12:00:00"
1347,5442,PayPal,439.97,Failed,"2025-06-24 12:00:00"
1348,5443,Bank Transfer,439.97,Failed,"2025-02-14 12:00:00"
1349,5444,Credit Card,239.96,Failed,"2024-10-07 12:00:00"
1350,5445,Debit Card,179.98,Failed,"2024-05-30 12:00:00"
1351,5446,PayPal,174.98,Successful,"2025-02-27 12:00:00"
1352,5447,Bank Transfer,214.97,Successful,"2024-10-20 12:00:00"
1353,5448,Credit Card,739.95,Successful,"2024-06-12 12:00:00"
1354,5449,Debit Card,1029.95,Successful,"2024-02-03 12:00:00"
1355,5450,PayPal,499.98,Successful,"2026-06-12 12:00:00"
1356,5451,Bank Transfer,899.99,Successful,"2025-03-12 12:00:00"
1357,5452,Credit Card,1149.98,Pending,"2024-11-02 12:00:00"
1358,5453,Debit Card,899.98,Successful,"2024-06-25 12:00:00"
1359,5454,PayPal,1499.98,Successful,"2024-02-16 12:00:00"
1360,5455,Bank Transfer,429.98,Successful,"2026-06-25 12:00:00"
1361,5456,Credit Card,1299.98,Successful,"2025-03-25 12:00:00"
1362,5457,Debit Card,1709.96,Successful,"2024-11-15 12:00:00"
1363,5458,PayPal,5409.95,Successful,"2024-07-08 12:00:00"
1364,5459,Bank Transfer,6449.95,Successful,"2024-02-29 12:00:00"
1365,5460,Credit Card,899.99,Successful,"2026-07-08 12:00:00"
1366,5461,Debit Card,899.99,Successful,"2025-04-07 12:00:00"
1367,5462,PayPal,2199.98,Successful,"2024-11-28 12:00:00"
1368,5463,Bank Transfer,2199.98,Successful,"2024-07-21 12:00:00"
1369,5464,Credit Card,119.97,Pending,"2024-03-13 12:00:00"
1370,5465,Debit Card,89.98,Successful,"2026-07-21 12:00:00"
1371,5466,PayPal,349.96,Successful,"2025-04-20 12:00:00"
1372,5467,Bank Transfer,819.95,Successful,"2024-12-11 12:00:00"
1373,5468,Credit Card,439.96,Successful,"2024-08-03 12:00:00"
1374,5469,Debit Card,459.95,Successful,"2024-03-26 12:00:00"
1375,5470,PayPal,399.98,Successful,"2026-08-03 12:00:00"
1376,5471,Bank Transfer,209.97,Successful,"2025-05-03 12:00:00"
1377,5472,Credit Card,339.96,Successful,"2024-12-24 12:00:00"
1378,5473,Debit Card,174.98,Successful,"2024-08-16 12:00:00"
1379,5474,PayPal,189.98,Successful,"2024-04-08 12:00:00"
1380,5475,Bank Transfer,349.98,Successful,"2026-08-16 12:00:00"
1381,5476,Credit Card,759.96,Successful,"2025-05-16 12:00:00"
1382,5477,Debit Card,949.96,Successful,"2025-01-06 12:00:00"
1383,5478,PayPal,1399.97,Successful,"2024-08-29 12:00:00"
1384,5479,Bank Transfer,2299.96,Successful,"2024-04-21 12:00:00"
1385,5480,Credit Card,549.99,Successful,"2026-08-29 12:00:00"
1386,5481,Debit Card,499.99,Successful,"2025-05-29 12:00:00"
1387,5482,PayPal,559.97,Successful,"2025-01-19 12:00:00"
1388,5483,Bank Transfer,1299.98,Successful,"2024-09-11 12:00:00"
1389,5484,Credit Card,509.98,Successful,"2024-05-04 12:00:00"
1390,5485,Debit Card,2849.98,Successful,"2026-09-11 12:00:00"
1391,5486,PayPal,1949.98,Successful,"2025-06-11 12:00:00"
1392,5487,Bank Transfer,4399.95,Successful,"2025-02-01 12:00:00"
1393,5488,Credit Card,4149.96,Successful,"2024-09-24 12:00:00"
1394,5489,Debit Card,6449.95,Successful,"2024-05-17 12:00:00"
1395,5490,PayPal,899.99,Successful,"2024-01-08 12:00:00"
1396,5491,Bank Transfer,19.99,Pending,"2025-06-24 12:00:00"
1397,5492,Credit Card,89.98,Successful,"2025-02-14 12:00:00"
1398,5493,Debit Card,349.96,Successful,"2024-10-07 12:00:00"
1399,5494,PayPal,299.98,Successful,"2024-05-30 12:00:00"
1400,5495,Bank Transfer,259.97,Successful,"2024-01-21 12:00:00"
1401,5496,Credit Card,279.98,Successful,"2024-10-20 12:00:00"
1402,5497,Debit Card,399.96,Successful,"2024-06-12 12:00:00"
1403,5498,PayPal,369.96,Successful,"2024-02-03 12:00:00"
1404,5499,Bank Transfer,469.93,Successful,"2026-06-12 12:00:00"
1405,5500,Credit Card,24.99,Successful,"2026-02-02 12:00:00"
1406,5501,Debit Card,99.99,Pending,"2024-11-02 12:00:00"
1407,5502,PayPal,159.98,Successful,"2024-06-25 12:00:00"
1408,5503,Bank Transfer,459.97,Successful,"2024-02-16 12:00:00"
1409,5504,Credit Card,799.96,Successful,"2026-06-25 12:00:00"
1410,5505,Debit Card,2049.97,Successful,"2026-02-15 12:00:00"
1411,5506,PayPal,1149.98,Successful,"2024-11-15 12:00:00"
1412,5507,Bank Transfer,1599.97,Successful,"2024-07-08 12:00:00"
1413,5508,Credit Card,3299.96,Successful,"2024-02-29 12:00:00"
1414,5509,Debit Card,3059.94,Successful,"2026-07-08 12:00:00"
1415,5510,PayPal,1199.98,Successful,"2026-02-28 12:00:00"
1416,5511,Bank Transfer,179.99,Successful,"2024-11-28 12:00:00"
1417,5512,Credit Card,2849.98,Successful,"2024-07-21 12:00:00"
1418,5513,Debit Card,1949.98,Pending,"2024-03-13 12:00:00"
1419,5514,PayPal,3099.97,Successful,"2026-07-21 12:00:00"
1420,5515,Bank Transfer,3499.97,Successful,"2026-03-13 12:00:00"
1421,5516,Credit Card,2199.98,Successful,"2024-12-11 12:00:00"
1422,5517,Debit Card,4399.95,Successful,"2024-08-03 12:00:00"
1423,5518,PayPal,3549.96,Successful,"2024-03-26 12:00:00"
1424,5519,Bank Transfer,299.93,Successful,"2026-08-03 12:00:00"
1425,5520,Credit Card,199.99,Successful,"2026-03-26 12:00:00"
1426,5521,Debit Card,179.99,Successful,"2024-12-24 12:00:00"
1427,5522,PayPal,159.98,Successful,"2024-08-16 12:00:00"
1428,5523,Bank Transfer,279.98,Successful,"2024-04-08 12:00:00"
1429,5524,Credit Card,239.98,Successful,"2026-08-16 12:00:00"
1430,5525,Debit Card,229.95,Pending,"2026-04-08 12:00:00"
1431,5526,PayPal,259.97,Successful,"2025-01-06 12:00:00"
1432,5527,Bank Transfer,554.95,Successful,"2024-08-29 12:00:00"
1433,5528,Credit Card,464.93,Successful,"2024-04-21 12:00:00"
1434,5529,Debit Card,629.93,Successful,"2026-08-29 12:00:00"
1435,5530,PayPal,299.99,Successful,"2026-04-21 12:00:00"
1436,5531,Bank Transfer,249.99,Successful,"2025-01-19 12:00:00"
1437,5532,Credit Card,2049.97,Successful,"2024-09-11 12:00:00"
1438,5533,Debit Card,1849.97,Successful,"2024-05-04 12:00:00"
1439,5534,PayPal,899.98,Successful,"2026-09-11 12:00:00"
1440,5535,Bank Transfer,2299.98,Successful,"2026-05-04 12:00:00"
1441,5536,Credit Card,559.97,Successful,"2025-02-01 12:00:00"
1442,5537,Debit Card,2499.95,Successful,"2024-09-24 12:00:00"
1443,5538,PayPal,1289.96,Successful,"2024-05-17 12:00:00"
1444,5539,Bank Transfer,3869.94,Successful,"2024-01-08 12:00:00"
1445,5540,Credit Card,1299.99,Successful,"2026-05-17 12:00:00"
1446,5541,Debit Card,899.99,Failed,"2025-02-14 12:00:00"
1447,5542,PayPal,2199.98,Failed,"2024-10-07 12:00:00"
1448,5543,Bank Transfer,2199.98,Failed,"2024-05-30 12:00:00"
1449,5544,Credit Card,3099.97,Failed,"2024-01-21 12:00:00"
1450,5545,Debit Card,949.98,Failed,"2026-05-30 12:00:00"
1451,5546,PayPal,129.96,Successful,"2024-06-12 12:00:00"
1452,5547,Bank Transfer,709.93,Successful,"2024-02-03 12:00:00"
1453,5548,Credit Card,699.96,Successful,"2026-06-12 12:00:00"
1454,5549,Debit Card,639.95,Successful,"2026-02-02 12:00:00"
1455,5550,PayPal,179.99,Successful,"2025-09-25 12:00:00"
1456,5551,Bank Transfer,199.99,Successful,"2024-06-25 12:00:00"
1457,5552,Credit Card,159.96,Successful,"2024-02-16 12:00:00"
1458,5553,Debit Card,459.95,Successful,"2026-06-25 12:00:00"
1459,5554,PayPal,324.97,Successful,"2026-02-15 12:00:00"
1460,5555,Bank Transfer,389.96,Successful,"2025-10-08 12:00:00"
1461,5556,Credit Card,239.96,Successful,"2024-07-08 12:00:00"
1462,5557,Debit Card,819.94,Successful,"2024-02-29 12:00:00"
1463,5558,PayPal,849.96,Successful,"2026-07-08 12:00:00"
1464,5559,Bank Transfer,1549.96,Successful,"2026-02-28 12:00:00"
1465,5560,Credit Card,1399.98,Successful,"2025-10-21 12:00:00"
1466,5561,Debit Card,1099.98,Successful,"2024-07-21 12:00:00"
1467,5562,PayPal,2299.98,Pending,"2024-03-13 12:00:00"
1468,5563,Bank Transfer,559.97,Successful,"2026-07-21 12:00:00"
1469,5564,Credit Card,1899.97,Successful,"2026-03-13 12:00:00"
1470,5565,Debit Card,689.97,Successful,"2025-11-03 12:00:00"
1471,5566,PayPal,2849.98,Successful,"2024-08-03 12:00:00"
1472,5567,Bank Transfer,4399.96,Successful,"2024-03-26 12:00:00"
1473,5568,Credit Card,4149.96,Successful,"2026-08-03 12:00:00"
1474,5569,Debit Card,6449.95,Successful,"2026-03-26 12:00:00"
1475,5570,PayPal,899.99,Successful,"2025-11-16 12:00:00"
1476,5571,Bank Transfer,899.99,Successful,"2024-08-16 12:00:00"
1477,5572,Credit Card,949.98,Successful,"2024-04-08 12:00:00"
1478,5573,Debit Card,109.97,Successful,"2026-08-16 12:00:00"
1479,5574,PayPal,449.97,Pending,"2026-04-08 12:00:00"
1480,5575,Bank Transfer,479.97,Successful,"2025-11-29 12:00:00"
1481,5576,Credit Card,159.98,Successful,"2024-08-29 12:00:00"
1482,5577,Debit Card,339.97,Successful,"2024-04-21 12:00:00"
1483,5578,PayPal,639.96,Successful,"2026-08-29 12:00:00"
1484,5579,Bank Transfer,609.93,Successful,"2026-04-21 12:00:00"
1485,5580,Credit Card,79.99,Successful,"2025-12-12 12:00:00"
1486,5581,Debit Card,74.97,Successful,"2024-09-11 12:00:00"
1487,5582,PayPal,289.97,Successful,"2024-05-04 12:00:00"
1488,5583,Bank Transfer,239.96,Successful,"2026-09-11 12:00:00"
1489,5584,Credit Card,439.96,Successful,"2026-05-04 12:00:00"
1490,5585,Debit Card,549.97,Successful,"2025-12-25 12:00:00"
1491,5586,PayPal,1149.98,Successful,"2024-09-24 12:00:00"
1492,5587,Bank Transfer,2049.97,Successful,"2024-05-17 12:00:00"
1493,5588,Credit Card,2149.96,Successful,"2024-01-08 12:00:00"
1494,5589,Debit Card,4549.94,Successful,"2026-05-17 12:00:00"
1495,5590,PayPal,299.99,Successful,"2026-01-07 12:00:00"
1496,5591,Bank Transfer,1199.98,Successful,"2024-10-07 12:00:00"
1497,5592,Credit Card,689.97,Successful,"2024-05-30 12:00:00"
1498,5593,Debit Card,2849.98,Successful,"2024-01-21 12:00:00"
1499,5594,PayPal,1949.98,Successful,"2026-05-30 12:00:00"
1500,5595,Bank Transfer,3499.97,Successful,"2026-01-20 12:00:00"
1501,5596,Credit Card,2199.98,Successful,"2025-10-15 12:00:00"
1502,5597,Debit Card,4399.95,Successful,"2025-06-07 12:00:00"
1503,5598,PayPal,4149.96,Successful,"2025-01-28 12:00:00"
1504,5599,Bank Transfer,2899.96,Successful,"2024-09-20 12:00:00"
1505,5600,Credit Card,39.98,Successful,"2024-05-13 12:00:00"
1506,5601,Debit Card,399.98,Pending,"2025-10-28 12:00:00"
1507,5602,PayPal,479.97,Successful,"2025-06-20 12:00:00"
1508,5603,Bank Transfer,219.97,Successful,"2025-02-10 12:00:00"
1509,5604,Credit Card,379.97,Successful,"2024-10-03 12:00:00"
1510,5605,Debit Card,279.98,Successful,"2024-05-26 12:00:00"
1511,5606,PayPal,129.97,Successful,"2025-11-10 12:00:00"
1512,5607,Bank Transfer,349.96,Successful,"2025-07-03 12:00:00"
1513,5608,Credit Card,304.95,Successful,"2025-02-23 12:00:00"
1514,5609,Debit Card,644.93,Successful,"2024-10-16 12:00:00"
1515,5610,PayPal,119.99,Successful,"2024-06-08 12:00:00"
1516,5611,Bank Transfer,79.99,Successful,"2025-11-23 12:00:00"
1517,5612,Credit Card,399.98,Successful,"2025-07-16 12:00:00"
1518,5613,Debit Card,1399.97,Pending,"2025-03-08 12:00:00"
1519,5614,PayPal,1599.97,Successful,"2024-10-29 12:00:00"
1520,5615,Bank Transfer,899.98,Successful,"2024-06-21 12:00:00"
1521,5616,Credit Card,3299.97,Successful,"2025-12-06 12:00:00"
1522,5617,Debit Card,2099.96,Successful,"2025-07-29 12:00:00"
1523,5618,PayPal,2299.96,Successful,"2025-03-21 12:00:00"
1524,5619,Bank Transfer,2319.94,Successful,"2024-11-11 12:00:00"
1525,5620,Credit Card,1299.98,Successful,"2024-07-04 12:00:00"
1526,5621,Debit Card,1299.99,Successful,"2025-12-19 12:00:00"
1527,5622,PayPal,2199.98,Successful,"2025-08-11 12:00:00"
1528,5623,Bank Transfer,2199.98,Successful,"2025-04-03 12:00:00"
1529,5624,Credit Card,3099.97,Successful,"2024-11-24 12:00:00"
1530,5625,Debit Card,3499.97,Pending,"2024-07-17 12:00:00"
1531,5626,PayPal,949.98,Successful,"2026-01-01 12:00:00"
1532,5627,Bank Transfer,229.95,Successful,"2025-08-24 12:00:00"
1533,5628,Credit Card,589.95,Successful,"2025-04-16 12:00:00"
1534,5629,Debit Card,729.95,Successful,"2024-12-07 12:00:00"
1535,5630,PayPal,99.99,Successful,"2024-07-30 12:00:00"
1536,5631,Bank Transfer,359.98,Successful,"2026-01-14 12:00:00"
1537,5632,Credit Card,279.98,Successful,"2025-09-06 12:00:00"
1538,5633,Debit Card,429.97,Successful,"2025-04-29 12:00:00"
1539,5634,PayPal,279.97,Successful,"2024-12-20 12:00:00"
1540,5635,Bank Transfer,199.97,Successful,"2024-08-12 12:00:00"
1541,5636,Credit Card,369.96,Successful,"2026-01-27 12:00:00"
1542,5637,Debit Card,539.94,Successful,"2025-09-19 12:00:00"
1543,5638,PayPal,779.95,Successful,"2025-05-12 12:00:00"
1544,5639,Bank Transfer,1079.95,Successful,"2025-01-02 12:00:00"
1545,5640,Credit Card,899.99,Successful,"2024-08-25 12:00:00"
1546,5641,Debit Card,699.99,Failed,"2026-02-09 12:00:00"
1547,5642,PayPal,1249.97,Failed,"2025-10-02 12:00:00"
1548,5643,Bank Transfer,2299.98,Failed,"2025-05-25 12:00:00"
1549,5644,Credit Card,1099.97,Failed,"2025-01-15 12:00:00"
1550,5645,Debit Card,1999.97,Failed,"2024-09-07 12:00:00"
1551,5646,PayPal,839.97,Successful,"2025-06-07 12:00:00"
1552,5647,Bank Transfer,3679.96,Successful,"2025-01-28 12:00:00"
1553,5648,Credit Card,5049.96,Successful,"2024-09-20 12:00:00"
1554,5649,Debit Card,6449.95,Successful,"2024-05-13 12:00:00"
1555,5650,PayPal,899.99,Successful,"2024-01-04 12:00:00"
1556,5651,Bank Transfer,899.99,Successful,"2025-06-20 12:00:00"
1557,5652,Credit Card,2199.98,Successful,"2025-02-10 12:00:00"
1558,5653,Debit Card,949.98,Successful,"2024-10-03 12:00:00"
1559,5654,PayPal,79.98,Successful,"2024-05-26 12:00:00"
1560,5655,Bank Transfer,249.98,Successful,"2024-01-17 12:00:00"
1561,5656,Credit Card,599.96,Successful,"2025-07-03 12:00:00"
1562,5657,Debit Card,399.96,Successful,"2025-02-23 12:00:00"
1563,5658,PayPal,619.95,Successful,"2024-10-16 12:00:00"
1564,5659,Bank Transfer,759.95,Successful,"2024-06-08 12:00:00"
1565,5660,Credit Card,29.99,Successful,"2024-01-30 12:00:00"
1566,5661,Debit Card,79.99,Successful,"2025-07-16 12:00:00"
1567,5662,PayPal,199.97,Pending,"2025-03-08 12:00:00"
1568,5663,Bank Transfer,279.97,Successful,"2024-10-29 12:00:00"
1569,5664,Credit Card,399.96,Successful,"2024-06-21 12:00:00"
1570,5665,Debit Card,199.98,Successful,"2024-02-12 12:00:00"
1571,5666,PayPal,749.97,Successful,"2025-07-29 12:00:00"
1572,5667,Bank Transfer,1649.96,Successful,"2025-03-21 12:00:00"
1573,5668,Credit Card,2049.97,Successful,"2024-11-11 12:00:00"
1574,5669,Debit Card,2399.95,Successful,"2024-07-04 12:00:00"
1575,5670,PayPal,999.99,Successful,"2024-02-25 12:00:00"
1576,5671,Bank Transfer,299.99,Successful,"2025-08-11 12:00:00"
1577,5672,Credit Card,1999.97,Successful,"2025-04-03 12:00:00"
1578,5673,Debit Card,839.97,Successful,"2024-11-24 12:00:00"
1579,5674,PayPal,2849.98,Pending,"2024-07-17 12:00:00"
1580,5675,Bank Transfer,3249.97,Successful,"2024-03-09 12:00:00"
1581,5676,Credit Card,2199.98,Successful,"2025-08-24 12:00:00"
1582,5677,Debit Card,4399.95,Successful,"2025-04-16 12:00:00"
1583,5678,PayPal,4149.96,Successful,"2024-12-07 12:00:00"
1584,5679,Bank Transfer,6449.95,Successful,"2024-07-30 12:00:00"
1585,5680,Credit Card,149.97,Successful,"2024-03-22 12:00:00"
1586,5681,Debit Card,19.99,Successful,"2025-09-06 12:00:00"
1587,5682,PayPal,119.98,Successful,"2025-04-29 12:00:00"
1588,5683,Bank Transfer,419.97,Successful,"2024-12-20 12:00:00"
1589,5684,Credit Card,319.96,Successful,"2024-08-12 12:00:00"
1590,5685,Debit Card,559.96,Successful,"2024-04-04 12:00:00"
1591,5686,PayPal,479.97,Successful,"2025-09-19 12:00:00"
1592,5687,Bank Transfer,269.97,Successful,"2025-05-12 12:00:00"
1593,5688,Credit Card,319.96,Successful,"2025-01-02 12:00:00"
1594,5689,Debit Card,514.94,Successful,"2024-08-25 12:00:00"
1595,5690,PayPal,99.99,Successful,"2024-04-17 12:00:00"
1596,5691,Bank Transfer,239.98,Successful,"2025-10-02 12:00:00"
1597,5692,Credit Card,199.98,Successful,"2025-05-25 12:00:00"
1598,5693,Debit Card,449.98,Successful,"2025-01-15 12:00:00"
1599,5694,PayPal,1399.97,Successful,"2024-09-07 12:00:00"
1600,5695,Bank Transfer,1149.98,Successful,"2024-04-30 12:00:00"
1601,5696,Credit Card,899.98,Successful,"2025-01-28 12:00:00"
1602,5697,Debit Card,4149.96,Successful,"2024-09-20 12:00:00"
1603,5698,PayPal,2299.96,Successful,"2024-05-13 12:00:00"
1604,5699,Bank Transfer,1759.95,Successful,"2024-01-04 12:00:00"
1605,5700,Credit Card,179.99,Successful,"2026-05-13 12:00:00"
1606,5701,Debit Card,649.99,Successful,"2025-02-10 12:00:00"
1607,5702,PayPal,1949.98,Successful,"2024-10-03 12:00:00"
1608,5703,Bank Transfer,2199.98,Successful,"2024-05-26 12:00:00"
1609,5704,Credit Card,3099.97,Successful,"2024-01-17 12:00:00"
1610,5705,Debit Card,3499.97,Successful,"2026-05-26 12:00:00"
1611,5706,PayPal,2199.98,Successful,"2025-02-23 12:00:00"
1612,5707,Bank Transfer,3249.94,Successful,"2024-10-16 12:00:00"
1613,5708,Credit Card,249.95,Successful,"2024-06-08 12:00:00"
1614,5709,Debit Card,299.93,Successful,"2024-01-30 12:00:00"
1615,5710,PayPal,179.99,Successful,"2026-06-08 12:00:00"
1616,5711,Bank Transfer,199.98,Pending,"2025-03-08 12:00:00"
1617,5712,Credit Card,459.97,Successful,"2024-10-29 12:00:00"
1618,5713,Debit Card,479.97,Successful,"2024-06-21 12:00:00"
1619,5714,PayPal,229.98,Successful,"2024-02-12 12:00:00"
1620,5715,Bank Transfer,239.97,Successful,"2026-06-21 12:00:00"
1621,5716,Credit Card,174.98,Successful,"2025-03-21 12:00:00"
1622,5717,Debit Card,214.97,Successful,"2024-11-11 12:00:00"
1623,5718,PayPal,579.94,Successful,"2024-07-04 12:00:00"
1624,5719,Bank Transfer,469.96,Successful,"2024-02-25 12:00:00"
1625,5720,Credit Card,149.99,Successful,"2026-07-04 12:00:00"
1626,5721,Debit Card,899.99,Successful,"2025-04-03 12:00:00"
1627,5722,PayPal,1149.98,Successful,"2024-11-24 12:00:00"
1628,5723,Bank Transfer,899.98,Pending,"2024-07-17 12:00:00"
1629,5724,Credit Card,2299.98,Successful,"2024-03-09 12:00:00"
1630,5725,Debit Card,1299.97,Successful,"2026-07-17 12:00:00"
1631,5726,PayPal,999.98,Successful,"2025-04-16 12:00:00"
1632,5727,Bank Transfer,1709.96,Successful,"2024-12-07 12:00:00"
1633,5728,Credit Card,5409.95,Successful,"2024-07-30 12:00:00"
1634,5729,Debit Card,7749.95,Successful,"2024-03-22 12:00:00"
1635,5730,PayPal,899.99,Successful,"2026-07-30 12:00:00"
1636,5731,Bank Transfer,899.99,Successful,"2025-04-29 12:00:00"
1637,5732,Credit Card,2199.98,Successful,"2024-12-20 12:00:00"
1638,5733,Debit Card,2199.98,Successful,"2024-08-12 12:00:00"
1639,5734,PayPal,1899.96,Successful,"2024-04-04 12:00:00"
1640,5735,Bank Transfer,199.96,Pending,"2026-08-12 12:00:00"
1641,5736,Credit Card,219.96,Successful,"2025-05-12 12:00:00"
1642,5737,Debit Card,819.95,Successful,"2025-01-02 12:00:00"
1643,5738,PayPal,439.96,Successful,"2024-08-25 12:00:00"
1644,5739,Bank Transfer,459.95,Successful,"2024-04-17 12:00:00"
1645,5740,Credit Card,399.98,Successful,"2026-08-25 12:00:00"
1646,5741,Debit Card,29.99,Failed,"2025-05-25 12:00:00"
1647,5742,PayPal,169.98,Failed,"2025-01-15 12:00:00"
1648,5743,Bank Transfer,174.98,Failed,"2024-09-07 12:00:00"
1649,5744,Credit Card,189.98,Failed,"2024-04-30 12:00:00"
1650,5745,Debit Card,159.98,Failed,"2026-09-07 12:00:00"
1651,5746,PayPal,279.97,Successful,"2024-09-20 12:00:00"
1652,5747,Bank Transfer,609.96,Successful,"2024-05-13 12:00:00"
1653,5748,Credit Card,799.96,Successful,"2024-01-04 12:00:00"
1654,5749,Debit Card,2299.96,Successful,"2026-05-13 12:00:00"
1655,5750,PayPal,549.99,Successful,"2026-01-03 12:00:00"
1656,5751,Bank Transfer,999.99,Successful,"2024-10-03 12:00:00"
1657,5752,Credit Card,799.98,Successful,"2024-05-26 12:00:00"
1658,5753,Debit Card,999.98,Successful,"2024-01-17 12:00:00"
1659,5754,PayPal,509.98,Successful,"2026-05-26 12:00:00"
1660,5755,Bank Transfer,2849.98,Successful,"2026-01-16 12:00:00"
1661,5756,Credit Card,1949.98,Successful,"2024-10-16 12:00:00"
1662,5757,Debit Card,4399.95,Successful,"2024-06-08 12:00:00"
1663,5758,PayPal,4149.96,Successful,"2024-01-30 12:00:00"
1664,5759,Bank Transfer,6449.95,Successful,"2026-06-08 12:00:00"
1665,5760,Credit Card,899.99,Successful,"2026-01-29 12:00:00"
1666,5761,Debit Card,99.98,Successful,"2024-10-29 12:00:00"
1667,5762,PayPal,139.97,Successful,"2024-06-21 12:00:00"
1668,5763,Bank Transfer,219.96,Successful,"2024-02-12 12:00:00"
1669,5764,Credit Card,519.97,Successful,"2026-06-21 12:00:00"
1670,5765,Debit Card,259.97,Successful,"2026-02-11 12:00:00"
1671,5766,PayPal,279.98,Successful,"2024-11-11 12:00:00"
1672,5767,Bank Transfer,539.96,Successful,"2024-07-04 12:00:00"
1673,5768,Credit Card,309.96,Successful,"2024-02-25 12:00:00"
1674,5769,Debit Card,629.94,Successful,"2026-07-04 12:00:00"
1675,5770,PayPal,24.99,Successful,"2026-02-24 12:00:00"
1676,5771,Bank Transfer,99.99,Successful,"2024-11-24 12:00:00"
1677,5772,Credit Card,159.98,Pending,"2024-07-17 12:00:00"
1678,5773,Debit Card,279.97,Successful,"2024-03-09 12:00:00"
1679,5774,PayPal,599.97,Successful,"2026-07-17 12:00:00"
1680,5775,Bank Transfer,499.98,Successful,"2026-03-09 12:00:00"
1681,5776,Credit Card,1149.98,Successful,"2024-12-07 12:00:00"
1682,5777,Debit Card,1599.97,Successful,"2024-07-30 12:00:00"
1683,5778,PayPal,3399.96,Successful,"2024-03-22 12:00:00"
1684,5779,Bank Transfer,4099.95,Successful,"2026-07-30 12:00:00"
1685,5780,Credit Card,699.99,Successful,"2026-03-22 12:00:00"
1686,5781,Debit Card,329.99,Successful,"2024-12-20 12:00:00"
1687,5782,PayPal,2849.98,Successful,"2024-08-12 12:00:00"
1688,5783,Bank Transfer,1949.98,Successful,"2024-04-04 12:00:00"
1689,5784,Credit Card,3099.97,Pending,"2026-08-12 12:00:00"
1690,5785,Debit Card,3499.97,Successful,"2026-04-04 12:00:00"
1691,5786,PayPal,2199.98,Successful,"2025-01-02 12:00:00"
1692,5787,Bank Transfer,4399.95,Successful,"2024-08-25 12:00:00"
1693,5788,Credit Card,3549.96,Successful,"2024-04-17 12:00:00"
1694,5789,Debit Card,1129.93,Successful,"2026-08-25 12:00:00"
1695,5790,PayPal,99.98,Successful,"2026-04-17 12:00:00"
1696,5791,Bank Transfer,119.99,Successful,"2025-01-15 12:00:00"
1697,5792,Credit Card,159.98,Successful,"2024-09-07 12:00:00"
1698,5793,Debit Card,279.98,Successful,"2024-04-30 12:00:00"
1699,5794,PayPal,359.97,Successful,"2026-09-07 12:00:00"
1700,5795,Bank Transfer,289.96,Successful,"2026-04-30 12:00:00"
1701,5796,Credit Card,169.98,Successful,"2024-05-13 12:00:00"
1702,5797,Debit Card,304.96,Successful,"2024-01-04 12:00:00"
1703,5798,PayPal,464.93,Successful,"2026-05-13 12:00:00"
1704,5799,Bank Transfer,629.93,Successful,"2026-01-03 12:00:00"
1705,5800,Credit Card,159.98,Successful,"2025-08-26 12:00:00"
1706,5801,Debit Card,299.98,Successful,"2024-05-26 12:00:00"
1707,5802,PayPal,499.98,Successful,"2024-01-17 12:00:00"
1708,5803,Bank Transfer,1849.97,Successful,"2026-05-26 12:00:00"
1709,5804,Credit Card,899.98,Successful,"2026-01-16 12:00:00"
1710,5805,Debit Card,2299.98,Successful,"2025-09-08 12:00:00"
1711,5806,PayPal,799.98,Successful,"2024-06-08 12:00:00"
1712,5807,Bank Transfer,1429.96,Successful,"2024-01-30 12:00:00"
1713,5808,Credit Card,2329.96,Successful,"2026-06-08 12:00:00"
1714,5809,Debit Card,3869.94,Successful,"2026-01-29 12:00:00"
1715,5810,PayPal,1299.99,Successful,"2025-09-21 12:00:00"
1716,5811,Bank Transfer,899.99,Successful,"2024-06-21 12:00:00"
1717,5812,Credit Card,2199.98,Successful,"2024-02-12 12:00:00"
1718,5813,Debit Card,2199.98,Successful,"2026-06-21 12:00:00"
1719,5814,PayPal,3099.97,Successful,"2026-02-11 12:00:00"
1720,5815,Bank Transfer,949.98,Successful,"2025-10-04 12:00:00"
1721,5816,Credit Card,119.96,Successful,"2024-07-04 12:00:00"
1722,5817,Debit Card,329.94,Successful,"2024-02-25 12:00:00"
1723,5818,PayPal,569.96,Successful,"2026-07-04 12:00:00"
1724,5819,Bank Transfer,639.95,Successful,"2026-02-24 12:00:00"
1725,5820,Credit Card,179.99,Successful,"2025-10-17 12:00:00"
1726,5821,Debit Card,199.99,Pending,"2024-07-17 12:00:00"
1727,5822,PayPal,289.96,Successful,"2024-03-09 12:00:00"
1728,5823,Bank Transfer,369.96,Successful,"2026-07-17 12:00:00"
1729,5824,Credit Card,104.98,Successful,"2026-03-09 12:00:00"
1730,5825,Debit Card,389.96,Successful,"2025-10-30 12:00:00"
1731,5826,PayPal,239.96,Successful,"2024-07-30 12:00:00"
1732,5827,Bank Transfer,979.93,Successful,"2024-03-22 12:00:00"
1733,5828,Credit Card,679.96,Successful,"2026-07-30 12:00:00"
1734,5829,Debit Card,1249.95,Successful,"2026-03-22 12:00:00"
1735,5830,PayPal,449.99,Successful,"2025-11-12 12:00:00"
1736,5831,Bank Transfer,1099.98,Successful,"2024-08-12 12:00:00"
1737,5832,Credit Card,2299.98,Successful,"2024-04-04 12:00:00"
1738,5833,Debit Card,799.98,Pending,"2026-08-12 12:00:00"
1739,5834,PayPal,1299.97,Successful,"2026-04-04 12:00:00"
1740,5835,Bank Transfer,929.98,Successful,"2025-11-25 12:00:00"
1741,5836,Credit Card,2849.98,Successful,"2024-08-25 12:00:00"
1742,5837,Debit Card,4399.96,Successful,"2024-04-17 12:00:00"
1743,5838,PayPal,4149.96,Successful,"2026-08-25 12:00:00"
1744,5839,Bank Transfer,6449.95,Successful,"2026-04-17 12:00:00"
1745,5840,Credit Card,899.99,Successful,"2025-12-08 12:00:00"
1746,5841,Debit Card,899.99,Failed,"2024-09-07 12:00:00"
1747,5842,PayPal,949.98,Failed,"2024-04-30 12:00:00"
1748,5843,Bank Transfer,99.97,Failed,"2026-09-07 12:00:00"
1749,5844,Credit Card,259.96,Failed,"2026-04-30 12:00:00"
1750,5845,Debit Card,319.98,Failed,"2025-12-21 12:00:00"
1751,5846,PayPal,459.97,Successful,"2024-01-04 12:00:00"
1752,5847,Bank Transfer,339.97,Successful,"2026-05-13 12:00:00"
1753,5848,Credit Card,639.96,Successful,"2026-01-03 12:00:00"
1754,5849,Debit Card,619.93,Successful,"2025-08-26 12:00:00"
1755,5850,PayPal,299.97,Successful,"2025-04-18 12:00:00"
1756,5851,Bank Transfer,74.97,Successful,"2024-01-17 12:00:00"
1757,5852,Credit Card,289.97,Successful,"2026-05-26 12:00:00"
1758,5853,Debit Card,239.96,Successful,"2026-01-16 12:00:00"
1759,5854,PayPal,439.96,Successful,"2025-09-08 12:00:00"
1760,5855,Bank Transfer,899.96,Pending,"2025-05-01 12:00:00"
1761,5856,Credit Card,749.97,Successful,"2024-01-30 12:00:00"
1762,5857,Debit Card,1849.96,Successful,"2026-06-08 12:00:00"
1763,5858,PayPal,2149.96,Successful,"2026-01-29 12:00:00"
1764,5859,Bank Transfer,4549.94,Successful,"2025-09-21 12:00:00"
1765,5860,Credit Card,299.99,Successful,"2025-05-14 12:00:00"
1766,5861,Debit Card,1399.98,Successful,"2024-02-12 12:00:00"
1767,5862,PayPal,929.98,Successful,"2026-06-21 12:00:00"
1768,5863,Bank Transfer,2379.98,Successful,"2026-02-11 12:00:00"
1769,5864,Credit Card,1949.98,Successful,"2025-10-04 12:00:00"
1770,5865,Debit Card,3499.97,Successful,"2025-05-27 12:00:00"
1771,5866,PayPal,2199.98,Successful,"2024-02-25 12:00:00"
1772,5867,Bank Transfer,4399.95,Successful,"2026-07-04 12:00:00"
1773,5868,Credit Card,4149.96,Successful,"2026-02-24 12:00:00"
1774,5869,Debit Card,2899.96,Successful,"2025-10-17 12:00:00"
1775,5870,PayPal,39.98,Successful,"2025-06-09 12:00:00"
1776,5871,Bank Transfer,49.99,Successful,"2024-03-09 12:00:00"
1777,5872,Credit Card,319.98,Successful,"2026-07-17 12:00:00"
1778,5873,Debit Card,279.98,Successful,"2026-03-09 12:00:00"
1779,5874,PayPal,379.97,Successful,"2025-10-30 12:00:00"
1780,5875,Bank Transfer,279.98,Successful,"2025-06-22 12:00:00"
1781,5876,Credit Card,459.96,Successful,"2024-03-22 12:00:00"
1782,5877,Debit Card,299.96,Successful,"2026-07-30 12:00:00"
1783,5878,PayPal,254.95,Successful,"2026-03-22 12:00:00"
1784,5879,Bank Transfer,684.92,Successful,"2025-11-12 12:00:00"
1785,5880,Credit Card,119.99,Successful,"2025-07-05 12:00:00"
1786,5881,Debit Card,79.99,Successful,"2024-04-04 12:00:00"
1787,5882,PayPal,749.97,Pending,"2026-08-12 12:00:00"
1788,5883,Bank Transfer,999.96,Successful,"2026-04-04 12:00:00"
1789,5884,Credit Card,1799.97,Successful,"2025-11-25 12:00:00"
1790,5885,Debit Card,899.98,Successful,"2025-07-18 12:00:00"
1791,5886,PayPal,3299.97,Successful,"2024-04-17 12:00:00"
1792,5887,Bank Transfer,2099.96,Successful,"2026-08-25 12:00:00"
1793,5888,Credit Card,1829.96,Successful,"2026-04-17 12:00:00"
1794,5889,Debit Card,2259.95,Successful,"2025-12-08 12:00:00"
1795,5890,PayPal,2199.99,Successful,"2025-07-31 12:00:00"
1796,5891,Bank Transfer,1299.99,Successful,"2024-04-30 12:00:00"
1797,5892,Credit Card,2199.98,Successful,"2026-09-07 12:00:00"
1798,5893,Debit Card,2199.98,Successful,"2026-04-30 12:00:00"
1799,5894,PayPal,3099.97,Pending,"2025-12-21 12:00:00"
1800,5895,Bank Transfer,3499.97,Successful,"2025-08-13 12:00:00"
1801,5896,Credit Card,949.98,Successful,"2026-05-13 12:00:00"
1802,5897,Debit Card,229.95,Successful,"2026-01-03 12:00:00"
1803,5898,PayPal,209.96,Successful,"2025-08-26 12:00:00"
1804,5899,Bank Transfer,439.96,Successful,"2025-04-18 12:00:00"
1805,5900,Credit Card,99.99,Successful,"2024-12-09 12:00:00"
1806,5901,Debit Card,359.98,Successful,"2026-05-26 12:00:00"
1807,5902,PayPal,279.98,Successful,"2026-01-16 12:00:00"
1808,5903,Bank Transfer,429.97,Successful,"2025-09-08 12:00:00"
1809,5904,Credit Card,409.95,Pending,"2025-05-01 12:00:00"
1810,5905,Debit Card,129.97,Successful,"2024-12-22 12:00:00"
1811,5906,PayPal,294.96,Successful,"2026-06-08 12:00:00"
1812,5907,Bank Transfer,539.94,Successful,"2026-01-29 12:00:00"
1813,5908,Credit Card,779.95,Successful,"2025-09-21 12:00:00"
1814,5909,Debit Card,949.95,Successful,"2025-05-14 12:00:00"
1815,5910,PayPal,499.98,Successful,"2025-01-04 12:00:00"
1816,5911,Bank Transfer,899.98,Successful,"2026-06-21 12:00:00"
1817,5912,Credit Card,1399.97,Successful,"2026-02-11 12:00:00"
1818,5913,Debit Card,2299.98,Successful,"2025-10-04 12:00:00"
1819,5914,PayPal,1099.97,Successful,"2025-05-27 12:00:00"
1820,5915,Bank Transfer,1699.97,Successful,"2025-01-17 12:00:00"
1821,5916,Credit Card,1259.97,Successful,"2026-07-04 12:00:00"
1822,5917,Debit Card,2709.97,Successful,"2026-02-24 12:00:00"
1823,5918,PayPal,5049.96,Successful,"2025-10-17 12:00:00"
1824,5919,Bank Transfer,6449.95,Successful,"2025-06-09 12:00:00"
1825,5920,Credit Card,899.99,Successful,"2025-01-30 12:00:00"
1826,5921,Debit Card,899.99,Successful,"2026-07-17 12:00:00"
1827,5922,PayPal,2199.98,Successful,"2026-03-09 12:00:00"
1828,5923,Bank Transfer,949.98,Successful,"2025-10-30 12:00:00"
1829,5924,Credit Card,79.98,Successful,"2025-06-22 12:00:00"
1830,5925,Debit Card,119.98,Successful,"2025-02-12 12:00:00"
1831,5926,PayPal,439.97,Successful,"2026-07-30 12:00:00"
1832,5927,Bank Transfer,519.96,Successful,"2026-03-22 12:00:00"
1833,5928,Credit Card,319.96,Successful,"2025-11-12 12:00:00"
1834,5929,Debit Card,759.95,Successful,"2025-07-05 12:00:00"
1835,5930,PayPal,29.99,Successful,"2025-02-25 12:00:00"
1836,5931,Bank Transfer,99.99,Pending,"2026-08-12 12:00:00"
1837,5932,Credit Card,289.95,Successful,"2026-04-04 12:00:00"
1838,5933,Debit Card,204.97,Successful,"2025-11-25 12:00:00"
1839,5934,PayPal,399.96,Successful,"2025-07-18 12:00:00"
1840,5935,Bank Transfer,199.98,Successful,"2025-03-10 12:00:00"
1841,5936,Credit Card,749.97,Successful,"2026-08-25 12:00:00"
1842,5937,Debit Card,899.96,Successful,"2026-04-17 12:00:00"
1843,5938,PayPal,1599.97,Successful,"2025-12-08 12:00:00"
1844,5939,Bank Transfer,2749.95,Successful,"2025-07-31 12:00:00"
1845,5940,Credit Card,999.99,Successful,"2025-03-23 12:00:00"
1846,5941,Debit Card,299.99,Failed,"2026-09-07 12:00:00"
1847,5942,PayPal,1699.97,Failed,"2026-04-30 12:00:00"
1848,5943,Bank Transfer,1259.97,Failed,"2025-12-21 12:00:00"
1849,5944,Credit Card,2379.98,Failed,"2025-08-13 12:00:00"
1850,5945,Debit Card,2449.98,Failed,"2025-04-05 12:00:00"
1851,5946,PayPal,2199.98,Successful,"2026-01-03 12:00:00"
1852,5947,Bank Transfer,4399.95,Successful,"2025-08-26 12:00:00"
1853,5948,Credit Card,4149.96,Successful,"2025-04-18 12:00:00"
1854,5949,Debit Card,6449.95,Successful,"2024-12-09 12:00:00"
1855,5950,PayPal,149.97,Successful,"2024-08-01 12:00:00"
1856,5951,Bank Transfer,19.99,Successful,"2026-01-16 12:00:00"
1857,5952,Credit Card,119.98,Successful,"2025-09-08 12:00:00"
1858,5953,Debit Card,439.97,Pending,"2025-05-01 12:00:00"
1859,5954,PayPal,379.97,Successful,"2024-12-22 12:00:00"
1860,5955,Bank Transfer,259.97,Successful,"2024-08-14 12:00:00"
1861,5956,Credit Card,479.97,Successful,"2026-01-29 12:00:00"
1862,5957,Debit Card,269.97,Successful,"2025-09-21 12:00:00"
1863,5958,PayPal,269.96,Successful,"2025-05-14 12:00:00"
1864,5959,Bank Transfer,434.94,Successful,"2025-01-04 12:00:00"
1865,5960,Credit Card,179.98,Successful,"2024-08-27 12:00:00"
1866,5961,Debit Card,239.98,Successful,"2026-02-11 12:00:00"
1867,5962,PayPal,199.98,Successful,"2025-10-04 12:00:00"
1868,5963,Bank Transfer,449.98,Successful,"2025-05-27 12:00:00"
1869,5964,Credit Card,749.97,Successful,"2025-01-17 12:00:00"
1870,5965,Debit Card,2249.97,Pending,"2024-09-09 12:00:00"
1871,5966,PayPal,1049.98,Successful,"2026-02-24 12:00:00"
1872,5967,Bank Transfer,4149.96,Successful,"2025-10-17 12:00:00"
1873,5968,Credit Card,2299.96,Successful,"2025-06-09 12:00:00"
1874,5969,Debit Card,1759.95,Successful,"2025-01-30 12:00:00"
1875,5970,PayPal,659.98,Successful,"2024-09-22 12:00:00"
1876,5971,Bank Transfer,4399.98,Successful,"2026-03-09 12:00:00"
1877,5972,Credit Card,2449.98,Successful,"2025-10-30 12:00:00"
1878,5973,Debit Card,2199.98,Successful,"2025-06-22 12:00:00"
1879,5974,PayPal,3099.97,Successful,"2025-02-12 12:00:00"
1880,5975,Bank Transfer,3499.97,Successful,"2024-10-05 12:00:00"
1881,5976,Credit Card,2199.98,Successful,"2026-03-22 12:00:00"
1882,5977,Debit Card,4399.95,Successful,"2025-11-12 12:00:00"
1883,5978,PayPal,249.95,Successful,"2025-07-05 12:00:00"
1884,5979,Bank Transfer,299.93,Successful,"2025-02-25 12:00:00"
1885,5980,Credit Card,239.98,Successful,"2024-10-18 12:00:00"
1886,5981,Debit Card,199.98,Successful,"2026-04-04 12:00:00"
1887,5982,PayPal,219.97,Successful,"2025-11-25 12:00:00"
1888,5983,Bank Transfer,479.97,Successful,"2025-07-18 12:00:00"
1889,5984,Credit Card,229.98,Successful,"2025-03-10 12:00:00"
1890,5985,Debit Card,239.97,Successful,"2024-10-31 12:00:00"
1891,5986,PayPal,184.97,Successful,"2026-04-17 12:00:00"
1892,5987,Bank Transfer,564.95,Successful,"2025-12-08 12:00:00"
1893,5988,Credit Card,629.94,Successful,"2025-07-31 12:00:00"
1894,5989,Debit Card,469.96,Successful,"2025-03-23 12:00:00"
1895,5990,PayPal,149.99,Successful,"2024-11-13 12:00:00"
1896,5991,Bank Transfer,249.99,Successful,"2026-04-30 12:00:00"
1897,5992,Credit Card,2249.97,Pending,"2025-12-21 12:00:00"
1898,5993,Debit Card,1749.97,Successful,"2025-08-13 12:00:00"
1899,5994,PayPal,1849.98,Successful,"2025-04-05 12:00:00"
1900,5995,Bank Transfer,1299.97,Successful,"2024-11-26 12:00:00"
1901,5996,Credit Card,999.98,Successful,"2025-08-26 12:00:00"
1902,5997,Debit Card,2229.96,Successful,"2025-04-18 12:00:00"
1903,5998,PayPal,5089.95,Successful,"2024-12-09 12:00:00"
1904,5999,Bank Transfer,6809.94,Successful,"2024-08-01 12:00:00"
1905,6000,Credit Card,899.99,Successful,"2024-03-24 12:00:00"
1906,6001,Debit Card,899.99,Successful,"2025-09-08 12:00:00"
1907,6002,PayPal,2199.98,Pending,"2025-05-01 12:00:00"
1908,6003,Bank Transfer,2199.98,Successful,"2024-12-22 12:00:00"
1909,6004,Credit Card,3099.97,Successful,"2024-08-14 12:00:00"
1910,6005,Debit Card,199.96,Successful,"2024-04-06 12:00:00"
1911,6006,PayPal,219.96,Successful,"2025-09-21 12:00:00"
1912,6007,Bank Transfer,739.94,Successful,"2025-05-14 12:00:00"
1913,6008,Credit Card,499.96,Successful,"2025-01-04 12:00:00"
1914,6009,Debit Card,639.94,Successful,"2024-08-27 12:00:00"
1915,6010,PayPal,159.98,Successful,"2024-04-19 12:00:00"
1916,6011,Bank Transfer,29.99,Successful,"2025-10-04 12:00:00"
1917,6012,Credit Card,169.98,Successful,"2025-05-27 12:00:00"
1918,6013,Debit Card,184.97,Successful,"2025-01-17 12:00:00"
1919,6014,PayPal,114.98,Pending,"2024-09-09 12:00:00"
1920,6015,Bank Transfer,419.96,Successful,"2024-05-02 12:00:00"
1921,6016,Credit Card,279.97,Successful,"2025-10-17 12:00:00"
1922,6017,Debit Card,609.96,Successful,"2025-06-09 12:00:00"
1923,6018,PayPal,799.96,Successful,"2025-01-30 12:00:00"
1924,6019,Bank Transfer,1849.96,Successful,"2024-09-22 12:00:00"
1925,6020,Credit Card,349.99,Successful,"2024-05-15 12:00:00"
1926,6021,Debit Card,1299.99,Successful,"2025-10-30 12:00:00"
1927,6022,PayPal,799.98,Successful,"2025-06-22 12:00:00"
1928,6023,Bank Transfer,999.98,Successful,"2025-02-12 12:00:00"
1929,6024,Credit Card,1529.97,Successful,"2024-10-05 12:00:00"
1930,6025,Debit Card,2559.97,Successful,"2024-05-28 12:00:00"
1931,6026,PayPal,4249.97,Successful,"2025-11-12 12:00:00"
1932,6027,Bank Transfer,4399.95,Successful,"2025-07-05 12:00:00"
1933,6028,Credit Card,4149.96,Successful,"2025-02-25 12:00:00"
1934,6029,Debit Card,6449.95,Successful,"2024-10-18 12:00:00"
1935,6030,PayPal,899.99,Successful,"2024-06-10 12:00:00"
1936,6031,Bank Transfer,899.99,Successful,"2025-11-25 12:00:00"
1937,6032,Credit Card,139.97,Successful,"2025-07-18 12:00:00"
1938,6033,Debit Card,219.96,Successful,"2025-03-10 12:00:00"
1939,6034,PayPal,519.97,Successful,"2024-10-31 12:00:00"
1940,6035,Bank Transfer,559.96,Successful,"2024-06-23 12:00:00"
1941,6036,Credit Card,219.97,Successful,"2025-12-08 12:00:00"
1942,6037,Debit Card,439.96,Successful,"2025-07-31 12:00:00"
1943,6038,PayPal,309.96,Successful,"2025-03-23 12:00:00"
1944,6039,Bank Transfer,629.94,Successful,"2024-11-13 12:00:00"
1945,6040,Credit Card,24.99,Successful,"2024-07-06 12:00:00"
1946,6041,Debit Card,89.99,Failed,"2025-12-21 12:00:00"
1947,6042,PayPal,319.97,Failed,"2025-08-13 12:00:00"
1948,6043,Bank Transfer,349.98,Failed,"2025-04-05 12:00:00"
1949,6044,Credit Card,599.97,Failed,"2024-11-26 12:00:00"
1950,6045,Debit Card,499.98,Failed,"2024-07-19 12:00:00"
1951,6046,PayPal,1349.98,Successful,"2025-04-18 12:00:00"
1952,6047,Bank Transfer,1499.97,Successful,"2024-12-09 12:00:00"
1953,6048,Credit Card,2749.96,Successful,"2024-08-01 12:00:00"
1954,6049,Debit Card,4099.95,Successful,"2024-03-24 12:00:00"
1955,6050,PayPal,699.99,Successful,"2026-08-01 12:00:00"
1956,6051,Bank Transfer,329.99,Pending,"2025-05-01 12:00:00"
1957,6052,Credit Card,2559.97,Successful,"2024-12-22 12:00:00"
1958,6053,Debit Card,2449.98,Successful,"2024-08-14 12:00:00"
1959,6054,PayPal,3099.97,Successful,"2024-04-06 12:00:00"
1960,6055,Bank Transfer,3499.97,Successful,"2026-08-14 12:00:00"
1961,6056,Credit Card,2199.98,Successful,"2025-05-14 12:00:00"
1962,6057,Debit Card,4399.95,Successful,"2025-01-04 12:00:00"
1963,6058,PayPal,4149.96,Successful,"2024-08-27 12:00:00"
1964,6059,Bank Transfer,2309.94,Successful,"2024-04-19 12:00:00"
1965,6060,Credit Card,99.98,Successful,"2026-08-27 12:00:00"
1966,6061,Debit Card,119.99,Successful,"2025-05-27 12:00:00"
1967,6062,PayPal,459.97,Successful,"2025-01-17 12:00:00"
1968,6063,Bank Transfer,219.97,Pending,"2024-09-09 12:00:00"
1969,6064,Credit Card,339.97,Successful,"2024-05-02 12:00:00"
1970,6065,Debit Card,289.96,Successful,"2026-09-09 12:00:00"
1971,6066,PayPal,169.98,Successful,"2025-06-09 12:00:00"
1972,6067,Bank Transfer,304.96,Successful,"2025-01-30 12:00:00"
1973,6068,Credit Card,314.95,Successful,"2024-09-22 12:00:00"
1974,6069,Debit Card,614.93,Successful,"2024-05-15 12:00:00"
1975,6070,PayPal,119.99,Successful,"2024-01-06 12:00:00"
1976,6071,Bank Transfer,299.98,Successful,"2025-06-22 12:00:00"
1977,6072,Credit Card,499.98,Successful,"2025-02-12 12:00:00"
1978,6073,Debit Card,1349.98,Successful,"2024-10-05 12:00:00"
1979,6074,PayPal,1049.98,Successful,"2024-05-28 12:00:00"
1980,6075,Bank Transfer,1849.98,Pending,"2024-01-19 12:00:00"
1981,6076,Credit Card,2499.97,Successful,"2025-07-05 12:00:00"
1982,6077,Debit Card,1429.96,Successful,"2025-02-25 12:00:00"
1983,6078,PayPal,2329.96,Successful,"2024-10-18 12:00:00"
1984,6079,Bank Transfer,3819.94,Successful,"2024-06-10 12:00:00"
1985,6080,Credit Card,1299.98,Successful,"2024-02-01 12:00:00"
1986,6081,Debit Card,899.99,Successful,"2025-07-18 12:00:00"
1987,6082,PayPal,2199.98,Successful,"2025-03-10 12:00:00"
1988,6083,Bank Transfer,2199.98,Successful,"2024-10-31 12:00:00"
1989,6084,Credit Card,3099.97,Successful,"2024-06-23 12:00:00"
1990,6085,Debit Card,3499.97,Successful,"2024-02-14 12:00:00"
1991,6086,PayPal,109.96,Successful,"2025-07-31 12:00:00"
1992,6087,Bank Transfer,329.94,Successful,"2025-03-23 12:00:00"
1993,6088,Credit Card,569.96,Successful,"2024-11-13 12:00:00"
1994,6089,Debit Card,779.95,Successful,"2024-07-06 12:00:00"
1995,6090,PayPal,99.99,Successful,"2024-02-27 12:00:00"
1996,6091,Bank Transfer,159.98,Successful,"2025-08-13 12:00:00"
1997,6092,Credit Card,279.97,Successful,"2025-04-05 12:00:00"
1998,6093,Debit Card,369.96,Successful,"2024-11-26 12:00:00"
1999,6094,PayPal,104.98,Successful,"2024-07-19 12:00:00"
2000,6095,Bank Transfer,139.97,Successful,"2024-03-11 12:00:00"
2001,6096,Credit Card,219.98,Successful,"2026-08-21 12:00:00"
2002,6097,Debit Card,899.93,Successful,"2026-04-13 12:00:00"
2003,6098,PayPal,679.96,Successful,"2025-12-04 12:00:00"
2004,6099,Bank Transfer,1249.95,Successful,"2025-07-27 12:00:00"
2005,6100,Credit Card,449.99,Successful,"2025-03-19 12:00:00"
2006,6101,Debit Card,349.99,Successful,"2026-09-03 12:00:00"
2007,6102,PayPal,1849.98,Pending,"2026-04-26 12:00:00"
2008,6103,Bank Transfer,1499.98,Successful,"2025-12-17 12:00:00"
2009,6104,Credit Card,1299.97,Successful,"2025-08-09 12:00:00"
2010,6105,Debit Card,929.98,Successful,"2025-04-01 12:00:00"
2011,6106,PayPal,2379.98,Successful,"2026-09-16 12:00:00"
2012,6107,Bank Transfer,5299.96,Successful,"2026-05-09 12:00:00"
2013,6108,Credit Card,4149.96,Successful,"2025-12-30 12:00:00"
2014,6109,Debit Card,6449.95,Successful,"2025-08-22 12:00:00"
2015,6110,PayPal,899.99,Successful,"2025-04-14 12:00:00"
2016,6111,Bank Transfer,899.99,Successful,"2024-01-13 12:00:00"
2017,6112,Credit Card,2199.98,Successful,"2026-05-22 12:00:00"
2018,6113,Debit Card,89.97,Successful,"2026-01-12 12:00:00"
2019,6114,PayPal,259.96,Pending,"2025-09-04 12:00:00"
2020,6115,Bank Transfer,319.98,Successful,"2025-04-27 12:00:00"
2021,6116,Credit Card,459.97,Successful,"2024-01-26 12:00:00"
2022,6117,Debit Card,279.96,Successful,"2026-06-04 12:00:00"
2023,6118,PayPal,639.95,Successful,"2026-01-25 12:00:00"
2024,6119,Bank Transfer,739.94,Successful,"2025-09-17 12:00:00"
2025,6120,Credit Card,299.97,Successful,"2025-05-10 12:00:00"
2026,6121,Debit Card,74.97,Successful,"2024-02-08 12:00:00"
2027,6122,PayPal,139.97,Successful,"2026-06-17 12:00:00"
2028,6123,Bank Transfer,219.98,Successful,"2026-02-07 12:00:00"
2029,6124,Credit Card,819.95,Successful,"2025-09-30 12:00:00"
2030,6125,Debit Card,679.97,Successful,"2025-05-23 12:00:00"
2031,6126,PayPal,749.97,Successful,"2024-02-21 12:00:00"
2032,6127,Bank Transfer,1849.96,Successful,"2026-06-30 12:00:00"
2033,6128,Credit Card,1499.97,Successful,"2026-02-20 12:00:00"
2034,6129,Debit Card,3249.95,Successful,"2025-10-13 12:00:00"
2035,6130,PayPal,499.99,Successful,"2025-06-05 12:00:00"
2036,6131,Bank Transfer,1399.98,Successful,"2024-03-05 12:00:00"
2037,6132,Credit Card,929.98,Successful,"2026-07-13 12:00:00"
2038,6133,Debit Card,2379.98,Successful,"2026-03-05 12:00:00"
2039,6134,PayPal,2449.98,Successful,"2025-10-26 12:00:00"
2040,6135,Bank Transfer,3499.97,Successful,"2025-06-18 12:00:00"
2041,6136,Credit Card,2199.98,Successful,"2024-03-18 12:00:00"
2042,6137,Debit Card,4399.95,Successful,"2026-07-26 12:00:00"
2043,6138,PayPal,4149.96,Successful,"2026-03-18 12:00:00"
2044,6139,Bank Transfer,6449.95,Successful,"2025-11-08 12:00:00"
2045,6140,Credit Card,39.98,Successful,"2025-07-01 12:00:00"
2046,6141,Debit Card,139.98,Failed,"2024-03-31 12:00:00"
2047,6142,PayPal,319.98,Failed,"2026-08-08 12:00:00"
2048,6143,Bank Transfer,279.98,Failed,"2026-03-31 12:00:00"
2049,6144,Credit Card,259.97,Failed,"2025-11-21 12:00:00"
2050,6145,Debit Card,439.97,Failed,"2025-07-14 12:00:00"
2051,6146,PayPal,439.97,Successful,"2026-04-13 12:00:00"
2052,6147,Bank Transfer,299.96,Successful,"2025-12-04 12:00:00"
2053,6148,Credit Card,254.95,Successful,"2025-07-27 12:00:00"
2054,6149,Debit Card,684.92,Successful,"2025-03-19 12:00:00"
2055,6150,PayPal,119.99,Successful,"2024-11-09 12:00:00"
2056,6151,Bank Transfer,239.98,Pending,"2026-04-26 12:00:00"
2057,6152,Credit Card,679.97,Successful,"2025-12-17 12:00:00"
2058,6153,Debit Card,999.96,Successful,"2025-08-09 12:00:00"
2059,6154,PayPal,1799.97,Successful,"2025-04-01 12:00:00"
2060,6155,Bank Transfer,1049.98,Successful,"2024-11-22 12:00:00"
2061,6156,Credit Card,1849.98,Successful,"2026-05-09 12:00:00"
2062,6157,Debit Card,4099.96,Successful,"2025-12-30 12:00:00"
2063,6158,PayPal,1429.96,Successful,"2025-08-22 12:00:00"
2064,6159,Bank Transfer,2259.95,Successful,"2025-04-14 12:00:00"
2065,6160,Credit Card,2199.99,Successful,"2024-12-05 12:00:00"
2066,6161,Debit Card,649.99,Successful,"2026-05-22 12:00:00"
2067,6162,PayPal,2199.98,Successful,"2026-01-12 12:00:00"
2068,6163,Bank Transfer,2199.98,Pending,"2025-09-04 12:00:00"
2069,6164,Credit Card,3099.97,Successful,"2025-04-27 12:00:00"
2070,6165,Debit Card,3499.97,Successful,"2024-12-18 12:00:00"
2071,6166,PayPal,2199.98,Successful,"2026-06-04 12:00:00"
2072,6167,Bank Transfer,1969.94,Successful,"2026-01-25 12:00:00"
2073,6168,Credit Card,339.94,Successful,"2025-09-17 12:00:00"
2074,6169,Debit Card,439.96,Successful,"2025-05-10 12:00:00"
2075,6170,PayPal,99.99,Successful,"2024-12-31 12:00:00"
2076,6171,Bank Transfer,199.98,Successful,"2026-06-17 12:00:00"
2077,6172,Credit Card,439.97,Successful,"2026-02-07 12:00:00"
2078,6173,Debit Card,439.97,Successful,"2025-09-30 12:00:00"
2079,6174,PayPal,239.96,Successful,"2025-05-23 12:00:00"
2080,6175,Bank Transfer,129.97,Pending,"2025-01-13 12:00:00"
2081,6176,Credit Card,294.96,Successful,"2026-06-30 12:00:00"
2082,6177,Debit Card,549.95,Successful,"2026-02-20 12:00:00"
2083,6178,PayPal,739.95,Successful,"2025-10-13 12:00:00"
2084,6179,Bank Transfer,1029.95,Successful,"2025-06-05 12:00:00"
2085,6180,Credit Card,499.98,Successful,"2025-01-26 12:00:00"
2086,6181,Debit Card,899.98,Successful,"2026-07-13 12:00:00"
2087,6182,PayPal,1399.97,Successful,"2026-03-05 12:00:00"
2088,6183,Bank Transfer,1849.98,Successful,"2025-10-26 12:00:00"
2089,6184,Credit Card,1499.98,Successful,"2025-06-18 12:00:00"
2090,6185,Debit Card,429.98,Successful,"2025-02-08 12:00:00"
2091,6186,PayPal,1259.97,Successful,"2026-07-26 12:00:00"
2092,6187,Bank Transfer,2709.97,Successful,"2026-03-18 12:00:00"
2093,6188,Credit Card,6849.96,Successful,"2025-11-08 12:00:00"
2094,6189,Debit Card,6449.95,Successful,"2025-07-01 12:00:00"
2095,6190,PayPal,899.99,Successful,"2025-02-21 12:00:00"
2096,6191,Bank Transfer,899.99,Successful,"2026-08-08 12:00:00"
2097,6192,Credit Card,2199.98,Successful,"2026-03-31 12:00:00"
2098,6193,Debit Card,2199.98,Successful,"2025-11-21 12:00:00"
2099,6194,PayPal,119.97,Successful,"2025-07-14 12:00:00"
2100,6195,Bank Transfer,89.98,Successful,"2025-03-06 12:00:00"
2101,6196,Credit Card,439.97,Successful,"2025-12-04 12:00:00"
2102,6197,Debit Card,519.96,Successful,"2025-07-27 12:00:00"
2103,6198,PayPal,319.96,Successful,"2025-03-19 12:00:00"
2104,6199,Bank Transfer,479.95,Successful,"2024-11-09 12:00:00"
2105,6200,Credit Card,399.98,Successful,"2024-07-02 12:00:00"
2106,6201,Debit Card,209.97,Successful,"2025-12-17 12:00:00"
2107,6202,PayPal,289.95,Successful,"2025-08-09 12:00:00"
2108,6203,Bank Transfer,204.97,Successful,"2025-04-01 12:00:00"
2109,6204,Credit Card,459.96,Successful,"2024-11-22 12:00:00"
2110,6205,Debit Card,349.98,Successful,"2024-07-15 12:00:00"
2111,6206,PayPal,759.96,Successful,"2025-12-30 12:00:00"
2112,6207,Bank Transfer,949.96,Successful,"2025-08-22 12:00:00"
2113,6208,Credit Card,1599.97,Successful,"2025-04-14 12:00:00"
2114,6209,Debit Card,2749.95,Successful,"2024-12-05 12:00:00"
2115,6210,PayPal,2599.98,Successful,"2024-07-28 12:00:00"
2116,6211,Bank Transfer,499.99,Successful,"2026-01-12 12:00:00"
2117,6212,Credit Card,559.97,Pending,"2025-09-04 12:00:00"
2118,6213,Debit Card,1259.97,Successful,"2025-04-27 12:00:00"
2119,6214,PayPal,2379.98,Successful,"2024-12-18 12:00:00"
2120,6215,Bank Transfer,2449.98,Successful,"2024-08-10 12:00:00"
2121,6216,Credit Card,2199.98,Successful,"2026-01-25 12:00:00"
2122,6217,Debit Card,4399.95,Successful,"2025-09-17 12:00:00"
2123,6218,PayPal,4149.96,Successful,"2025-05-10 12:00:00"
2124,6219,Bank Transfer,6449.95,Successful,"2024-12-31 12:00:00"
2125,6220,Credit Card,899.99,Successful,"2024-08-23 12:00:00"
2126,6221,Debit Card,19.99,Successful,"2026-02-07 12:00:00"
2127,6222,PayPal,89.98,Successful,"2025-09-30 12:00:00"
2128,6223,Bank Transfer,349.96,Successful,"2025-05-23 12:00:00"
2129,6224,Credit Card,379.97,Pending,"2025-01-13 12:00:00"
2130,6225,Debit Card,259.97,Successful,"2024-09-05 12:00:00"
2131,6226,PayPal,259.98,Successful,"2026-02-20 12:00:00"
2132,6227,Bank Transfer,399.96,Successful,"2025-10-13 12:00:00"
2133,6228,Credit Card,369.96,Successful,"2025-06-05 12:00:00"
2134,6229,Debit Card,434.94,Successful,"2025-01-26 12:00:00"
2135,6230,PayPal,179.98,Successful,"2024-09-18 12:00:00"
2136,6231,Bank Transfer,239.98,Successful,"2026-03-05 12:00:00"
2137,6232,Credit Card,349.98,Successful,"2025-10-26 12:00:00"
2138,6233,Debit Card,459.97,Successful,"2025-06-18 12:00:00"
2139,6234,PayPal,799.96,Successful,"2025-02-08 12:00:00"
2140,6235,Bank Transfer,2249.97,Successful,"2024-10-01 12:00:00"
2141,6236,Credit Card,1049.98,Successful,"2026-03-18 12:00:00"
2142,6237,Debit Card,3499.96,Successful,"2025-11-08 12:00:00"
2143,6238,PayPal,3299.96,Successful,"2025-07-01 12:00:00"
2144,6239,Bank Transfer,3059.94,Successful,"2025-02-21 12:00:00"
2145,6240,Credit Card,1199.98,Successful,"2024-10-14 12:00:00"
2146,6241,Debit Card,4399.98,Failed,"2026-03-31 12:00:00"
2147,6242,PayPal,2449.98,Failed,"2025-11-21 12:00:00"
2148,6243,Bank Transfer,2199.98,Failed,"2025-07-14 12:00:00"
2149,6244,Credit Card,3099.97,Failed,"2025-03-06 12:00:00"
2150,6245,Debit Card,3499.97,Failed,"2024-10-27 12:00:00"
2151,6246,PayPal,2199.98,Successful,"2025-07-27 12:00:00"
2152,6247,Bank Transfer,4399.95,Successful,"2025-03-19 12:00:00"
2153,6248,Credit Card,969.97,Successful,"2024-11-09 12:00:00"
2154,6249,Debit Card,299.93,Successful,"2024-07-02 12:00:00"
2155,6250,PayPal,199.99,Successful,"2024-02-23 12:00:00"
2156,6251,Bank Transfer,199.98,Successful,"2025-08-09 12:00:00"
2157,6252,Credit Card,219.97,Successful,"2025-04-01 12:00:00"
2158,6253,Debit Card,259.98,Successful,"2024-11-22 12:00:00"
2159,6254,PayPal,239.98,Successful,"2024-07-15 12:00:00"
2160,6255,Bank Transfer,229.95,Successful,"2024-03-07 12:00:00"
2161,6256,Credit Card,259.97,Successful,"2025-08-22 12:00:00"
2162,6257,Debit Card,564.95,Successful,"2025-04-14 12:00:00"
2163,6258,PayPal,629.94,Successful,"2024-12-05 12:00:00"
2164,6259,Bank Transfer,589.95,Successful,"2024-07-28 12:00:00"
2165,6260,Credit Card,299.99,Successful,"2024-03-20 12:00:00"
2166,6261,Debit Card,249.99,Pending,"2025-09-04 12:00:00"
2167,6262,PayPal,2249.97,Successful,"2025-04-27 12:00:00"
2168,6263,Bank Transfer,1749.97,Successful,"2024-12-18 12:00:00"
2169,6264,Credit Card,1849.98,Successful,"2024-08-10 12:00:00"
2170,6265,Debit Card,1999.97,Successful,"2024-04-02 12:00:00"
2171,6266,PayPal,559.97,Successful,"2025-09-17 12:00:00"
2172,6267,Bank Transfer,2499.95,Successful,"2025-05-10 12:00:00"
2173,6268,Credit Card,5089.95,Successful,"2024-12-31 12:00:00"
2174,6269,Debit Card,6809.94,Successful,"2024-08-23 12:00:00"
2175,6270,PayPal,899.99,Successful,"2024-04-15 12:00:00"
2176,6271,Bank Transfer,899.99,Successful,"2025-09-30 12:00:00"
2177,6272,Credit Card,2199.98,Successful,"2025-05-23 12:00:00"
2178,6273,Debit Card,2199.98,Pending,"2025-01-13 12:00:00"
2179,6274,PayPal,3099.97,Successful,"2024-09-05 12:00:00"
2180,6275,Bank Transfer,69.98,Successful,"2024-04-28 12:00:00"
2181,6276,Credit Card,129.96,Successful,"2025-10-13 12:00:00"
2182,6277,Debit Card,709.93,Successful,"2025-06-05 12:00:00"
2183,6278,PayPal,499.96,Successful,"2025-01-26 12:00:00"
2184,6279,Bank Transfer,639.94,Successful,"2024-09-18 12:00:00"
2185,6280,Credit Card,159.98,Successful,"2024-05-11 12:00:00"
2186,6281,Debit Card,199.99,Successful,"2025-10-26 12:00:00"
2187,6282,PayPal,159.96,Successful,"2025-06-18 12:00:00"
2188,6283,Bank Transfer,459.95,Successful,"2025-02-08 12:00:00"
2189,6284,Credit Card,114.98,Successful,"2024-10-01 12:00:00"
2190,6285,Debit Card,419.96,Pending,"2024-05-24 12:00:00"
2191,6286,PayPal,349.98,Successful,"2025-11-08 12:00:00"
2192,6287,Bank Transfer,819.94,Successful,"2025-07-01 12:00:00"
2193,6288,Credit Card,849.96,Successful,"2025-02-21 12:00:00"
2194,6289,Debit Card,1549.96,Successful,"2024-10-14 12:00:00"
2195,6290,PayPal,349.99,Successful,"2024-06-06 12:00:00"
2196,6291,Bank Transfer,1299.99,Successful,"2025-11-21 12:00:00"
2197,6292,Credit Card,1499.98,Successful,"2025-07-14 12:00:00"
2198,6293,Debit Card,559.97,Successful,"2025-03-06 12:00:00"
2199,6294,PayPal,1899.97,Successful,"2024-10-27 12:00:00"
2200,6295,Bank Transfer,2559.97,Successful,"2024-06-19 12:00:00"
2201,6296,Credit Card,4249.97,Successful,"2025-03-19 12:00:00"
2202,6297,Debit Card,4399.95,Successful,"2024-11-09 12:00:00"
2203,6298,PayPal,4149.96,Successful,"2024-07-02 12:00:00"
2204,6299,Bank Transfer,6449.95,Successful,"2024-02-23 12:00:00"
2205,6300,Credit Card,899.99,Successful,"2026-07-02 12:00:00"
2206,6301,Debit Card,899.99,Successful,"2025-04-01 12:00:00"
2207,6302,PayPal,69.98,Successful,"2024-11-22 12:00:00"
2208,6303,Bank Transfer,109.97,Successful,"2024-07-15 12:00:00"
2209,6304,Credit Card,449.97,Successful,"2024-03-07 12:00:00"
2210,6305,Debit Card,479.97,Successful,"2026-07-15 12:00:00"
2211,6306,PayPal,219.97,Successful,"2025-04-14 12:00:00"
2212,6307,Bank Transfer,439.96,Successful,"2024-12-05 12:00:00"
2213,6308,Credit Card,359.96,Successful,"2024-07-28 12:00:00"
2214,6309,Debit Card,609.93,Successful,"2024-03-20 12:00:00"
2215,6310,PayPal,79.99,Successful,"2026-07-28 12:00:00"
2216,6311,Bank Transfer,89.99,Successful,"2025-04-27 12:00:00"
2217,6312,Credit Card,319.97,Successful,"2024-12-18 12:00:00"
2218,6313,Debit Card,349.98,Successful,"2024-08-10 12:00:00"
2219,6314,PayPal,379.98,Successful,"2024-04-02 12:00:00"
2220,6315,Bank Transfer,549.97,Successful,"2026-08-10 12:00:00"
2221,6316,Credit Card,1149.98,Successful,"2025-05-10 12:00:00"
2222,6317,Debit Card,1499.97,Successful,"2024-12-31 12:00:00"
2223,6318,PayPal,2749.96,Successful,"2024-08-23 12:00:00"
2224,6319,Bank Transfer,4349.95,Successful,"2024-04-15 12:00:00"
2225,6320,Credit Card,299.99,Successful,"2026-08-23 12:00:00"
2226,6321,Debit Card,1199.98,Successful,"2025-05-23 12:00:00"
2227,6322,PayPal,689.97,Pending,"2025-01-13 12:00:00"
2228,6323,Bank Transfer,2449.98,Successful,"2024-09-05 12:00:00"
2229,6324,Credit Card,3099.97,Successful,"2024-04-28 12:00:00"
2230,6325,Debit Card,3499.97,Successful,"2026-09-05 12:00:00"
2231,6326,PayPal,2199.98,Successful,"2025-06-05 12:00:00"
2232,6327,Bank Transfer,4399.95,Successful,"2025-01-26 12:00:00"
2233,6328,Credit Card,4149.96,Successful,"2024-09-18 12:00:00"
2234,6329,Debit Card,2309.94,Successful,"2024-05-11 12:00:00"
2235,6330,PayPal,69.99,Successful,"2024-01-02 12:00:00"
2236,6331,Bank Transfer,399.98,Successful,"2025-06-18 12:00:00"
2237,6332,Credit Card,479.97,Successful,"2025-02-08 12:00:00"
2238,6333,Debit Card,219.97,Successful,"2024-10-01 12:00:00"
2239,6334,PayPal,339.97,Pending,"2024-05-24 12:00:00"
2240,6335,Bank Transfer,279.97,Successful,"2024-01-15 12:00:00"
2241,6336,Credit Card,129.97,Successful,"2025-07-01 12:00:00"
2242,6337,Debit Card,349.96,Successful,"2025-02-21 12:00:00"
2243,6338,PayPal,304.95,Successful,"2024-10-14 12:00:00"
2244,6339,Bank Transfer,614.93,Successful,"2024-06-06 12:00:00"
2245,6340,Credit Card,119.99,Successful,"2024-01-28 12:00:00"
2246,6341,Debit Card,299.99,Failed,"2025-07-14 12:00:00"
2247,6342,PayPal,399.98,Failed,"2025-03-06 12:00:00"
2248,6343,Bank Transfer,1399.97,Failed,"2024-10-27 12:00:00"
2249,6344,Credit Card,1049.98,Failed,"2024-06-19 12:00:00"
2250,6345,Debit Card,1849.98,Failed,"2024-02-10 12:00:00"
2251,6346,PayPal,2499.97,Successful,"2024-11-09 12:00:00"
2252,6347,Bank Transfer,1229.96,Successful,"2024-07-02 12:00:00"
2253,6348,Credit Card,2299.96,Successful,"2024-02-23 12:00:00"
2254,6349,Debit Card,2319.94,Successful,"2026-07-02 12:00:00"
2255,6350,PayPal,1299.98,Successful,"2026-02-22 12:00:00"
2256,6351,Bank Transfer,899.99,Successful,"2024-11-22 12:00:00"
2257,6352,Credit Card,2199.98,Successful,"2024-07-15 12:00:00"
2258,6353,Debit Card,2199.98,Successful,"2024-03-07 12:00:00"
2259,6354,PayPal,3099.97,Successful,"2026-07-15 12:00:00"
2260,6355,Bank Transfer,3499.97,Successful,"2026-03-07 12:00:00"
2261,6356,Credit Card,109.96,Successful,"2024-12-05 12:00:00"
2262,6357,Debit Card,289.95,Successful,"2024-07-28 12:00:00"
2263,6358,PayPal,589.95,Successful,"2024-03-20 12:00:00"
2264,6359,Bank Transfer,729.95,Successful,"2026-07-28 12:00:00"
2265,6360,Credit Card,99.99,Successful,"2026-03-20 12:00:00"
2266,6361,Debit Card,159.98,Successful,"2024-12-18 12:00:00"
2267,6362,PayPal,279.97,Successful,"2024-08-10 12:00:00"
2268,6363,Bank Transfer,99.98,Successful,"2024-04-02 12:00:00"
2269,6364,Credit Card,279.97,Successful,"2026-08-10 12:00:00"
2270,6365,Debit Card,199.97,Successful,"2026-04-02 12:00:00"
2271,6366,PayPal,219.98,Successful,"2024-12-31 12:00:00"
2272,6367,Bank Transfer,899.93,Successful,"2024-08-23 12:00:00"
2273,6368,Credit Card,619.96,Successful,"2024-04-15 12:00:00"
2274,6369,Debit Card,1079.95,Successful,"2026-08-23 12:00:00"
2275,6370,PayPal,899.99,Successful,"2026-04-15 12:00:00"
2276,6371,Bank Transfer,699.99,Pending,"2025-01-13 12:00:00"
2277,6372,Credit Card,1849.98,Successful,"2024-09-05 12:00:00"
2278,6373,Debit Card,1499.98,Successful,"2024-04-28 12:00:00"
2279,6374,PayPal,729.97,Successful,"2026-09-05 12:00:00"
2280,6375,Bank Transfer,1999.97,Successful,"2026-04-28 12:00:00"
2281,6376,Credit Card,839.97,Successful,"2025-01-26 12:00:00"
2282,6377,Debit Card,5299.96,Successful,"2024-09-18 12:00:00"
2283,6378,PayPal,4149.96,Successful,"2024-05-11 12:00:00"
2284,6379,Bank Transfer,6449.95,Successful,"2024-01-02 12:00:00"
2285,6380,Credit Card,899.99,Successful,"2026-05-11 12:00:00"
2286,6381,Debit Card,899.99,Successful,"2025-02-08 12:00:00"
2287,6382,PayPal,2199.98,Successful,"2024-10-01 12:00:00"
2288,6383,Bank Transfer,89.97,Pending,"2024-05-24 12:00:00"
2289,6384,Credit Card,229.96,Successful,"2024-01-15 12:00:00"
2290,6385,Debit Card,249.98,Successful,"2026-05-24 12:00:00"
2291,6386,PayPal,599.96,Successful,"2025-02-21 12:00:00"
2292,6387,Bank Transfer,399.96,Successful,"2024-10-14 12:00:00"
2293,6388,Credit Card,639.95,Successful,"2024-06-06 12:00:00"
2294,6389,Debit Card,739.94,Successful,"2024-01-28 12:00:00"
2295,6390,PayPal,69.99,Successful,"2026-06-06 12:00:00"
2296,6391,Bank Transfer,79.99,Successful,"2025-03-06 12:00:00"
2297,6392,Credit Card,199.97,Successful,"2024-10-27 12:00:00"
2298,6393,Debit Card,219.98,Successful,"2024-06-19 12:00:00"
2299,6394,PayPal,819.95,Successful,"2024-02-10 12:00:00"
2300,6395,Bank Transfer,679.97,Pending,"2026-06-19 12:00:00"
2301,6396,Credit Card,399.98,Successful,"2024-07-02 12:00:00"
2302,6397,Debit Card,1649.96,Successful,"2024-02-23 12:00:00"
2303,6398,PayPal,2049.97,Successful,"2026-07-02 12:00:00"
2304,6399,Bank Transfer,3249.95,Successful,"2026-02-22 12:00:00"
2305,6400,Credit Card,499.99,Successful,"2025-10-15 12:00:00"
2306,6401,Debit Card,299.99,Successful,"2024-07-15 12:00:00"
2307,6402,PayPal,1999.97,Successful,"2024-03-07 12:00:00"
2308,6403,Bank Transfer,839.97,Successful,"2026-07-15 12:00:00"
2309,6404,Credit Card,2849.98,Successful,"2026-03-07 12:00:00"
2310,6405,Debit Card,3499.97,Pending,"2025-10-28 12:00:00"
2311,6406,PayPal,2199.98,Successful,"2024-07-28 12:00:00"
2312,6407,Bank Transfer,4399.95,Successful,"2024-03-20 12:00:00"
2313,6408,Credit Card,4149.96,Successful,"2026-07-28 12:00:00"
2314,6409,Debit Card,6449.95,Successful,"2026-03-20 12:00:00"
2315,6410,PayPal,39.98,Successful,"2025-11-10 12:00:00"
2316,6411,Bank Transfer,139.98,Successful,"2024-08-10 12:00:00"
2317,6412,Credit Card,249.98,Successful,"2024-04-02 12:00:00"
2318,6413,Debit Card,419.97,Successful,"2026-08-10 12:00:00"
2319,6414,PayPal,319.96,Successful,"2026-04-02 12:00:00"
2320,6415,Bank Transfer,439.97,Successful,"2025-11-23 12:00:00"
2321,6416,Credit Card,439.97,Successful,"2024-08-23 12:00:00"
2322,6417,Debit Card,299.97,Successful,"2024-04-15 12:00:00"
2323,6418,PayPal,319.96,Successful,"2026-08-23 12:00:00"
2324,6419,Bank Transfer,514.94,Successful,"2026-04-15 12:00:00"
2325,6420,Credit Card,99.99,Successful,"2025-12-06 12:00:00"
2326,6421,Debit Card,239.98,Successful,"2024-09-05 12:00:00"
2327,6422,PayPal,679.97,Successful,"2024-04-28 12:00:00"
2328,6423,Bank Transfer,649.97,Successful,"2026-09-05 12:00:00"
2329,6424,Credit Card,1399.97,Successful,"2026-04-28 12:00:00"
2330,6425,Debit Card,1149.98,Successful,"2025-12-19 12:00:00"
2331,6426,PayPal,1849.98,Successful,"2024-09-18 12:00:00"
2332,6427,Bank Transfer,4099.96,Successful,"2024-05-11 12:00:00"
2333,6428,Credit Card,1429.96,Successful,"2024-01-02 12:00:00"
2334,6429,Debit Card,1859.95,Successful,"2026-05-11 12:00:00"
2335,6430,PayPal,179.99,Successful,"2026-01-01 12:00:00"
2336,6431,Bank Transfer,649.99,Successful,"2024-10-01 12:00:00"
2337,6432,Credit Card,2199.98,Pending,"2024-05-24 12:00:00"
2338,6433,Debit Card,2199.98,Successful,"2024-01-15 12:00:00"
2339,6434,PayPal,3099.97,Successful,"2026-05-24 12:00:00"
2340,6435,Bank Transfer,3499.97,Successful,"2026-01-14 12:00:00"
2341,6436,Credit Card,2199.98,Successful,"2024-10-14 12:00:00"
2342,6437,Debit Card,1969.94,Successful,"2024-06-06 12:00:00"
2343,6438,PayPal,339.94,Successful,"2024-01-28 12:00:00"
2344,6439,Bank Transfer,379.94,Successful,"2026-06-06 12:00:00"
2345,6440,Credit Card,179.99,Successful,"2026-01-27 12:00:00"
2346,6441,Debit Card,199.98,Failed,"2024-10-27 12:00:00"
2347,6442,PayPal,439.97,Failed,"2024-06-19 12:00:00"
2348,6443,Bank Transfer,439.97,Failed,"2024-02-10 12:00:00"
2349,6444,Credit Card,239.96,Failed,"2026-06-19 12:00:00"
2350,6445,Debit Card,179.98,Failed,"2026-02-09 12:00:00"
2351,6446,PayPal,174.98,Successful,"2024-02-23 12:00:00"
2352,6447,Bank Transfer,214.97,Successful,"2026-07-02 12:00:00"
2353,6448,Credit Card,739.95,Successful,"2026-02-22 12:00:00"
2354,6449,Debit Card,1029.95,Successful,"2025-10-15 12:00:00"
2355,6450,PayPal,499.98,Successful,"2025-06-07 12:00:00"
2356,6451,Bank Transfer,899.99,Successful,"2024-03-07 12:00:00"
2357,6452,Credit Card,1149.98,Successful,"2026-07-15 12:00:00"
2358,6453,Debit Card,899.98,Successful,"2026-03-07 12:00:00"
2359,6454,PayPal,1499.98,Pending,"2025-10-28 12:00:00"
2360,6455,Bank Transfer,429.98,Successful,"2025-06-20 12:00:00"
2361,6456,Credit Card,1299.98,Successful,"2024-03-20 12:00:00"
2362,6457,Debit Card,1709.96,Successful,"2026-07-28 12:00:00"
2363,6458,PayPal,5409.95,Successful,"2026-03-20 12:00:00"
2364,6459,Bank Transfer,6449.95,Successful,"2025-11-10 12:00:00"
2365,6460,Credit Card,899.99,Successful,"2025-07-03 12:00:00"
2366,6461,Debit Card,899.99,Successful,"2024-04-02 12:00:00"
2367,6462,PayPal,2199.98,Successful,"2026-08-10 12:00:00"
2368,6463,Bank Transfer,2199.98,Successful,"2026-04-02 12:00:00"
2369,6464,Credit Card,119.97,Successful,"2025-11-23 12:00:00"
2370,6465,Debit Card,89.98,Successful,"2025-07-16 12:00:00"
2371,6466,PayPal,349.96,Successful,"2024-04-15 12:00:00"
2372,6467,Bank Transfer,819.95,Successful,"2026-08-23 12:00:00"
2373,6468,Credit Card,439.96,Successful,"2026-04-15 12:00:00"
2374,6469,Debit Card,459.95,Successful,"2025-12-06 12:00:00"
2375,6470,PayPal,399.98,Successful,"2025-07-29 12:00:00"
2376,6471,Bank Transfer,209.97,Successful,"2024-04-28 12:00:00"
2377,6472,Credit Card,339.96,Successful,"2026-09-05 12:00:00"
2378,6473,Debit Card,174.98,Successful,"2026-04-28 12:00:00"
2379,6474,PayPal,189.98,Successful,"2025-12-19 12:00:00"
2380,6475,Bank Transfer,349.98,Successful,"2025-08-11 12:00:00"
2381,6476,Credit Card,759.96,Successful,"2024-05-11 12:00:00"
2382,6477,Debit Card,949.96,Successful,"2024-01-02 12:00:00"
2383,6478,PayPal,1399.97,Successful,"2026-05-11 12:00:00"
2384,6479,Bank Transfer,2299.96,Successful,"2026-01-01 12:00:00"
2385,6480,Credit Card,549.99,Successful,"2025-08-24 12:00:00"
2386,6481,Debit Card,499.99,Pending,"2024-05-24 12:00:00"
2387,6482,PayPal,559.97,Successful,"2024-01-15 12:00:00"
2388,6483,Bank Transfer,1299.98,Successful,"2026-05-24 12:00:00"
2389,6484,Credit Card,509.98,Successful,"2026-01-14 12:00:00"
2390,6485,Debit Card,2849.98,Successful,"2025-09-06 12:00:00"
2391,6486,PayPal,1949.98,Successful,"2024-06-06 12:00:00"
2392,6487,Bank Transfer,4399.95,Successful,"2024-01-28 12:00:00"
2393,6488,Credit Card,4149.96,Successful,"2026-06-06 12:00:00"
2394,6489,Debit Card,6449.95,Successful,"2026-01-27 12:00:00"
2395,6490,PayPal,899.99,Successful,"2025-09-19 12:00:00"
2396,6491,Bank Transfer,19.99,Successful,"2024-06-19 12:00:00"
2397,6492,Credit Card,89.98,Successful,"2024-02-10 12:00:00"
2398,6493,Debit Card,349.96,Pending,"2026-06-19 12:00:00"
2399,6494,PayPal,299.98,Successful,"2026-02-09 12:00:00"
2400,6495,Bank Transfer,259.97,Successful,"2025-10-02 12:00:00"
2401,6496,Credit Card,279.98,Successful,"2026-07-02 12:00:00"
2402,6497,Debit Card,399.96,Successful,"2026-02-22 12:00:00"
2403,6498,PayPal,369.96,Successful,"2025-10-15 12:00:00"
2404,6499,Bank Transfer,469.93,Successful,"2025-06-07 12:00:00"
2405,6500,Credit Card,24.99,Successful,"2025-01-28 12:00:00"
2406,6501,Debit Card,99.99,Successful,"2026-07-15 12:00:00"
2407,6502,PayPal,159.98,Successful,"2026-03-07 12:00:00"
2408,6503,Bank Transfer,459.97,Pending,"2025-10-28 12:00:00"
2409,6504,Credit Card,799.96,Successful,"2025-06-20 12:00:00"
2410,6505,Debit Card,2049.97,Successful,"2025-02-10 12:00:00"
2411,6506,PayPal,1149.98,Successful,"2026-07-28 12:00:00"
2412,6507,Bank Transfer,1599.97,Successful,"2026-03-20 12:00:00"
2413,6508,Credit Card,3299.96,Successful,"2025-11-10 12:00:00"
2414,6509,Debit Card,3059.94,Successful,"2025-07-03 12:00:00"
2415,6510,PayPal,1199.98,Successful,"2025-02-23 12:00:00"
2416,6511,Bank Transfer,179.99,Successful,"2026-08-10 12:00:00"
2417,6512,Credit Card,2849.98,Successful,"2026-04-02 12:00:00"
2418,6513,Debit Card,1949.98,Successful,"2025-11-23 12:00:00"
2419,6514,PayPal,3099.97,Successful,"2025-07-16 12:00:00"
2420,6515,Bank Transfer,3499.97,Pending,"2025-03-08 12:00:00"
2421,6516,Credit Card,2199.98,Successful,"2026-08-23 12:00:00"
2422,6517,Debit Card,4399.95,Successful,"2026-04-15 12:00:00"
2423,6518,PayPal,3549.96,Successful,"2025-12-06 12:00:00"
2424,6519,Bank Transfer,299.93,Successful,"2025-07-29 12:00:00"
2425,6520,Credit Card,199.99,Successful,"2025-03-21 12:00:00"
2426,6521,Debit Card,179.99,Successful,"2026-09-05 12:00:00"
2427,6522,PayPal,159.98,Successful,"2026-04-28 12:00:00"
2428,6523,Bank Transfer,279.98,Successful,"2025-12-19 12:00:00"
2429,6524,Credit Card,239.98,Successful,"2025-08-11 12:00:00"
2430,6525,Debit Card,229.95,Successful,"2025-04-03 12:00:00"
2431,6526,PayPal,259.97,Successful,"2024-01-02 12:00:00"
2432,6527,Bank Transfer,554.95,Successful,"2026-05-11 12:00:00"
2433,6528,Credit Card,464.93,Successful,"2026-01-01 12:00:00"
2434,6529,Debit Card,629.93,Successful,"2025-08-24 12:00:00"
2435,6530,PayPal,299.99,Successful,"2025-04-16 12:00:00"
2436,6531,Bank Transfer,249.99,Successful,"2024-01-15 12:00:00"
2437,6532,Credit Card,2049.97,Successful,"2026-05-24 12:00:00"
2438,6533,Debit Card,1849.97,Successful,"2026-01-14 12:00:00"
2439,6534,PayPal,899.98,Successful,"2025-09-06 12:00:00"
2440,6535,Bank Transfer,2299.98,Successful,"2025-04-29 12:00:00"
2441,6536,Credit Card,559.97,Successful,"2024-01-28 12:00:00"
2442,6537,Debit Card,2499.95,Successful,"2026-06-06 12:00:00"
2443,6538,PayPal,1289.96,Successful,"2026-01-27 12:00:00"
2444,6539,Bank Transfer,3869.94,Successful,"2025-09-19 12:00:00"
2445,6540,Credit Card,1299.99,Successful,"2025-05-12 12:00:00"
2446,6541,Debit Card,899.99,Failed,"2024-02-10 12:00:00"
2447,6542,PayPal,2199.98,Failed,"2026-06-19 12:00:00"
2448,6543,Bank Transfer,2199.98,Failed,"2026-02-09 12:00:00"
2449,6544,Credit Card,3099.97,Failed,"2025-10-02 12:00:00"
2450,6545,Debit Card,949.98,Failed,"2025-05-25 12:00:00"
2451,6546,PayPal,129.96,Successful,"2026-02-22 12:00:00"
2452,6547,Bank Transfer,709.93,Successful,"2025-10-15 12:00:00"
2453,6548,Credit Card,699.96,Successful,"2025-06-07 12:00:00"
2454,6549,Debit Card,639.95,Successful,"2025-01-28 12:00:00"
2455,6550,PayPal,179.99,Successful,"2024-09-20 12:00:00"
2456,6551,Bank Transfer,199.99,Successful,"2026-03-07 12:00:00"
2457,6552,Credit Card,159.96,Pending,"2025-10-28 12:00:00"
2458,6553,Debit Card,459.95,Successful,"2025-06-20 12:00:00"
2459,6554,PayPal,324.97,Successful,"2025-02-10 12:00:00"
2460,6555,Bank Transfer,389.96,Successful,"2024-10-03 12:00:00"
2461,6556,Credit Card,239.96,Successful,"2026-03-20 12:00:00"
2462,6557,Debit Card,819.94,Successful,"2025-11-10 12:00:00"
2463,6558,PayPal,849.96,Successful,"2025-07-03 12:00:00"
2464,6559,Bank Transfer,1549.96,Successful,"2025-02-23 12:00:00"
2465,6560,Credit Card,1399.98,Successful,"2024-10-16 12:00:00"
2466,6561,Debit Card,1099.98,Successful,"2026-04-02 12:00:00"
2467,6562,PayPal,2299.98,Successful,"2025-11-23 12:00:00"
2468,6563,Bank Transfer,559.97,Successful,"2025-07-16 12:00:00"
2469,6564,Credit Card,1899.97,Pending,"2025-03-08 12:00:00"
2470,6565,Debit Card,689.97,Successful,"2024-10-29 12:00:00"
2471,6566,PayPal,2849.98,Successful,"2026-04-15 12:00:00"
2472,6567,Bank Transfer,4399.96,Successful,"2025-12-06 12:00:00"
2473,6568,Credit Card,4149.96,Successful,"2025-07-29 12:00:00"
2474,6569,Debit Card,6449.95,Successful,"2025-03-21 12:00:00"
2475,6570,PayPal,899.99,Successful,"2024-11-11 12:00:00"
2476,6571,Bank Transfer,899.99,Successful,"2026-04-28 12:00:00"
2477,6572,Credit Card,949.98,Successful,"2025-12-19 12:00:00"
2478,6573,Debit Card,109.97,Successful,"2025-08-11 12:00:00"
2479,6574,PayPal,449.97,Successful,"2025-04-03 12:00:00"
2480,6575,Bank Transfer,479.97,Successful,"2024-11-24 12:00:00"
2481,6576,Credit Card,159.98,Successful,"2026-05-11 12:00:00"
2482,6577,Debit Card,339.97,Successful,"2026-01-01 12:00:00"
2483,6578,PayPal,639.96,Successful,"2025-08-24 12:00:00"
2484,6579,Bank Transfer,609.93,Successful,"2025-04-16 12:00:00"
2485,6580,Credit Card,79.99,Successful,"2024-12-07 12:00:00"
2486,6581,Debit Card,74.97,Successful,"2026-05-24 12:00:00"
2487,6582,PayPal,289.97,Successful,"2026-01-14 12:00:00"
2488,6583,Bank Transfer,239.96,Successful,"2025-09-06 12:00:00"
2489,6584,Credit Card,439.96,Successful,"2025-04-29 12:00:00"
2490,6585,Debit Card,549.97,Successful,"2024-12-20 12:00:00"
2491,6586,PayPal,1149.98,Successful,"2026-06-06 12:00:00"
2492,6587,Bank Transfer,2049.97,Successful,"2026-01-27 12:00:00"
2493,6588,Credit Card,2149.96,Successful,"2025-09-19 12:00:00"
2494,6589,Debit Card,4549.94,Successful,"2025-05-12 12:00:00"
2495,6590,PayPal,299.99,Successful,"2025-01-02 12:00:00"
2496,6591,Bank Transfer,1199.98,Pending,"2026-06-19 12:00:00"
2497,6592,Credit Card,689.97,Successful,"2026-02-09 12:00:00"
2498,6593,Debit Card,2849.98,Successful,"2025-10-02 12:00:00"
2499,6594,PayPal,1949.98,Successful,"2025-05-25 12:00:00"
2500,6595,Bank Transfer,3499.97,Successful,"2025-01-15 12:00:00"
2501,6596,Credit Card,2199.98,Successful,"2024-10-10 12:00:00"
2502,6597,Debit Card,4399.95,Successful,"2024-06-02 12:00:00"
2503,6598,PayPal,4149.96,Successful,"2024-01-24 12:00:00"
2504,6599,Bank Transfer,2899.96,Successful,"2026-06-02 12:00:00"
2505,6600,Credit Card,39.98,Successful,"2026-01-23 12:00:00"
2506,6601,Debit Card,399.98,Successful,"2024-10-23 12:00:00"
2507,6602,PayPal,479.97,Successful,"2024-06-15 12:00:00"
2508,6603,Bank Transfer,219.97,Pending,"2024-02-06 12:00:00"
2509,6604,Credit Card,379.97,Successful,"2026-06-15 12:00:00"
2510,6605,Debit Card,279.98,Successful,"2026-02-05 12:00:00"
2511,6606,PayPal,129.97,Successful,"2024-11-05 12:00:00"
2512,6607,Bank Transfer,349.96,Successful,"2024-06-28 12:00:00"
2513,6608,Credit Card,304.95,Successful,"2024-02-19 12:00:00"
2514,6609,Debit Card,644.93,Successful,"2026-06-28 12:00:00"
2515,6610,PayPal,119.99,Successful,"2026-02-18 12:00:00"
2516,6611,Bank Transfer,79.99,Successful,"2024-11-18 12:00:00"
2517,6612,Credit Card,399.98,Successful,"2024-07-11 12:00:00"
2518,6613,Debit Card,1399.97,Successful,"2024-03-03 12:00:00"
2519,6614,PayPal,1599.97,Successful,"2026-07-11 12:00:00"
2520,6615,Bank Transfer,899.98,Pending,"2026-03-03 12:00:00"
2521,6616,Credit Card,3299.97,Successful,"2024-12-01 12:00:00"
2522,6617,Debit Card,2099.96,Successful,"2024-07-24 12:00:00"
2523,6618,PayPal,2299.96,Successful,"2024-03-16 12:00:00"
2524,6619,Bank Transfer,2319.94,Successful,"2026-07-24 12:00:00"
2525,6620,Credit Card,1299.98,Successful,"2026-03-16 12:00:00"
2526,6621,Debit Card,1299.99,Successful,"2024-12-14 12:00:00"
2527,6622,PayPal,2199.98,Successful,"2024-08-06 12:00:00"
2528,6623,Bank Transfer,2199.98,Successful,"2024-03-29 12:00:00"
2529,6624,Credit Card,3099.97,Successful,"2026-08-06 12:00:00"
2530,6625,Debit Card,3499.97,Successful,"2026-03-29 12:00:00"
2531,6626,PayPal,949.98,Successful,"2024-12-27 12:00:00"
2532,6627,Bank Transfer,229.95,Successful,"2024-08-19 12:00:00"
2533,6628,Credit Card,589.95,Successful,"2024-04-11 12:00:00"
2534,6629,Debit Card,729.95,Successful,"2026-08-19 12:00:00"
2535,6630,PayPal,99.99,Successful,"2026-04-11 12:00:00"
2536,6631,Bank Transfer,359.98,Successful,"2025-01-09 12:00:00"
2537,6632,Credit Card,279.98,Successful,"2024-09-01 12:00:00"
2538,6633,Debit Card,429.97,Successful,"2024-04-24 12:00:00"
2539,6634,PayPal,279.97,Successful,"2026-09-01 12:00:00"
2540,6635,Bank Transfer,199.97,Successful,"2026-04-24 12:00:00"
2541,6636,Credit Card,369.96,Successful,"2025-01-22 12:00:00"
2542,6637,Debit Card,539.94,Successful,"2024-09-14 12:00:00"
2543,6638,PayPal,779.95,Successful,"2024-05-07 12:00:00"
2544,6639,Bank Transfer,1079.95,Successful,"2026-09-14 12:00:00"
2545,6640,Credit Card,899.99,Successful,"2026-05-07 12:00:00"
2546,6641,Debit Card,699.99,Failed,"2025-02-04 12:00:00"
2547,6642,PayPal,1249.97,Failed,"2024-09-27 12:00:00"
2548,6643,Bank Transfer,2299.98,Failed,"2024-05-20 12:00:00"
2549,6644,Credit Card,1099.97,Failed,"2024-01-11 12:00:00"
2550,6645,Debit Card,1999.97,Failed,"2026-05-20 12:00:00"
2551,6646,PayPal,839.97,Successful,"2024-06-02 12:00:00"
2552,6647,Bank Transfer,3679.96,Successful,"2024-01-24 12:00:00"
2553,6648,Credit Card,5049.96,Successful,"2026-06-02 12:00:00"
2554,6649,Debit Card,6449.95,Successful,"2026-01-23 12:00:00"
2555,6650,PayPal,899.99,Successful,"2025-09-15 12:00:00"
2556,6651,Bank Transfer,899.99,Successful,"2024-06-15 12:00:00"
2557,6652,Credit Card,2199.98,Pending,"2024-02-06 12:00:00"
2558,6653,Debit Card,949.98,Successful,"2026-06-15 12:00:00"
2559,6654,PayPal,79.98,Successful,"2026-02-05 12:00:00"
2560,6655,Bank Transfer,249.98,Successful,"2025-09-28 12:00:00"
2561,6656,Credit Card,599.96,Successful,"2024-06-28 12:00:00"
2562,6657,Debit Card,399.96,Successful,"2024-02-19 12:00:00"
2563,6658,PayPal,619.95,Successful,"2026-06-28 12:00:00"
2564,6659,Bank Transfer,759.95,Successful,"2026-02-18 12:00:00"
2565,6660,Credit Card,29.99,Successful,"2025-10-11 12:00:00"
2566,6661,Debit Card,79.99,Successful,"2024-07-11 12:00:00"
2567,6662,PayPal,199.97,Successful,"2024-03-03 12:00:00"
2568,6663,Bank Transfer,279.97,Successful,"2026-07-11 12:00:00"
2569,6664,Credit Card,399.96,Pending,"2026-03-03 12:00:00"
2570,6665,Debit Card,199.98,Successful,"2025-10-24 12:00:00"
2571,6666,PayPal,749.97,Successful,"2024-07-24 12:00:00"
2572,6667,Bank Transfer,1649.96,Successful,"2024-03-16 12:00:00"
2573,6668,Credit Card,2049.97,Successful,"2026-07-24 12:00:00"
2574,6669,Debit Card,2399.95,Successful,"2026-03-16 12:00:00"
2575,6670,PayPal,999.99,Successful,"2025-11-06 12:00:00"
2576,6671,Bank Transfer,299.99,Successful,"2024-08-06 12:00:00"
2577,6672,Credit Card,1999.97,Successful,"2024-03-29 12:00:00"
2578,6673,Debit Card,839.97,Successful,"2026-08-06 12:00:00"
2579,6674,PayPal,2849.98,Successful,"2026-03-29 12:00:00"
2580,6675,Bank Transfer,3249.97,Successful,"2025-11-19 12:00:00"
2581,6676,Credit Card,2199.98,Successful,"2024-08-19 12:00:00"
2582,6677,Debit Card,4399.95,Successful,"2024-04-11 12:00:00"
2583,6678,PayPal,4149.96,Successful,"2026-08-19 12:00:00"
2584,6679,Bank Transfer,6449.95,Successful,"2026-04-11 12:00:00"
2585,6680,Credit Card,149.97,Successful,"2025-12-02 12:00:00"
2586,6681,Debit Card,19.99,Successful,"2024-09-01 12:00:00"
2587,6682,PayPal,119.98,Successful,"2024-04-24 12:00:00"
2588,6683,Bank Transfer,419.97,Successful,"2026-09-01 12:00:00"
2589,6684,Credit Card,319.96,Successful,"2026-04-24 12:00:00"
2590,6685,Debit Card,559.96,Successful,"2025-12-15 12:00:00"
2591,6686,PayPal,479.97,Successful,"2024-09-14 12:00:00"
2592,6687,Bank Transfer,269.97,Successful,"2024-05-07 12:00:00"
2593,6688,Credit Card,319.96,Successful,"2026-09-14 12:00:00"
2594,6689,Debit Card,514.94,Successful,"2026-05-07 12:00:00"
2595,6690,PayPal,99.99,Successful,"2025-12-28 12:00:00"
2596,6691,Bank Transfer,239.98,Pending,"2024-09-27 12:00:00"
2597,6692,Credit Card,199.98,Successful,"2024-05-20 12:00:00"
2598,6693,Debit Card,449.98,Successful,"2024-01-11 12:00:00"
2599,6694,PayPal,1399.97,Successful,"2026-05-20 12:00:00"
2600,6695,Bank Transfer,1149.98,Successful,"2026-01-10 12:00:00"
2601,6696,Credit Card,899.98,Successful,"2024-01-24 12:00:00"
2602,6697,Debit Card,4149.96,Successful,"2026-06-02 12:00:00"
2603,6698,PayPal,2299.96,Successful,"2026-01-23 12:00:00"
2604,6699,Bank Transfer,1759.95,Successful,"2025-09-15 12:00:00"
2605,6700,Credit Card,179.99,Successful,"2025-05-08 12:00:00"
2606,6701,Debit Card,649.99,Pending,"2024-02-06 12:00:00"
2607,6702,PayPal,1949.98,Successful,"2026-06-15 12:00:00"
2608,6703,Bank Transfer,2199.98,Successful,"2026-02-05 12:00:00"
2609,6704,Credit Card,3099.97,Successful,"2025-09-28 12:00:00"
2610,6705,Debit Card,3499.97,Successful,"2025-05-21 12:00:00"
2611,6706,PayPal,2199.98,Successful,"2024-02-19 12:00:00"
2612,6707,Bank Transfer,3249.94,Successful,"2026-06-28 12:00:00"
2613,6708,Credit Card,249.95,Successful,"2026-02-18 12:00:00"
2614,6709,Debit Card,299.93,Successful,"2025-10-11 12:00:00"
2615,6710,PayPal,179.99,Successful,"2025-06-03 12:00:00"
2616,6711,Bank Transfer,199.98,Successful,"2024-03-03 12:00:00"
2617,6712,Credit Card,459.97,Successful,"2026-07-11 12:00:00"
2618,6713,Debit Card,479.97,Pending,"2026-03-03 12:00:00"
2619,6714,PayPal,229.98,Successful,"2025-10-24 12:00:00"
2620,6715,Bank Transfer,239.97,Successful,"2025-06-16 12:00:00"
2621,6716,Credit Card,174.98,Successful,"2024-03-16 12:00:00"
2622,6717,Debit Card,214.97,Successful,"2026-07-24 12:00:00"
2623,6718,PayPal,579.94,Successful,"2026-03-16 12:00:00"
2624,6719,Bank Transfer,469.96,Successful,"2025-11-06 12:00:00"
2625,6720,Credit Card,149.99,Successful,"2025-06-29 12:00:00"
2626,6721,Debit Card,899.99,Successful,"2024-03-29 12:00:00"
2627,6722,PayPal,1149.98,Successful,"2026-08-06 12:00:00"
2628,6723,Bank Transfer,899.98,Successful,"2026-03-29 12:00:00"
2629,6724,Credit Card,2299.98,Successful,"2025-11-19 12:00:00"
2630,6725,Debit Card,1299.97,Pending,"2025-07-12 12:00:00"
2631,6726,PayPal,999.98,Successful,"2024-04-11 12:00:00"
2632,6727,Bank Transfer,1709.96,Successful,"2026-08-19 12:00:00"
2633,6728,Credit Card,5409.95,Successful,"2026-04-11 12:00:00"
2634,6729,Debit Card,7749.95,Successful,"2025-12-02 12:00:00"
2635,6730,PayPal,899.99,Successful,"2025-07-25 12:00:00"
2636,6731,Bank Transfer,899.99,Successful,"2024-04-24 12:00:00"
2637,6732,Credit Card,2199.98,Successful,"2026-09-01 12:00:00"
2638,6733,Debit Card,2199.98,Successful,"2026-04-24 12:00:00"
2639,6734,PayPal,1899.96,Successful,"2025-12-15 12:00:00"
2640,6735,Bank Transfer,199.96,Successful,"2025-08-07 12:00:00"
2641,6736,Credit Card,219.96,Successful,"2024-05-07 12:00:00"
2642,6737,Debit Card,819.95,Successful,"2026-09-14 12:00:00"
2643,6738,PayPal,439.96,Successful,"2026-05-07 12:00:00"
2644,6739,Bank Transfer,459.95,Successful,"2025-12-28 12:00:00"
2645,6740,Credit Card,399.98,Successful,"2025-08-20 12:00:00"
2646,6741,Debit Card,29.99,Failed,"2024-05-20 12:00:00"
2647,6742,PayPal,169.98,Failed,"2024-01-11 12:00:00"
2648,6743,Bank Transfer,174.98,Failed,"2026-05-20 12:00:00"
2649,6744,Credit Card,189.98,Failed,"2026-01-10 12:00:00"
2650,6745,Debit Card,159.98,Failed,"2025-09-02 12:00:00"
2651,6746,PayPal,279.97,Successful,"2026-06-02 12:00:00"
2652,6747,Bank Transfer,609.96,Successful,"2026-01-23 12:00:00"
2653,6748,Credit Card,799.96,Successful,"2025-09-15 12:00:00"
2654,6749,Debit Card,2299.96,Successful,"2025-05-08 12:00:00"
2655,6750,PayPal,549.99,Successful,"2024-12-29 12:00:00"
2656,6751,Bank Transfer,999.99,Successful,"2026-06-15 12:00:00"
2657,6752,Credit Card,799.98,Successful,"2026-02-05 12:00:00"
2658,6753,Debit Card,999.98,Successful,"2025-09-28 12:00:00"
2659,6754,PayPal,509.98,Successful,"2025-05-21 12:00:00"
2660,6755,Bank Transfer,2849.98,Successful,"2025-01-11 12:00:00"
2661,6756,Credit Card,1949.98,Successful,"2026-06-28 12:00:00"
2662,6757,Debit Card,4399.95,Successful,"2026-02-18 12:00:00"
2663,6758,PayPal,4149.96,Successful,"2025-10-11 12:00:00"
2664,6759,Bank Transfer,6449.95,Successful,"2025-06-03 12:00:00"
2665,6760,Credit Card,899.99,Successful,"2025-01-24 12:00:00"
2666,6761,Debit Card,99.98,Successful,"2026-07-11 12:00:00"
2667,6762,PayPal,139.97,Pending,"2026-03-03 12:00:00"
2668,6763,Bank Transfer,219.96,Successful,"2025-10-24 12:00:00"
2669,6764,Credit Card,519.97,Successful,"2025-06-16 12:00:00"
2670,6765,Debit Card,259.97,Successful,"2025-02-06 12:00:00"
2671,6766,PayPal,279.98,Successful,"2026-07-24 12:00:00"
2672,6767,Bank Transfer,539.96,Successful,"2026-03-16 12:00:00"
2673,6768,Credit Card,309.96,Successful,"2025-11-06 12:00:00"
2674,6769,Debit Card,629.94,Successful,"2025-06-29 12:00:00"
2675,6770,PayPal,24.99,Successful,"2025-02-19 12:00:00"
2676,6771,Bank Transfer,99.99,Successful,"2026-08-06 12:00:00"
2677,6772,Credit Card,159.98,Successful,"2026-03-29 12:00:00"
2678,6773,Debit Card,279.97,Successful,"2025-11-19 12:00:00"
2679,6774,PayPal,599.97,Pending,"2025-07-12 12:00:00"
2680,6775,Bank Transfer,499.98,Successful,"2025-03-04 12:00:00"
2681,6776,Credit Card,1149.98,Successful,"2026-08-19 12:00:00"
2682,6777,Debit Card,1599.97,Successful,"2026-04-11 12:00:00"
2683,6778,PayPal,3399.96,Successful,"2025-12-02 12:00:00"
2684,6779,Bank Transfer,4099.95,Successful,"2025-07-25 12:00:00"
2685,6780,Credit Card,699.99,Successful,"2025-03-17 12:00:00"
2686,6781,Debit Card,329.99,Successful,"2026-09-01 12:00:00"
2687,6782,PayPal,2849.98,Successful,"2026-04-24 12:00:00"
2688,6783,Bank Transfer,1949.98,Successful,"2025-12-15 12:00:00"
2689,6784,Credit Card,3099.97,Successful,"2025-08-07 12:00:00"
2690,6785,Debit Card,3499.97,Successful,"2025-03-30 12:00:00"
2691,6786,PayPal,2199.98,Successful,"2026-09-14 12:00:00"
2692,6787,Bank Transfer,4399.95,Successful,"2026-05-07 12:00:00"
2693,6788,Credit Card,3549.96,Successful,"2025-12-28 12:00:00"
2694,6789,Debit Card,1129.93,Successful,"2025-08-20 12:00:00"
2695,6790,PayPal,99.98,Successful,"2025-04-12 12:00:00"
2696,6791,Bank Transfer,119.99,Successful,"2024-01-11 12:00:00"
2697,6792,Credit Card,159.98,Successful,"2026-05-20 12:00:00"
2698,6793,Debit Card,279.98,Successful,"2026-01-10 12:00:00"
2699,6794,PayPal,359.97,Successful,"2025-09-02 12:00:00"
2700,6795,Bank Transfer,289.96,Successful,"2025-04-25 12:00:00"
2701,6796,Credit Card,169.98,Successful,"2026-01-23 12:00:00"
2702,6797,Debit Card,304.96,Successful,"2025-09-15 12:00:00"
2703,6798,PayPal,464.93,Successful,"2025-05-08 12:00:00"
2704,6799,Bank Transfer,629.93,Successful,"2024-12-29 12:00:00"
2705,6800,Credit Card,159.98,Successful,"2024-08-21 12:00:00"
2706,6801,Debit Card,299.98,Successful,"2026-02-05 12:00:00"
2707,6802,PayPal,499.98,Successful,"2025-09-28 12:00:00"
2708,6803,Bank Transfer,1849.97,Successful,"2025-05-21 12:00:00"
2709,6804,Credit Card,899.98,Successful,"2025-01-11 12:00:00"
2710,6805,Debit Card,2299.98,Successful,"2024-09-03 12:00:00"
2711,6806,PayPal,799.98,Successful,"2026-02-18 12:00:00"
2712,6807,Bank Transfer,1429.96,Successful,"2025-10-11 12:00:00"
2713,6808,Credit Card,2329.96,Successful,"2025-06-03 12:00:00"
2714,6809,Debit Card,3869.94,Successful,"2025-01-24 12:00:00"
2715,6810,PayPal,1299.99,Successful,"2024-09-16 12:00:00"
2716,6811,Bank Transfer,899.99,Pending,"2026-03-03 12:00:00"
2717,6812,Credit Card,2199.98,Successful,"2025-10-24 12:00:00"
2718,6813,Debit Card,2199.98,Successful,"2025-06-16 12:00:00"
2719,6814,PayPal,3099.97,Successful,"2025-02-06 12:00:00"
2720,6815,Bank Transfer,949.98,Successful,"2024-09-29 12:00:00"
2721,6816,Credit Card,119.96,Successful,"2026-03-16 12:00:00"
2722,6817,Debit Card,329.94,Successful,"2025-11-06 12:00:00"
2723,6818,PayPal,569.96,Successful,"2025-06-29 12:00:00"
2724,6819,Bank Transfer,639.95,Successful,"2025-02-19 12:00:00"
2725,6820,Credit Card,179.99,Successful,"2024-10-12 12:00:00"
2726,6821,Debit Card,199.99,Successful,"2026-03-29 12:00:00"
2727,6822,PayPal,289.96,Successful,"2025-11-19 12:00:00"
2728,6823,Bank Transfer,369.96,Pending,"2025-07-12 12:00:00"
2729,6824,Credit Card,104.98,Successful,"2025-03-04 12:00:00"
2730,6825,Debit Card,389.96,Successful,"2024-10-25 12:00:00"
2731,6826,PayPal,239.96,Successful,"2026-04-11 12:00:00"
2732,6827,Bank Transfer,979.93,Successful,"2025-12-02 12:00:00"
2733,6828,Credit Card,679.96,Successful,"2025-07-25 12:00:00"
2734,6829,Debit Card,1249.95,Successful,"2025-03-17 12:00:00"
2735,6830,PayPal,449.99,Successful,"2024-11-07 12:00:00"
2736,6831,Bank Transfer,1099.98,Successful,"2026-04-24 12:00:00"
2737,6832,Credit Card,2299.98,Successful,"2025-12-15 12:00:00"
2738,6833,Debit Card,799.98,Successful,"2025-08-07 12:00:00"
2739,6834,PayPal,1299.97,Successful,"2025-03-30 12:00:00"
2740,6835,Bank Transfer,929.98,Pending,"2024-11-20 12:00:00"
2741,6836,Credit Card,2849.98,Successful,"2026-05-07 12:00:00"
2742,6837,Debit Card,4399.96,Successful,"2025-12-28 12:00:00"
2743,6838,PayPal,4149.96,Successful,"2025-08-20 12:00:00"
2744,6839,Bank Transfer,6449.95,Successful,"2025-04-12 12:00:00"
2745,6840,Credit Card,899.99,Successful,"2024-12-03 12:00:00"
2746,6841,Debit Card,899.99,Failed,"2026-05-20 12:00:00"
2747,6842,PayPal,949.98,Failed,"2026-01-10 12:00:00"
2748,6843,Bank Transfer,99.97,Failed,"2025-09-02 12:00:00"
2749,6844,Credit Card,259.96,Failed,"2025-04-25 12:00:00"
2750,6845,Debit Card,319.98,Failed,"2024-12-16 12:00:00"
2751,6846,PayPal,459.97,Successful,"2025-09-15 12:00:00"
2752,6847,Bank Transfer,339.97,Successful,"2025-05-08 12:00:00"
2753,6848,Credit Card,639.96,Successful,"2024-12-29 12:00:00"
2754,6849,Debit Card,619.93,Successful,"2024-08-21 12:00:00"
2755,6850,PayPal,299.97,Successful,"2024-04-13 12:00:00"
2756,6851,Bank Transfer,74.97,Successful,"2025-09-28 12:00:00"
2757,6852,Credit Card,289.97,Successful,"2025-05-21 12:00:00"
2758,6853,Debit Card,239.96,Successful,"2025-01-11 12:00:00"
2759,6854,PayPal,439.96,Successful,"2024-09-03 12:00:00"
2760,6855,Bank Transfer,899.96,Successful,"2024-04-26 12:00:00"
2761,6856,Credit Card,749.97,Successful,"2025-10-11 12:00:00"
2762,6857,Debit Card,1849.96,Successful,"2025-06-03 12:00:00"
2763,6858,PayPal,2149.96,Successful,"2025-01-24 12:00:00"
2764,6859,Bank Transfer,4549.94,Successful,"2024-09-16 12:00:00"
2765,6860,Credit Card,299.99,Successful,"2024-05-09 12:00:00"
2766,6861,Debit Card,1399.98,Successful,"2025-10-24 12:00:00"
2767,6862,PayPal,929.98,Successful,"2025-06-16 12:00:00"
2768,6863,Bank Transfer,2379.98,Successful,"2025-02-06 12:00:00"
2769,6864,Credit Card,1949.98,Successful,"2024-09-29 12:00:00"
2770,6865,Debit Card,3499.97,Successful,"2024-05-22 12:00:00"
2771,6866,PayPal,2199.98,Successful,"2025-11-06 12:00:00"
2772,6867,Bank Transfer,4399.95,Successful,"2025-06-29 12:00:00"
2773,6868,Credit Card,4149.96,Successful,"2025-02-19 12:00:00"
2774,6869,Debit Card,2899.96,Successful,"2024-10-12 12:00:00"
2775,6870,PayPal,39.98,Successful,"2024-06-04 12:00:00"
2776,6871,Bank Transfer,49.99,Successful,"2025-11-19 12:00:00"
2777,6872,Credit Card,319.98,Pending,"2025-07-12 12:00:00"
2778,6873,Debit Card,279.98,Successful,"2025-03-04 12:00:00"
2779,6874,PayPal,379.97,Successful,"2024-10-25 12:00:00"
2780,6875,Bank Transfer,279.98,Successful,"2024-06-17 12:00:00"
2781,6876,Credit Card,459.96,Successful,"2025-12-02 12:00:00"
2782,6877,Debit Card,299.96,Successful,"2025-07-25 12:00:00"
2783,6878,PayPal,254.95,Successful,"2025-03-17 12:00:00"
2784,6879,Bank Transfer,684.92,Successful,"2024-11-07 12:00:00"
2785,6880,Credit Card,119.99,Successful,"2024-06-30 12:00:00"
2786,6881,Debit Card,79.99,Successful,"2025-12-15 12:00:00"
2787,6882,PayPal,749.97,Successful,"2025-08-07 12:00:00"
2788,6883,Bank Transfer,999.96,Successful,"2025-03-30 12:00:00"
2789,6884,Credit Card,1799.97,Pending,"2024-11-20 12:00:00"
2790,6885,Debit Card,899.98,Successful,"2024-07-13 12:00:00"
2791,6886,PayPal,3299.97,Successful,"2025-12-28 12:00:00"
2792,6887,Bank Transfer,2099.96,Successful,"2025-08-20 12:00:00"
2793,6888,Credit Card,1829.96,Successful,"2025-04-12 12:00:00"
2794,6889,Debit Card,2259.95,Successful,"2024-12-03 12:00:00"
2795,6890,PayPal,2199.99,Successful,"2024-07-26 12:00:00"
2796,6891,Bank Transfer,1299.99,Successful,"2026-01-10 12:00:00"
2797,6892,Credit Card,2199.98,Successful,"2025-09-02 12:00:00"
2798,6893,Debit Card,2199.98,Successful,"2025-04-25 12:00:00"
2799,6894,PayPal,3099.97,Successful,"2024-12-16 12:00:00"
2800,6895,Bank Transfer,3499.97,Successful,"2024-08-08 12:00:00"
2801,6896,Credit Card,949.98,Successful,"2025-05-08 12:00:00"
2802,6897,Debit Card,229.95,Successful,"2024-12-29 12:00:00"
2803,6898,PayPal,209.96,Successful,"2024-08-21 12:00:00"
2804,6899,Bank Transfer,439.96,Successful,"2024-04-13 12:00:00"
2805,6900,Credit Card,99.99,Successful,"2026-08-21 12:00:00"
2806,6901,Debit Card,359.98,Successful,"2025-05-21 12:00:00"
2807,6902,PayPal,279.98,Successful,"2025-01-11 12:00:00"
2808,6903,Bank Transfer,429.97,Successful,"2024-09-03 12:00:00"
2809,6904,Credit Card,409.95,Successful,"2024-04-26 12:00:00"
2810,6905,Debit Card,129.97,Successful,"2026-09-03 12:00:00"
2811,6906,PayPal,294.96,Successful,"2025-06-03 12:00:00"
2812,6907,Bank Transfer,539.94,Successful,"2025-01-24 12:00:00"
2813,6908,Credit Card,779.95,Successful,"2024-09-16 12:00:00"
2814,6909,Debit Card,949.95,Successful,"2024-05-09 12:00:00"
2815,6910,PayPal,499.98,Successful,"2026-09-16 12:00:00"
2816,6911,Bank Transfer,899.98,Successful,"2025-06-16 12:00:00"
2817,6912,Credit Card,1399.97,Successful,"2025-02-06 12:00:00"
2818,6913,Debit Card,2299.98,Successful,"2024-09-29 12:00:00"
2819,6914,PayPal,1099.97,Successful,"2024-05-22 12:00:00"
2820,6915,Bank Transfer,1699.97,Successful,"2024-01-13 12:00:00"
2821,6916,Credit Card,1259.97,Successful,"2025-06-29 12:00:00"
2822,6917,Debit Card,2709.97,Successful,"2025-02-19 12:00:00"
2823,6918,PayPal,5049.96,Successful,"2024-10-12 12:00:00"
2824,6919,Bank Transfer,6449.95,Successful,"2024-06-04 12:00:00"
2825,6920,Credit Card,899.99,Successful,"2024-01-26 12:00:00"
2826,6921,Debit Card,899.99,Pending,"2025-07-12 12:00:00"
2827,6922,PayPal,2199.98,Successful,"2025-03-04 12:00:00"
2828,6923,Bank Transfer,949.98,Successful,"2024-10-25 12:00:00"
2829,6924,Credit Card,79.98,Successful,"2024-06-17 12:00:00"
2830,6925,Debit Card,119.98,Successful,"2024-02-08 12:00:00"
2831,6926,PayPal,439.97,Successful,"2025-07-25 12:00:00"
2832,6927,Bank Transfer,519.96,Successful,"2025-03-17 12:00:00"
2833,6928,Credit Card,319.96,Successful,"2024-11-07 12:00:00"
2834,6929,Debit Card,759.95,Successful,"2024-06-30 12:00:00"
2835,6930,PayPal,29.99,Successful,"2024-02-21 12:00:00"
2836,6931,Bank Transfer,99.99,Successful,"2025-08-07 12:00:00"
2837,6932,Credit Card,289.95,Successful,"2025-03-30 12:00:00"
2838,6933,Debit Card,204.97,Pending,"2024-11-20 12:00:00"
2839,6934,PayPal,399.96,Successful,"2024-07-13 12:00:00"
2840,6935,Bank Transfer,199.98,Successful,"2024-03-05 12:00:00"
2841,6936,Credit Card,749.97,Successful,"2025-08-20 12:00:00"
2842,6937,Debit Card,899.96,Successful,"2025-04-12 12:00:00"
2843,6938,PayPal,1599.97,Successful,"2024-12-03 12:00:00"
2844,6939,Bank Transfer,2749.95,Successful,"2024-07-26 12:00:00"
2845,6940,Credit Card,999.99,Successful,"2024-03-18 12:00:00"
2846,6941,Debit Card,299.99,Failed,"2025-09-02 12:00:00"
2847,6942,PayPal,1699.97,Failed,"2025-04-25 12:00:00"
2848,6943,Bank Transfer,1259.97,Failed,"2024-12-16 12:00:00"
2849,6944,Credit Card,2379.98,Failed,"2024-08-08 12:00:00"
2850,6945,Debit Card,2449.98,Failed,"2024-03-31 12:00:00"
2851,6946,PayPal,2199.98,Successful,"2024-12-29 12:00:00"
2852,6947,Bank Transfer,4399.95,Successful,"2024-08-21 12:00:00"
2853,6948,Credit Card,4149.96,Successful,"2024-04-13 12:00:00"
2854,6949,Debit Card,6449.95,Successful,"2026-08-21 12:00:00"
2855,6950,PayPal,149.97,Successful,"2026-04-13 12:00:00"
2856,6951,Bank Transfer,19.99,Successful,"2025-01-11 12:00:00"
2857,6952,Credit Card,119.98,Successful,"2024-09-03 12:00:00"
2858,6953,Debit Card,439.97,Successful,"2024-04-26 12:00:00"
2859,6954,PayPal,379.97,Successful,"2026-09-03 12:00:00"
2860,6955,Bank Transfer,259.97,Pending,"2026-04-26 12:00:00"
2861,6956,Credit Card,479.97,Successful,"2025-01-24 12:00:00"
2862,6957,Debit Card,269.97,Successful,"2024-09-16 12:00:00"
2863,6958,PayPal,269.96,Successful,"2024-05-09 12:00:00"
2864,6959,Bank Transfer,434.94,Successful,"2026-09-16 12:00:00"
2865,6960,Credit Card,179.98,Successful,"2026-05-09 12:00:00"
2866,6961,Debit Card,239.98,Successful,"2025-02-06 12:00:00"
2867,6962,PayPal,199.98,Successful,"2024-09-29 12:00:00"
2868,6963,Bank Transfer,449.98,Successful,"2024-05-22 12:00:00"
2869,6964,Credit Card,749.97,Successful,"2024-01-13 12:00:00"
2870,6965,Debit Card,2249.97,Successful,"2026-05-22 12:00:00"
2871,6966,PayPal,1049.98,Successful,"2025-02-19 12:00:00"
2872,6967,Bank Transfer,4149.96,Successful,"2024-10-12 12:00:00"
2873,6968,Credit Card,2299.96,Successful,"2024-06-04 12:00:00"
2874,6969,Debit Card,1759.95,Successful,"2024-01-26 12:00:00"
2875,6970,PayPal,659.98,Successful,"2026-06-04 12:00:00"
2876,6971,Bank Transfer,4399.98,Successful,"2025-03-04 12:00:00"
2877,6972,Credit Card,2449.98,Successful,"2024-10-25 12:00:00"
2878,6973,Debit Card,2199.98,Successful,"2024-06-17 12:00:00"
2879,6974,PayPal,3099.97,Successful,"2024-02-08 12:00:00"
2880,6975,Bank Transfer,3499.97,Successful,"2026-06-17 12:00:00"
2881,6976,Credit Card,2199.98,Successful,"2025-03-17 12:00:00"
2882,6977,Debit Card,4399.95,Successful,"2024-11-07 12:00:00"
2883,6978,PayPal,249.95,Successful,"2024-06-30 12:00:00"
2884,6979,Bank Transfer,299.93,Successful,"2024-02-21 12:00:00"
2885,6980,Credit Card,239.98,Successful,"2026-06-30 12:00:00"
2886,6981,Debit Card,199.98,Successful,"2025-03-30 12:00:00"
2887,6982,PayPal,219.97,Pending,"2024-11-20 12:00:00"
2888,6983,Bank Transfer,479.97,Successful,"2024-07-13 12:00:00"
2889,6984,Credit Card,229.98,Successful,"2024-03-05 12:00:00"
2890,6985,Debit Card,239.97,Successful,"2026-07-13 12:00:00"
2891,6986,PayPal,184.97,Successful,"2025-04-12 12:00:00"
2892,6987,Bank Transfer,564.95,Successful,"2024-12-03 12:00:00"
2893,6988,Credit Card,629.94,Successful,"2024-07-26 12:00:00"
2894,6989,Debit Card,469.96,Successful,"2024-03-18 12:00:00"
2895,6990,PayPal,149.99,Successful,"2026-07-26 12:00:00"
2896,6991,Bank Transfer,249.99,Successful,"2025-04-25 12:00:00"
2897,6992,Credit Card,2249.97,Successful,"2024-12-16 12:00:00"
2898,6993,Debit Card,1749.97,Successful,"2024-08-08 12:00:00"
2899,6994,PayPal,1849.98,Pending,"2024-03-31 12:00:00"
2900,6995,Bank Transfer,1299.97,Successful,"2026-08-08 12:00:00"
2901,6996,Credit Card,999.98,Successful,"2024-08-21 12:00:00"
2902,6997,Debit Card,2229.96,Successful,"2024-04-13 12:00:00"
2903,6998,PayPal,5089.95,Successful,"2026-08-21 12:00:00"
2904,6999,Bank Transfer,6809.94,Successful,"2026-04-13 12:00:00"
2905,7000,Credit Card,899.99,Successful,"2025-12-04 12:00:00"
2906,7001,Debit Card,899.99,Successful,"2024-09-03 12:00:00"
2907,7002,PayPal,2199.98,Successful,"2024-04-26 12:00:00"
2908,7003,Bank Transfer,2199.98,Successful,"2026-09-03 12:00:00"
2909,7004,Credit Card,3099.97,Pending,"2026-04-26 12:00:00"
2910,7005,Debit Card,199.96,Successful,"2025-12-17 12:00:00"
2911,7006,PayPal,219.96,Successful,"2024-09-16 12:00:00"
2912,7007,Bank Transfer,739.94,Successful,"2024-05-09 12:00:00"
2913,7008,Credit Card,499.96,Successful,"2026-09-16 12:00:00"
2914,7009,Debit Card,639.94,Successful,"2026-05-09 12:00:00"
2915,7010,PayPal,159.98,Successful,"2025-12-30 12:00:00"
2916,7011,Bank Transfer,29.99,Successful,"2024-09-29 12:00:00"
2917,7012,Credit Card,169.98,Successful,"2024-05-22 12:00:00"
2918,7013,Debit Card,184.97,Successful,"2024-01-13 12:00:00"
2919,7014,PayPal,114.98,Successful,"2026-05-22 12:00:00"
2920,7015,Bank Transfer,419.96,Successful,"2026-01-12 12:00:00"
2921,7016,Credit Card,279.97,Successful,"2024-10-12 12:00:00"
2922,7017,Debit Card,609.96,Successful,"2024-06-04 12:00:00"
2923,7018,PayPal,799.96,Successful,"2024-01-26 12:00:00"
2924,7019,Bank Transfer,1849.96,Successful,"2026-06-04 12:00:00"
2925,7020,Credit Card,349.99,Successful,"2026-01-25 12:00:00"
2926,7021,Debit Card,1299.99,Successful,"2024-10-25 12:00:00"
2927,7022,PayPal,799.98,Successful,"2024-06-17 12:00:00"
2928,7023,Bank Transfer,999.98,Successful,"2024-02-08 12:00:00"
2929,7024,Credit Card,1529.97,Successful,"2026-06-17 12:00:00"
2930,7025,Debit Card,2559.97,Successful,"2026-02-07 12:00:00"
2931,7026,PayPal,4249.97,Successful,"2024-11-07 12:00:00"
2932,7027,Bank Transfer,4399.95,Successful,"2024-06-30 12:00:00"
2933,7028,Credit Card,4149.96,Successful,"2024-02-21 12:00:00"
2934,7029,Debit Card,6449.95,Successful,"2026-06-30 12:00:00"
2935,7030,PayPal,899.99,Successful,"2026-02-20 12:00:00"
2936,7031,Bank Transfer,899.99,Pending,"2024-11-20 12:00:00"
2937,7032,Credit Card,139.97,Successful,"2024-07-13 12:00:00"
2938,7033,Debit Card,219.96,Successful,"2024-03-05 12:00:00"
2939,7034,PayPal,519.97,Successful,"2026-07-13 12:00:00"
2940,7035,Bank Transfer,559.96,Successful,"2026-03-05 12:00:00"
2941,7036,Credit Card,219.97,Successful,"2024-12-03 12:00:00"
2942,7037,Debit Card,439.96,Successful,"2024-07-26 12:00:00"
2943,7038,PayPal,309.96,Successful,"2024-03-18 12:00:00"
2944,7039,Bank Transfer,629.94,Successful,"2026-07-26 12:00:00"
2945,7040,Credit Card,24.99,Successful,"2026-03-18 12:00:00"
2946,7041,Debit Card,89.99,Failed,"2024-12-16 12:00:00"
2947,7042,PayPal,319.97,Failed,"2024-08-08 12:00:00"
2948,7043,Bank Transfer,349.98,Failed,"2024-03-31 12:00:00"
2949,7044,Credit Card,599.97,Failed,"2026-08-08 12:00:00"
2950,7045,Debit Card,499.98,Failed,"2026-03-31 12:00:00"
2951,7046,PayPal,1349.98,Successful,"2024-04-13 12:00:00"
2952,7047,Bank Transfer,1499.97,Successful,"2026-08-21 12:00:00"
2953,7048,Credit Card,2749.96,Successful,"2026-04-13 12:00:00"
2954,7049,Debit Card,4099.95,Successful,"2025-12-04 12:00:00"
2955,7050,PayPal,699.99,Successful,"2025-07-27 12:00:00"
2956,7051,Bank Transfer,329.99,Successful,"2024-04-26 12:00:00"
2957,7052,Credit Card,2559.97,Successful,"2026-09-03 12:00:00"
2958,7053,Debit Card,2449.98,Pending,"2026-04-26 12:00:00"
2959,7054,PayPal,3099.97,Successful,"2025-12-17 12:00:00"
2960,7055,Bank Transfer,3499.97,Successful,"2025-08-09 12:00:00"
2961,7056,Credit Card,2199.98,Successful,"2024-05-09 12:00:00"
2962,7057,Debit Card,4399.95,Successful,"2026-09-16 12:00:00"
2963,7058,PayPal,4149.96,Successful,"2026-05-09 12:00:00"
2964,7059,Bank Transfer,2309.94,Successful,"2025-12-30 12:00:00"
2965,7060,Credit Card,99.98,Successful,"2025-08-22 12:00:00"
2966,7061,Debit Card,119.99,Successful,"2024-05-22 12:00:00"
2967,7062,PayPal,459.97,Successful,"2024-01-13 12:00:00"
2968,7063,Bank Transfer,219.97,Successful,"2026-05-22 12:00:00"
2969,7064,Credit Card,339.97,Successful,"2026-01-12 12:00:00"
2970,7065,Debit Card,289.96,Pending,"2025-09-04 12:00:00"
2971,7066,PayPal,169.98,Successful,"2024-06-04 12:00:00"
2972,7067,Bank Transfer,304.96,Successful,"2024-01-26 12:00:00"
2973,7068,Credit Card,314.95,Successful,"2026-06-04 12:00:00"
2974,7069,Debit Card,614.93,Successful,"2026-01-25 12:00:00"
2975,7070,PayPal,119.99,Successful,"2025-09-17 12:00:00"
2976,7071,Bank Transfer,299.98,Successful,"2024-06-17 12:00:00"
2977,7072,Credit Card,499.98,Successful,"2024-02-08 12:00:00"
2978,7073,Debit Card,1349.98,Successful,"2026-06-17 12:00:00"
2979,7074,PayPal,1049.98,Successful,"2026-02-07 12:00:00"
2980,7075,Bank Transfer,1849.98,Successful,"2025-09-30 12:00:00"
2981,7076,Credit Card,2499.97,Successful,"2024-06-30 12:00:00"
2982,7077,Debit Card,1429.96,Successful,"2024-02-21 12:00:00"
2983,7078,PayPal,2329.96,Successful,"2026-06-30 12:00:00"
2984,7079,Bank Transfer,3819.94,Successful,"2026-02-20 12:00:00"
2985,7080,Credit Card,1299.98,Successful,"2025-10-13 12:00:00"
2986,7081,Debit Card,899.99,Successful,"2024-07-13 12:00:00"
2987,7082,PayPal,2199.98,Successful,"2024-03-05 12:00:00"
2988,7083,Bank Transfer,2199.98,Successful,"2026-07-13 12:00:00"
2989,7084,Credit Card,3099.97,Successful,"2026-03-05 12:00:00"
2990,7085,Debit Card,3499.97,Successful,"2025-10-26 12:00:00"
2991,7086,PayPal,109.96,Successful,"2024-07-26 12:00:00"
2992,7087,Bank Transfer,329.94,Successful,"2024-03-18 12:00:00"
2993,7088,Credit Card,569.96,Successful,"2026-07-26 12:00:00"
2994,7089,Debit Card,779.95,Successful,"2026-03-18 12:00:00"
2995,7090,PayPal,99.99,Successful,"2025-11-08 12:00:00"
2996,7091,Bank Transfer,159.98,Successful,"2024-08-08 12:00:00"
2997,7092,Credit Card,279.97,Pending,"2024-03-31 12:00:00"
2998,7093,Debit Card,369.96,Successful,"2026-08-08 12:00:00"
2999,7094,PayPal,104.98,Successful,"2026-03-31 12:00:00"
3000,7095,Bank Transfer,139.97,Successful,"2025-11-21 12:00:00"
3001,7096,Credit Card,219.98,Successful,"2025-08-16 12:00:00"
3002,7097,Debit Card,899.93,Successful,"2025-04-08 12:00:00"
3003,7098,PayPal,679.96,Successful,"2024-11-29 12:00:00"
3004,7099,Bank Transfer,1249.95,Successful,"2024-07-22 12:00:00"
3005,7100,Credit Card,449.99,Successful,"2024-03-14 12:00:00"
3006,7101,Debit Card,349.99,Successful,"2025-08-29 12:00:00"
3007,7102,PayPal,1849.98,Successful,"2025-04-21 12:00:00"
3008,7103,Bank Transfer,1499.98,Successful,"2024-12-12 12:00:00"
3009,7104,Credit Card,1299.97,Pending,"2024-08-04 12:00:00"
3010,7105,Debit Card,929.98,Successful,"2024-03-27 12:00:00"
3011,7106,PayPal,2379.98,Successful,"2025-09-11 12:00:00"
3012,7107,Bank Transfer,5299.96,Successful,"2025-05-04 12:00:00"
3013,7108,Credit Card,4149.96,Successful,"2024-12-25 12:00:00"
3014,7109,Debit Card,6449.95,Successful,"2024-08-17 12:00:00"
3015,7110,PayPal,899.99,Successful,"2024-04-09 12:00:00"
3016,7111,Bank Transfer,899.99,Successful,"2025-09-24 12:00:00"
3017,7112,Credit Card,2199.98,Successful,"2025-05-17 12:00:00"
3018,7113,Debit Card,89.97,Successful,"2025-01-07 12:00:00"
3019,7114,PayPal,259.96,Successful,"2024-08-30 12:00:00"
3020,7115,Bank Transfer,319.98,Successful,"2024-04-22 12:00:00"
3021,7116,Credit Card,459.97,Successful,"2025-10-07 12:00:00"
3022,7117,Debit Card,279.96,Successful,"2025-05-30 12:00:00"
3023,7118,PayPal,639.95,Successful,"2025-01-20 12:00:00"
3024,7119,Bank Transfer,739.94,Successful,"2024-09-12 12:00:00"
3025,7120,Credit Card,299.97,Successful,"2024-05-05 12:00:00"
3026,7121,Debit Card,74.97,Successful,"2025-10-20 12:00:00"
3027,7122,PayPal,139.97,Successful,"2025-06-12 12:00:00"
3028,7123,Bank Transfer,219.98,Successful,"2025-02-02 12:00:00"
3029,7124,Credit Card,819.95,Successful,"2024-09-25 12:00:00"
3030,7125,Debit Card,679.97,Successful,"2024-05-18 12:00:00"
3031,7126,PayPal,749.97,Successful,"2025-11-02 12:00:00"
3032,7127,Bank Transfer,1849.96,Successful,"2025-06-25 12:00:00"
3033,7128,Credit Card,1499.97,Successful,"2025-02-15 12:00:00"
3034,7129,Debit Card,3249.95,Successful,"2024-10-08 12:00:00"
3035,7130,PayPal,499.99,Successful,"2024-05-31 12:00:00"
3036,7131,Bank Transfer,1399.98,Pending,"2025-11-15 12:00:00"
3037,7132,Credit Card,929.98,Successful,"2025-07-08 12:00:00"
3038,7133,Debit Card,2379.98,Successful,"2025-02-28 12:00:00"
3039,7134,PayPal,2449.98,Successful,"2024-10-21 12:00:00"
3040,7135,Bank Transfer,3499.97,Successful,"2024-06-13 12:00:00"
3041,7136,Credit Card,2199.98,Successful,"2025-11-28 12:00:00"
3042,7137,Debit Card,4399.95,Successful,"2025-07-21 12:00:00"
3043,7138,PayPal,4149.96,Successful,"2025-03-13 12:00:00"
3044,7139,Bank Transfer,6449.95,Successful,"2024-11-03 12:00:00"
3045,7140,Credit Card,39.98,Successful,"2024-06-26 12:00:00"
3046,7141,Debit Card,139.98,Failed,"2025-12-11 12:00:00"
3047,7142,PayPal,319.98,Failed,"2025-08-03 12:00:00"
3048,7143,Bank Transfer,279.98,Failed,"2025-03-26 12:00:00"
3049,7144,Credit Card,259.97,Failed,"2024-11-16 12:00:00"
3050,7145,Debit Card,439.97,Failed,"2024-07-09 12:00:00"
3051,7146,PayPal,439.97,Successful,"2025-04-08 12:00:00"
3052,7147,Bank Transfer,299.96,Successful,"2024-11-29 12:00:00"
3053,7148,Credit Card,254.95,Successful,"2024-07-22 12:00:00"
3054,7149,Debit Card,684.92,Successful,"2024-03-14 12:00:00"
3055,7150,PayPal,119.99,Successful,"2026-07-22 12:00:00"
3056,7151,Bank Transfer,239.98,Successful,"2025-04-21 12:00:00"
3057,7152,Credit Card,679.97,Successful,"2024-12-12 12:00:00"
3058,7153,Debit Card,999.96,Pending,"2024-08-04 12:00:00"
3059,7154,PayPal,1799.97,Successful,"2024-03-27 12:00:00"
3060,7155,Bank Transfer,1049.98,Successful,"2026-08-04 12:00:00"
3061,7156,Credit Card,1849.98,Successful,"2025-05-04 12:00:00"
3062,7157,Debit Card,4099.96,Successful,"2024-12-25 12:00:00"
3063,7158,PayPal,1429.96,Successful,"2024-08-17 12:00:00"
3064,7159,Bank Transfer,2259.95,Successful,"2024-04-09 12:00:00"
3065,7160,Credit Card,2199.99,Successful,"2026-08-17 12:00:00"
3066,7161,Debit Card,649.99,Successful,"2025-05-17 12:00:00"
3067,7162,PayPal,2199.98,Successful,"2025-01-07 12:00:00"
3068,7163,Bank Transfer,2199.98,Successful,"2024-08-30 12:00:00"
3069,7164,Credit Card,3099.97,Successful,"2024-04-22 12:00:00"
3070,7165,Debit Card,3499.97,Pending,"2026-08-30 12:00:00"
3071,7166,PayPal,2199.98,Successful,"2025-05-30 12:00:00"
3072,7167,Bank Transfer,1969.94,Successful,"2025-01-20 12:00:00"
3073,7168,Credit Card,339.94,Successful,"2024-09-12 12:00:00"
3074,7169,Debit Card,439.96,Successful,"2024-05-05 12:00:00"
3075,7170,PayPal,99.99,Successful,"2026-09-12 12:00:00"
3076,7171,Bank Transfer,199.98,Successful,"2025-06-12 12:00:00"
3077,7172,Credit Card,439.97,Successful,"2025-02-02 12:00:00"
3078,7173,Debit Card,439.97,Successful,"2024-09-25 12:00:00"
3079,7174,PayPal,239.96,Successful,"2024-05-18 12:00:00"
3080,7175,Bank Transfer,129.97,Successful,"2024-01-09 12:00:00"
3081,7176,Credit Card,294.96,Successful,"2025-06-25 12:00:00"
3082,7177,Debit Card,549.95,Successful,"2025-02-15 12:00:00"
3083,7178,PayPal,739.95,Successful,"2024-10-08 12:00:00"
3084,7179,Bank Transfer,1029.95,Successful,"2024-05-31 12:00:00"
3085,7180,Credit Card,499.98,Successful,"2024-01-22 12:00:00"
3086,7181,Debit Card,899.98,Successful,"2025-07-08 12:00:00"
3087,7182,PayPal,1399.97,Successful,"2025-02-28 12:00:00"
3088,7183,Bank Transfer,1849.98,Successful,"2024-10-21 12:00:00"
3089,7184,Credit Card,1499.98,Successful,"2024-06-13 12:00:00"
3090,7185,Debit Card,429.98,Successful,"2024-02-04 12:00:00"
3091,7186,PayPal,1259.97,Successful,"2025-07-21 12:00:00"
3092,7187,Bank Transfer,2709.97,Successful,"2025-03-13 12:00:00"
3093,7188,Credit Card,6849.96,Successful,"2024-11-03 12:00:00"
3094,7189,Debit Card,6449.95,Successful,"2024-06-26 12:00:00"
3095,7190,PayPal,899.99,Successful,"2024-02-17 12:00:00"
3096,7191,Bank Transfer,899.99,Successful,"2025-08-03 12:00:00"
3097,7192,Credit Card,2199.98,Pending,"2025-03-26 12:00:00"
3098,7193,Debit Card,2199.98,Successful,"2024-11-16 12:00:00"
3099,7194,PayPal,119.97,Successful,"2024-07-09 12:00:00"
3100,7195,Bank Transfer,89.98,Successful,"2024-03-01 12:00:00"
3101,7196,Credit Card,439.97,Successful,"2024-11-29 12:00:00"
3102,7197,Debit Card,519.96,Successful,"2024-07-22 12:00:00"
3103,7198,PayPal,319.96,Successful,"2024-03-14 12:00:00"
3104,7199,Bank Transfer,479.95,Successful,"2026-07-22 12:00:00"
3105,7200,Credit Card,399.98,Successful,"2026-03-14 12:00:00"
3106,7201,Debit Card,209.97,Successful,"2024-12-12 12:00:00"
3107,7202,PayPal,289.95,Pending,"2024-08-04 12:00:00"
3108,7203,Bank Transfer,204.97,Successful,"2024-03-27 12:00:00"
3109,7204,Credit Card,459.96,Successful,"2026-08-04 12:00:00"
3110,7205,Debit Card,349.98,Successful,"2026-03-27 12:00:00"
3111,7206,PayPal,759.96,Successful,"2024-12-25 12:00:00"
3112,7207,Bank Transfer,949.96,Successful,"2024-08-17 12:00:00"
3113,7208,Credit Card,1599.97,Successful,"2024-04-09 12:00:00"
3114,7209,Debit Card,2749.95,Successful,"2026-08-17 12:00:00"
3115,7210,PayPal,2599.98,Successful,"2026-04-09 12:00:00"
3116,7211,Bank Transfer,499.99,Successful,"2025-01-07 12:00:00"
3117,7212,Credit Card,559.97,Successful,"2024-08-30 12:00:00"
3118,7213,Debit Card,1259.97,Successful,"2024-04-22 12:00:00"
3119,7214,PayPal,2379.98,Pending,"2026-08-30 12:00:00"
3120,7215,Bank Transfer,2449.98,Successful,"2026-04-22 12:00:00"
3121,7216,Credit Card,2199.98,Successful,"2025-01-20 12:00:00"
3122,7217,Debit Card,4399.95,Successful,"2024-09-12 12:00:00"
3123,7218,PayPal,4149.96,Successful,"2024-05-05 12:00:00"
3124,7219,Bank Transfer,6449.95,Successful,"2026-09-12 12:00:00"
3125,7220,Credit Card,899.99,Successful,"2026-05-05 12:00:00"
3126,7221,Debit Card,19.99,Successful,"2025-02-02 12:00:00"
3127,7222,PayPal,89.98,Successful,"2024-09-25 12:00:00"
3128,7223,Bank Transfer,349.96,Successful,"2024-05-18 12:00:00"
3129,7224,Credit Card,379.97,Successful,"2024-01-09 12:00:00"
3130,7225,Debit Card,259.97,Successful,"2026-05-18 12:00:00"
3131,7226,PayPal,259.98,Successful,"2025-02-15 12:00:00"
3132,7227,Bank Transfer,399.96,Successful,"2024-10-08 12:00:00"
3133,7228,Credit Card,369.96,Successful,"2024-05-31 12:00:00"
3134,7229,Debit Card,434.94,Successful,"2024-01-22 12:00:00"
3135,7230,PayPal,179.98,Successful,"2026-05-31 12:00:00"
3136,7231,Bank Transfer,239.98,Successful,"2025-02-28 12:00:00"
3137,7232,Credit Card,349.98,Successful,"2024-10-21 12:00:00"
3138,7233,Debit Card,459.97,Successful,"2024-06-13 12:00:00"
3139,7234,PayPal,799.96,Successful,"2024-02-04 12:00:00"
3140,7235,Bank Transfer,2249.97,Successful,"2026-06-13 12:00:00"
3141,7236,Credit Card,1049.98,Successful,"2025-03-13 12:00:00"
3142,7237,Debit Card,3499.96,Successful,"2024-11-03 12:00:00"
3143,7238,PayPal,3299.96,Successful,"2024-06-26 12:00:00"
3144,7239,Bank Transfer,3059.94,Successful,"2024-02-17 12:00:00"
3145,7240,Credit Card,1199.98,Successful,"2026-06-26 12:00:00"
3146,7241,Debit Card,4399.98,Failed,"2025-03-26 12:00:00"
3147,7242,PayPal,2449.98,Failed,"2024-11-16 12:00:00"
3148,7243,Bank Transfer,2199.98,Failed,"2024-07-09 12:00:00"
3149,7244,Credit Card,3099.97,Failed,"2024-03-01 12:00:00"
3150,7245,Debit Card,3499.97,Failed,"2026-07-09 12:00:00"
3151,7246,PayPal,2199.98,Successful,"2024-07-22 12:00:00"
3152,7247,Bank Transfer,4399.95,Successful,"2024-03-14 12:00:00"
3153,7248,Credit Card,969.97,Successful,"2026-07-22 12:00:00"
3154,7249,Debit Card,299.93,Successful,"2026-03-14 12:00:00"
3155,7250,PayPal,199.99,Successful,"2025-11-04 12:00:00"
3156,7251,Bank Transfer,199.98,Pending,"2024-08-04 12:00:00"
3157,7252,Credit Card,219.97,Successful,"2024-03-27 12:00:00"
3158,7253,Debit Card,259.98,Successful,"2026-08-04 12:00:00"
3159,7254,PayPal,239.98,Successful,"2026-03-27 12:00:00"
3160,7255,Bank Transfer,229.95,Successful,"2025-11-17 12:00:00"
3161,7256,Credit Card,259.97,Successful,"2024-08-17 12:00:00"
3162,7257,Debit Card,564.95,Successful,"2024-04-09 12:00:00"
3163,7258,PayPal,629.94,Successful,"2026-08-17 12:00:00"
3164,7259,Bank Transfer,589.95,Successful,"2026-04-09 12:00:00"
3165,7260,Credit Card,299.99,Successful,"2025-11-30 12:00:00"
3166,7261,Debit Card,249.99,Successful,"2024-08-30 12:00:00"
3167,7262,PayPal,2249.97,Successful,"2024-04-22 12:00:00"
3168,7263,Bank Transfer,1749.97,Pending,"2026-08-30 12:00:00"
3169,7264,Credit Card,1849.98,Successful,"2026-04-22 12:00:00"
3170,7265,Debit Card,1999.97,Successful,"2025-12-13 12:00:00"
3171,7266,PayPal,559.97,Successful,"2024-09-12 12:00:00"
3172,7267,Bank Transfer,2499.95,Successful,"2024-05-05 12:00:00"
3173,7268,Credit Card,5089.95,Successful,"2026-09-12 12:00:00"
3174,7269,Debit Card,6809.94,Successful,"2026-05-05 12:00:00"
3175,7270,PayPal,899.99,Successful,"2025-12-26 12:00:00"
3176,7271,Bank Transfer,899.99,Successful,"2024-09-25 12:00:00"
3177,7272,Credit Card,2199.98,Successful,"2024-05-18 12:00:00"
3178,7273,Debit Card,2199.98,Successful,"2024-01-09 12:00:00"
3179,7274,PayPal,3099.97,Successful,"2026-05-18 12:00:00"
3180,7275,Bank Transfer,69.98,Pending,"2026-01-08 12:00:00"
3181,7276,Credit Card,129.96,Successful,"2024-10-08 12:00:00"
3182,7277,Debit Card,709.93,Successful,"2024-05-31 12:00:00"
3183,7278,PayPal,499.96,Successful,"2024-01-22 12:00:00"
3184,7279,Bank Transfer,639.94,Successful,"2026-05-31 12:00:00"
3185,7280,Credit Card,159.98,Successful,"2026-01-21 12:00:00"
3186,7281,Debit Card,199.99,Successful,"2024-10-21 12:00:00"
3187,7282,PayPal,159.96,Successful,"2024-06-13 12:00:00"
3188,7283,Bank Transfer,459.95,Successful,"2024-02-04 12:00:00"
3189,7284,Credit Card,114.98,Successful,"2026-06-13 12:00:00"
3190,7285,Debit Card,419.96,Successful,"2026-02-03 12:00:00"
3191,7286,PayPal,349.98,Successful,"2024-11-03 12:00:00"
3192,7287,Bank Transfer,819.94,Successful,"2024-06-26 12:00:00"
3193,7288,Credit Card,849.96,Successful,"2024-02-17 12:00:00"
3194,7289,Debit Card,1549.96,Successful,"2026-06-26 12:00:00"
3195,7290,PayPal,349.99,Successful,"2026-02-16 12:00:00"
3196,7291,Bank Transfer,1299.99,Successful,"2024-11-16 12:00:00"
3197,7292,Credit Card,1499.98,Successful,"2024-07-09 12:00:00"
3198,7293,Debit Card,559.97,Successful,"2024-03-01 12:00:00"
3199,7294,PayPal,1899.97,Successful,"2026-07-09 12:00:00"
3200,7295,Bank Transfer,2559.97,Successful,"2026-03-01 12:00:00"
3201,7296,Credit Card,4249.97,Successful,"2024-03-14 12:00:00"
3202,7297,Debit Card,4399.95,Successful,"2026-07-22 12:00:00"
3203,7298,PayPal,4149.96,Successful,"2026-03-14 12:00:00"
3204,7299,Bank Transfer,6449.95,Successful,"2025-11-04 12:00:00"
3205,7300,Credit Card,899.99,Successful,"2025-06-27 12:00:00"
3206,7301,Debit Card,899.99,Successful,"2024-03-27 12:00:00"
3207,7302,PayPal,69.98,Successful,"2026-08-04 12:00:00"
3208,7303,Bank Transfer,109.97,Successful,"2026-03-27 12:00:00"
3209,7304,Credit Card,449.97,Successful,"2025-11-17 12:00:00"
3210,7305,Debit Card,479.97,Successful,"2025-07-10 12:00:00"
3211,7306,PayPal,219.97,Successful,"2024-04-09 12:00:00"
3212,7307,Bank Transfer,439.96,Successful,"2026-08-17 12:00:00"
3213,7308,Credit Card,359.96,Successful,"2026-04-09 12:00:00"
3214,7309,Debit Card,609.93,Successful,"2025-11-30 12:00:00"
3215,7310,PayPal,79.99,Successful,"2025-07-23 12:00:00"
3216,7311,Bank Transfer,89.99,Successful,"2024-04-22 12:00:00"
3217,7312,Credit Card,319.97,Pending,"2026-08-30 12:00:00"
3218,7313,Debit Card,349.98,Successful,"2026-04-22 12:00:00"
3219,7314,PayPal,379.98,Successful,"2025-12-13 12:00:00"
3220,7315,Bank Transfer,549.97,Successful,"2025-08-05 12:00:00"
3221,7316,Credit Card,1149.98,Successful,"2024-05-05 12:00:00"
3222,7317,Debit Card,1499.97,Successful,"2026-09-12 12:00:00"
3223,7318,PayPal,2749.96,Successful,"2026-05-05 12:00:00"
3224,7319,Bank Transfer,4349.95,Successful,"2025-12-26 12:00:00"
3225,7320,Credit Card,299.99,Successful,"2025-08-18 12:00:00"
3226,7321,Debit Card,1199.98,Successful,"2024-05-18 12:00:00"
3227,7322,PayPal,689.97,Successful,"2024-01-09 12:00:00"
3228,7323,Bank Transfer,2449.98,Successful,"2026-05-18 12:00:00"
3229,7324,Credit Card,3099.97,Pending,"2026-01-08 12:00:00"
3230,7325,Debit Card,3499.97,Successful,"2025-08-31 12:00:00"
3231,7326,PayPal,2199.98,Successful,"2024-05-31 12:00:00"
3232,7327,Bank Transfer,4399.95,Successful,"2024-01-22 12:00:00"
3233,7328,Credit Card,4149.96,Successful,"2026-05-31 12:00:00"
3234,7329,Debit Card,2309.94,Successful,"2026-01-21 12:00:00"
3235,7330,PayPal,69.99,Successful,"2025-09-13 12:00:00"
3236,7331,Bank Transfer,399.98,Successful,"2024-06-13 12:00:00"
3237,7332,Credit Card,479.97,Successful,"2024-02-04 12:00:00"
3238,7333,Debit Card,219.97,Successful,"2026-06-13 12:00:00"
3239,7334,PayPal,339.97,Successful,"2026-02-03 12:00:00"
3240,7335,Bank Transfer,279.97,Successful,"2025-09-26 12:00:00"
3241,7336,Credit Card,129.97,Successful,"2024-06-26 12:00:00"
3242,7337,Debit Card,349.96,Successful,"2024-02-17 12:00:00"
3243,7338,PayPal,304.95,Successful,"2026-06-26 12:00:00"
3244,7339,Bank Transfer,614.93,Successful,"2026-02-16 12:00:00"
3245,7340,Credit Card,119.99,Successful,"2025-10-09 12:00:00"
3246,7341,Debit Card,299.99,Failed,"2024-07-09 12:00:00"
3247,7342,PayPal,399.98,Failed,"2024-03-01 12:00:00"
3248,7343,Bank Transfer,1399.97,Failed,"2026-07-09 12:00:00"
3249,7344,Credit Card,1049.98,Failed,"2026-03-01 12:00:00"
3250,7345,Debit Card,1849.98,Failed,"2025-10-22 12:00:00"
3251,7346,PayPal,2499.97,Successful,"2026-07-22 12:00:00"
3252,7347,Bank Transfer,1229.96,Successful,"2026-03-14 12:00:00"
3253,7348,Credit Card,2299.96,Successful,"2025-11-04 12:00:00"
3254,7349,Debit Card,2319.94,Successful,"2025-06-27 12:00:00"
3255,7350,PayPal,1299.98,Successful,"2025-02-17 12:00:00"
3256,7351,Bank Transfer,899.99,Successful,"2026-08-04 12:00:00"
3257,7352,Credit Card,2199.98,Successful,"2026-03-27 12:00:00"
3258,7353,Debit Card,2199.98,Successful,"2025-11-17 12:00:00"
3259,7354,PayPal,3099.97,Successful,"2025-07-10 12:00:00"
3260,7355,Bank Transfer,3499.97,Successful,"2025-03-02 12:00:00"
3261,7356,Credit Card,109.96,Successful,"2026-08-17 12:00:00"
3262,7357,Debit Card,289.95,Successful,"2026-04-09 12:00:00"
3263,7358,PayPal,589.95,Successful,"2025-11-30 12:00:00"
3264,7359,Bank Transfer,729.95,Successful,"2025-07-23 12:00:00"
3265,7360,Credit Card,99.99,Successful,"2025-03-15 12:00:00"
3266,7361,Debit Card,159.98,Pending,"2026-08-30 12:00:00"
3267,7362,PayPal,279.97,Successful,"2026-04-22 12:00:00"
3268,7363,Bank Transfer,99.98,Successful,"2025-12-13 12:00:00"
3269,7364,Credit Card,279.97,Successful,"2025-08-05 12:00:00"
3270,7365,Debit Card,199.97,Successful,"2025-03-28 12:00:00"
3271,7366,PayPal,219.98,Successful,"2026-09-12 12:00:00"
3272,7367,Bank Transfer,899.93,Successful,"2026-05-05 12:00:00"
3273,7368,Credit Card,619.96,Successful,"2025-12-26 12:00:00"
3274,7369,Debit Card,1079.95,Successful,"2025-08-18 12:00:00"
3275,7370,PayPal,899.99,Successful,"2025-04-10 12:00:00"
3276,7371,Bank Transfer,699.99,Successful,"2024-01-09 12:00:00"
3277,7372,Credit Card,1849.98,Successful,"2026-05-18 12:00:00"
3278,7373,Debit Card,1499.98,Pending,"2026-01-08 12:00:00"
3279,7374,PayPal,729.97,Successful,"2025-08-31 12:00:00"
3280,7375,Bank Transfer,1999.97,Successful,"2025-04-23 12:00:00"
3281,7376,Credit Card,839.97,Successful,"2024-01-22 12:00:00"
3282,7377,Debit Card,5299.96,Successful,"2026-05-31 12:00:00"
3283,7378,PayPal,4149.96,Successful,"2026-01-21 12:00:00"
3284,7379,Bank Transfer,6449.95,Successful,"2025-09-13 12:00:00"
3285,7380,Credit Card,899.99,Successful,"2025-05-06 12:00:00"
3286,7381,Debit Card,899.99,Successful,"2024-02-04 12:00:00"
3287,7382,PayPal,2199.98,Successful,"2026-06-13 12:00:00"
3288,7383,Bank Transfer,89.97,Successful,"2026-02-03 12:00:00"
3289,7384,Credit Card,229.96,Successful,"2025-09-26 12:00:00"
3290,7385,Debit Card,249.98,Pending,"2025-05-19 12:00:00"
3291,7386,PayPal,599.96,Successful,"2024-02-17 12:00:00"
3292,7387,Bank Transfer,399.96,Successful,"2026-06-26 12:00:00"
3293,7388,Credit Card,639.95,Successful,"2026-02-16 12:00:00"
3294,7389,Debit Card,739.94,Successful,"2025-10-09 12:00:00"
3295,7390,PayPal,69.99,Successful,"2025-06-01 12:00:00"
3296,7391,Bank Transfer,79.99,Successful,"2024-03-01 12:00:00"
3297,7392,Credit Card,199.97,Successful,"2026-07-09 12:00:00"
3298,7393,Debit Card,219.98,Successful,"2026-03-01 12:00:00"
3299,7394,PayPal,819.95,Successful,"2025-10-22 12:00:00"
3300,7395,Bank Transfer,679.97,Successful,"2025-06-14 12:00:00"
3301,7396,Credit Card,399.98,Successful,"2026-03-14 12:00:00"
3302,7397,Debit Card,1649.96,Successful,"2025-11-04 12:00:00"
3303,7398,PayPal,2049.97,Successful,"2025-06-27 12:00:00"
3304,7399,Bank Transfer,3249.95,Successful,"2025-02-17 12:00:00"
3305,7400,Credit Card,499.99,Successful,"2024-10-10 12:00:00"
3306,7401,Debit Card,299.99,Successful,"2026-03-27 12:00:00"
3307,7402,PayPal,1999.97,Successful,"2025-11-17 12:00:00"
3308,7403,Bank Transfer,839.97,Successful,"2025-07-10 12:00:00"
3309,7404,Credit Card,2849.98,Successful,"2025-03-02 12:00:00"
3310,7405,Debit Card,3499.97,Successful,"2024-10-23 12:00:00"
3311,7406,PayPal,2199.98,Successful,"2026-04-09 12:00:00"
3312,7407,Bank Transfer,4399.95,Successful,"2025-11-30 12:00:00"
3313,7408,Credit Card,4149.96,Successful,"2025-07-23 12:00:00"
3314,7409,Debit Card,6449.95,Successful,"2025-03-15 12:00:00"
3315,7410,PayPal,39.98,Successful,"2024-11-05 12:00:00"
3316,7411,Bank Transfer,139.98,Successful,"2026-04-22 12:00:00"
3317,7412,Credit Card,249.98,Successful,"2025-12-13 12:00:00"
3318,7413,Debit Card,419.97,Successful,"2025-08-05 12:00:00"
3319,7414,PayPal,319.96,Successful,"2025-03-28 12:00:00"
3320,7415,Bank Transfer,439.97,Successful,"2024-11-18 12:00:00"
3321,7416,Credit Card,439.97,Successful,"2026-05-05 12:00:00"
3322,7417,Debit Card,299.97,Successful,"2025-12-26 12:00:00"
3323,7418,PayPal,319.96,Successful,"2025-08-18 12:00:00"
3324,7419,Bank Transfer,514.94,Successful,"2025-04-10 12:00:00"
3325,7420,Credit Card,99.99,Successful,"2024-12-01 12:00:00"
3326,7421,Debit Card,239.98,Successful,"2026-05-18 12:00:00"
3327,7422,PayPal,679.97,Pending,"2026-01-08 12:00:00"
3328,7423,Bank Transfer,649.97,Successful,"2025-08-31 12:00:00"
3329,7424,Credit Card,1399.97,Successful,"2025-04-23 12:00:00"
3330,7425,Debit Card,1149.98,Successful,"2024-12-14 12:00:00"
3331,7426,PayPal,1849.98,Successful,"2026-05-31 12:00:00"
3332,7427,Bank Transfer,4099.96,Successful,"2026-01-21 12:00:00"
3333,7428,Credit Card,1429.96,Successful,"2025-09-13 12:00:00"
3334,7429,Debit Card,1859.95,Successful,"2025-05-06 12:00:00"
3335,7430,PayPal,179.99,Successful,"2024-12-27 12:00:00"
3336,7431,Bank Transfer,649.99,Successful,"2026-06-13 12:00:00"
3337,7432,Credit Card,2199.98,Successful,"2026-02-03 12:00:00"
3338,7433,Debit Card,2199.98,Successful,"2025-09-26 12:00:00"
3339,7434,PayPal,3099.97,Pending,"2025-05-19 12:00:00"
3340,7435,Bank Transfer,3499.97,Successful,"2025-01-09 12:00:00"
3341,7436,Credit Card,2199.98,Successful,"2026-06-26 12:00:00"
3342,7437,Debit Card,1969.94,Successful,"2026-02-16 12:00:00"
3343,7438,PayPal,339.94,Successful,"2025-10-09 12:00:00"
3344,7439,Bank Transfer,379.94,Successful,"2025-06-01 12:00:00"
3345,7440,Credit Card,179.99,Successful,"2025-01-22 12:00:00"
3346,7441,Debit Card,199.98,Failed,"2026-07-09 12:00:00"
3347,7442,PayPal,439.97,Failed,"2026-03-01 12:00:00"
3348,7443,Bank Transfer,439.97,Failed,"2025-10-22 12:00:00"
3349,7444,Credit Card,239.96,Failed,"2025-06-14 12:00:00"
3350,7445,Debit Card,179.98,Failed,"2025-02-04 12:00:00"
3351,7446,PayPal,174.98,Successful,"2025-11-04 12:00:00"
3352,7447,Bank Transfer,214.97,Successful,"2025-06-27 12:00:00"
3353,7448,Credit Card,739.95,Successful,"2025-02-17 12:00:00"
3354,7449,Debit Card,1029.95,Successful,"2024-10-10 12:00:00"
3355,7450,PayPal,499.98,Successful,"2024-06-02 12:00:00"
3356,7451,Bank Transfer,899.99,Successful,"2025-11-17 12:00:00"
3357,7452,Credit Card,1149.98,Successful,"2025-07-10 12:00:00"
3358,7453,Debit Card,899.98,Successful,"2025-03-02 12:00:00"
3359,7454,PayPal,1499.98,Successful,"2024-10-23 12:00:00"
3360,7455,Bank Transfer,429.98,Successful,"2024-06-15 12:00:00"
3361,7456,Credit Card,1299.98,Successful,"2025-11-30 12:00:00"
3362,7457,Debit Card,1709.96,Successful,"2025-07-23 12:00:00"
3363,7458,PayPal,5409.95,Successful,"2025-03-15 12:00:00"
3364,7459,Bank Transfer,6449.95,Successful,"2024-11-05 12:00:00"
3365,7460,Credit Card,899.99,Successful,"2024-06-28 12:00:00"
3366,7461,Debit Card,899.99,Successful,"2025-12-13 12:00:00"
3367,7462,PayPal,2199.98,Successful,"2025-08-05 12:00:00"
3368,7463,Bank Transfer,2199.98,Successful,"2025-03-28 12:00:00"
3369,7464,Credit Card,119.97,Successful,"2024-11-18 12:00:00"
3370,7465,Debit Card,89.98,Successful,"2024-07-11 12:00:00"
3371,7466,PayPal,349.96,Successful,"2025-12-26 12:00:00"
3372,7467,Bank Transfer,819.95,Successful,"2025-08-18 12:00:00"
3373,7468,Credit Card,439.96,Successful,"2025-04-10 12:00:00"
3374,7469,Debit Card,459.95,Successful,"2024-12-01 12:00:00"
3375,7470,PayPal,399.98,Successful,"2024-07-24 12:00:00"
3376,7471,Bank Transfer,209.97,Pending,"2026-01-08 12:00:00"
3377,7472,Credit Card,339.96,Successful,"2025-08-31 12:00:00"
3378,7473,Debit Card,174.98,Successful,"2025-04-23 12:00:00"
3379,7474,PayPal,189.98,Successful,"2024-12-14 12:00:00"
3380,7475,Bank Transfer,349.98,Successful,"2024-08-06 12:00:00"
3381,7476,Credit Card,759.96,Successful,"2026-01-21 12:00:00"
3382,7477,Debit Card,949.96,Successful,"2025-09-13 12:00:00"
3383,7478,PayPal,1399.97,Successful,"2025-05-06 12:00:00"
3384,7479,Bank Transfer,2299.96,Successful,"2024-12-27 12:00:00"
3385,7480,Credit Card,549.99,Successful,"2024-08-19 12:00:00"
3386,7481,Debit Card,499.99,Successful,"2026-02-03 12:00:00"
3387,7482,PayPal,559.97,Successful,"2025-09-26 12:00:00"
3388,7483,Bank Transfer,1299.98,Pending,"2025-05-19 12:00:00"
3389,7484,Credit Card,509.98,Successful,"2025-01-09 12:00:00"
3390,7485,Debit Card,2849.98,Successful,"2024-09-01 12:00:00"
3391,7486,PayPal,1949.98,Successful,"2026-02-16 12:00:00"
3392,7487,Bank Transfer,4399.95,Successful,"2025-10-09 12:00:00"
3393,7488,Credit Card,4149.96,Successful,"2025-06-01 12:00:00"
3394,7489,Debit Card,6449.95,Successful,"2025-01-22 12:00:00"
3395,7490,PayPal,899.99,Successful,"2024-09-14 12:00:00"
3396,7491,Bank Transfer,19.99,Successful,"2026-03-01 12:00:00"
3397,7492,Credit Card,89.98,Successful,"2025-10-22 12:00:00"
3398,7493,Debit Card,349.96,Successful,"2025-06-14 12:00:00"
3399,7494,PayPal,299.98,Successful,"2025-02-04 12:00:00"
3400,7495,Bank Transfer,259.97,Pending,"2024-09-27 12:00:00"
3401,7496,Credit Card,279.98,Successful,"2025-06-27 12:00:00"
3402,7497,Debit Card,399.96,Successful,"2025-02-17 12:00:00"
3403,7498,PayPal,369.96,Successful,"2024-10-10 12:00:00"
3404,7499,Bank Transfer,469.93,Successful,"2024-06-02 12:00:00"
3405,7500,Credit Card,24.99,Successful,"2024-01-24 12:00:00"
3406,7501,Debit Card,99.99,Successful,"2025-07-10 12:00:00"
3407,7502,PayPal,159.98,Successful,"2025-03-02 12:00:00"
3408,7503,Bank Transfer,459.97,Successful,"2024-10-23 12:00:00"
3409,7504,Credit Card,799.96,Successful,"2024-06-15 12:00:00"
3410,7505,Debit Card,2049.97,Pending,"2024-02-06 12:00:00"
3411,7506,PayPal,1149.98,Successful,"2025-07-23 12:00:00"
3412,7507,Bank Transfer,1599.97,Successful,"2025-03-15 12:00:00"
3413,7508,Credit Card,3299.96,Successful,"2024-11-05 12:00:00"
3414,7509,Debit Card,3059.94,Successful,"2024-06-28 12:00:00"
3415,7510,PayPal,1199.98,Successful,"2024-02-19 12:00:00"
3416,7511,Bank Transfer,179.99,Successful,"2025-08-05 12:00:00"
3417,7512,Credit Card,2849.98,Successful,"2025-03-28 12:00:00"
3418,7513,Debit Card,1949.98,Successful,"2024-11-18 12:00:00"
3419,7514,PayPal,3099.97,Successful,"2024-07-11 12:00:00"
3420,7515,Bank Transfer,3499.97,Successful,"2024-03-03 12:00:00"
3421,7516,Credit Card,2199.98,Successful,"2025-08-18 12:00:00"
3422,7517,Debit Card,4399.95,Successful,"2025-04-10 12:00:00"
3423,7518,PayPal,3549.96,Successful,"2024-12-01 12:00:00"
3424,7519,Bank Transfer,299.93,Successful,"2024-07-24 12:00:00"
3425,7520,Credit Card,199.99,Successful,"2024-03-16 12:00:00"
3426,7521,Debit Card,179.99,Successful,"2025-08-31 12:00:00"
3427,7522,PayPal,159.98,Successful,"2025-04-23 12:00:00"
3428,7523,Bank Transfer,279.98,Successful,"2024-12-14 12:00:00"
3429,7524,Credit Card,239.98,Successful,"2024-08-06 12:00:00"
3430,7525,Debit Card,229.95,Successful,"2024-03-29 12:00:00"
3431,7526,PayPal,259.97,Successful,"2025-09-13 12:00:00"
3432,7527,Bank Transfer,554.95,Successful,"2025-05-06 12:00:00"
3433,7528,Credit Card,464.93,Successful,"2024-12-27 12:00:00"
3434,7529,Debit Card,629.93,Successful,"2024-08-19 12:00:00"
3435,7530,PayPal,299.99,Successful,"2024-04-11 12:00:00"
3436,7531,Bank Transfer,249.99,Successful,"2025-09-26 12:00:00"
3437,7532,Credit Card,2049.97,Pending,"2025-05-19 12:00:00"
3438,7533,Debit Card,1849.97,Successful,"2025-01-09 12:00:00"
3439,7534,PayPal,899.98,Successful,"2024-09-01 12:00:00"
3440,7535,Bank Transfer,2299.98,Successful,"2024-04-24 12:00:00"
3441,7536,Credit Card,559.97,Successful,"2025-10-09 12:00:00"
3442,7537,Debit Card,2499.95,Successful,"2025-06-01 12:00:00"
3443,7538,PayPal,1289.96,Successful,"2025-01-22 12:00:00"
3444,7539,Bank Transfer,3869.94,Successful,"2024-09-14 12:00:00"
3445,7540,Credit Card,1299.99,Successful,"2024-05-07 12:00:00"
3446,7541,Debit Card,899.99,Failed,"2025-10-22 12:00:00"
3447,7542,PayPal,2199.98,Failed,"2025-06-14 12:00:00"
3448,7543,Bank Transfer,2199.98,Failed,"2025-02-04 12:00:00"
3449,7544,Credit Card,3099.97,Failed,"2024-09-27 12:00:00"
3450,7545,Debit Card,949.98,Failed,"2024-05-20 12:00:00"
3451,7546,PayPal,129.96,Successful,"2025-02-17 12:00:00"
3452,7547,Bank Transfer,709.93,Successful,"2024-10-10 12:00:00"
3453,7548,Credit Card,699.96,Successful,"2024-06-02 12:00:00"
3454,7549,Debit Card,639.95,Successful,"2024-01-24 12:00:00"
3455,7550,PayPal,179.99,Successful,"2026-06-02 12:00:00"
3456,7551,Bank Transfer,199.99,Successful,"2025-03-02 12:00:00"
3457,7552,Credit Card,159.96,Successful,"2024-10-23 12:00:00"
3458,7553,Debit Card,459.95,Successful,"2024-06-15 12:00:00"
3459,7554,PayPal,324.97,Pending,"2024-02-06 12:00:00"
3460,7555,Bank Transfer,389.96,Successful,"2026-06-15 12:00:00"
3461,7556,Credit Card,239.96,Successful,"2025-03-15 12:00:00"
3462,7557,Debit Card,819.94,Successful,"2024-11-05 12:00:00"
3463,7558,PayPal,849.96,Successful,"2024-06-28 12:00:00"
3464,7559,Bank Transfer,1549.96,Successful,"2024-02-19 12:00:00"
3465,7560,Credit Card,1399.98,Successful,"2026-06-28 12:00:00"
3466,7561,Debit Card,1099.98,Successful,"2025-03-28 12:00:00"
3467,7562,PayPal,2299.98,Successful,"2024-11-18 12:00:00"
3468,7563,Bank Transfer,559.97,Successful,"2024-07-11 12:00:00"
3469,7564,Credit Card,1899.97,Successful,"2024-03-03 12:00:00"
3470,7565,Debit Card,689.97,Successful,"2026-07-11 12:00:00"
3471,7566,PayPal,2849.98,Successful,"2025-04-10 12:00:00"
3472,7567,Bank Transfer,4399.96,Successful,"2024-12-01 12:00:00"
3473,7568,Credit Card,4149.96,Successful,"2024-07-24 12:00:00"
3474,7569,Debit Card,6449.95,Successful,"2024-03-16 12:00:00"
3475,7570,PayPal,899.99,Successful,"2026-07-24 12:00:00"
3476,7571,Bank Transfer,899.99,Successful,"2025-04-23 12:00:00"
3477,7572,Credit Card,949.98,Successful,"2024-12-14 12:00:00"
3478,7573,Debit Card,109.97,Successful,"2024-08-06 12:00:00"
3479,7574,PayPal,449.97,Successful,"2024-03-29 12:00:00"
3480,7575,Bank Transfer,479.97,Successful,"2026-08-06 12:00:00"
3481,7576,Credit Card,159.98,Successful,"2025-05-06 12:00:00"
3482,7577,Debit Card,339.97,Successful,"2024-12-27 12:00:00"
3483,7578,PayPal,639.96,Successful,"2024-08-19 12:00:00"
3484,7579,Bank Transfer,609.93,Successful,"2024-04-11 12:00:00"
3485,7580,Credit Card,79.99,Successful,"2026-08-19 12:00:00"
3486,7581,Debit Card,74.97,Pending,"2025-05-19 12:00:00"
3487,7582,PayPal,289.97,Successful,"2025-01-09 12:00:00"
3488,7583,Bank Transfer,239.96,Successful,"2024-09-01 12:00:00"
3489,7584,Credit Card,439.96,Successful,"2024-04-24 12:00:00"
3490,7585,Debit Card,549.97,Successful,"2026-09-01 12:00:00"
3491,7586,PayPal,1149.98,Successful,"2025-06-01 12:00:00"
3492,7587,Bank Transfer,2049.97,Successful,"2025-01-22 12:00:00"
3493,7588,Credit Card,2149.96,Successful,"2024-09-14 12:00:00"
3494,7589,Debit Card,4549.94,Successful,"2024-05-07 12:00:00"
3495,7590,PayPal,299.99,Successful,"2026-09-14 12:00:00"
3496,7591,Bank Transfer,1199.98,Successful,"2025-06-14 12:00:00"
3497,7592,Credit Card,689.97,Successful,"2025-02-04 12:00:00"
3498,7593,Debit Card,2849.98,Pending,"2024-09-27 12:00:00"
3499,7594,PayPal,1949.98,Successful,"2024-05-20 12:00:00"
3500,7595,Bank Transfer,3499.97,Successful,"2024-01-11 12:00:00"
3501,7596,Credit Card,2199.98,Successful,"2026-06-22 12:00:00"
3502,7597,Debit Card,4399.95,Successful,"2026-02-12 12:00:00"
3503,7598,PayPal,4149.96,Successful,"2025-10-05 12:00:00"
3504,7599,Bank Transfer,2899.96,Successful,"2025-05-28 12:00:00"
3505,7600,Credit Card,39.98,Successful,"2025-01-18 12:00:00"
3506,7601,Debit Card,399.98,Successful,"2026-07-05 12:00:00"
3507,7602,PayPal,479.97,Successful,"2026-02-25 12:00:00"
3508,7603,Bank Transfer,219.97,Successful,"2025-10-18 12:00:00"
3509,7604,Credit Card,379.97,Successful,"2025-06-10 12:00:00"
3510,7605,Debit Card,279.98,Pending,"2025-01-31 12:00:00"
3511,7606,PayPal,129.97,Successful,"2026-07-18 12:00:00"
3512,7607,Bank Transfer,349.96,Successful,"2026-03-10 12:00:00"
3513,7608,Credit Card,304.95,Successful,"2025-10-31 12:00:00"
3514,7609,Debit Card,644.93,Successful,"2025-06-23 12:00:00"
3515,7610,PayPal,119.99,Successful,"2025-02-13 12:00:00"
3516,7611,Bank Transfer,79.99,Successful,"2026-07-31 12:00:00"
3517,7612,Credit Card,399.98,Successful,"2026-03-23 12:00:00"
3518,7613,Debit Card,1399.97,Successful,"2025-11-13 12:00:00"
3519,7614,PayPal,1599.97,Successful,"2025-07-06 12:00:00"
3520,7615,Bank Transfer,899.98,Successful,"2025-02-26 12:00:00"
3521,7616,Credit Card,3299.97,Successful,"2026-08-13 12:00:00"
3522,7617,Debit Card,2099.96,Successful,"2026-04-05 12:00:00"
3523,7618,PayPal,2299.96,Successful,"2025-11-26 12:00:00"
3524,7619,Bank Transfer,2319.94,Successful,"2025-07-19 12:00:00"
3525,7620,Credit Card,1299.98,Successful,"2025-03-11 12:00:00"
3526,7621,Debit Card,1299.99,Successful,"2026-08-26 12:00:00"
3527,7622,PayPal,2199.98,Successful,"2026-04-18 12:00:00"
3528,7623,Bank Transfer,2199.98,Successful,"2025-12-09 12:00:00"
3529,7624,Credit Card,3099.97,Successful,"2025-08-01 12:00:00"
3530,7625,Debit Card,3499.97,Successful,"2025-03-24 12:00:00"
3531,7626,PayPal,949.98,Successful,"2026-09-08 12:00:00"
3532,7627,Bank Transfer,229.95,Successful,"2026-05-01 12:00:00"
3533,7628,Credit Card,589.95,Successful,"2025-12-22 12:00:00"
3534,7629,Debit Card,729.95,Successful,"2025-08-14 12:00:00"
3535,7630,PayPal,99.99,Successful,"2025-04-06 12:00:00"
3536,7631,Bank Transfer,359.98,Successful,"2024-01-05 12:00:00"
3537,7632,Credit Card,279.98,Pending,"2026-05-14 12:00:00"
3538,7633,Debit Card,429.97,Successful,"2026-01-04 12:00:00"
3539,7634,PayPal,279.97,Successful,"2025-08-27 12:00:00"
3540,7635,Bank Transfer,199.97,Successful,"2025-04-19 12:00:00"
3541,7636,Credit Card,369.96,Successful,"2024-01-18 12:00:00"
3542,7637,Debit Card,539.94,Successful,"2026-05-27 12:00:00"
3543,7638,PayPal,779.95,Successful,"2026-01-17 12:00:00"
3544,7639,Bank Transfer,1079.95,Successful,"2025-09-09 12:00:00"
3545,7640,Credit Card,899.99,Successful,"2025-05-02 12:00:00"
3546,7641,Debit Card,699.99,Failed,"2024-01-31 12:00:00"
3547,7642,PayPal,1249.97,Failed,"2026-06-09 12:00:00"
3548,7643,Bank Transfer,2299.98,Failed,"2026-01-30 12:00:00"
3549,7644,Credit Card,1099.97,Failed,"2025-09-22 12:00:00"
3550,7645,Debit Card,1999.97,Failed,"2025-05-15 12:00:00"
3551,7646,PayPal,839.97,Successful,"2026-02-12 12:00:00"
3552,7647,Bank Transfer,3679.96,Successful,"2025-10-05 12:00:00"
3553,7648,Credit Card,5049.96,Successful,"2025-05-28 12:00:00"
3554,7649,Debit Card,6449.95,Successful,"2025-01-18 12:00:00"
3555,7650,PayPal,899.99,Successful,"2024-09-10 12:00:00"
3556,7651,Bank Transfer,899.99,Successful,"2026-02-25 12:00:00"
3557,7652,Credit Card,2199.98,Successful,"2025-10-18 12:00:00"
3558,7653,Debit Card,949.98,Successful,"2025-06-10 12:00:00"
3559,7654,PayPal,79.98,Pending,"2025-01-31 12:00:00"
3560,7655,Bank Transfer,249.98,Successful,"2024-09-23 12:00:00"
3561,7656,Credit Card,599.96,Successful,"2026-03-10 12:00:00"
3562,7657,Debit Card,399.96,Successful,"2025-10-31 12:00:00"
3563,7658,PayPal,619.95,Successful,"2025-06-23 12:00:00"
3564,7659,Bank Transfer,759.95,Successful,"2025-02-13 12:00:00"
3565,7660,Credit Card,29.99,Successful,"2024-10-06 12:00:00"
3566,7661,Debit Card,79.99,Successful,"2026-03-23 12:00:00"
3567,7662,PayPal,199.97,Successful,"2025-11-13 12:00:00"
3568,7663,Bank Transfer,279.97,Successful,"2025-07-06 12:00:00"
3569,7664,Credit Card,399.96,Successful,"2025-02-26 12:00:00"
3570,7665,Debit Card,199.98,Successful,"2024-10-19 12:00:00"
3571,7666,PayPal,749.97,Successful,"2026-04-05 12:00:00"
3572,7667,Bank Transfer,1649.96,Successful,"2025-11-26 12:00:00"
3573,7668,Credit Card,2049.97,Successful,"2025-07-19 12:00:00"
3574,7669,Debit Card,2399.95,Successful,"2025-03-11 12:00:00"
3575,7670,PayPal,999.99,Successful,"2024-11-01 12:00:00"
3576,7671,Bank Transfer,299.99,Successful,"2026-04-18 12:00:00"
3577,7672,Credit Card,1999.97,Successful,"2025-12-09 12:00:00"
3578,7673,Debit Card,839.97,Successful,"2025-08-01 12:00:00"
3579,7674,PayPal,2849.98,Successful,"2025-03-24 12:00:00"
3580,7675,Bank Transfer,3249.97,Successful,"2024-11-14 12:00:00"
3581,7676,Credit Card,2199.98,Successful,"2026-05-01 12:00:00"
3582,7677,Debit Card,4399.95,Successful,"2025-12-22 12:00:00"
3583,7678,PayPal,4149.96,Successful,"2025-08-14 12:00:00"
3584,7679,Bank Transfer,6449.95,Successful,"2025-04-06 12:00:00"
3585,7680,Credit Card,149.97,Successful,"2024-11-27 12:00:00"
3586,7681,Debit Card,19.99,Pending,"2026-05-14 12:00:00"
3587,7682,PayPal,119.98,Successful,"2026-01-04 12:00:00"
3588,7683,Bank Transfer,419.97,Successful,"2025-08-27 12:00:00"
3589,7684,Credit Card,319.96,Successful,"2025-04-19 12:00:00"
3590,7685,Debit Card,559.96,Successful,"2024-12-10 12:00:00"
3591,7686,PayPal,479.97,Successful,"2026-05-27 12:00:00"
3592,7687,Bank Transfer,269.97,Successful,"2026-01-17 12:00:00"
3593,7688,Credit Card,319.96,Successful,"2025-09-09 12:00:00"
3594,7689,Debit Card,514.94,Successful,"2025-05-02 12:00:00"
3595,7690,PayPal,99.99,Successful,"2024-12-23 12:00:00"
3596,7691,Bank Transfer,239.98,Successful,"2026-06-09 12:00:00"
3597,7692,Credit Card,199.98,Successful,"2026-01-30 12:00:00"
3598,7693,Debit Card,449.98,Pending,"2025-09-22 12:00:00"
3599,7694,PayPal,1399.97,Successful,"2025-05-15 12:00:00"
3600,7695,Bank Transfer,1149.98,Successful,"2025-01-05 12:00:00"
3601,7696,Credit Card,899.98,Successful,"2025-10-05 12:00:00"
3602,7697,Debit Card,4149.96,Successful,"2025-05-28 12:00:00"
3603,7698,PayPal,2299.96,Successful,"2025-01-18 12:00:00"
3604,7699,Bank Transfer,1759.95,Successful,"2024-09-10 12:00:00"
3605,7700,Credit Card,179.99,Successful,"2024-05-03 12:00:00"
3606,7701,Debit Card,649.99,Successful,"2025-10-18 12:00:00"
3607,7702,PayPal,1949.98,Successful,"2025-06-10 12:00:00"
3608,7703,Bank Transfer,2199.98,Pending,"2025-01-31 12:00:00"
3609,7704,Credit Card,3099.97,Successful,"2024-09-23 12:00:00"
3610,7705,Debit Card,3499.97,Successful,"2024-05-16 12:00:00"
3611,7706,PayPal,2199.98,Successful,"2025-10-31 12:00:00"
3612,7707,Bank Transfer,3249.94,Successful,"2025-06-23 12:00:00"
3613,7708,Credit Card,249.95,Successful,"2025-02-13 12:00:00"
3614,7709,Debit Card,299.93,Successful,"2024-10-06 12:00:00"
3615,7710,PayPal,179.99,Successful,"2024-05-29 12:00:00"
3616,7711,Bank Transfer,199.98,Successful,"2025-11-13 12:00:00"
3617,7712,Credit Card,459.97,Successful,"2025-07-06 12:00:00"
3618,7713,Debit Card,479.97,Successful,"2025-02-26 12:00:00"
3619,7714,PayPal,229.98,Successful,"2024-10-19 12:00:00"
3620,7715,Bank Transfer,239.97,Pending,"2024-06-11 12:00:00"
3621,7716,Credit Card,174.98,Successful,"2025-11-26 12:00:00"
3622,7717,Debit Card,214.97,Successful,"2025-07-19 12:00:00"
3623,7718,PayPal,579.94,Successful,"2025-03-11 12:00:00"
3624,7719,Bank Transfer,469.96,Successful,"2024-11-01 12:00:00"
3625,7720,Credit Card,149.99,Successful,"2024-06-24 12:00:00"
3626,7721,Debit Card,899.99,Successful,"2025-12-09 12:00:00"
3627,7722,PayPal,1149.98,Successful,"2025-08-01 12:00:00"
3628,7723,Bank Transfer,899.98,Successful,"2025-03-24 12:00:00"
3629,7724,Credit Card,2299.98,Successful,"2024-11-14 12:00:00"
3630,7725,Debit Card,1299.97,Successful,"2024-07-07 12:00:00"
3631,7726,PayPal,999.98,Successful,"2025-12-22 12:00:00"
3632,7727,Bank Transfer,1709.96,Successful,"2025-08-14 12:00:00"
3633,7728,Credit Card,5409.95,Successful,"2025-04-06 12:00:00"
3634,7729,Debit Card,7749.95,Successful,"2024-11-27 12:00:00"
3635,7730,PayPal,899.99,Successful,"2024-07-20 12:00:00"
3636,7731,Bank Transfer,899.99,Successful,"2026-01-04 12:00:00"
3637,7732,Credit Card,2199.98,Successful,"2025-08-27 12:00:00"
3638,7733,Debit Card,2199.98,Successful,"2025-04-19 12:00:00"
3639,7734,PayPal,1899.96,Successful,"2024-12-10 12:00:00"
3640,7735,Bank Transfer,199.96,Successful,"2024-08-02 12:00:00"
3641,7736,Credit Card,219.96,Successful,"2026-01-17 12:00:00"
3642,7737,Debit Card,819.95,Successful,"2025-09-09 12:00:00"
3643,7738,PayPal,439.96,Successful,"2025-05-02 12:00:00"
3644,7739,Bank Transfer,459.95,Successful,"2024-12-23 12:00:00"
3645,7740,Credit Card,399.98,Successful,"2024-08-15 12:00:00"
3646,7741,Debit Card,29.99,Failed,"2026-01-30 12:00:00"
3647,7742,PayPal,169.98,Failed,"2025-09-22 12:00:00"
3648,7743,Bank Transfer,174.98,Failed,"2025-05-15 12:00:00"
3649,7744,Credit Card,189.98,Failed,"2025-01-05 12:00:00"
3650,7745,Debit Card,159.98,Failed,"2024-08-28 12:00:00"
3651,7746,PayPal,279.97,Successful,"2025-05-28 12:00:00"
3652,7747,Bank Transfer,609.96,Successful,"2025-01-18 12:00:00"
3653,7748,Credit Card,799.96,Successful,"2024-09-10 12:00:00"
3654,7749,Debit Card,2299.96,Successful,"2024-05-03 12:00:00"
3655,7750,PayPal,549.99,Successful,"2026-09-10 12:00:00"
3656,7751,Bank Transfer,999.99,Successful,"2025-06-10 12:00:00"
3657,7752,Credit Card,799.98,Pending,"2025-01-31 12:00:00"
3658,7753,Debit Card,999.98,Successful,"2024-09-23 12:00:00"
3659,7754,PayPal,509.98,Successful,"2024-05-16 12:00:00"
3660,7755,Bank Transfer,2849.98,Successful,"2024-01-07 12:00:00"
3661,7756,Credit Card,1949.98,Successful,"2025-06-23 12:00:00"
3662,7757,Debit Card,4399.95,Successful,"2025-02-13 12:00:00"
3663,7758,PayPal,4149.96,Successful,"2024-10-06 12:00:00"
3664,7759,Bank Transfer,6449.95,Successful,"2024-05-29 12:00:00"
3665,7760,Credit Card,899.99,Successful,"2024-01-20 12:00:00"
3666,7761,Debit Card,99.98,Successful,"2025-07-06 12:00:00"
3667,7762,PayPal,139.97,Successful,"2025-02-26 12:00:00"
3668,7763,Bank Transfer,219.96,Successful,"2024-10-19 12:00:00"
3669,7764,Credit Card,519.97,Pending,"2024-06-11 12:00:00"
3670,7765,Debit Card,259.97,Successful,"2024-02-02 12:00:00"
3671,7766,PayPal,279.98,Successful,"2025-07-19 12:00:00"
3672,7767,Bank Transfer,539.96,Successful,"2025-03-11 12:00:00"
3673,7768,Credit Card,309.96,Successful,"2024-11-01 12:00:00"
3674,7769,Debit Card,629.94,Successful,"2024-06-24 12:00:00"
3675,7770,PayPal,24.99,Successful,"2024-02-15 12:00:00"
3676,7771,Bank Transfer,99.99,Successful,"2025-08-01 12:00:00"
3677,7772,Credit Card,159.98,Successful,"2025-03-24 12:00:00"
3678,7773,Debit Card,279.97,Successful,"2024-11-14 12:00:00"
3679,7774,PayPal,599.97,Successful,"2024-07-07 12:00:00"
3680,7775,Bank Transfer,499.98,Successful,"2024-02-28 12:00:00"
3681,7776,Credit Card,1149.98,Successful,"2025-08-14 12:00:00"
3682,7777,Debit Card,1599.97,Successful,"2025-04-06 12:00:00"
3683,7778,PayPal,3399.96,Successful,"2024-11-27 12:00:00"
3684,7779,Bank Transfer,4099.95,Successful,"2024-07-20 12:00:00"
3685,7780,Credit Card,699.99,Successful,"2024-03-12 12:00:00"
3686,7781,Debit Card,329.99,Successful,"2025-08-27 12:00:00"
3687,7782,PayPal,2849.98,Successful,"2025-04-19 12:00:00"
3688,7783,Bank Transfer,1949.98,Successful,"2024-12-10 12:00:00"
3689,7784,Credit Card,3099.97,Successful,"2024-08-02 12:00:00"
3690,7785,Debit Card,3499.97,Successful,"2024-03-25 12:00:00"
3691,7786,PayPal,2199.98,Successful,"2025-09-09 12:00:00"
3692,7787,Bank Transfer,4399.95,Successful,"2025-05-02 12:00:00"
3693,7788,Credit Card,3549.96,Successful,"2024-12-23 12:00:00"
3694,7789,Debit Card,1129.93,Successful,"2024-08-15 12:00:00"
3695,7790,PayPal,99.98,Successful,"2024-04-07 12:00:00"
3696,7791,Bank Transfer,119.99,Pending,"2025-09-22 12:00:00"
3697,7792,Credit Card,159.98,Successful,"2025-05-15 12:00:00"
3698,7793,Debit Card,279.98,Successful,"2025-01-05 12:00:00"
3699,7794,PayPal,359.97,Successful,"2024-08-28 12:00:00"
3700,7795,Bank Transfer,289.96,Successful,"2024-04-20 12:00:00"
3701,7796,Credit Card,169.98,Successful,"2025-01-18 12:00:00"
3702,7797,Debit Card,304.96,Successful,"2024-09-10 12:00:00"
3703,7798,PayPal,464.93,Successful,"2024-05-03 12:00:00"
3704,7799,Bank Transfer,629.93,Successful,"2026-09-10 12:00:00"
3705,7800,Credit Card,159.98,Successful,"2026-05-03 12:00:00"
3706,7801,Debit Card,299.98,Pending,"2025-01-31 12:00:00"
3707,7802,PayPal,499.98,Successful,"2024-09-23 12:00:00"
3708,7803,Bank Transfer,1849.97,Successful,"2024-05-16 12:00:00"
3709,7804,Credit Card,899.98,Successful,"2024-01-07 12:00:00"
3710,7805,Debit Card,2299.98,Successful,"2026-05-16 12:00:00"
3711,7806,PayPal,799.98,Successful,"2025-02-13 12:00:00"
3712,7807,Bank Transfer,1429.96,Successful,"2024-10-06 12:00:00"
3713,7808,Credit Card,2329.96,Successful,"2024-05-29 12:00:00"
3714,7809,Debit Card,3869.94,Successful,"2024-01-20 12:00:00"
3715,7810,PayPal,1299.99,Successful,"2026-05-29 12:00:00"
3716,7811,Bank Transfer,899.99,Successful,"2025-02-26 12:00:00"
3717,7812,Credit Card,2199.98,Successful,"2024-10-19 12:00:00"
3718,7813,Debit Card,2199.98,Pending,"2024-06-11 12:00:00"
3719,7814,PayPal,3099.97,Successful,"2024-02-02 12:00:00"
3720,7815,Bank Transfer,949.98,Successful,"2026-06-11 12:00:00"
3721,7816,Credit Card,119.96,Successful,"2025-03-11 12:00:00"
3722,7817,Debit Card,329.94,Successful,"2024-11-01 12:00:00"
3723,7818,PayPal,569.96,Successful,"2024-06-24 12:00:00"
3724,7819,Bank Transfer,639.95,Successful,"2024-02-15 12:00:00"
3725,7820,Credit Card,179.99,Successful,"2026-06-24 12:00:00"
3726,7821,Debit Card,199.99,Successful,"2025-03-24 12:00:00"
3727,7822,PayPal,289.96,Successful,"2024-11-14 12:00:00"
3728,7823,Bank Transfer,369.96,Successful,"2024-07-07 12:00:00"
3729,7824,Credit Card,104.98,Successful,"2024-02-28 12:00:00"
3730,7825,Debit Card,389.96,Pending,"2026-07-07 12:00:00"
3731,7826,PayPal,239.96,Successful,"2025-04-06 12:00:00"
3732,7827,Bank Transfer,979.93,Successful,"2024-11-27 12:00:00"
3733,7828,Credit Card,679.96,Successful,"2024-07-20 12:00:00"
3734,7829,Debit Card,1249.95,Successful,"2024-03-12 12:00:00"
3735,7830,PayPal,449.99,Successful,"2026-07-20 12:00:00"
3736,7831,Bank Transfer,1099.98,Successful,"2025-04-19 12:00:00"
3737,7832,Credit Card,2299.98,Successful,"2024-12-10 12:00:00"
3738,7833,Debit Card,799.98,Successful,"2024-08-02 12:00:00"
3739,7834,PayPal,1299.97,Successful,"2024-03-25 12:00:00"
3740,7835,Bank Transfer,929.98,Successful,"2026-08-02 12:00:00"
3741,7836,Credit Card,2849.98,Successful,"2025-05-02 12:00:00"
3742,7837,Debit Card,4399.96,Successful,"2024-12-23 12:00:00"
3743,7838,PayPal,4149.96,Successful,"2024-08-15 12:00:00"
3744,7839,Bank Transfer,6449.95,Successful,"2024-04-07 12:00:00"
3745,7840,Credit Card,899.99,Successful,"2026-08-15 12:00:00"
3746,7841,Debit Card,899.99,Failed,"2025-05-15 12:00:00"
3747,7842,PayPal,949.98,Failed,"2025-01-05 12:00:00"
3748,7843,Bank Transfer,99.97,Failed,"2024-08-28 12:00:00"
3749,7844,Credit Card,259.96,Failed,"2024-04-20 12:00:00"
3750,7845,Debit Card,319.98,Failed,"2026-08-28 12:00:00"
3751,7846,PayPal,459.97,Successful,"2024-09-10 12:00:00"
3752,7847,Bank Transfer,339.97,Successful,"2024-05-03 12:00:00"
3753,7848,Credit Card,639.96,Successful,"2026-09-10 12:00:00"
3754,7849,Debit Card,619.93,Successful,"2026-05-03 12:00:00"
3755,7850,PayPal,299.97,Successful,"2025-12-24 12:00:00"
3756,7851,Bank Transfer,74.97,Successful,"2024-09-23 12:00:00"
3757,7852,Credit Card,289.97,Successful,"2024-05-16 12:00:00"
3758,7853,Debit Card,239.96,Successful,"2024-01-07 12:00:00"
3759,7854,PayPal,439.96,Successful,"2026-05-16 12:00:00"
3760,7855,Bank Transfer,899.96,Successful,"2026-01-06 12:00:00"
3761,7856,Credit Card,749.97,Successful,"2024-10-06 12:00:00"
3762,7857,Debit Card,1849.96,Successful,"2024-05-29 12:00:00"
3763,7858,PayPal,2149.96,Successful,"2024-01-20 12:00:00"
3764,7859,Bank Transfer,4549.94,Successful,"2026-05-29 12:00:00"
3765,7860,Credit Card,299.99,Successful,"2026-01-19 12:00:00"
3766,7861,Debit Card,1399.98,Successful,"2024-10-19 12:00:00"
3767,7862,PayPal,929.98,Pending,"2024-06-11 12:00:00"
3768,7863,Bank Transfer,2379.98,Successful,"2024-02-02 12:00:00"
3769,7864,Credit Card,1949.98,Successful,"2026-06-11 12:00:00"
3770,7865,Debit Card,3499.97,Successful,"2026-02-01 12:00:00"
3771,7866,PayPal,2199.98,Successful,"2024-11-01 12:00:00"
3772,7867,Bank Transfer,4399.95,Successful,"2024-06-24 12:00:00"
3773,7868,Credit Card,4149.96,Successful,"2024-02-15 12:00:00"
3774,7869,Debit Card,2899.96,Successful,"2026-06-24 12:00:00"
3775,7870,PayPal,39.98,Successful,"2026-02-14 12:00:00"
3776,7871,Bank Transfer,49.99,Successful,"2024-11-14 12:00:00"
3777,7872,Credit Card,319.98,Successful,"2024-07-07 12:00:00"
3778,7873,Debit Card,279.98,Successful,"2024-02-28 12:00:00"
3779,7874,PayPal,379.97,Pending,"2026-07-07 12:00:00"
3780,7875,Bank Transfer,279.98,Successful,"2026-02-27 12:00:00"
3781,7876,Credit Card,459.96,Successful,"2024-11-27 12:00:00"
3782,7877,Debit Card,299.96,Successful,"2024-07-20 12:00:00"
3783,7878,PayPal,254.95,Successful,"2024-03-12 12:00:00"
3784,7879,Bank Transfer,684.92,Successful,"2026-07-20 12:00:00"
3785,7880,Credit Card,119.99,Successful,"2026-03-12 12:00:00"
3786,7881,Debit Card,79.99,Successful,"2024-12-10 12:00:00"
3787,7882,PayPal,749.97,Successful,"2024-08-02 12:00:00"
3788,7883,Bank Transfer,999.96,Successful,"2024-03-25 12:00:00"
3789,7884,Credit Card,1799.97,Successful,"2026-08-02 12:00:00"
3790,7885,Debit Card,899.98,Successful,"2026-03-25 12:00:00"
3791,7886,PayPal,3299.97,Successful,"2024-12-23 12:00:00"
3792,7887,Bank Transfer,2099.96,Successful,"2024-08-15 12:00:00"
3793,7888,Credit Card,1829.96,Successful,"2024-04-07 12:00:00"
3794,7889,Debit Card,2259.95,Successful,"2026-08-15 12:00:00"
3795,7890,PayPal,2199.99,Successful,"2026-04-07 12:00:00"
3796,7891,Bank Transfer,1299.99,Successful,"2025-01-05 12:00:00"
3797,7892,Credit Card,2199.98,Successful,"2024-08-28 12:00:00"
3798,7893,Debit Card,2199.98,Successful,"2024-04-20 12:00:00"
3799,7894,PayPal,3099.97,Successful,"2026-08-28 12:00:00"
3800,7895,Bank Transfer,3499.97,Successful,"2026-04-20 12:00:00"
3801,7896,Credit Card,949.98,Successful,"2024-05-03 12:00:00"
3802,7897,Debit Card,229.95,Successful,"2026-09-10 12:00:00"
3803,7898,PayPal,209.96,Successful,"2026-05-03 12:00:00"
3804,7899,Bank Transfer,439.96,Successful,"2025-12-24 12:00:00"
3805,7900,Credit Card,99.99,Successful,"2025-08-16 12:00:00"
3806,7901,Debit Card,359.98,Successful,"2024-05-16 12:00:00"
3807,7902,PayPal,279.98,Successful,"2024-01-07 12:00:00"
3808,7903,Bank Transfer,429.97,Successful,"2026-05-16 12:00:00"
3809,7904,Credit Card,409.95,Successful,"2026-01-06 12:00:00"
3810,7905,Debit Card,129.97,Successful,"2025-08-29 12:00:00"
3811,7906,PayPal,294.96,Successful,"2024-05-29 12:00:00"
3812,7907,Bank Transfer,539.94,Successful,"2024-01-20 12:00:00"
3813,7908,Credit Card,779.95,Successful,"2026-05-29 12:00:00"
3814,7909,Debit Card,949.95,Successful,"2026-01-19 12:00:00"
3815,7910,PayPal,499.98,Successful,"2025-09-11 12:00:00"
3816,7911,Bank Transfer,899.98,Pending,"2024-06-11 12:00:00"
3817,7912,Credit Card,1399.97,Successful,"2024-02-02 12:00:00"
3818,7913,Debit Card,2299.98,Successful,"2026-06-11 12:00:00"
3819,7914,PayPal,1099.97,Successful,"2026-02-01 12:00:00"
3820,7915,Bank Transfer,1699.97,Successful,"2025-09-24 12:00:00"
3821,7916,Credit Card,1259.97,Successful,"2024-06-24 12:00:00"
3822,7917,Debit Card,2709.97,Successful,"2024-02-15 12:00:00"
3823,7918,PayPal,5049.96,Successful,"2026-06-24 12:00:00"
3824,7919,Bank Transfer,6449.95,Successful,"2026-02-14 12:00:00"
3825,7920,Credit Card,899.99,Successful,"2025-10-07 12:00:00"
3826,7921,Debit Card,899.99,Successful,"2024-07-07 12:00:00"
3827,7922,PayPal,2199.98,Successful,"2024-02-28 12:00:00"
3828,7923,Bank Transfer,949.98,Pending,"2026-07-07 12:00:00"
3829,7924,Credit Card,79.98,Successful,"2026-02-27 12:00:00"
3830,7925,Debit Card,119.98,Successful,"2025-10-20 12:00:00"
3831,7926,PayPal,439.97,Successful,"2024-07-20 12:00:00"
3832,7927,Bank Transfer,519.96,Successful,"2024-03-12 12:00:00"
3833,7928,Credit Card,319.96,Successful,"2026-07-20 12:00:00"
3834,7929,Debit Card,759.95,Successful,"2026-03-12 12:00:00"
3835,7930,PayPal,29.99,Successful,"2025-11-02 12:00:00"
3836,7931,Bank Transfer,99.99,Successful,"2024-08-02 12:00:00"
3837,7932,Credit Card,289.95,Successful,"2024-03-25 12:00:00"
3838,7933,Debit Card,204.97,Successful,"2026-08-02 12:00:00"
3839,7934,PayPal,399.96,Successful,"2026-03-25 12:00:00"
3840,7935,Bank Transfer,199.98,Pending,"2025-11-15 12:00:00"
3841,7936,Credit Card,749.97,Successful,"2024-08-15 12:00:00"
3842,7937,Debit Card,899.96,Successful,"2024-04-07 12:00:00"
3843,7938,PayPal,1599.97,Successful,"2026-08-15 12:00:00"
3844,7939,Bank Transfer,2749.95,Successful,"2026-04-07 12:00:00"
3845,7940,Credit Card,999.99,Successful,"2025-11-28 12:00:00"
3846,7941,Debit Card,299.99,Failed,"2024-08-28 12:00:00"
3847,7942,PayPal,1699.97,Failed,"2024-04-20 12:00:00"
3848,7943,Bank Transfer,1259.97,Failed,"2026-08-28 12:00:00"
3849,7944,Credit Card,2379.98,Failed,"2026-04-20 12:00:00"
3850,7945,Debit Card,2449.98,Failed,"2025-12-11 12:00:00"
3851,7946,PayPal,2199.98,Successful,"2026-09-10 12:00:00"
3852,7947,Bank Transfer,4399.95,Successful,"2026-05-03 12:00:00"
3853,7948,Credit Card,4149.96,Successful,"2025-12-24 12:00:00"
3854,7949,Debit Card,6449.95,Successful,"2025-08-16 12:00:00"
3855,7950,PayPal,149.97,Successful,"2025-04-08 12:00:00"
3856,7951,Bank Transfer,19.99,Successful,"2024-01-07 12:00:00"
3857,7952,Credit Card,119.98,Successful,"2026-05-16 12:00:00"
3858,7953,Debit Card,439.97,Successful,"2026-01-06 12:00:00"
3859,7954,PayPal,379.97,Successful,"2025-08-29 12:00:00"
3860,7955,Bank Transfer,259.97,Successful,"2025-04-21 12:00:00"
3861,7956,Credit Card,479.97,Successful,"2024-01-20 12:00:00"
3862,7957,Debit Card,269.97,Successful,"2026-05-29 12:00:00"
3863,7958,PayPal,269.96,Successful,"2026-01-19 12:00:00"
3864,7959,Bank Transfer,434.94,Successful,"2025-09-11 12:00:00"
3865,7960,Credit Card,179.98,Successful,"2025-05-04 12:00:00"
3866,7961,Debit Card,239.98,Successful,"2024-02-02 12:00:00"
3867,7962,PayPal,199.98,Successful,"2026-06-11 12:00:00"
3868,7963,Bank Transfer,449.98,Successful,"2026-02-01 12:00:00"
3869,7964,Credit Card,749.97,Successful,"2025-09-24 12:00:00"
3870,7965,Debit Card,2249.97,Successful,"2025-05-17 12:00:00"
3871,7966,PayPal,1049.98,Successful,"2024-02-15 12:00:00"
3872,7967,Bank Transfer,4149.96,Successful,"2026-06-24 12:00:00"
3873,7968,Credit Card,2299.96,Successful,"2026-02-14 12:00:00"
3874,7969,Debit Card,1759.95,Successful,"2025-10-07 12:00:00"
3875,7970,PayPal,659.98,Successful,"2025-05-30 12:00:00"
3876,7971,Bank Transfer,4399.98,Successful,"2024-02-28 12:00:00"
3877,7972,Credit Card,2449.98,Pending,"2026-07-07 12:00:00"
3878,7973,Debit Card,2199.98,Successful,"2026-02-27 12:00:00"
3879,7974,PayPal,3099.97,Successful,"2025-10-20 12:00:00"
3880,7975,Bank Transfer,3499.97,Successful,"2025-06-12 12:00:00"
3881,7976,Credit Card,2199.98,Successful,"2024-03-12 12:00:00"
3882,7977,Debit Card,4399.95,Successful,"2026-07-20 12:00:00"
3883,7978,PayPal,249.95,Successful,"2026-03-12 12:00:00"
3884,7979,Bank Transfer,299.93,Successful,"2025-11-02 12:00:00"
3885,7980,Credit Card,239.98,Successful,"2025-06-25 12:00:00"
3886,7981,Debit Card,199.98,Successful,"2024-03-25 12:00:00"
3887,7982,PayPal,219.97,Successful,"2026-08-02 12:00:00"
3888,7983,Bank Transfer,479.97,Successful,"2026-03-25 12:00:00"
3889,7984,Credit Card,229.98,Pending,"2025-11-15 12:00:00"
3890,7985,Debit Card,239.97,Successful,"2025-07-08 12:00:00"
3891,7986,PayPal,184.97,Successful,"2024-04-07 12:00:00"
3892,7987,Bank Transfer,564.95,Successful,"2026-08-15 12:00:00"
3893,7988,Credit Card,629.94,Successful,"2026-04-07 12:00:00"
3894,7989,Debit Card,469.96,Successful,"2025-11-28 12:00:00"
3895,7990,PayPal,149.99,Successful,"2025-07-21 12:00:00"
3896,7991,Bank Transfer,249.99,Successful,"2024-04-20 12:00:00"
3897,7992,Credit Card,2249.97,Successful,"2026-08-28 12:00:00"
3898,7993,Debit Card,1749.97,Successful,"2026-04-20 12:00:00"
3899,7994,PayPal,1849.98,Successful,"2025-12-11 12:00:00"
3900,7995,Bank Transfer,1299.97,Successful,"2025-08-03 12:00:00"
3901,7996,Credit Card,999.98,Successful,"2026-05-03 12:00:00"
3902,7997,Debit Card,2229.96,Successful,"2025-12-24 12:00:00"
3903,7998,PayPal,5089.95,Successful,"2025-08-16 12:00:00"
3904,7999,Bank Transfer,6809.94,Successful,"2025-04-08 12:00:00"
3905,8000,Credit Card,899.99,Successful,"2024-11-29 12:00:00"
3906,8001,Debit Card,899.99,Successful,"2026-05-16 12:00:00"
3907,8002,PayPal,2199.98,Successful,"2026-01-06 12:00:00"
3908,8003,Bank Transfer,2199.98,Successful,"2025-08-29 12:00:00"
3909,8004,Credit Card,3099.97,Successful,"2025-04-21 12:00:00"
3910,8005,Debit Card,199.96,Successful,"2024-12-12 12:00:00"
3911,8006,PayPal,219.96,Successful,"2026-05-29 12:00:00"
3912,8007,Bank Transfer,739.94,Successful,"2026-01-19 12:00:00"
3913,8008,Credit Card,499.96,Successful,"2025-09-11 12:00:00"
3914,8009,Debit Card,639.94,Successful,"2025-05-04 12:00:00"
3915,8010,PayPal,159.98,Successful,"2024-12-25 12:00:00"
3916,8011,Bank Transfer,29.99,Successful,"2026-06-11 12:00:00"
3917,8012,Credit Card,169.98,Successful,"2026-02-01 12:00:00"
3918,8013,Debit Card,184.97,Successful,"2025-09-24 12:00:00"
3919,8014,PayPal,114.98,Successful,"2025-05-17 12:00:00"
3920,8015,Bank Transfer,419.96,Successful,"2025-01-07 12:00:00"
3921,8016,Credit Card,279.97,Successful,"2026-06-24 12:00:00"
3922,8017,Debit Card,609.96,Successful,"2026-02-14 12:00:00"
3923,8018,PayPal,799.96,Successful,"2025-10-07 12:00:00"
3924,8019,Bank Transfer,1849.96,Successful,"2025-05-30 12:00:00"
3925,8020,Credit Card,349.99,Successful,"2025-01-20 12:00:00"
3926,8021,Debit Card,1299.99,Pending,"2026-07-07 12:00:00"
3927,8022,PayPal,799.98,Successful,"2026-02-27 12:00:00"
3928,8023,Bank Transfer,999.98,Successful,"2025-10-20 12:00:00"
3929,8024,Credit Card,1529.97,Successful,"2025-06-12 12:00:00"
3930,8025,Debit Card,2559.97,Successful,"2025-02-02 12:00:00"
3931,8026,PayPal,4249.97,Successful,"2026-07-20 12:00:00"
3932,8027,Bank Transfer,4399.95,Successful,"2026-03-12 12:00:00"
3933,8028,Credit Card,4149.96,Successful,"2025-11-02 12:00:00"
3934,8029,Debit Card,6449.95,Successful,"2025-06-25 12:00:00"
3935,8030,PayPal,899.99,Successful,"2025-02-15 12:00:00"
3936,8031,Bank Transfer,899.99,Successful,"2026-08-02 12:00:00"
3937,8032,Credit Card,139.97,Successful,"2026-03-25 12:00:00"
3938,8033,Debit Card,219.96,Pending,"2025-11-15 12:00:00"
3939,8034,PayPal,519.97,Successful,"2025-07-08 12:00:00"
3940,8035,Bank Transfer,559.96,Successful,"2025-02-28 12:00:00"
3941,8036,Credit Card,219.97,Successful,"2026-08-15 12:00:00"
3942,8037,Debit Card,439.96,Successful,"2026-04-07 12:00:00"
3943,8038,PayPal,309.96,Successful,"2025-11-28 12:00:00"
3944,8039,Bank Transfer,629.94,Successful,"2025-07-21 12:00:00"
3945,8040,Credit Card,24.99,Successful,"2025-03-13 12:00:00"
3946,8041,Debit Card,89.99,Failed,"2026-08-28 12:00:00"
3947,8042,PayPal,319.97,Failed,"2026-04-20 12:00:00"
3948,8043,Bank Transfer,349.98,Failed,"2025-12-11 12:00:00"
3949,8044,Credit Card,599.97,Failed,"2025-08-03 12:00:00"
3950,8045,Debit Card,499.98,Failed,"2025-03-26 12:00:00"
3951,8046,PayPal,1349.98,Successful,"2025-12-24 12:00:00"
3952,8047,Bank Transfer,1499.97,Successful,"2025-08-16 12:00:00"
3953,8048,Credit Card,2749.96,Successful,"2025-04-08 12:00:00"
3954,8049,Debit Card,4099.95,Successful,"2024-11-29 12:00:00"
3955,8050,PayPal,699.99,Successful,"2024-07-22 12:00:00"
3956,8051,Bank Transfer,329.99,Successful,"2026-01-06 12:00:00"
3957,8052,Credit Card,2559.97,Successful,"2025-08-29 12:00:00"
3958,8053,Debit Card,2449.98,Successful,"2025-04-21 12:00:00"
3959,8054,PayPal,3099.97,Successful,"2024-12-12 12:00:00"
3960,8055,Bank Transfer,3499.97,Pending,"2024-08-04 12:00:00"
3961,8056,Credit Card,2199.98,Successful,"2026-01-19 12:00:00"
3962,8057,Debit Card,4399.95,Successful,"2025-09-11 12:00:00"
3963,8058,PayPal,4149.96,Successful,"2025-05-04 12:00:00"
3964,8059,Bank Transfer,2309.94,Successful,"2024-12-25 12:00:00"
3965,8060,Credit Card,99.98,Successful,"2024-08-17 12:00:00"
3966,8061,Debit Card,119.99,Successful,"2026-02-01 12:00:00"
3967,8062,PayPal,459.97,Successful,"2025-09-24 12:00:00"
3968,8063,Bank Transfer,219.97,Successful,"2025-05-17 12:00:00"
3969,8064,Credit Card,339.97,Successful,"2025-01-07 12:00:00"
3970,8065,Debit Card,289.96,Successful,"2024-08-30 12:00:00"
3971,8066,PayPal,169.98,Successful,"2026-02-14 12:00:00"
3972,8067,Bank Transfer,304.96,Successful,"2025-10-07 12:00:00"
3973,8068,Credit Card,314.95,Successful,"2025-05-30 12:00:00"
3974,8069,Debit Card,614.93,Successful,"2025-01-20 12:00:00"
3975,8070,PayPal,119.99,Successful,"2024-09-12 12:00:00"
3976,8071,Bank Transfer,299.98,Successful,"2026-02-27 12:00:00"
3977,8072,Credit Card,499.98,Successful,"2025-10-20 12:00:00"
3978,8073,Debit Card,1349.98,Successful,"2025-06-12 12:00:00"
3979,8074,PayPal,1049.98,Successful,"2025-02-02 12:00:00"
3980,8075,Bank Transfer,1849.98,Successful,"2024-09-25 12:00:00"
3981,8076,Credit Card,2499.97,Successful,"2026-03-12 12:00:00"
3982,8077,Debit Card,1429.96,Successful,"2025-11-02 12:00:00"
3983,8078,PayPal,2329.96,Successful,"2025-06-25 12:00:00"
3984,8079,Bank Transfer,3819.94,Successful,"2025-02-15 12:00:00"
3985,8080,Credit Card,1299.98,Successful,"2024-10-08 12:00:00"
3986,8081,Debit Card,899.99,Successful,"2026-03-25 12:00:00"
3987,8082,PayPal,2199.98,Pending,"2025-11-15 12:00:00"
3988,8083,Bank Transfer,2199.98,Successful,"2025-07-08 12:00:00"
3989,8084,Credit Card,3099.97,Successful,"2025-02-28 12:00:00"
3990,8085,Debit Card,3499.97,Successful,"2024-10-21 12:00:00"
3991,8086,PayPal,109.96,Successful,"2026-04-07 12:00:00"
3992,8087,Bank Transfer,329.94,Successful,"2025-11-28 12:00:00"
3993,8088,Credit Card,569.96,Successful,"2025-07-21 12:00:00"
3994,8089,Debit Card,779.95,Successful,"2025-03-13 12:00:00"
3995,8090,PayPal,99.99,Successful,"2024-11-03 12:00:00"
3996,8091,Bank Transfer,159.98,Successful,"2026-04-20 12:00:00"
3997,8092,Credit Card,279.97,Successful,"2025-12-11 12:00:00"
3998,8093,Debit Card,369.96,Successful,"2025-08-03 12:00:00"
3999,8094,PayPal,104.98,Pending,"2025-03-26 12:00:00"
4000,8095,Bank Transfer,139.97,Successful,"2024-11-16 12:00:00"
4001,8096,Credit Card,219.98,Successful,"2024-08-11 12:00:00"
4002,8097,Debit Card,899.93,Successful,"2024-04-03 12:00:00"
4003,8098,PayPal,679.96,Successful,"2026-08-11 12:00:00"
4004,8099,Bank Transfer,1249.95,Successful,"2026-04-03 12:00:00"
4005,8100,Credit Card,449.99,Successful,"2025-11-24 12:00:00"
4006,8101,Debit Card,349.99,Successful,"2024-08-24 12:00:00"
4007,8102,PayPal,1849.98,Successful,"2024-04-16 12:00:00"
4008,8103,Bank Transfer,1499.98,Successful,"2026-08-24 12:00:00"
4009,8104,Credit Card,1299.97,Successful,"2026-04-16 12:00:00"
4010,8105,Debit Card,929.98,Successful,"2025-12-07 12:00:00"
4011,8106,PayPal,2379.98,Successful,"2024-09-06 12:00:00"
4012,8107,Bank Transfer,5299.96,Successful,"2024-04-29 12:00:00"
4013,8108,Credit Card,4149.96,Successful,"2026-09-06 12:00:00"
4014,8109,Debit Card,6449.95,Successful,"2026-04-29 12:00:00"
4015,8110,PayPal,899.99,Successful,"2025-12-20 12:00:00"
4016,8111,Bank Transfer,899.99,Successful,"2024-09-19 12:00:00"
4017,8112,Credit Card,2199.98,Successful,"2024-05-12 12:00:00"
4018,8113,Debit Card,89.97,Successful,"2024-01-03 12:00:00"
4019,8114,PayPal,259.96,Successful,"2026-05-12 12:00:00"
4020,8115,Bank Transfer,319.98,Successful,"2026-01-02 12:00:00"
4021,8116,Credit Card,459.97,Successful,"2024-10-02 12:00:00"
4022,8117,Debit Card,279.96,Successful,"2024-05-25 12:00:00"
4023,8118,PayPal,639.95,Successful,"2024-01-16 12:00:00"
4024,8119,Bank Transfer,739.94,Successful,"2026-05-25 12:00:00"
4025,8120,Credit Card,299.97,Successful,"2026-01-15 12:00:00"
4026,8121,Debit Card,74.97,Pending,"2024-10-15 12:00:00"
4027,8122,PayPal,139.97,Successful,"2024-06-07 12:00:00"
4028,8123,Bank Transfer,219.98,Successful,"2024-01-29 12:00:00"
4029,8124,Credit Card,819.95,Successful,"2026-06-07 12:00:00"
4030,8125,Debit Card,679.97,Successful,"2026-01-28 12:00:00"
4031,8126,PayPal,749.97,Successful,"2024-10-28 12:00:00"
4032,8127,Bank Transfer,1849.96,Successful,"2024-06-20 12:00:00"
4033,8128,Credit Card,1499.97,Successful,"2024-02-11 12:00:00"
4034,8129,Debit Card,3249.95,Successful,"2026-06-20 12:00:00"
4035,8130,PayPal,499.99,Successful,"2026-02-10 12:00:00"
4036,8131,Bank Transfer,1399.98,Successful,"2024-11-10 12:00:00"
4037,8132,Credit Card,929.98,Successful,"2024-07-03 12:00:00"
4038,8133,Debit Card,2379.98,Pending,"2024-02-24 12:00:00"
4039,8134,PayPal,2449.98,Successful,"2026-07-03 12:00:00"
4040,8135,Bank Transfer,3499.97,Successful,"2026-02-23 12:00:00"
4041,8136,Credit Card,2199.98,Successful,"2024-11-23 12:00:00"
4042,8137,Debit Card,4399.95,Successful,"2024-07-16 12:00:00"
4043,8138,PayPal,4149.96,Successful,"2024-03-08 12:00:00"
4044,8139,Bank Transfer,6449.95,Successful,"2026-07-16 12:00:00"
4045,8140,Credit Card,39.98,Successful,"2026-03-08 12:00:00"
4046,8141,Debit Card,139.98,Failed,"2024-12-06 12:00:00"
4047,8142,PayPal,319.98,Failed,"2024-07-29 12:00:00"
4048,8143,Bank Transfer,279.98,Failed,"2024-03-21 12:00:00"
4049,8144,Credit Card,259.97,Failed,"2026-07-29 12:00:00"
4050,8145,Debit Card,439.97,Failed,"2026-03-21 12:00:00"
4051,8146,PayPal,439.97,Successful,"2024-04-03 12:00:00"
4052,8147,Bank Transfer,299.96,Successful,"2026-08-11 12:00:00"
4053,8148,Credit Card,254.95,Successful,"2026-04-03 12:00:00"
4054,8149,Debit Card,684.92,Successful,"2025-11-24 12:00:00"
4055,8150,PayPal,119.99,Successful,"2025-07-17 12:00:00"
4056,8151,Bank Transfer,239.98,Successful,"2024-04-16 12:00:00"
4057,8152,Credit Card,679.97,Successful,"2026-08-24 12:00:00"
4058,8153,Debit Card,999.96,Successful,"2026-04-16 12:00:00"
4059,8154,PayPal,1799.97,Successful,"2025-12-07 12:00:00"
4060,8155,Bank Transfer,1049.98,Pending,"2025-07-30 12:00:00"
4061,8156,Credit Card,1849.98,Successful,"2024-04-29 12:00:00"
4062,8157,Debit Card,4099.96,Successful,"2026-09-06 12:00:00"
4063,8158,PayPal,1429.96,Successful,"2026-04-29 12:00:00"
4064,8159,Bank Transfer,2259.95,Successful,"2025-12-20 12:00:00"
4065,8160,Credit Card,2199.99,Successful,"2025-08-12 12:00:00"
4066,8161,Debit Card,649.99,Successful,"2024-05-12 12:00:00"
4067,8162,PayPal,2199.98,Successful,"2024-01-03 12:00:00"
4068,8163,Bank Transfer,2199.98,Successful,"2026-05-12 12:00:00"
4069,8164,Credit Card,3099.97,Successful,"2026-01-02 12:00:00"
4070,8165,Debit Card,3499.97,Successful,"2025-08-25 12:00:00"
4071,8166,PayPal,2199.98,Successful,"2024-05-25 12:00:00"
4072,8167,Bank Transfer,1969.94,Successful,"2024-01-16 12:00:00"
4073,8168,Credit Card,339.94,Successful,"2026-05-25 12:00:00"
4074,8169,Debit Card,439.96,Successful,"2026-01-15 12:00:00"
4075,8170,PayPal,99.99,Successful,"2025-09-07 12:00:00"
4076,8171,Bank Transfer,199.98,Successful,"2024-06-07 12:00:00"
4077,8172,Credit Card,439.97,Successful,"2024-01-29 12:00:00"
4078,8173,Debit Card,439.97,Successful,"2026-06-07 12:00:00"
4079,8174,PayPal,239.96,Successful,"2026-01-28 12:00:00"
4080,8175,Bank Transfer,129.97,Successful,"2025-09-20 12:00:00"
4081,8176,Credit Card,294.96,Successful,"2024-06-20 12:00:00"
4082,8177,Debit Card,549.95,Successful,"2024-02-11 12:00:00"
4083,8178,PayPal,739.95,Successful,"2026-06-20 12:00:00"
4084,8179,Bank Transfer,1029.95,Successful,"2026-02-10 12:00:00"
4085,8180,Credit Card,499.98,Successful,"2025-10-03 12:00:00"
4086,8181,Debit Card,899.98,Successful,"2024-07-03 12:00:00"
4087,8182,PayPal,1399.97,Pending,"2024-02-24 12:00:00"
4088,8183,Bank Transfer,1849.98,Successful,"2026-07-03 12:00:00"
4089,8184,Credit Card,1499.98,Successful,"2026-02-23 12:00:00"
4090,8185,Debit Card,429.98,Successful,"2025-10-16 12:00:00"
4091,8186,PayPal,1259.97,Successful,"2024-07-16 12:00:00"
4092,8187,Bank Transfer,2709.97,Successful,"2024-03-08 12:00:00"
4093,8188,Credit Card,6849.96,Successful,"2026-07-16 12:00:00"
4094,8189,Debit Card,6449.95,Successful,"2026-03-08 12:00:00"
4095,8190,PayPal,899.99,Successful,"2025-10-29 12:00:00"
4096,8191,Bank Transfer,899.99,Successful,"2024-07-29 12:00:00"
4097,8192,Credit Card,2199.98,Successful,"2024-03-21 12:00:00"
4098,8193,Debit Card,2199.98,Successful,"2026-07-29 12:00:00"
4099,8194,PayPal,119.97,Pending,"2026-03-21 12:00:00"
4100,8195,Bank Transfer,89.98,Successful,"2025-11-11 12:00:00"
4101,8196,Credit Card,439.97,Successful,"2026-08-11 12:00:00"
4102,8197,Debit Card,519.96,Successful,"2026-04-03 12:00:00"
4103,8198,PayPal,319.96,Successful,"2025-11-24 12:00:00"
4104,8199,Bank Transfer,479.95,Successful,"2025-07-17 12:00:00"
4105,8200,Credit Card,399.98,Successful,"2025-03-09 12:00:00"
4106,8201,Debit Card,209.97,Successful,"2026-08-24 12:00:00"
4107,8202,PayPal,289.95,Successful,"2026-04-16 12:00:00"
4108,8203,Bank Transfer,204.97,Successful,"2025-12-07 12:00:00"
4109,8204,Credit Card,459.96,Pending,"2025-07-30 12:00:00"
4110,8205,Debit Card,349.98,Successful,"2025-03-22 12:00:00"
4111,8206,PayPal,759.96,Successful,"2026-09-06 12:00:00"
4112,8207,Bank Transfer,949.96,Successful,"2026-04-29 12:00:00"
4113,8208,Credit Card,1599.97,Successful,"2025-12-20 12:00:00"
4114,8209,Debit Card,2749.95,Successful,"2025-08-12 12:00:00"
4115,8210,PayPal,2599.98,Successful,"2025-04-04 12:00:00"
4116,8211,Bank Transfer,499.99,Successful,"2024-01-03 12:00:00"
4117,8212,Credit Card,559.97,Successful,"2026-05-12 12:00:00"
4118,8213,Debit Card,1259.97,Successful,"2026-01-02 12:00:00"
4119,8214,PayPal,2379.98,Successful,"2025-08-25 12:00:00"
4120,8215,Bank Transfer,2449.98,Successful,"2025-04-17 12:00:00"
4121,8216,Credit Card,2199.98,Successful,"2024-01-16 12:00:00"
4122,8217,Debit Card,4399.95,Successful,"2026-05-25 12:00:00"
4123,8218,PayPal,4149.96,Successful,"2026-01-15 12:00:00"
4124,8219,Bank Transfer,6449.95,Successful,"2025-09-07 12:00:00"
4125,8220,Credit Card,899.99,Successful,"2025-04-30 12:00:00"
4126,8221,Debit Card,19.99,Successful,"2024-01-29 12:00:00"
4127,8222,PayPal,89.98,Successful,"2026-06-07 12:00:00"
4128,8223,Bank Transfer,349.96,Successful,"2026-01-28 12:00:00"
4129,8224,Credit Card,379.97,Successful,"2025-09-20 12:00:00"
4130,8225,Debit Card,259.97,Successful,"2025-05-13 12:00:00"
4131,8226,PayPal,259.98,Successful,"2024-02-11 12:00:00"
4132,8227,Bank Transfer,399.96,Successful,"2026-06-20 12:00:00"
4133,8228,Credit Card,369.96,Successful,"2026-02-10 12:00:00"
4134,8229,Debit Card,434.94,Successful,"2025-10-03 12:00:00"
4135,8230,PayPal,179.98,Successful,"2025-05-26 12:00:00"
4136,8231,Bank Transfer,239.98,Pending,"2024-02-24 12:00:00"
4137,8232,Credit Card,349.98,Successful,"2026-07-03 12:00:00"
4138,8233,Debit Card,459.97,Successful,"2026-02-23 12:00:00"
4139,8234,PayPal,799.96,Successful,"2025-10-16 12:00:00"
4140,8235,Bank Transfer,2249.97,Successful,"2025-06-08 12:00:00"
4141,8236,Credit Card,1049.98,Successful,"2024-03-08 12:00:00"
4142,8237,Debit Card,3499.96,Successful,"2026-07-16 12:00:00"
4143,8238,PayPal,3299.96,Successful,"2026-03-08 12:00:00"
4144,8239,Bank Transfer,3059.94,Successful,"2025-10-29 12:00:00"
4145,8240,Credit Card,1199.98,Successful,"2025-06-21 12:00:00"
4146,8241,Debit Card,4399.98,Failed,"2024-03-21 12:00:00"
4147,8242,PayPal,2449.98,Failed,"2026-07-29 12:00:00"
4148,8243,Bank Transfer,2199.98,Failed,"2026-03-21 12:00:00"
4149,8244,Credit Card,3099.97,Failed,"2025-11-11 12:00:00"
4150,8245,Debit Card,3499.97,Failed,"2025-07-04 12:00:00"
4151,8246,PayPal,2199.98,Successful,"2026-04-03 12:00:00"
4152,8247,Bank Transfer,4399.95,Successful,"2025-11-24 12:00:00"
4153,8248,Credit Card,969.97,Successful,"2025-07-17 12:00:00"
4154,8249,Debit Card,299.93,Successful,"2025-03-09 12:00:00"
4155,8250,PayPal,199.99,Successful,"2024-10-30 12:00:00"
4156,8251,Bank Transfer,199.98,Successful,"2026-04-16 12:00:00"
4157,8252,Credit Card,219.97,Successful,"2025-12-07 12:00:00"
4158,8253,Debit Card,259.98,Pending,"2025-07-30 12:00:00"
4159,8254,PayPal,239.98,Successful,"2025-03-22 12:00:00"
4160,8255,Bank Transfer,229.95,Successful,"2024-11-12 12:00:00"
4161,8256,Credit Card,259.97,Successful,"2026-04-29 12:00:00"
4162,8257,Debit Card,564.95,Successful,"2025-12-20 12:00:00"
4163,8258,PayPal,629.94,Successful,"2025-08-12 12:00:00"
4164,8259,Bank Transfer,589.95,Successful,"2025-04-04 12:00:00"
4165,8260,Credit Card,299.99,Successful,"2024-11-25 12:00:00"
4166,8261,Debit Card,249.99,Successful,"2026-05-12 12:00:00"
4167,8262,PayPal,2249.97,Successful,"2026-01-02 12:00:00"
4168,8263,Bank Transfer,1749.97,Successful,"2025-08-25 12:00:00"
4169,8264,Credit Card,1849.98,Successful,"2025-04-17 12:00:00"
4170,8265,Debit Card,1999.97,Pending,"2024-12-08 12:00:00"
4171,8266,PayPal,559.97,Successful,"2026-05-25 12:00:00"
4172,8267,Bank Transfer,2499.95,Successful,"2026-01-15 12:00:00"
4173,8268,Credit Card,5089.95,Successful,"2025-09-07 12:00:00"
4174,8269,Debit Card,6809.94,Successful,"2025-04-30 12:00:00"
4175,8270,PayPal,899.99,Successful,"2024-12-21 12:00:00"
4176,8271,Bank Transfer,899.99,Successful,"2026-06-07 12:00:00"
4177,8272,Credit Card,2199.98,Successful,"2026-01-28 12:00:00"
4178,8273,Debit Card,2199.98,Successful,"2025-09-20 12:00:00"
4179,8274,PayPal,3099.97,Successful,"2025-05-13 12:00:00"
4180,8275,Bank Transfer,69.98,Successful,"2025-01-03 12:00:00"
4181,8276,Credit Card,129.96,Successful,"2026-06-20 12:00:00"
4182,8277,Debit Card,709.93,Successful,"2026-02-10 12:00:00"
4183,8278,PayPal,499.96,Successful,"2025-10-03 12:00:00"
4184,8279,Bank Transfer,639.94,Successful,"2025-05-26 12:00:00"
4185,8280,Credit Card,159.98,Successful,"2025-01-16 12:00:00"
4186,8281,Debit Card,199.99,Successful,"2026-07-03 12:00:00"
4187,8282,PayPal,159.96,Successful,"2026-02-23 12:00:00"
4188,8283,Bank Transfer,459.95,Successful,"2025-10-16 12:00:00"
4189,8284,Credit Card,114.98,Successful,"2025-06-08 12:00:00"
4190,8285,Debit Card,419.96,Successful,"2025-01-29 12:00:00"
4191,8286,PayPal,349.98,Successful,"2026-07-16 12:00:00"
4192,8287,Bank Transfer,819.94,Successful,"2026-03-08 12:00:00"
4193,8288,Credit Card,849.96,Successful,"2025-10-29 12:00:00"
4194,8289,Debit Card,1549.96,Successful,"2025-06-21 12:00:00"
4195,8290,PayPal,349.99,Successful,"2025-02-11 12:00:00"
4196,8291,Bank Transfer,1299.99,Successful,"2026-07-29 12:00:00"
4197,8292,Credit Card,1499.98,Pending,"2026-03-21 12:00:00"
4198,8293,Debit Card,559.97,Successful,"2025-11-11 12:00:00"
4199,8294,PayPal,1899.97,Successful,"2025-07-04 12:00:00"
4200,8295,Bank Transfer,2559.97,Successful,"2025-02-24 12:00:00"
4201,8296,Credit Card,4249.97,Successful,"2025-11-24 12:00:00"
4202,8297,Debit Card,4399.95,Successful,"2025-07-17 12:00:00"
4203,8298,PayPal,4149.96,Successful,"2025-03-09 12:00:00"
4204,8299,Bank Transfer,6449.95,Successful,"2024-10-30 12:00:00"
4205,8300,Credit Card,899.99,Successful,"2024-06-22 12:00:00"
4206,8301,Debit Card,899.99,Successful,"2025-12-07 12:00:00"
4207,8302,PayPal,69.98,Pending,"2025-07-30 12:00:00"
4208,8303,Bank Transfer,109.97,Successful,"2025-03-22 12:00:00"
4209,8304,Credit Card,449.97,Successful,"2024-11-12 12:00:00"
4210,8305,Debit Card,479.97,Successful,"2024-07-05 12:00:00"
4211,8306,PayPal,219.97,Successful,"2025-12-20 12:00:00"
4212,8307,Bank Transfer,439.96,Successful,"2025-08-12 12:00:00"
4213,8308,Credit Card,359.96,Successful,"2025-04-04 12:00:00"
4214,8309,Debit Card,609.93,Successful,"2024-11-25 12:00:00"
4215,8310,PayPal,79.99,Successful,"2024-07-18 12:00:00"
4216,8311,Bank Transfer,89.99,Successful,"2026-01-02 12:00:00"
4217,8312,Credit Card,319.97,Successful,"2025-08-25 12:00:00"
4218,8313,Debit Card,349.98,Successful,"2025-04-17 12:00:00"
4219,8314,PayPal,379.98,Pending,"2024-12-08 12:00:00"
4220,8315,Bank Transfer,549.97,Successful,"2024-07-31 12:00:00"
4221,8316,Credit Card,1149.98,Successful,"2026-01-15 12:00:00"
4222,8317,Debit Card,1499.97,Successful,"2025-09-07 12:00:00"
4223,8318,PayPal,2749.96,Successful,"2025-04-30 12:00:00"
4224,8319,Bank Transfer,4349.95,Successful,"2024-12-21 12:00:00"
4225,8320,Credit Card,299.99,Successful,"2024-08-13 12:00:00"
4226,8321,Debit Card,1199.98,Successful,"2026-01-28 12:00:00"
4227,8322,PayPal,689.97,Successful,"2025-09-20 12:00:00"
4228,8323,Bank Transfer,2449.98,Successful,"2025-05-13 12:00:00"
4229,8324,Credit Card,3099.97,Successful,"2025-01-03 12:00:00"
4230,8325,Debit Card,3499.97,Successful,"2024-08-26 12:00:00"
4231,8326,PayPal,2199.98,Successful,"2026-02-10 12:00:00"
4232,8327,Bank Transfer,4399.95,Successful,"2025-10-03 12:00:00"
4233,8328,Credit Card,4149.96,Successful,"2025-05-26 12:00:00"
4234,8329,Debit Card,2309.94,Successful,"2025-01-16 12:00:00"
4235,8330,PayPal,69.99,Successful,"2024-09-08 12:00:00"
4236,8331,Bank Transfer,399.98,Successful,"2026-02-23 12:00:00"
4237,8332,Credit Card,479.97,Successful,"2025-10-16 12:00:00"
4238,8333,Debit Card,219.97,Successful,"2025-06-08 12:00:00"
4239,8334,PayPal,339.97,Successful,"2025-01-29 12:00:00"
4240,8335,Bank Transfer,279.97,Successful,"2024-09-21 12:00:00"
4241,8336,Credit Card,129.97,Successful,"2026-03-08 12:00:00"
4242,8337,Debit Card,349.96,Successful,"2025-10-29 12:00:00"
4243,8338,PayPal,304.95,Successful,"2025-06-21 12:00:00"
4244,8339,Bank Transfer,614.93,Successful,"2025-02-11 12:00:00"
4245,8340,Credit Card,119.99,Successful,"2024-10-04 12:00:00"
4246,8341,Debit Card,299.99,Failed,"2026-03-21 12:00:00"
4247,8342,PayPal,399.98,Failed,"2025-11-11 12:00:00"
4248,8343,Bank Transfer,1399.97,Failed,"2025-07-04 12:00:00"
4249,8344,Credit Card,1049.98,Failed,"2025-02-24 12:00:00"
4250,8345,Debit Card,1849.98,Failed,"2024-10-17 12:00:00"
4251,8346,PayPal,2499.97,Successful,"2025-07-17 12:00:00"
4252,8347,Bank Transfer,1229.96,Successful,"2025-03-09 12:00:00"
4253,8348,Credit Card,2299.96,Successful,"2024-10-30 12:00:00"
4254,8349,Debit Card,2319.94,Successful,"2024-06-22 12:00:00"
4255,8350,PayPal,1299.98,Successful,"2024-02-13 12:00:00"
4256,8351,Bank Transfer,899.99,Pending,"2025-07-30 12:00:00"
4257,8352,Credit Card,2199.98,Successful,"2025-03-22 12:00:00"
4258,8353,Debit Card,2199.98,Successful,"2024-11-12 12:00:00"
4259,8354,PayPal,3099.97,Successful,"2024-07-05 12:00:00"
4260,8355,Bank Transfer,3499.97,Successful,"2024-02-26 12:00:00"
4261,8356,Credit Card,109.96,Successful,"2025-08-12 12:00:00"
4262,8357,Debit Card,289.95,Successful,"2025-04-04 12:00:00"
4263,8358,PayPal,589.95,Successful,"2024-11-25 12:00:00"
4264,8359,Bank Transfer,729.95,Successful,"2024-07-18 12:00:00"
4265,8360,Credit Card,99.99,Successful,"2024-03-10 12:00:00"
4266,8361,Debit Card,159.98,Successful,"2025-08-25 12:00:00"
4267,8362,PayPal,279.97,Successful,"2025-04-17 12:00:00"
4268,8363,Bank Transfer,99.98,Pending,"2024-12-08 12:00:00"
4269,8364,Credit Card,279.97,Successful,"2024-07-31 12:00:00"
4270,8365,Debit Card,199.97,Successful,"2024-03-23 12:00:00"
4271,8366,PayPal,219.98,Successful,"2025-09-07 12:00:00"
4272,8367,Bank Transfer,899.93,Successful,"2025-04-30 12:00:00"
4273,8368,Credit Card,619.96,Successful,"2024-12-21 12:00:00"
4274,8369,Debit Card,1079.95,Successful,"2024-08-13 12:00:00"
4275,8370,PayPal,899.99,Successful,"2024-04-05 12:00:00"
4276,8371,Bank Transfer,699.99,Successful,"2025-09-20 12:00:00"
4277,8372,Credit Card,1849.98,Successful,"2025-05-13 12:00:00"
4278,8373,Debit Card,1499.98,Successful,"2025-01-03 12:00:00"
4279,8374,PayPal,729.97,Successful,"2024-08-26 12:00:00"
4280,8375,Bank Transfer,1999.97,Pending,"2024-04-18 12:00:00"
4281,8376,Credit Card,839.97,Successful,"2025-10-03 12:00:00"
4282,8377,Debit Card,5299.96,Successful,"2025-05-26 12:00:00"
4283,8378,PayPal,4149.96,Successful,"2025-01-16 12:00:00"
4284,8379,Bank Transfer,6449.95,Successful,"2024-09-08 12:00:00"
4285,8380,Credit Card,899.99,Successful,"2024-05-01 12:00:00"
4286,8381,Debit Card,899.99,Successful,"2025-10-16 12:00:00"
4287,8382,PayPal,2199.98,Successful,"2025-06-08 12:00:00"
4288,8383,Bank Transfer,89.97,Successful,"2025-01-29 12:00:00"
4289,8384,Credit Card,229.96,Successful,"2024-09-21 12:00:00"
4290,8385,Debit Card,249.98,Successful,"2024-05-14 12:00:00"
4291,8386,PayPal,599.96,Successful,"2025-10-29 12:00:00"
4292,8387,Bank Transfer,399.96,Successful,"2025-06-21 12:00:00"
4293,8388,Credit Card,639.95,Successful,"2025-02-11 12:00:00"
4294,8389,Debit Card,739.94,Successful,"2024-10-04 12:00:00"
4295,8390,PayPal,69.99,Successful,"2024-05-27 12:00:00"
4296,8391,Bank Transfer,79.99,Successful,"2025-11-11 12:00:00"
4297,8392,Credit Card,199.97,Successful,"2025-07-04 12:00:00"
4298,8393,Debit Card,219.98,Successful,"2025-02-24 12:00:00"
4299,8394,PayPal,819.95,Successful,"2024-10-17 12:00:00"
4300,8395,Bank Transfer,679.97,Successful,"2024-06-09 12:00:00"
4301,8396,Credit Card,399.98,Successful,"2025-03-09 12:00:00"
4302,8397,Debit Card,1649.96,Successful,"2024-10-30 12:00:00"
4303,8398,PayPal,2049.97,Successful,"2024-06-22 12:00:00"
4304,8399,Bank Transfer,3249.95,Successful,"2024-02-13 12:00:00"
4305,8400,Credit Card,499.99,Successful,"2026-06-22 12:00:00"
4306,8401,Debit Card,299.99,Successful,"2025-03-22 12:00:00"
4307,8402,PayPal,1999.97,Successful,"2024-11-12 12:00:00"
4308,8403,Bank Transfer,839.97,Successful,"2024-07-05 12:00:00"
4309,8404,Credit Card,2849.98,Successful,"2024-02-26 12:00:00"
4310,8405,Debit Card,3499.97,Successful,"2026-07-05 12:00:00"
4311,8406,PayPal,2199.98,Successful,"2025-04-04 12:00:00"
4312,8407,Bank Transfer,4399.95,Successful,"2024-11-25 12:00:00"
4313,8408,Credit Card,4149.96,Successful,"2024-07-18 12:00:00"
4314,8409,Debit Card,6449.95,Successful,"2024-03-10 12:00:00"
4315,8410,PayPal,39.98,Successful,"2026-07-18 12:00:00"
4316,8411,Bank Transfer,139.98,Successful,"2025-04-17 12:00:00"
4317,8412,Credit Card,249.98,Pending,"2024-12-08 12:00:00"
4318,8413,Debit Card,419.97,Successful,"2024-07-31 12:00:00"
4319,8414,PayPal,319.96,Successful,"2024-03-23 12:00:00"
4320,8415,Bank Transfer,439.97,Successful,"2026-07-31 12:00:00"
4321,8416,Credit Card,439.97,Successful,"2025-04-30 12:00:00"
4322,8417,Debit Card,299.97,Successful,"2024-12-21 12:00:00"
4323,8418,PayPal,319.96,Successful,"2024-08-13 12:00:00"
4324,8419,Bank Transfer,514.94,Successful,"2024-04-05 12:00:00"
4325,8420,Credit Card,99.99,Successful,"2026-08-13 12:00:00"
4326,8421,Debit Card,239.98,Successful,"2025-05-13 12:00:00"
4327,8422,PayPal,679.97,Successful,"2025-01-03 12:00:00"
4328,8423,Bank Transfer,649.97,Successful,"2024-08-26 12:00:00"
4329,8424,Credit Card,1399.97,Pending,"2024-04-18 12:00:00"
4330,8425,Debit Card,1149.98,Successful,"2026-08-26 12:00:00"
4331,8426,PayPal,1849.98,Successful,"2025-05-26 12:00:00"
4332,8427,Bank Transfer,4099.96,Successful,"2025-01-16 12:00:00"
4333,8428,Credit Card,1429.96,Successful,"2024-09-08 12:00:00"
4334,8429,Debit Card,1859.95,Successful,"2024-05-01 12:00:00"
4335,8430,PayPal,179.99,Successful,"2026-09-08 12:00:00"
4336,8431,Bank Transfer,649.99,Successful,"2025-06-08 12:00:00"
4337,8432,Credit Card,2199.98,Successful,"2025-01-29 12:00:00"
4338,8433,Debit Card,2199.98,Successful,"2024-09-21 12:00:00"
4339,8434,PayPal,3099.97,Successful,"2024-05-14 12:00:00"
4340,8435,Bank Transfer,3499.97,Successful,"2024-01-05 12:00:00"
4341,8436,Credit Card,2199.98,Successful,"2025-06-21 12:00:00"
4342,8437,Debit Card,1969.94,Successful,"2025-02-11 12:00:00"
4343,8438,PayPal,339.94,Successful,"2024-10-04 12:00:00"
4344,8439,Bank Transfer,379.94,Successful,"2024-05-27 12:00:00"
4345,8440,Credit Card,179.99,Successful,"2024-01-18 12:00:00"
4346,8441,Debit Card,199.98,Failed,"2025-07-04 12:00:00"
4347,8442,PayPal,439.97,Failed,"2025-02-24 12:00:00"
4348,8443,Bank Transfer,439.97,Failed,"2024-10-17 12:00:00"
4349,8444,Credit Card,239.96,Failed,"2024-06-09 12:00:00"
4350,8445,Debit Card,179.98,Failed,"2024-01-31 12:00:00"
4351,8446,PayPal,174.98,Successful,"2024-10-30 12:00:00"
4352,8447,Bank Transfer,214.97,Successful,"2024-06-22 12:00:00"
4353,8448,Credit Card,739.95,Successful,"2024-02-13 12:00:00"
4354,8449,Debit Card,1029.95,Successful,"2026-06-22 12:00:00"
4355,8450,PayPal,499.98,Successful,"2026-02-12 12:00:00"
4356,8451,Bank Transfer,899.99,Successful,"2024-11-12 12:00:00"
4357,8452,Credit Card,1149.98,Successful,"2024-07-05 12:00:00"
4358,8453,Debit Card,899.98,Successful,"2024-02-26 12:00:00"
4359,8454,PayPal,1499.98,Successful,"2026-07-05 12:00:00"
4360,8455,Bank Transfer,429.98,Successful,"2026-02-25 12:00:00"
4361,8456,Credit Card,1299.98,Successful,"2024-11-25 12:00:00"
4362,8457,Debit Card,1709.96,Successful,"2024-07-18 12:00:00"
4363,8458,PayPal,5409.95,Successful,"2024-03-10 12:00:00"
4364,8459,Bank Transfer,6449.95,Successful,"2026-07-18 12:00:00"
4365,8460,Credit Card,899.99,Successful,"2026-03-10 12:00:00"
4366,8461,Debit Card,899.99,Pending,"2024-12-08 12:00:00"
4367,8462,PayPal,2199.98,Successful,"2024-07-31 12:00:00"
4368,8463,Bank Transfer,2199.98,Successful,"2024-03-23 12:00:00"
4369,8464,Credit Card,119.97,Successful,"2026-07-31 12:00:00"
4370,8465,Debit Card,89.98,Successful,"2026-03-23 12:00:00"
4371,8466,PayPal,349.96,Successful,"2024-12-21 12:00:00"
4372,8467,Bank Transfer,819.95,Successful,"2024-08-13 12:00:00"
4373,8468,Credit Card,439.96,Successful,"2024-04-05 12:00:00"
4374,8469,Debit Card,459.95,Successful,"2026-08-13 12:00:00"
4375,8470,PayPal,399.98,Successful,"2026-04-05 12:00:00"
4376,8471,Bank Transfer,209.97,Successful,"2025-01-03 12:00:00"
4377,8472,Credit Card,339.96,Successful,"2024-08-26 12:00:00"
4378,8473,Debit Card,174.98,Pending,"2024-04-18 12:00:00"
4379,8474,PayPal,189.98,Successful,"2026-08-26 12:00:00"
4380,8475,Bank Transfer,349.98,Successful,"2026-04-18 12:00:00"
4381,8476,Credit Card,759.96,Successful,"2025-01-16 12:00:00"
4382,8477,Debit Card,949.96,Successful,"2024-09-08 12:00:00"
4383,8478,PayPal,1399.97,Successful,"2024-05-01 12:00:00"
4384,8479,Bank Transfer,2299.96,Successful,"2026-09-08 12:00:00"
4385,8480,Credit Card,549.99,Successful,"2026-05-01 12:00:00"
4386,8481,Debit Card,499.99,Successful,"2025-01-29 12:00:00"
4387,8482,PayPal,559.97,Successful,"2024-09-21 12:00:00"
4388,8483,Bank Transfer,1299.98,Successful,"2024-05-14 12:00:00"
4389,8484,Credit Card,509.98,Successful,"2024-01-05 12:00:00"
4390,8485,Debit Card,2849.98,Pending,"2026-05-14 12:00:00"
4391,8486,PayPal,1949.98,Successful,"2025-02-11 12:00:00"
4392,8487,Bank Transfer,4399.95,Successful,"2024-10-04 12:00:00"
4393,8488,Credit Card,4149.96,Successful,"2024-05-27 12:00:00"
4394,8489,Debit Card,6449.95,Successful,"2024-01-18 12:00:00"
4395,8490,PayPal,899.99,Successful,"2026-05-27 12:00:00"
4396,8491,Bank Transfer,19.99,Successful,"2025-02-24 12:00:00"
4397,8492,Credit Card,89.98,Successful,"2024-10-17 12:00:00"
4398,8493,Debit Card,349.96,Successful,"2024-06-09 12:00:00"
4399,8494,PayPal,299.98,Successful,"2024-01-31 12:00:00"
4400,8495,Bank Transfer,259.97,Successful,"2026-06-09 12:00:00"
4401,8496,Credit Card,279.98,Successful,"2024-06-22 12:00:00"
4402,8497,Debit Card,399.96,Successful,"2024-02-13 12:00:00"
4403,8498,PayPal,369.96,Successful,"2026-06-22 12:00:00"
4404,8499,Bank Transfer,469.93,Successful,"2026-02-12 12:00:00"
4405,8500,Credit Card,24.99,Successful,"2025-10-05 12:00:00"
4406,8501,Debit Card,99.99,Successful,"2024-07-05 12:00:00"
4407,8502,PayPal,159.98,Successful,"2024-02-26 12:00:00"
4408,8503,Bank Transfer,459.97,Successful,"2026-07-05 12:00:00"
4409,8504,Credit Card,799.96,Successful,"2026-02-25 12:00:00"
4410,8505,Debit Card,2049.97,Successful,"2025-10-18 12:00:00"
4411,8506,PayPal,1149.98,Successful,"2024-07-18 12:00:00"
4412,8507,Bank Transfer,1599.97,Successful,"2024-03-10 12:00:00"
4413,8508,Credit Card,3299.96,Successful,"2026-07-18 12:00:00"
4414,8509,Debit Card,3059.94,Successful,"2026-03-10 12:00:00"
4415,8510,PayPal,1199.98,Successful,"2025-10-31 12:00:00"
4416,8511,Bank Transfer,179.99,Successful,"2024-07-31 12:00:00"
4417,8512,Credit Card,2849.98,Successful,"2024-03-23 12:00:00"
4418,8513,Debit Card,1949.98,Successful,"2026-07-31 12:00:00"
4419,8514,PayPal,3099.97,Successful,"2026-03-23 12:00:00"
4420,8515,Bank Transfer,3499.97,Successful,"2025-11-13 12:00:00"
4421,8516,Credit Card,2199.98,Successful,"2024-08-13 12:00:00"
4422,8517,Debit Card,4399.95,Successful,"2024-04-05 12:00:00"
4423,8518,PayPal,3549.96,Successful,"2026-08-13 12:00:00"
4424,8519,Bank Transfer,299.93,Successful,"2026-04-05 12:00:00"
4425,8520,Credit Card,199.99,Successful,"2025-11-26 12:00:00"
4426,8521,Debit Card,179.99,Successful,"2024-08-26 12:00:00"
4427,8522,PayPal,159.98,Pending,"2024-04-18 12:00:00"
4428,8523,Bank Transfer,279.98,Successful,"2026-08-26 12:00:00"
4429,8524,Credit Card,239.98,Successful,"2026-04-18 12:00:00"
4430,8525,Debit Card,229.95,Successful,"2025-12-09 12:00:00"
4431,8526,PayPal,259.97,Successful,"2024-09-08 12:00:00"
4432,8527,Bank Transfer,554.95,Successful,"2024-05-01 12:00:00"
4433,8528,Credit Card,464.93,Successful,"2026-09-08 12:00:00"
4434,8529,Debit Card,629.93,Successful,"2026-05-01 12:00:00"
4435,8530,PayPal,299.99,Successful,"2025-12-22 12:00:00"
4436,8531,Bank Transfer,249.99,Successful,"2024-09-21 12:00:00"
4437,8532,Credit Card,2049.97,Successful,"2024-05-14 12:00:00"
4438,8533,Debit Card,1849.97,Successful,"2024-01-05 12:00:00"
4439,8534,PayPal,899.98,Pending,"2026-05-14 12:00:00"
4440,8535,Bank Transfer,2299.98,Successful,"2026-01-04 12:00:00"
4441,8536,Credit Card,559.97,Successful,"2024-10-04 12:00:00"
4442,8537,Debit Card,2499.95,Successful,"2024-05-27 12:00:00"
4443,8538,PayPal,1289.96,Successful,"2024-01-18 12:00:00"
4444,8539,Bank Transfer,3869.94,Successful,"2026-05-27 12:00:00"
4445,8540,Credit Card,1299.99,Successful,"2026-01-17 12:00:00"
4446,8541,Debit Card,899.99,Failed,"2024-10-17 12:00:00"
4447,8542,PayPal,2199.98,Failed,"2024-06-09 12:00:00"
4448,8543,Bank Transfer,2199.98,Failed,"2024-01-31 12:00:00"
4449,8544,Credit Card,3099.97,Failed,"2026-06-09 12:00:00"
4450,8545,Debit Card,949.98,Failed,"2026-01-30 12:00:00"
4451,8546,PayPal,129.96,Successful,"2024-02-13 12:00:00"
4452,8547,Bank Transfer,709.93,Successful,"2026-06-22 12:00:00"
4453,8548,Credit Card,699.96,Successful,"2026-02-12 12:00:00"
4454,8549,Debit Card,639.95,Successful,"2025-10-05 12:00:00"
4455,8550,PayPal,179.99,Successful,"2025-05-28 12:00:00"
4456,8551,Bank Transfer,199.99,Successful,"2024-02-26 12:00:00"
4457,8552,Credit Card,159.96,Successful,"2026-07-05 12:00:00"
4458,8553,Debit Card,459.95,Successful,"2026-02-25 12:00:00"
4459,8554,PayPal,324.97,Successful,"2025-10-18 12:00:00"
4460,8555,Bank Transfer,389.96,Successful,"2025-06-10 12:00:00"
4461,8556,Credit Card,239.96,Successful,"2024-03-10 12:00:00"
4462,8557,Debit Card,819.94,Successful,"2026-07-18 12:00:00"
4463,8558,PayPal,849.96,Successful,"2026-03-10 12:00:00"
4464,8559,Bank Transfer,1549.96,Successful,"2025-10-31 12:00:00"
4465,8560,Credit Card,1399.98,Successful,"2025-06-23 12:00:00"
4466,8561,Debit Card,1099.98,Successful,"2024-03-23 12:00:00"
4467,8562,PayPal,2299.98,Successful,"2026-07-31 12:00:00"
4468,8563,Bank Transfer,559.97,Successful,"2026-03-23 12:00:00"
4469,8564,Credit Card,1899.97,Successful,"2025-11-13 12:00:00"
4470,8565,Debit Card,689.97,Successful,"2025-07-06 12:00:00"
4471,8566,PayPal,2849.98,Successful,"2024-04-05 12:00:00"
4472,8567,Bank Transfer,4399.96,Successful,"2026-08-13 12:00:00"
4473,8568,Credit Card,4149.96,Successful,"2026-04-05 12:00:00"
4474,8569,Debit Card,6449.95,Successful,"2025-11-26 12:00:00"
4475,8570,PayPal,899.99,Successful,"2025-07-19 12:00:00"
4476,8571,Bank Transfer,899.99,Pending,"2024-04-18 12:00:00"
4477,8572,Credit Card,949.98,Successful,"2026-08-26 12:00:00"
4478,8573,Debit Card,109.97,Successful,"2026-04-18 12:00:00"
4479,8574,PayPal,449.97,Successful,"2025-12-09 12:00:00"
4480,8575,Bank Transfer,479.97,Successful,"2025-08-01 12:00:00"
4481,8576,Credit Card,159.98,Successful,"2024-05-01 12:00:00"
4482,8577,Debit Card,339.97,Successful,"2026-09-08 12:00:00"
4483,8578,PayPal,639.96,Successful,"2026-05-01 12:00:00"
4484,8579,Bank Transfer,609.93,Successful,"2025-12-22 12:00:00"
4485,8580,Credit Card,79.99,Successful,"2025-08-14 12:00:00"
4486,8581,Debit Card,74.97,Successful,"2024-05-14 12:00:00"
4487,8582,PayPal,289.97,Successful,"2024-01-05 12:00:00"
4488,8583,Bank Transfer,239.96,Pending,"2026-05-14 12:00:00"
4489,8584,Credit Card,439.96,Successful,"2026-01-04 12:00:00"
4490,8585,Debit Card,549.97,Successful,"2025-08-27 12:00:00"
4491,8586,PayPal,1149.98,Successful,"2024-05-27 12:00:00"
4492,8587,Bank Transfer,2049.97,Successful,"2024-01-18 12:00:00"
4493,8588,Credit Card,2149.96,Successful,"2026-05-27 12:00:00"
4494,8589,Debit Card,4549.94,Successful,"2026-01-17 12:00:00"
4495,8590,PayPal,299.99,Successful,"2025-09-09 12:00:00"
4496,8591,Bank Transfer,1199.98,Successful,"2024-06-09 12:00:00"
4497,8592,Credit Card,689.97,Successful,"2024-01-31 12:00:00"
4498,8593,Debit Card,2849.98,Successful,"2026-06-09 12:00:00"
4499,8594,PayPal,1949.98,Successful,"2026-01-30 12:00:00"
4500,8595,Bank Transfer,3499.97,Pending,"2025-09-22 12:00:00"
4501,8596,Credit Card,2199.98,Successful,"2025-06-17 12:00:00"
4502,8597,Debit Card,4399.95,Successful,"2025-02-07 12:00:00"
4503,8598,PayPal,4149.96,Successful,"2024-09-30 12:00:00"
4504,8599,Bank Transfer,2899.96,Successful,"2024-05-23 12:00:00"
4505,8600,Credit Card,39.98,Successful,"2024-01-14 12:00:00"
4506,8601,Debit Card,399.98,Successful,"2025-06-30 12:00:00"
4507,8602,PayPal,479.97,Successful,"2025-02-20 12:00:00"
4508,8603,Bank Transfer,219.97,Successful,"2024-10-13 12:00:00"
4509,8604,Credit Card,379.97,Successful,"2024-06-05 12:00:00"
4510,8605,Debit Card,279.98,Successful,"2024-01-27 12:00:00"
4511,8606,PayPal,129.97,Successful,"2025-07-13 12:00:00"
4512,8607,Bank Transfer,349.96,Successful,"2025-03-05 12:00:00"
4513,8608,Credit Card,304.95,Successful,"2024-10-26 12:00:00"
4514,8609,Debit Card,644.93,Successful,"2024-06-18 12:00:00"
4515,8610,PayPal,119.99,Successful,"2024-02-09 12:00:00"
4516,8611,Bank Transfer,79.99,Successful,"2025-07-26 12:00:00"
4517,8612,Credit Card,399.98,Successful,"2025-03-18 12:00:00"
4518,8613,Debit Card,1399.97,Successful,"2024-11-08 12:00:00"
4519,8614,PayPal,1599.97,Successful,"2024-07-01 12:00:00"
4520,8615,Bank Transfer,899.98,Successful,"2024-02-22 12:00:00"
4521,8616,Credit Card,3299.97,Successful,"2025-08-08 12:00:00"
4522,8617,Debit Card,2099.96,Successful,"2025-03-31 12:00:00"
4523,8618,PayPal,2299.96,Successful,"2024-11-21 12:00:00"
4524,8619,Bank Transfer,2319.94,Successful,"2024-07-14 12:00:00"
4525,8620,Credit Card,1299.98,Successful,"2024-03-06 12:00:00"
4526,8621,Debit Card,1299.99,Successful,"2025-08-21 12:00:00"
4527,8622,PayPal,2199.98,Pending,"2025-04-13 12:00:00"
4528,8623,Bank Transfer,2199.98,Successful,"2024-12-04 12:00:00"
4529,8624,Credit Card,3099.97,Successful,"2024-07-27 12:00:00"
4530,8625,Debit Card,3499.97,Successful,"2024-03-19 12:00:00"
4531,8626,PayPal,949.98,Successful,"2025-09-03 12:00:00"
4532,8627,Bank Transfer,229.95,Successful,"2025-04-26 12:00:00"
4533,8628,Credit Card,589.95,Successful,"2024-12-17 12:00:00"
4534,8629,Debit Card,729.95,Successful,"2024-08-09 12:00:00"
4535,8630,PayPal,99.99,Successful,"2024-04-01 12:00:00"
4536,8631,Bank Transfer,359.98,Successful,"2025-09-16 12:00:00"
4537,8632,Credit Card,279.98,Successful,"2025-05-09 12:00:00"
4538,8633,Debit Card,429.97,Successful,"2024-12-30 12:00:00"
4539,8634,PayPal,279.97,Pending,"2024-08-22 12:00:00"
4540,8635,Bank Transfer,199.97,Successful,"2024-04-14 12:00:00"
4541,8636,Credit Card,369.96,Successful,"2025-09-29 12:00:00"
4542,8637,Debit Card,539.94,Successful,"2025-05-22 12:00:00"
4543,8638,PayPal,779.95,Successful,"2025-01-12 12:00:00"
4544,8639,Bank Transfer,1079.95,Successful,"2024-09-04 12:00:00"
4545,8640,Credit Card,899.99,Successful,"2024-04-27 12:00:00"
4546,8641,Debit Card,699.99,Failed,"2025-10-12 12:00:00"
4547,8642,PayPal,1249.97,Failed,"2025-06-04 12:00:00"
4548,8643,Bank Transfer,2299.98,Failed,"2025-01-25 12:00:00"
4549,8644,Credit Card,1099.97,Failed,"2024-09-17 12:00:00"
4550,8645,Debit Card,1999.97,Failed,"2024-05-10 12:00:00"
4551,8646,PayPal,839.97,Successful,"2025-02-07 12:00:00"
4552,8647,Bank Transfer,3679.96,Successful,"2024-09-30 12:00:00"
4553,8648,Credit Card,5049.96,Successful,"2024-05-23 12:00:00"
4554,8649,Debit Card,6449.95,Successful,"2024-01-14 12:00:00"
4555,8650,PayPal,899.99,Successful,"2026-05-23 12:00:00"
4556,8651,Bank Transfer,899.99,Successful,"2025-02-20 12:00:00"
4557,8652,Credit Card,2199.98,Successful,"2024-10-13 12:00:00"
4558,8653,Debit Card,949.98,Successful,"2024-06-05 12:00:00"
4559,8654,PayPal,79.98,Successful,"2024-01-27 12:00:00"
4560,8655,Bank Transfer,249.98,Successful,"2026-06-05 12:00:00"
4561,8656,Credit Card,599.96,Successful,"2025-03-05 12:00:00"
4562,8657,Debit Card,399.96,Successful,"2024-10-26 12:00:00"
4563,8658,PayPal,619.95,Successful,"2024-06-18 12:00:00"
4564,8659,Bank Transfer,759.95,Successful,"2024-02-09 12:00:00"
4565,8660,Credit Card,29.99,Successful,"2026-06-18 12:00:00"
4566,8661,Debit Card,79.99,Successful,"2025-03-18 12:00:00"
4567,8662,PayPal,199.97,Successful,"2024-11-08 12:00:00"
4568,8663,Bank Transfer,279.97,Successful,"2024-07-01 12:00:00"
4569,8664,Credit Card,399.96,Successful,"2024-02-22 12:00:00"
4570,8665,Debit Card,199.98,Successful,"2026-07-01 12:00:00"
4571,8666,PayPal,749.97,Successful,"2025-03-31 12:00:00"
4572,8667,Bank Transfer,1649.96,Successful,"2024-11-21 12:00:00"
4573,8668,Credit Card,2049.97,Successful,"2024-07-14 12:00:00"
4574,8669,Debit Card,2399.95,Successful,"2024-03-06 12:00:00"
4575,8670,PayPal,999.99,Successful,"2026-07-14 12:00:00"
4576,8671,Bank Transfer,299.99,Pending,"2025-04-13 12:00:00"
4577,8672,Credit Card,1999.97,Successful,"2024-12-04 12:00:00"
4578,8673,Debit Card,839.97,Successful,"2024-07-27 12:00:00"
4579,8674,PayPal,2849.98,Successful,"2024-03-19 12:00:00"
4580,8675,Bank Transfer,3249.97,Successful,"2026-07-27 12:00:00"
4581,8676,Credit Card,2199.98,Successful,"2025-04-26 12:00:00"
4582,8677,Debit Card,4399.95,Successful,"2024-12-17 12:00:00"
4583,8678,PayPal,4149.96,Successful,"2024-08-09 12:00:00"
4584,8679,Bank Transfer,6449.95,Successful,"2024-04-01 12:00:00"
4585,8680,Credit Card,149.97,Successful,"2026-08-09 12:00:00"
4586,8681,Debit Card,19.99,Successful,"2025-05-09 12:00:00"
4587,8682,PayPal,119.98,Successful,"2024-12-30 12:00:00"
4588,8683,Bank Transfer,419.97,Pending,"2024-08-22 12:00:00"
4589,8684,Credit Card,319.96,Successful,"2024-04-14 12:00:00"
4590,8685,Debit Card,559.96,Successful,"2026-08-22 12:00:00"
4591,8686,PayPal,479.97,Successful,"2025-05-22 12:00:00"
4592,8687,Bank Transfer,269.97,Successful,"2025-01-12 12:00:00"
4593,8688,Credit Card,319.96,Successful,"2024-09-04 12:00:00"
4594,8689,Debit Card,514.94,Successful,"2024-04-27 12:00:00"
4595,8690,PayPal,99.99,Successful,"2026-09-04 12:00:00"
4596,8691,Bank Transfer,239.98,Successful,"2025-06-04 12:00:00"
4597,8692,Credit Card,199.98,Successful,"2025-01-25 12:00:00"
4598,8693,Debit Card,449.98,Successful,"2024-09-17 12:00:00"
4599,8694,PayPal,1399.97,Successful,"2024-05-10 12:00:00"
4600,8695,Bank Transfer,1149.98,Pending,"2024-01-01 12:00:00"
4601,8696,Credit Card,899.98,Successful,"2024-09-30 12:00:00"
4602,8697,Debit Card,4149.96,Successful,"2024-05-23 12:00:00"
4603,8698,PayPal,2299.96,Successful,"2024-01-14 12:00:00"
4604,8699,Bank Transfer,1759.95,Successful,"2026-05-23 12:00:00"
4605,8700,Credit Card,179.99,Successful,"2026-01-13 12:00:00"
4606,8701,Debit Card,649.99,Successful,"2024-10-13 12:00:00"
4607,8702,PayPal,1949.98,Successful,"2024-06-05 12:00:00"
4608,8703,Bank Transfer,2199.98,Successful,"2024-01-27 12:00:00"
4609,8704,Credit Card,3099.97,Successful,"2026-06-05 12:00:00"
4610,8705,Debit Card,3499.97,Pending,"2026-01-26 12:00:00"
4611,8706,PayPal,2199.98,Successful,"2024-10-26 12:00:00"
4612,8707,Bank Transfer,3249.94,Successful,"2024-06-18 12:00:00"
4613,8708,Credit Card,249.95,Successful,"2024-02-09 12:00:00"
4614,8709,Debit Card,299.93,Successful,"2026-06-18 12:00:00"
4615,8710,PayPal,179.99,Successful,"2026-02-08 12:00:00"
4616,8711,Bank Transfer,199.98,Successful,"2024-11-08 12:00:00"
4617,8712,Credit Card,459.97,Successful,"2024-07-01 12:00:00"
4618,8713,Debit Card,479.97,Successful,"2024-02-22 12:00:00"
4619,8714,PayPal,229.98,Successful,"2026-07-01 12:00:00"
4620,8715,Bank Transfer,239.97,Successful,"2026-02-21 12:00:00"
4621,8716,Credit Card,174.98,Successful,"2024-11-21 12:00:00"
4622,8717,Debit Card,214.97,Successful,"2024-07-14 12:00:00"
4623,8718,PayPal,579.94,Successful,"2024-03-06 12:00:00"
4624,8719,Bank Transfer,469.96,Successful,"2026-07-14 12:00:00"
4625,8720,Credit Card,149.99,Successful,"2026-03-06 12:00:00"
4626,8721,Debit Card,899.99,Successful,"2024-12-04 12:00:00"
4627,8722,PayPal,1149.98,Successful,"2024-07-27 12:00:00"
4628,8723,Bank Transfer,899.98,Successful,"2024-03-19 12:00:00"
4629,8724,Credit Card,2299.98,Successful,"2026-07-27 12:00:00"
4630,8725,Debit Card,1299.97,Successful,"2026-03-19 12:00:00"
4631,8726,PayPal,999.98,Successful,"2024-12-17 12:00:00"
4632,8727,Bank Transfer,1709.96,Successful,"2024-08-09 12:00:00"
4633,8728,Credit Card,5409.95,Successful,"2024-04-01 12:00:00"
4634,8729,Debit Card,7749.95,Successful,"2026-08-09 12:00:00"
4635,8730,PayPal,899.99,Successful,"2026-04-01 12:00:00"
4636,8731,Bank Transfer,899.99,Successful,"2024-12-30 12:00:00"
4637,8732,Credit Card,2199.98,Pending,"2024-08-22 12:00:00"
4638,8733,Debit Card,2199.98,Successful,"2024-04-14 12:00:00"
4639,8734,PayPal,1899.96,Successful,"2026-08-22 12:00:00"
4640,8735,Bank Transfer,199.96,Successful,"2026-04-14 12:00:00"
4641,8736,Credit Card,219.96,Successful,"2025-01-12 12:00:00"
4642,8737,Debit Card,819.95,Successful,"2024-09-04 12:00:00"
4643,8738,PayPal,439.96,Successful,"2024-04-27 12:00:00"
4644,8739,Bank Transfer,459.95,Successful,"2026-09-04 12:00:00"
4645,8740,Credit Card,399.98,Successful,"2026-04-27 12:00:00"
4646,8741,Debit Card,29.99,Failed,"2025-01-25 12:00:00"
4647,8742,PayPal,169.98,Failed,"2024-09-17 12:00:00"
4648,8743,Bank Transfer,174.98,Failed,"2024-05-10 12:00:00"
4649,8744,Credit Card,189.98,Failed,"2024-01-01 12:00:00"
4650,8745,Debit Card,159.98,Failed,"2026-05-10 12:00:00"
4651,8746,PayPal,279.97,Successful,"2024-05-23 12:00:00"
4652,8747,Bank Transfer,609.96,Successful,"2024-01-14 12:00:00"
4653,8748,Credit Card,799.96,Successful,"2026-05-23 12:00:00"
4654,8749,Debit Card,2299.96,Successful,"2026-01-13 12:00:00"
4655,8750,PayPal,549.99,Successful,"2025-09-05 12:00:00"
4656,8751,Bank Transfer,999.99,Successful,"2024-06-05 12:00:00"
4657,8752,Credit Card,799.98,Successful,"2024-01-27 12:00:00"
4658,8753,Debit Card,999.98,Successful,"2026-06-05 12:00:00"
4659,8754,PayPal,509.98,Pending,"2026-01-26 12:00:00"
4660,8755,Bank Transfer,2849.98,Successful,"2025-09-18 12:00:00"
4661,8756,Credit Card,1949.98,Successful,"2024-06-18 12:00:00"
4662,8757,Debit Card,4399.95,Successful,"2024-02-09 12:00:00"
4663,8758,PayPal,4149.96,Successful,"2026-06-18 12:00:00"
4664,8759,Bank Transfer,6449.95,Successful,"2026-02-08 12:00:00"
4665,8760,Credit Card,899.99,Successful,"2025-10-01 12:00:00"
4666,8761,Debit Card,99.98,Successful,"2024-07-01 12:00:00"
4667,8762,PayPal,139.97,Successful,"2024-02-22 12:00:00"
4668,8763,Bank Transfer,219.96,Successful,"2026-07-01 12:00:00"
4669,8764,Credit Card,519.97,Successful,"2026-02-21 12:00:00"
4670,8765,Debit Card,259.97,Successful,"2025-10-14 12:00:00"
4671,8766,PayPal,279.98,Successful,"2024-07-14 12:00:00"
4672,8767,Bank Transfer,539.96,Successful,"2024-03-06 12:00:00"
4673,8768,Credit Card,309.96,Successful,"2026-07-14 12:00:00"
4674,8769,Debit Card,629.94,Successful,"2026-03-06 12:00:00"
4675,8770,PayPal,24.99,Successful,"2025-10-27 12:00:00"
4676,8771,Bank Transfer,99.99,Successful,"2024-07-27 12:00:00"
4677,8772,Credit Card,159.98,Successful,"2024-03-19 12:00:00"
4678,8773,Debit Card,279.97,Successful,"2026-07-27 12:00:00"
4679,8774,PayPal,599.97,Successful,"2026-03-19 12:00:00"
4680,8775,Bank Transfer,499.98,Successful,"2025-11-09 12:00:00"
4681,8776,Credit Card,1149.98,Successful,"2024-08-09 12:00:00"
4682,8777,Debit Card,1599.97,Successful,"2024-04-01 12:00:00"
4683,8778,PayPal,3399.96,Successful,"2026-08-09 12:00:00"
4684,8779,Bank Transfer,4099.95,Successful,"2026-04-01 12:00:00"
4685,8780,Credit Card,699.99,Successful,"2025-11-22 12:00:00"
4686,8781,Debit Card,329.99,Pending,"2024-08-22 12:00:00"
4687,8782,PayPal,2849.98,Successful,"2024-04-14 12:00:00"
4688,8783,Bank Transfer,1949.98,Successful,"2026-08-22 12:00:00"
4689,8784,Credit Card,3099.97,Successful,"2026-04-14 12:00:00"
4690,8785,Debit Card,3499.97,Successful,"2025-12-05 12:00:00"
4691,8786,PayPal,2199.98,Successful,"2024-09-04 12:00:00"
4692,8787,Bank Transfer,4399.95,Successful,"2024-04-27 12:00:00"
4693,8788,Credit Card,3549.96,Successful,"2026-09-04 12:00:00"
4694,8789,Debit Card,1129.93,Successful,"2026-04-27 12:00:00"
4695,8790,PayPal,99.98,Successful,"2025-12-18 12:00:00"
4696,8791,Bank Transfer,119.99,Successful,"2024-09-17 12:00:00"
4697,8792,Credit Card,159.98,Successful,"2024-05-10 12:00:00"
4698,8793,Debit Card,279.98,Pending,"2024-01-01 12:00:00"
4699,8794,PayPal,359.97,Successful,"2026-05-10 12:00:00"
4700,8795,Bank Transfer,289.96,Successful,"2025-12-31 12:00:00"
4701,8796,Credit Card,169.98,Successful,"2024-01-14 12:00:00"
4702,8797,Debit Card,304.96,Successful,"2026-05-23 12:00:00"
4703,8798,PayPal,464.93,Successful,"2026-01-13 12:00:00"
4704,8799,Bank Transfer,629.93,Successful,"2025-09-05 12:00:00"
4705,8800,Credit Card,159.98,Successful,"2025-04-28 12:00:00"
4706,8801,Debit Card,299.98,Successful,"2024-01-27 12:00:00"
4707,8802,PayPal,499.98,Successful,"2026-06-05 12:00:00"
4708,8803,Bank Transfer,1849.97,Pending,"2026-01-26 12:00:00"
4709,8804,Credit Card,899.98,Successful,"2025-09-18 12:00:00"
4710,8805,Debit Card,2299.98,Successful,"2025-05-11 12:00:00"
4711,8806,PayPal,799.98,Successful,"2024-02-09 12:00:00"
4712,8807,Bank Transfer,1429.96,Successful,"2026-06-18 12:00:00"
4713,8808,Credit Card,2329.96,Successful,"2026-02-08 12:00:00"
4714,8809,Debit Card,3869.94,Successful,"2025-10-01 12:00:00"
4715,8810,PayPal,1299.99,Successful,"2025-05-24 12:00:00"
4716,8811,Bank Transfer,899.99,Successful,"2024-02-22 12:00:00"
4717,8812,Credit Card,2199.98,Successful,"2026-07-01 12:00:00"
4718,8813,Debit Card,2199.98,Successful,"2026-02-21 12:00:00"
4719,8814,PayPal,3099.97,Successful,"2025-10-14 12:00:00"
4720,8815,Bank Transfer,949.98,Pending,"2025-06-06 12:00:00"
4721,8816,Credit Card,119.96,Successful,"2024-03-06 12:00:00"
4722,8817,Debit Card,329.94,Successful,"2026-07-14 12:00:00"
4723,8818,PayPal,569.96,Successful,"2026-03-06 12:00:00"
4724,8819,Bank Transfer,639.95,Successful,"2025-10-27 12:00:00"
4725,8820,Credit Card,179.99,Successful,"2025-06-19 12:00:00"
4726,8821,Debit Card,199.99,Successful,"2024-03-19 12:00:00"
4727,8822,PayPal,289.96,Successful,"2026-07-27 12:00:00"
4728,8823,Bank Transfer,369.96,Successful,"2026-03-19 12:00:00"
4729,8824,Credit Card,104.98,Successful,"2025-11-09 12:00:00"
4730,8825,Debit Card,389.96,Successful,"2025-07-02 12:00:00"
4731,8826,PayPal,239.96,Successful,"2024-04-01 12:00:00"
4732,8827,Bank Transfer,979.93,Successful,"2026-08-09 12:00:00"
4733,8828,Credit Card,679.96,Successful,"2026-04-01 12:00:00"
4734,8829,Debit Card,1249.95,Successful,"2025-11-22 12:00:00"
4735,8830,PayPal,449.99,Successful,"2025-07-15 12:00:00"
4736,8831,Bank Transfer,1099.98,Successful,"2024-04-14 12:00:00"
4737,8832,Credit Card,2299.98,Successful,"2026-08-22 12:00:00"
4738,8833,Debit Card,799.98,Successful,"2026-04-14 12:00:00"
4739,8834,PayPal,1299.97,Successful,"2025-12-05 12:00:00"
4740,8835,Bank Transfer,929.98,Successful,"2025-07-28 12:00:00"
4741,8836,Credit Card,2849.98,Successful,"2024-04-27 12:00:00"
4742,8837,Debit Card,4399.96,Successful,"2026-09-04 12:00:00"
4743,8838,PayPal,4149.96,Successful,"2026-04-27 12:00:00"
4744,8839,Bank Transfer,6449.95,Successful,"2025-12-18 12:00:00"
4745,8840,Credit Card,899.99,Successful,"2025-08-10 12:00:00"
4746,8841,Debit Card,899.99,Failed,"2024-05-10 12:00:00"
4747,8842,PayPal,949.98,Failed,"2024-01-01 12:00:00"
4748,8843,Bank Transfer,99.97,Failed,"2026-05-10 12:00:00"
4749,8844,Credit Card,259.96,Failed,"2025-12-31 12:00:00"
4750,8845,Debit Card,319.98,Failed,"2025-08-23 12:00:00"
4751,8846,PayPal,459.97,Successful,"2026-05-23 12:00:00"
4752,8847,Bank Transfer,339.97,Successful,"2026-01-13 12:00:00"
4753,8848,Credit Card,639.96,Successful,"2025-09-05 12:00:00"
4754,8849,Debit Card,619.93,Successful,"2025-04-28 12:00:00"
4755,8850,PayPal,299.97,Successful,"2024-12-19 12:00:00"
4756,8851,Bank Transfer,74.97,Successful,"2026-06-05 12:00:00"
4757,8852,Credit Card,289.97,Pending,"2026-01-26 12:00:00"
4758,8853,Debit Card,239.96,Successful,"2025-09-18 12:00:00"
4759,8854,PayPal,439.96,Successful,"2025-05-11 12:00:00"
4760,8855,Bank Transfer,899.96,Successful,"2025-01-01 12:00:00"
4761,8856,Credit Card,749.97,Successful,"2026-06-18 12:00:00"
4762,8857,Debit Card,1849.96,Successful,"2026-02-08 12:00:00"
4763,8858,PayPal,2149.96,Successful,"2025-10-01 12:00:00"
4764,8859,Bank Transfer,4549.94,Successful,"2025-05-24 12:00:00"
4765,8860,Credit Card,299.99,Successful,"2025-01-14 12:00:00"
4766,8861,Debit Card,1399.98,Successful,"2026-07-01 12:00:00"
4767,8862,PayPal,929.98,Successful,"2026-02-21 12:00:00"
4768,8863,Bank Transfer,2379.98,Successful,"2025-10-14 12:00:00"
4769,8864,Credit Card,1949.98,Pending,"2025-06-06 12:00:00"
4770,8865,Debit Card,3499.97,Successful,"2025-01-27 12:00:00"
4771,8866,PayPal,2199.98,Successful,"2026-07-14 12:00:00"
4772,8867,Bank Transfer,4399.95,Successful,"2026-03-06 12:00:00"
4773,8868,Credit Card,4149.96,Successful,"2025-10-27 12:00:00"
4774,8869,Debit Card,2899.96,Successful,"2025-06-19 12:00:00"
4775,8870,PayPal,39.98,Successful,"2025-02-09 12:00:00"
4776,8871,Bank Transfer,49.99,Successful,"2026-07-27 12:00:00"
4777,8872,Credit Card,319.98,Successful,"2026-03-19 12:00:00"
4778,8873,Debit Card,279.98,Successful,"2025-11-09 12:00:00"
4779,8874,PayPal,379.97,Successful,"2025-07-02 12:00:00"
4780,8875,Bank Transfer,279.98,Successful,"2025-02-22 12:00:00"
4781,8876,Credit Card,459.96,Successful,"2026-08-09 12:00:00"
4782,8877,Debit Card,299.96,Successful,"2026-04-01 12:00:00"
4783,8878,PayPal,254.95,Successful,"2025-11-22 12:00:00"
4784,8879,Bank Transfer,684.92,Successful,"2025-07-15 12:00:00"
4785,8880,Credit Card,119.99,Successful,"2025-03-07 12:00:00"
4786,8881,Debit Card,79.99,Successful,"2026-08-22 12:00:00"
4787,8882,PayPal,749.97,Successful,"2026-04-14 12:00:00"
4788,8883,Bank Transfer,999.96,Successful,"2025-12-05 12:00:00"
4789,8884,Credit Card,1799.97,Successful,"2025-07-28 12:00:00"
4790,8885,Debit Card,899.98,Successful,"2025-03-20 12:00:00"
4791,8886,PayPal,3299.97,Successful,"2026-09-04 12:00:00"
4792,8887,Bank Transfer,2099.96,Successful,"2026-04-27 12:00:00"
4793,8888,Credit Card,1829.96,Successful,"2025-12-18 12:00:00"
4794,8889,Debit Card,2259.95,Successful,"2025-08-10 12:00:00"
4795,8890,PayPal,2199.99,Successful,"2025-04-02 12:00:00"
4796,8891,Bank Transfer,1299.99,Pending,"2024-01-01 12:00:00"
4797,8892,Credit Card,2199.98,Successful,"2026-05-10 12:00:00"
4798,8893,Debit Card,2199.98,Successful,"2025-12-31 12:00:00"
4799,8894,PayPal,3099.97,Successful,"2025-08-23 12:00:00"
4800,8895,Bank Transfer,3499.97,Successful,"2025-04-15 12:00:00"
4801,8896,Credit Card,949.98,Successful,"2026-01-13 12:00:00"
4802,8897,Debit Card,229.95,Successful,"2025-09-05 12:00:00"
4803,8898,PayPal,209.96,Successful,"2025-04-28 12:00:00"
4804,8899,Bank Transfer,439.96,Successful,"2024-12-19 12:00:00"
4805,8900,Credit Card,99.99,Successful,"2024-08-11 12:00:00"
4806,8901,Debit Card,359.98,Pending,"2026-01-26 12:00:00"
4807,8902,PayPal,279.98,Successful,"2025-09-18 12:00:00"
4808,8903,Bank Transfer,429.97,Successful,"2025-05-11 12:00:00"
4809,8904,Credit Card,409.95,Successful,"2025-01-01 12:00:00"
4810,8905,Debit Card,129.97,Successful,"2024-08-24 12:00:00"
4811,8906,PayPal,294.96,Successful,"2026-02-08 12:00:00"
4812,8907,Bank Transfer,539.94,Successful,"2025-10-01 12:00:00"
4813,8908,Credit Card,779.95,Successful,"2025-05-24 12:00:00"
4814,8909,Debit Card,949.95,Successful,"2025-01-14 12:00:00"
4815,8910,PayPal,499.98,Successful,"2024-09-06 12:00:00"
4816,8911,Bank Transfer,899.98,Successful,"2026-02-21 12:00:00"
4817,8912,Credit Card,1399.97,Successful,"2025-10-14 12:00:00"
4818,8913,Debit Card,2299.98,Pending,"2025-06-06 12:00:00"
4819,8914,PayPal,1099.97,Successful,"2025-01-27 12:00:00"
4820,8915,Bank Transfer,1699.97,Successful,"2024-09-19 12:00:00"
4821,8916,Credit Card,1259.97,Successful,"2026-03-06 12:00:00"
4822,8917,Debit Card,2709.97,Successful,"2025-10-27 12:00:00"
4823,8918,PayPal,5049.96,Successful,"2025-06-19 12:00:00"
4824,8919,Bank Transfer,6449.95,Successful,"2025-02-09 12:00:00"
4825,8920,Credit Card,899.99,Successful,"2024-10-02 12:00:00"
4826,8921,Debit Card,899.99,Successful,"2026-03-19 12:00:00"
4827,8922,PayPal,2199.98,Successful,"2025-11-09 12:00:00"
4828,8923,Bank Transfer,949.98,Successful,"2025-07-02 12:00:00"
4829,8924,Credit Card,79.98,Successful,"2025-02-22 12:00:00"
4830,8925,Debit Card,119.98,Pending,"2024-10-15 12:00:00"
4831,8926,PayPal,439.97,Successful,"2026-04-01 12:00:00"
4832,8927,Bank Transfer,519.96,Successful,"2025-11-22 12:00:00"
4833,8928,Credit Card,319.96,Successful,"2025-07-15 12:00:00"
4834,8929,Debit Card,759.95,Successful,"2025-03-07 12:00:00"
4835,8930,PayPal,29.99,Successful,"2024-10-28 12:00:00"
4836,8931,Bank Transfer,99.99,Successful,"2026-04-14 12:00:00"
4837,8932,Credit Card,289.95,Successful,"2025-12-05 12:00:00"
4838,8933,Debit Card,204.97,Successful,"2025-07-28 12:00:00"
4839,8934,PayPal,399.96,Successful,"2025-03-20 12:00:00"
4840,8935,Bank Transfer,199.98,Successful,"2024-11-10 12:00:00"
4841,8936,Credit Card,749.97,Successful,"2026-04-27 12:00:00"
4842,8937,Debit Card,899.96,Successful,"2025-12-18 12:00:00"
4843,8938,PayPal,1599.97,Successful,"2025-08-10 12:00:00"
4844,8939,Bank Transfer,2749.95,Successful,"2025-04-02 12:00:00"
4845,8940,Credit Card,999.99,Successful,"2024-11-23 12:00:00"
4846,8941,Debit Card,299.99,Failed,"2026-05-10 12:00:00"
4847,8942,PayPal,1699.97,Failed,"2025-12-31 12:00:00"
4848,8943,Bank Transfer,1259.97,Failed,"2025-08-23 12:00:00"
4849,8944,Credit Card,2379.98,Failed,"2025-04-15 12:00:00"
4850,8945,Debit Card,2449.98,Failed,"2024-12-06 12:00:00"
4851,8946,PayPal,2199.98,Successful,"2025-09-05 12:00:00"
4852,8947,Bank Transfer,4399.95,Successful,"2025-04-28 12:00:00"
4853,8948,Credit Card,4149.96,Successful,"2024-12-19 12:00:00"
4854,8949,Debit Card,6449.95,Successful,"2024-08-11 12:00:00"
4855,8950,PayPal,149.97,Successful,"2024-04-03 12:00:00"
4856,8951,Bank Transfer,19.99,Successful,"2025-09-18 12:00:00"
4857,8952,Credit Card,119.98,Successful,"2025-05-11 12:00:00"
4858,8953,Debit Card,439.97,Successful,"2025-01-01 12:00:00"
4859,8954,PayPal,379.97,Successful,"2024-08-24 12:00:00"
4860,8955,Bank Transfer,259.97,Successful,"2024-04-16 12:00:00"
4861,8956,Credit Card,479.97,Successful,"2025-10-01 12:00:00"
4862,8957,Debit Card,269.97,Successful,"2025-05-24 12:00:00"
4863,8958,PayPal,269.96,Successful,"2025-01-14 12:00:00"
4864,8959,Bank Transfer,434.94,Successful,"2024-09-06 12:00:00"
4865,8960,Credit Card,179.98,Successful,"2024-04-29 12:00:00"
4866,8961,Debit Card,239.98,Successful,"2025-10-14 12:00:00"
4867,8962,PayPal,199.98,Pending,"2025-06-06 12:00:00"
4868,8963,Bank Transfer,449.98,Successful,"2025-01-27 12:00:00"
4869,8964,Credit Card,749.97,Successful,"2024-09-19 12:00:00"
4870,8965,Debit Card,2249.97,Successful,"2024-05-12 12:00:00"
4871,8966,PayPal,1049.98,Successful,"2025-10-27 12:00:00"
4872,8967,Bank Transfer,4149.96,Successful,"2025-06-19 12:00:00"
4873,8968,Credit Card,2299.96,Successful,"2025-02-09 12:00:00"
4874,8969,Debit Card,1759.95,Successful,"2024-10-02 12:00:00"
4875,8970,PayPal,659.98,Successful,"2024-05-25 12:00:00"
4876,8971,Bank Transfer,4399.98,Successful,"2025-11-09 12:00:00"
4877,8972,Credit Card,2449.98,Successful,"2025-07-02 12:00:00"
4878,8973,Debit Card,2199.98,Successful,"2025-02-22 12:00:00"
4879,8974,PayPal,3099.97,Pending,"2024-10-15 12:00:00"
4880,8975,Bank Transfer,3499.97,Successful,"2024-06-07 12:00:00"
4881,8976,Credit Card,2199.98,Successful,"2025-11-22 12:00:00"
4882,8977,Debit Card,4399.95,Successful,"2025-07-15 12:00:00"
4883,8978,PayPal,249.95,Successful,"2025-03-07 12:00:00"
4884,8979,Bank Transfer,299.93,Successful,"2024-10-28 12:00:00"
4885,8980,Credit Card,239.98,Successful,"2024-06-20 12:00:00"
4886,8981,Debit Card,199.98,Successful,"2025-12-05 12:00:00"
4887,8982,PayPal,219.97,Successful,"2025-07-28 12:00:00"
4888,8983,Bank Transfer,479.97,Successful,"2025-03-20 12:00:00"
4889,8984,Credit Card,229.98,Successful,"2024-11-10 12:00:00"
4890,8985,Debit Card,239.97,Successful,"2024-07-03 12:00:00"
4891,8986,PayPal,184.97,Successful,"2025-12-18 12:00:00"
4892,8987,Bank Transfer,564.95,Successful,"2025-08-10 12:00:00"
4893,8988,Credit Card,629.94,Successful,"2025-04-02 12:00:00"
4894,8989,Debit Card,469.96,Successful,"2024-11-23 12:00:00"
4895,8990,PayPal,149.99,Successful,"2024-07-16 12:00:00"
4896,8991,Bank Transfer,249.99,Successful,"2025-12-31 12:00:00"
4897,8992,Credit Card,2249.97,Successful,"2025-08-23 12:00:00"
4898,8993,Debit Card,1749.97,Successful,"2025-04-15 12:00:00"
4899,8994,PayPal,1849.98,Successful,"2024-12-06 12:00:00"
4900,8995,Bank Transfer,1299.97,Successful,"2024-07-29 12:00:00"
4901,8996,Credit Card,999.98,Successful,"2025-04-28 12:00:00"
4902,8997,Debit Card,2229.96,Successful,"2024-12-19 12:00:00"
4903,8998,PayPal,5089.95,Successful,"2024-08-11 12:00:00"
4904,8999,Bank Transfer,6809.94,Successful,"2024-04-03 12:00:00"
4905,9000,Credit Card,899.99,Successful,"2026-08-11 12:00:00"
4906,9001,Debit Card,899.99,Successful,"2025-05-11 12:00:00"
4907,9002,PayPal,2199.98,Successful,"2025-01-01 12:00:00"
4908,9003,Bank Transfer,2199.98,Successful,"2024-08-24 12:00:00"
4909,9004,Credit Card,3099.97,Successful,"2024-04-16 12:00:00"
4910,9005,Debit Card,199.96,Successful,"2026-08-24 12:00:00"
4911,9006,PayPal,219.96,Successful,"2025-05-24 12:00:00"
4912,9007,Bank Transfer,739.94,Successful,"2025-01-14 12:00:00"
4913,9008,Credit Card,499.96,Successful,"2024-09-06 12:00:00"
4914,9009,Debit Card,639.94,Successful,"2024-04-29 12:00:00"
4915,9010,PayPal,159.98,Successful,"2026-09-06 12:00:00"
4916,9011,Bank Transfer,29.99,Pending,"2025-06-06 12:00:00"
4917,9012,Credit Card,169.98,Successful,"2025-01-27 12:00:00"
4918,9013,Debit Card,184.97,Successful,"2024-09-19 12:00:00"
4919,9014,PayPal,114.98,Successful,"2024-05-12 12:00:00"
4920,9015,Bank Transfer,419.96,Successful,"2024-01-03 12:00:00"
4921,9016,Credit Card,279.97,Successful,"2025-06-19 12:00:00"
4922,9017,Debit Card,609.96,Successful,"2025-02-09 12:00:00"
4923,9018,PayPal,799.96,Successful,"2024-10-02 12:00:00"
4924,9019,Bank Transfer,1849.96,Successful,"2024-05-25 12:00:00"
4925,9020,Credit Card,349.99,Successful,"2024-01-16 12:00:00"
4926,9021,Debit Card,1299.99,Successful,"2025-07-02 12:00:00"
4927,9022,PayPal,799.98,Successful,"2025-02-22 12:00:00"
4928,9023,Bank Transfer,999.98,Pending,"2024-10-15 12:00:00"
4929,9024,Credit Card,1529.97,Successful,"2024-06-07 12:00:00"
4930,9025,Debit Card,2559.97,Successful,"2024-01-29 12:00:00"
4931,9026,PayPal,4249.97,Successful,"2025-07-15 12:00:00"
4932,9027,Bank Transfer,4399.95,Successful,"2025-03-07 12:00:00"
4933,9028,Credit Card,4149.96,Successful,"2024-10-28 12:00:00"
4934,9029,Debit Card,6449.95,Successful,"2024-06-20 12:00:00"
4935,9030,PayPal,899.99,Successful,"2024-02-11 12:00:00"
4936,9031,Bank Transfer,899.99,Successful,"2025-07-28 12:00:00"
4937,9032,Credit Card,139.97,Successful,"2025-03-20 12:00:00"
4938,9033,Debit Card,219.96,Successful,"2024-11-10 12:00:00"
4939,9034,PayPal,519.97,Successful,"2024-07-03 12:00:00"
4940,9035,Bank Transfer,559.96,Pending,"2024-02-24 12:00:00"
4941,9036,Credit Card,219.97,Successful,"2025-08-10 12:00:00"
4942,9037,Debit Card,439.96,Successful,"2025-04-02 12:00:00"
4943,9038,PayPal,309.96,Successful,"2024-11-23 12:00:00"
4944,9039,Bank Transfer,629.94,Successful,"2024-07-16 12:00:00"
4945,9040,Credit Card,24.99,Successful,"2024-03-08 12:00:00"
4946,9041,Debit Card,89.99,Failed,"2025-08-23 12:00:00"
4947,9042,PayPal,319.97,Failed,"2025-04-15 12:00:00"
4948,9043,Bank Transfer,349.98,Failed,"2024-12-06 12:00:00"
4949,9044,Credit Card,599.97,Failed,"2024-07-29 12:00:00"
4950,9045,Debit Card,499.98,Failed,"2024-03-21 12:00:00"
4951,9046,PayPal,1349.98,Successful,"2024-12-19 12:00:00"
4952,9047,Bank Transfer,1499.97,Successful,"2024-08-11 12:00:00"
4953,9048,Credit Card,2749.96,Successful,"2024-04-03 12:00:00"
4954,9049,Debit Card,4099.95,Successful,"2026-08-11 12:00:00"
4955,9050,PayPal,699.99,Successful,"2026-04-03 12:00:00"
4956,9051,Bank Transfer,329.99,Successful,"2025-01-01 12:00:00"
4957,9052,Credit Card,2559.97,Successful,"2024-08-24 12:00:00"
4958,9053,Debit Card,2449.98,Successful,"2024-04-16 12:00:00"
4959,9054,PayPal,3099.97,Successful,"2026-08-24 12:00:00"
4960,9055,Bank Transfer,3499.97,Successful,"2026-04-16 12:00:00"
4961,9056,Credit Card,2199.98,Successful,"2025-01-14 12:00:00"
4962,9057,Debit Card,4399.95,Successful,"2024-09-06 12:00:00"
4963,9058,PayPal,4149.96,Successful,"2024-04-29 12:00:00"
4964,9059,Bank Transfer,2309.94,Successful,"2026-09-06 12:00:00"
4965,9060,Credit Card,99.98,Successful,"2026-04-29 12:00:00"
4966,9061,Debit Card,119.99,Successful,"2025-01-27 12:00:00"
4967,9062,PayPal,459.97,Successful,"2024-09-19 12:00:00"
4968,9063,Bank Transfer,219.97,Successful,"2024-05-12 12:00:00"
4969,9064,Credit Card,339.97,Successful,"2024-01-03 12:00:00"
4970,9065,Debit Card,289.96,Successful,"2026-05-12 12:00:00"
4971,9066,PayPal,169.98,Successful,"2025-02-09 12:00:00"
4972,9067,Bank Transfer,304.96,Successful,"2024-10-02 12:00:00"
4973,9068,Credit Card,314.95,Successful,"2024-05-25 12:00:00"
4974,9069,Debit Card,614.93,Successful,"2024-01-16 12:00:00"
4975,9070,PayPal,119.99,Successful,"2026-05-25 12:00:00"
4976,9071,Bank Transfer,299.98,Successful,"2025-02-22 12:00:00"
4977,9072,Credit Card,499.98,Pending,"2024-10-15 12:00:00"
4978,9073,Debit Card,1349.98,Successful,"2024-06-07 12:00:00"
4979,9074,PayPal,1049.98,Successful,"2024-01-29 12:00:00"
4980,9075,Bank Transfer,1849.98,Successful,"2026-06-07 12:00:00"
4981,9076,Credit Card,2499.97,Successful,"2025-03-07 12:00:00"
4982,9077,Debit Card,1429.96,Successful,"2024-10-28 12:00:00"
4983,9078,PayPal,2329.96,Successful,"2024-06-20 12:00:00"
4984,9079,Bank Transfer,3819.94,Successful,"2024-02-11 12:00:00"
4985,9080,Credit Card,1299.98,Successful,"2026-06-20 12:00:00"
4986,9081,Debit Card,899.99,Successful,"2025-03-20 12:00:00"
4987,9082,PayPal,2199.98,Successful,"2024-11-10 12:00:00"
4988,9083,Bank Transfer,2199.98,Successful,"2024-07-03 12:00:00"
4989,9084,Credit Card,3099.97,Pending,"2024-02-24 12:00:00"
4990,9085,Debit Card,3499.97,Successful,"2026-07-03 12:00:00"
4991,9086,PayPal,109.96,Successful,"2025-04-02 12:00:00"
4992,9087,Bank Transfer,329.94,Successful,"2024-11-23 12:00:00"
4993,9088,Credit Card,569.96,Successful,"2024-07-16 12:00:00"
4994,9089,Debit Card,779.95,Successful,"2024-03-08 12:00:00"
4995,9090,PayPal,99.99,Successful,"2026-07-16 12:00:00"
4996,9091,Bank Transfer,159.98,Successful,"2025-04-15 12:00:00"
4997,9092,Credit Card,279.97,Successful,"2024-12-06 12:00:00"
4998,9093,Debit Card,369.96,Successful,"2024-07-29 12:00:00"
4999,9094,PayPal,104.98,Successful,"2024-03-21 12:00:00"
5000,9095,Bank Transfer,139.97,Successful,"2026-07-29 12:00:00"
